300000001 200000001 400000001 400000002 400000003 400000004       0.0000       0.0000 6371000.0000 1242920.4416       0.0000 6248583.0214       0.0000 1242920.4416 6248583.0214  787459.5150     175.5390       0.0452
300000002 200000001 400000005 400000006 400000007 400000008 2438076.1476       0.0000 5886036.5016 1266279.9131 1266279.9131 6114140.2800 1242920.4416       0.0000 6248583.0214  802260.9823     192.1596       0.3071
300000003 200000001 400000009 400000010 400000011 400000012       0.0000 2438076.1476 5886036.5016       0.0000 1242920.4416 6248583.0214 1266279.9131 1266279.9131 6114140.2800  802260.9823     175.9737       0.3384
300000004 200000001 400000013 400000014 400000015 400000016 1242920.4416       0.0000 6248583.0214 1266279.9131 1266279.9131 6114140.2800       0.0000 1242920.4416 6248583.0214  818294.0298     184.0122       0.0562
300000005 200000002 400000017 400000018 400000019 400000020 4504977.3029       0.0000 4504977.3029 3678298.5650 1346350.7175 5024649.2825 3539537.9546       0.0000 5297292.9000  853044.8645     206.1100      48.3724
300000006 200000002 400000021 400000022 400000023 400000024 2600949.8585 2600949.8585 5201899.7171 2577802.4491 1330561.6814 5672228.9398 3678298.5650 1346350.7175 5024649.2825  856010.4439     193.3707      32.3693
300000007 200000002 400000025 400000026 400000027 400000028 2438076.1476       0.0000 5886036.5016 3539537.9546       0.0000 5297292.9000 2577802.4491 1330561.6814 5672228.9398  843039.4974     193.0181      15.1595
300000008 200000002 400000029 400000030 400000031 400000032 3678298.5650 1346350.7175 5024649.2825 2577802.4491 1330561.6814 5672228.9398 3539537.9546       0.0000 5297292.9000  873164.3145     199.8991      29.3434
300000009 200000003 400000033 400000034 400000035 400000036       0.0000 4504977.3029 4504977.3029       0.0000 3539537.9546 5297292.9000 1346350.7175 3678298.5650 5024649.2825  853044.8645     182.9063      53.0720
300000010 200000003 400000037 400000038 400000039 400000040       0.0000 2438076.1476 5886036.5016 1330561.6814 2577802.4491 5672228.9398       0.0000 3539537.9546 5297292.9000  843039.4974     171.8353      13.9233
300000011 200000003 400000041 400000042 400000043 400000044 2600949.8585 2600949.8585 5201899.7171 1346350.7175 3678298.5650 5024649.2825 1330561.6814 2577802.4491 5672228.9398  856010.4439     182.6294      31.7789
300000012 200000003 400000045 400000046 400000047 400000048       0.0000 3539537.9546 5297292.9000 1330561.6814 2577802.4491 5672228.9398 1346350.7175 3678298.5650 5024649.2825  873164.3145     179.5347      29.2630
300000013 200000004 400000049 400000050 400000051 400000052 2438076.1476       0.0000 5886036.5016 2577802.4491 1330561.6814 5672228.9398 1266279.9131 1266279.9131 6114140.2800  931256.6789     190.5597       3.0681
300000014 200000004 400000053 400000054 400000055 400000056 2600949.8585 2600949.8585 5201899.7171 1330561.6814 2577802.4491 5672228.9398 2577802.4491 1330561.6814 5672228.9398  917252.3363     184.9515      18.8064
300000015 200000004 400000057 400000058 400000059 400000060       0.0000 2438076.1476 5886036.5016 1266279.9131 1266279.9131 6114140.2800 1330561.6814 2577802.4491 5672228.9398  931256.6789     175.1513       3.2502
300000016 200000004 400000061 400000062 400000063 400000064 2577802.4491 1330561.6814 5672228.9398 1330561.6814 2577802.4491 5672228.9398 1266279.9131 1266279.9131 6114140.2800  953298.7094     185.9067       5.1982
300000017 200000005 400000065 400000066 400000067 400000068 6371000.0000       0.0000       0.0000 6248583.0214 1242920.4416       0.0000 6248583.0214       0.0000 1242920.4416  787459.5150     253.5355      86.4986
300000018 200000005 400000069 400000070 400000071 400000072 5886036.5016 2438076.1476       0.0000 6114140.2800 1266279.9131 1266279.9131 6248583.0214 1242920.4416       0.0000  802260.9823     251.1272      87.0609
300000019 200000005 400000073 400000074 400000075 400000076 5886036.5016       0.0000 2438076.1476 6248583.0214       0.0000 1242920.4416 6114140.2800 1266279.9131 1266279.9131  802260.9823     274.5156     103.1271
300000020 200000005 400000077 400000078 400000079 400000080 6248583.0214 1242920.4416       0.0000 6114140.2800 1266279.9131 1266279.9131 6248583.0214       0.0000 1242920.4416  818294.0298     269.0817      81.9243
300000021 200000006 400000081 400000082 400000083 400000084 4504977.3029 4504977.3029       0.0000 5024649.2825 3678298.5650 1346350.7175 5297292.9000 3539537.9546       0.0000  853044.8645     286.8954      82.6869
300000022 200000006 400000085 400000086 400000087 400000088 5201899.7171 2600949.8585 2600949.8585 5672228.9398 2577802.4491 1330561.6814 5024649.2825 3678298.5650 1346350.7175  856010.4439     282.3960     101.8603
300000023 200000006 400000089 400000090 400000091 400000092 5886036.5016 2438076.1476       0.0000 5297292.9000 3539537.9546       0.0000 5672228.9398 2577802.4491 1330561.6814  843039.4974     257.1991      85.7325
300000024 200000006 400000093 400000094 400000095 400000096 5024649.2825 3678298.5650 1346350.7175 5672228.9398 2577802.4491 1330561.6814 5297292.9000 3539537.9546       0.0000  873164.3145     285.7867      76.7785
300000025 200000007 400000097 400000098 400000099 400000100 4504977.3029       0.0000 4504977.3029 5297292.9000       0.0000 3539537.9546 5024649.2825 1346350.7175 3678298.5650  853044.8645     231.3487      62.8814
300000026 200000007 400000101 400000102 400000103 400000104 5886036.5016       0.0000 2438076.1476 5672228.9398 1330561.6814 2577802.4491 5297292.9000       0.0000 3539537.9546  843039.4974     255.5999      89.2220
300000027 200000007 400000105 400000106 400000107 400000108 5201899.7171 2600949.8585 2600949.8585 5024649.2825 1346350.7175 3678298.5650 5672228.9398 1330561.6814 2577802.4491  856010.4439     251.5009      94.8272
300000028 200000007 400000109 400000110 400000111 400000112 5297292.9000       0.0000 3539537.9546 5672228.9398 1330561.6814 2577802.4491 5024649.2825 1346350.7175 3678298.5650  873164.3145     244.9250      87.0122
300000029 200000008 400000113 400000114 400000115 400000116 5886036.5016 2438076.1476       0.0000 5672228.9398 2577802.4491 1330561.6814 6114140.2800 1266279.9131 1266279.9131  931256.6789     273.1788      71.7329
300000030 200000008 400000117 400000118 400000119 400000120 5201899.7171 2600949.8585 2600949.8585 5672228.9398 1330561.6814 2577802.4491 5672228.9398 2577802.4491 1330561.6814  917252.3363     267.2143     106.2999
300000031 200000008 400000121 400000122 400000123 400000124 5886036.5016       0.0000 2438076.1476 6114140.2800 1266279.9131 1266279.9131 5672228.9398 1330561.6814 2577802.4491  931256.6789     263.9526     111.7426
300000032 200000008 400000125 400000126 400000127 400000128 5672228.9398 2577802.4491 1330561.6814 5672228.9398 1330561.6814 2577802.4491 6114140.2800 1266279.9131 1266279.9131  953298.7094     278.1663     110.8762
300000033 200000009 400000129 400000130 400000131 400000132       0.0000 6371000.0000       0.0000       0.0000 6248583.0214 1242920.4416 1242920.4416 6248583.0214       0.0000  787459.5150     240.7735      88.0704
300000034 200000009 400000133 400000134 400000135 400000136       0.0000 5886036.5016 2438076.1476 1266279.9131 6114140.2800 1266279.9131       0.0000 6248583.0214 1242920.4416  802260.9823     286.9171      57.0062
300000035 200000009 400000137 400000138 400000139 400000140 2438076.1476 5886036.5016       0.0000 1242920.4416 6248583.0214       0.0000 1266279.9131 6114140.2800 1266279.9131  802260.9823     263.0488      72.5384
300000036 200000009 400000141 400000142 400000143 400000144       0.0000 6248583.0214 1242920.4416 1266279.9131 6114140.2800 1266279.9131 1242920.4416 6248583.0214       0.0000  818294.0298     256.6463      85.2942
300000037 200000010 400000145 400000146 400000147 400000148       0.0000 4504977.3029 4504977.3029 1346350.7175 5024649.2825 3678298.5650       0.0000 5297292.9000 3539537.9546  853044.8645     192.8325      73.0412
300000038 200000010 400000149 400000150 400000151 400000152 2600949.8585 5201899.7171 2600949.8585 1330561.6814 5672228.9398 2577802.4491 1346350.7175 5024649.2825 3678298.5650  856010.4439     260.3014      70.9554
300000039 200000010 400000153 400000154 400000155 400000156       0.0000 5886036.5016 2438076.1476       0.0000 5297292.9000 3539537.9546 1330561.6814 5672228.9398 2577802.4491  843039.4974     251.9727      74.3577
300000040 200000010 400000157 400000158 400000159 400000160 1346350.7175 5024649.2825 3678298.5650 1330561.6814 5672228.9398 2577802.4491       0.0000 5297292.9000 3539537.9546  873164.3145     216.4846      86.6125
300000041 200000011 400000161 400000162 400000163 400000164 4504977.3029 4504977.3029       0.0000 3539537.9546 5297292.9000       0.0000 3678298.5650 5024649.2825 1346350.7175  853044.8645     281.4710      59.4970
300000042 200000011 400000165 400000166 400000167 400000168 2438076.1476 5886036.5016       0.0000 2577802.4491 5672228.9398 1330561.6814 3539537.9546 5297292.9000       0.0000  843039.4974     267.3145      71.1931
300000043 200000011 400000169 400000170 400000171 400000172 2600949.8585 5201899.7171 2600949.8585 3678298.5650 5024649.2825 1346350.7175 2577802.4491 5672228.9398 1330561.6814  856010.4439     290.3699      53.8062
300000044 200000011 400000173 400000174 400000175 400000176 3539537.9546 5297292.9000       0.0000 2577802.4491 5672228.9398 1330561.6814 3678298.5650 5024649.2825 1346350.7175  873164.3145     282.7009      62.5072
300000045 200000012 400000177 400000178 400000179 400000180       0.0000 5886036.5016 2438076.1476 1330561.6814 5672228.9398 2577802.4491 1266279.9131 6114140.2800 1266279.9131  931256.6789     287.7926      65.5046
300000046 200000012 400000181 400000182 400000183 400000184 2600949.8585 5201899.7171 2600949.8585 2577802.4491 5672228.9398 1330561.6814 1330561.6814 5672228.9398 2577802.4491  917252.3363     289.0429      51.7912
300000047 200000012 400000185 400000186 400000187 400000188 2438076.1476 5886036.5016       0.0000 1266279.9131 6114140.2800 1266279.9131 2577802.4491 5672228.9398 1330561.6814  931256.6789     280.5090      64.1650
300000048 200000012 400000189 400000190 400000191 400000192 1330561.6814 5672228.9398 2577802.4491 2577802.4491 5672228.9398 1330561.6814 1266279.9131 6114140.2800 1266279.9131  953298.7094     294.0611      60.4702
300000049 200000013 400000193 400000194 400000195 400000196 4504977.3029       0.0000 4504977.3029 5024649.2825 1346350.7175 3678298.5650 3678298.5650 1346350.7175 5024649.2825 1318824.6059     213.5320      59.9942
300000050 200000013 400000197 400000198 400000199 400000200 5201899.7171 2600949.8585 2600949.8585 4074905.2917 2716603.5278 4074905.2917 5024649.2825 1346350.7175 3678298.5650 1330535.5610     240.8437      75.5630
300000051 200000013 400000201 400000202 400000203 400000204 2600949.8585 2600949.8585 5201899.7171 3678298.5650 1346350.7175 5024649.2825 4074905.2917 2716603.5278 4074905.2917 1330535.5610     199.3970      58.6926
300000052 200000013 400000205 400000206 400000207 400000208 5024649.2825 1346350.7175 3678298.5650 4074905.2917 2716603.5278 4074905.2917 3678298.5650 1346350.7175 5024649.2825 1378948.6957     211.3262      65.6988
300000053 200000014 400000209 400000210 400000211 400000212 4504977.3029 4504977.3029       0.0000 3678298.5650 5024649.2825 1346350.7175 5024649.2825 3678298.5650 1346350.7175 1318824.6059     295.0760      81.6156
300000054 200000014 400000213 400000214 400000215 400000216 2600949.8585 5201899.7171 2600949.8585 4074905.2917 4074905.2917 2716603.5278 3678298.5650 5024649.2825 1346350.7175 1330535.5610     279.4288      85.5579
300000055 200000014 400000217 400000218 400000219 400000220 5201899.7171 2600949.8585 2600949.8585 5024649.2825 3678298.5650 1346350.7175 4074905.2917 4074905.2917 2716603.5278 1330535.5610     280.5297      79.9967
300000056 200000014 400000221 400000222 400000223 400000224 3678298.5650 5024649.2825 1346350.7175 4074905.2917 4074905.2917 2716603.5278 5024649.2825 3678298.5650 1346350.7175 1378948.6957     285.2821      82.6769
300000057 200000015 400000225 400000226 400000227 400000228       0.0000 4504977.3029 4504977.3029 1346350.7175 3678298.5650 5024649.2825 1346350.7175 5024649.2825 3678298.5650 1318824.6059     191.2936      73.4755
300000058 200000015 400000229 400000230 400000231 400000232 2600949.8585 2600949.8585 5201899.7171 2716603.5278 4074905.2917 4074905.2917 1346350.7175 3678298.5650 5024649.2825 1330535.5610     193.2623      63.5598
300000059 200000015 400000233 400000234 400000235 400000236 2600949.8585 5201899.7171 2600949.8585 1346350.7175 5024649.2825 3678298.5650 2716603.5278 4074905.2917 4074905.2917 1330535.5610     226.7438      80.6092
300000060 200000015 400000237 400000238 400000239 400000240 1346350.7175 3678298.5650 5024649.2825 2716603.5278 4074905.2917 4074905.2917 1346350.7175 5024649.2825 3678298.5650 1378948.6957     199.1638      79.3291
300000061 200000016 400000241 400000242 400000243 400000244 5201899.7171 2600949.8585 2600949.8585 4074905.2917 4074905.2917 2716603.5278 4074905.2917 2716603.5278 4074905.2917 1557076.8123     249.8556      78.7966
300000062 200000016 400000245 400000246 400000247 400000248 2600949.8585 5201899.7171 2600949.8585 2716603.5278 4074905.2917 4074905.2917 4074905.2917 4074905.2917 2716603.5278 1557076.8123     244.6625      73.0955
300000063 200000016 400000249 400000250 400000251 400000252 2600949.8585 2600949.8585 5201899.7171 4074905.2917 2716603.5278 4074905.2917 2716603.5278 4074905.2917 4074905.2917 1557076.8123     201.5994      69.6183
300000064 200000016 400000253 400000254 400000255 400000256 4074905.2917 4074905.2917 2716603.5278 2716603.5278 4074905.2917 4074905.2917 4074905.2917 2716603.5278 4074905.2917 1628720.8215     224.7079      84.7315
300000065 200000017 400000257 400000258 400000259 400000260       0.0000       0.0000 6371000.0000       0.0000 1242920.4416 6248583.0214 -1242920.4416       0.0000 6248583.0214  787459.5150     172.2981       0.0452
300000066 200000017 400000261 400000262 400000263 400000264       0.0000 2438076.1476 5886036.5016 -1266279.9131 1266279.9131 6114140.2800       0.0000 1242920.4416 6248583.0214  802260.9823     169.0159       0.3422
300000067 200000017 400000265 400000266 400000267 400000268 -2438076.1476       0.0000 5886036.5016 -1242920.4416       0.0000 6248583.0214 -1266279.9131 1266279.9131 6114140.2800  802260.9823     176.7365       0.3374
300000068 200000017 400000269 400000270 400000271 400000272       0.0000 1242920.4416 6248583.0214 -1266279.9131 1266279.9131 6114140.2800 -1242920.4416       0.0000 6248583.0214  818294.0298     173.2757       0.0562
300000069 200000018 400000273 400000274 400000275 400000276       0.0000 4504977.3029 4504977.3029 -1346350.7175 3678298.5650 5024649.2825       0.0000 3539537.9546 5297292.9000  853044.8645     179.1321      45.5865
300000070 200000018 400000277 400000278 400000279 400000280 -2600949.8585 2600949.8585 5201899.7171 -1330561.6814 2577802.4491 5672228.9398 -1346350.7175 3678298.5650 5024649.2825  856010.4439     170.7331      27.9520
300000071 200000018 400000281 400000282 400000283 400000284       0.0000 2438076.1476 5886036.5016       0.0000 3539537.9546 5297292.9000 -1330561.6814 2577802.4491 5672228.9398  843039.4974     167.3527      12.6978
300000072 200000018 400000285 400000286 400000287 400000288 -1346350.7175 3678298.5650 5024649.2825 -1330561.6814 2577802.4491 5672228.9398       0.0000 3539537.9546 5297292.9000  873164.3145     173.5807      25.0335
300000073 200000019 400000289 400000290 400000291 400000292 -4504977.3029       0.0000 4504977.3029 -3539537.9546       0.0000 5297292.9000 -3678298.5650 1346350.7175 5024649.2825  853044.8645     204.2964      43.6167
300000074 200000019 400000293 400000294 400000295 400000296 -2438076.1476       0.0000 5886036.5016 -2577802.4491 1330561.6814 5672228.9398 -3539537.9546       0.0000 5297292.9000  843039.4974     183.4865      15.9343
300000075 200000019 400000297 400000298 400000299 400000300 -2600949.8585 2600949.8585 5201899.7171 -3678298.5650 1346350.7175 5024649.2825 -2577802.4491 1330561.6814 5672228.9398  856010.4439     188.7243      30.5351
300000076 200000019 400000301 400000302 400000303 400000304 -3539537.9546       0.0000 5297292.9000 -2577802.4491 1330561.6814 5672228.9398 -3678298.5650 1346350.7175 5024649.2825  873164.3145     192.4393      29.4983
300000077 200000020 400000305 400000306 400000307 400000308       0.0000 2438076.1476 5886036.5016 -1330561.6814 2577802.4491 5672228.9398 -1266279.9131 1266279.9131 6114140.2800  931256.6789     163.8932       2.9494
300000078 200000020 400000309 400000310 400000311 400000312 -2600949.8585 2600949.8585 5201899.7171 -2577802.4491 1330561.6814 5672228.9398 -1330561.6814 2577802.4491 5672228.9398  917252.3363     167.9454      18.5380
300000079 200000020 400000313 400000314 400000315 400000316 -2438076.1476       0.0000 5886036.5016 -1266279.9131 1266279.9131 6114140.2800 -2577802.4491 1330561.6814 5672228.9398  931256.6789     171.3822       3.1724
300000080 200000020 400000317 400000318 400000319 400000320 -1330561.6814 2577802.4491 5672228.9398 -2577802.4491 1330561.6814 5672228.9398 -1266279.9131 1266279.9131 6114140.2800  953298.7094     165.3926       5.5820
300000081 200000021 400000321 400000322 400000323 400000324       0.0000 6371000.0000       0.0000 -1242920.4416 6248583.0214       0.0000       0.0000 6248583.0214 1242920.4416  787459.5150     228.0385      97.6136
300000082 200000021 400000325 400000326 400000327 400000328 -2438076.1476 5886036.5016       0.0000 -1266279.9131 6114140.2800 1266279.9131 -1242920.4416 6248583.0214       0.0000  802260.9823     220.6621     117.1555
300000083 200000021 400000329 400000330 400000331 400000332       0.0000 5886036.5016 2438076.1476       0.0000 6248583.0214 1242920.4416 -1266279.9131 6114140.2800 1266279.9131  802260.9823     286.1864      54.7417
300000084 200000021 400000333 400000334 400000335 400000336 -1242920.4416 6248583.0214       0.0000 -1266279.9131 6114140.2800 1266279.9131       0.0000 6248583.0214 1242920.4416  818294.0298     247.7447      89.2768
300000085 200000022 400000337 400000338 400000339 400000340 -4504977.3029 4504977.3029       0.0000 -3678298.5650 5024649.2825 1346350.7175 -3539537.9546 5297292.9000       0.0000  853044.8645     216.3201     109.6790
300000086 200000022 400000341 400000342 400000343 400000344 -2600949.8585 5201899.7171 2600949.8585 -2577802.4491 5672228.9398 1330561.6814 -3678298.5650 5024649.2825 1346350.7175  856010.4439     263.2433      88.9604
300000087 200000022 400000345 400000346 400000347 400000348 -2438076.1476 5886036.5016       0.0000 -3539537.9546 5297292.9000       0.0000 -2577802.4491 5672228.9398 1330561.6814  843039.4974     208.8589     126.4970
300000088 200000022 400000349 400000350 400000351 400000352 -3678298.5650 5024649.2825 1346350.7175 -2577802.4491 5672228.9398 1330561.6814 -3539537.9546 5297292.9000       0.0000  873164.3145     225.9341     101.2070
300000089 200000023 400000353 400000354 400000355 400000356       0.0000 4504977.3029 4504977.3029       0.0000 5297292.9000 3539537.9546 -1346350.7175 5024649.2825 3678298.5650  853044.8645     197.4604      66.5726
300000090 200000023 400000357 400000358 400000359 400000360       0.0000 5886036.5016 2438076.1476 -1330561.6814 5672228.9398 2577802.4491       0.0000 5297292.9000 3539537.9546  843039.4974     248.5056      71.3358
300000091 200000023 400000361 400000362 400000363 400000364 -2600949.8585 5201899.7171 2600949.8585 -1346350.7175 5024649.2825 3678298.5650 -1330561.6814 5672228.9398 2577802.4491  856010.4439     239.2680     123.4085
300000092 200000023 400000365 400000366 400000367 400000368       0.0000 5297292.9000 3539537.9546 -1330561.6814 5672228.9398 2577802.4491 -1346350.7175 5024649.2825 3678298.5650  873164.3145     213.5001      74.8036
300000093 200000024 400000369 400000370 400000371 400000372 -2438076.1476 5886036.5016       0.0000 -2577802.4491 5672228.9398 1330561.6814 -1266279.9131 6114140.2800 1266279.9131  931256.6789     225.2789     111.0758
300000094 200000024 400000373 400000374 400000375 400000376 -2600949.8585 5201899.7171 2600949.8585 -1330561.6814 5672228.9398 2577802.4491 -2577802.4491 5672228.9398 1330561.6814  917252.3363     268.7420     108.5847
300000095 200000024 400000377 400000378 400000379 400000380       0.0000 5886036.5016 2438076.1476 -1266279.9131 6114140.2800 1266279.9131 -1330561.6814 5672228.9398 2577802.4491  931256.6789     282.6201      69.2280
300000096 200000024 400000381 400000382 400000383 400000384 -2577802.4491 5672228.9398 1330561.6814 -1330561.6814 5672228.9398 2577802.4491 -1266279.9131 6114140.2800 1266279.9131  953298.7094     270.1518      97.4034
300000097 200000025 400000385 400000386 400000387 400000388 -6371000.0000       0.0000       0.0000 -6248583.0214       0.0000 1242920.4416 -6248583.0214 1242920.4416       0.0000  787459.5150     248.9742      88.6454
300000098 200000025 400000389 400000390 400000391 400000392 -5886036.5016       0.0000 2438076.1476 -6114140.2800 1266279.9131 1266279.9131 -6248583.0214       0.0000 1242920.4416  802260.9823     294.1144      57.1412
300000099 200000025 400000393 400000394 400000395 400000396 -5886036.5016 2438076.1476       0.0000 -6248583.0214 1242920.4416       0.0000 -6114140.2800 1266279.9131 1266279.9131  802260.9823     234.7416      97.2744
300000100 200000025 400000397 400000398 400000399 400000400 -6248583.0214       0.0000 1242920.4416 -6114140.2800 1266279.9131 1266279.9131 -6248583.0214 1242920.4416       0.0000  818294.0298     260.6547      80.8256
300000101 200000026 400000401 400000402 400000403 400000404 -4504977.3029       0.0000 4504977.3029 -5024649.2825 1346350.7175 3678298.5650 -5297292.9000       0.0000 3539537.9546  853044.8645     216.5764      74.6563
300000102 200000026 400000405 400000406 400000407 400000408 -5201899.7171 2600949.8585 2600949.8585 -5672228.9398 1330561.6814 2577802.4491 -5024649.2825 1346350.7175 3678298.5650  856010.4439     258.1671      74.8700
300000103 200000026 400000409 400000410 400000411 400000412 -5886036.5016       0.0000 2438076.1476 -5297292.9000       0.0000 3539537.9546 -5672228.9398 1330561.6814 2577802.4491  843039.4974     264.0139      70.2159
300000104 200000026 400000413 400000414 400000415 400000416 -5024649.2825 1346350.7175 3678298.5650 -5672228.9398 1330561.6814 2577802.4491 -5297292.9000       0.0000 3539537.9546  873164.3145     243.2928      77.3660
300000105 200000027 400000417 400000418 400000419 400000420 -4504977.3029 4504977.3029       0.0000 -5297292.9000 3539537.9546       0.0000 -5024649.2825 3678298.5650 1346350.7175  853044.8645     218.7534     104.9941
300000106 200000027 400000421 400000422 400000423 400000424 -5886036.5016 2438076.1476       0.0000 -5672228.9398 2577802.4491 1330561.6814 -5297292.9000 3539537.9546       0.0000  843039.4974     221.9825     104.8102
300000107 200000027 400000425 400000426 400000427 400000428 -5201899.7171 2600949.8585 2600949.8585 -5024649.2825 3678298.5650 1346350.7175 -5672228.9398 2577802.4491 1330561.6814  856010.4439     279.0644      63.8967
300000108 200000027 400000429 400000430 400000431 400000432 -5297292.9000 3539537.9546       0.0000 -5672228.9398 2577802.4491 1330561.6814 -5024649.2825 3678298.5650 1346350.7175  873164.3145     240.6064      86.7866
300000109 200000028 400000433 400000434 400000435 400000436 -5886036.5016       0.0000 2438076.1476 -5672228.9398 1330561.6814 2577802.4491 -6114140.2800 1266279.9131 1266279.9131  931256.6789     290.3393      59.8105
300000110 200000028 400000437 400000438 400000439 400000440 -5201899.7171 2600949.8585 2600949.8585 -5672228.9398 2577802.4491 1330561.6814 -5672228.9398 1330561.6814 2577802.4491  917252.3363     284.7258      62.0299
300000111 200000028 400000441 400000442 400000443 400000444 -5886036.5016 2438076.1476       0.0000 -6114140.2800 1266279.9131 1266279.9131 -5672228.9398 2577802.4491 1330561.6814  931256.6789     249.0722      84.1914
300000112 200000028 400000445 400000446 400000447 400000448 -5672228.9398 1330561.6814 2577802.4491 -5672228.9398 2577802.4491 1330561.6814 -6114140.2800 1266279.9131 1266279.9131  953298.7094     289.1667      59.1480
300000113 200000029 400000449 400000450 400000451 400000452       0.0000 4504977.3029 4504977.3029 -1346350.7175 5024649.2825 3678298.5650 -1346350.7175 3678298.5650 5024649.2825 1318824.6059     195.6811      56.3445
300000114 200000029 400000453 400000454 400000455 400000456 -2600949.8585 5201899.7171 2600949.8585 -2716603.5278 4074905.2917 4074905.2917 -1346350.7175 5024649.2825 3678298.5650 1330535.5610     224.1080      83.3744
300000115 200000029 400000457 400000458 400000459 400000460 -2600949.8585 2600949.8585 5201899.7171 -1346350.7175 3678298.5650 5024649.2825 -2716603.5278 4074905.2917 4074905.2917 1330535.5610     185.1711      46.7704
300000116 200000029 400000461 400000462 400000463 400000464 -1346350.7175 5024649.2825 3678298.5650 -2716603.5278 4074905.2917 4074905.2917 -1346350.7175 3678298.5650 5024649.2825 1378948.6957     200.2546      58.7215
300000117 200000030 400000465 400000466 400000467 400000468 -4504977.3029 4504977.3029       0.0000 -5024649.2825 3678298.5650 1346350.7175 -3678298.5650 5024649.2825 1346350.7175 1318824.6059     230.1033      93.7326
300000118 200000030 400000469 400000470 400000471 400000472 -5201899.7171 2600949.8585 2600949.8585 -4074905.2917 4074905.2917 2716603.5278 -5024649.2825 3678298.5650 1346350.7175 1330535.5610     273.3453      73.3798
300000119 200000030 400000473 400000474 400000475 400000476 -2600949.8585 5201899.7171 2600949.8585 -3678298.5650 5024649.2825 1346350.7175 -4074905.2917 4074905.2917 2716603.5278 1330535.5610     263.3384      95.4371
300000120 200000030 400000477 400000478 400000479 400000480 -5024649.2825 3678298.5650 1346350.7175 -4074905.2917 4074905.2917 2716603.5278 -3678298.5650 5024649.2825 1346350.7175 1378948.6957     260.5652      84.2494
300000121 200000031 400000481 400000482 400000483 400000484 -4504977.3029       0.0000 4504977.3029 -3678298.5650 1346350.7175 5024649.2825 -5024649.2825 1346350.7175 3678298.5650 1318824.6059     207.9499      60.4333
300000122 200000031 400000485 400000486 400000487 400000488 -2600949.8585 2600949.8585 5201899.7171 -4074905.2917 2716603.5278 4074905.2917 -3678298.5650 1346350.7175 5024649.2825 1330535.5610     196.1803      50.6214
300000123 200000031 400000489 400000490 400000491 400000492 -5201899.7171 2600949.8585 2600949.8585 -5024649.2825 1346350.7175 3678298.5650 -4074905.2917 2716603.5278 4074905.2917 1330535.5610     233.9876      83.1991
300000124 200000031 400000493 400000494 400000495 400000496 -3678298.5650 1346350.7175 5024649.2825 -4074905.2917 2716603.5278 4074905.2917 -5024649.2825 1346350.7175 3678298.5650 1378948.6957     208.9147      66.9515
300000125 200000032 400000497 400000498 400000499 400000500 -2600949.8585 5201899.7171 2600949.8585 -4074905.2917 4074905.2917 2716603.5278 -2716603.5278 4074905.2917 4074905.2917 1557076.8123     239.6368     100.2104
300000126 200000032 400000501 400000502 400000503 400000504 -5201899.7171 2600949.8585 2600949.8585 -4074905.2917 2716603.5278 4074905.2917 -4074905.2917 4074905.2917 2716603.5278 1557076.8123     246.8907      84.3665
300000127 200000032 400000505 400000506 400000507 400000508 -2600949.8585 2600949.8585 5201899.7171 -2716603.5278 4074905.2917 4074905.2917 -4074905.2917 2716603.5278 4074905.2917 1557076.8123     198.3306      52.7385
300000128 200000032 400000509 400000510 400000511 400000512 -4074905.2917 4074905.2917 2716603.5278 -4074905.2917 2716603.5278 4074905.2917 -2716603.5278 4074905.2917 4074905.2917 1628720.8215     226.8013      79.3068
300000129 200000033 400000513 400000514 400000515 400000516       0.0000       0.0000 6371000.0000 -1242920.4416       0.0000 6248583.0214       0.0000 -1242920.4416 6248583.0214  787459.5150     169.8706       0.0452
300000130 200000033 400000517 400000518 400000519 400000520 -2438076.1476       0.0000 5886036.5016 -1266279.9131 -1266279.9131 6114140.2800 -1242920.4416       0.0000 6248583.0214  802260.9823     179.1741       0.3491
300000131 200000033 400000521 400000522 400000523 400000524       0.0000 -2438076.1476 5886036.5016       0.0000 -1242920.4416 6248583.0214 -1266279.9131 -1266279.9131 6114140.2800  802260.9823     169.5751       0.3403
300000132 200000033 400000525 400000526 400000527 400000528 -1242920.4416       0.0000 6248583.0214 -1266279.9131 -1266279.9131 6114140.2800       0.0000 -1242920.4416 6248583.0214  818294.0298     171.4677       0.0562
300000133 200000034 400000529 400000530 400000531 400000532 -4504977.3029       0.0000 4504977.3029 -3678298.5650 -1346350.7175 5024649.2825 -3539537.9546       0.0000 5297292.9000  853044.8645     205.6082      44.3682
300000134 200000034 400000533 400000534 400000535 400000536 -2600949.8585 -2600949.8585 5201899.7171 -2577802.4491 -1330561.6814 5672228.9398 -3678298.5650 -1346350.7175 5024649.2825  856010.4439     203.4654      30.1923
300000135 200000034 400000537 400000538 400000539 400000540 -2438076.1476       0.0000 5886036.5016 -3539537.9546       0.0000 5297292.9000 -2577802.4491 -1330561.6814 5672228.9398  843039.4974     194.1905      15.1699
300000136 200000034 400000541 400000542 400000543 400000544 -3678298.5650 -1346350.7175 5024649.2825 -2577802.4491 -1330561.6814 5672228.9398 -3539537.9546       0.0000 5297292.9000  873164.3145     200.8013      28.6210
300000137 200000035 400000545 400000546 400000547 400000548       0.0000 -4504977.3029 4504977.3029       0.0000 -3539537.9546 5297292.9000 -1346350.7175 -3678298.5650 5024649.2825  853044.8645     188.9312      48.9020
300000138 200000035 400000549 400000550 400000551 400000552       0.0000 -2438076.1476 5886036.5016 -1330561.6814 -2577802.4491 5672228.9398       0.0000 -3539537.9546 5297292.9000  843039.4974     176.0485      17.4124
300000139 200000035 400000553 400000554 400000555 400000556 -2600949.8585 -2600949.8585 5201899.7171 -1346350.7175 -3678298.5650 5024649.2825 -1330561.6814 -2577802.4491 5672228.9398  856010.4439     187.0702      30.0212
300000140 200000035 400000557 400000558 400000559 400000560       0.0000 -3539537.9546 5297292.9000 -1330561.6814 -2577802.4491 5672228.9398 -1346350.7175 -3678298.5650 5024649.2825  873164.3145     183.9398      28.7496
300000141 200000036 400000561 400000562 400000563 400000564 -2438076.1476       0.0000 5886036.5016 -2577802.4491 -1330561.6814 5672228.9398 -1266279.9131 -1266279.9131 6114140.2800  931256.6789     181.9547       3.2357
300000142 200000036 400000565 400000566 400000567 400000568 -2600949.8585 -2600949.8585 5201899.7171 -1330561.6814 -2577802.4491 5672228.9398 -2577802.4491 -1330561.6814 5672228.9398  917252.3363     185.1893      20.7081
300000143 200000036 400000569 400000570 400000571 400000572       0.0000 -2438076.1476 5886036.5016 -1266279.9131 -1266279.9131 6114140.2800 -1330561.6814 -2577802.4491 5672228.9398  931256.6789     173.9968       3.5278
300000144 200000036 400000573 400000574 400000575 400000576 -2577802.4491 -1330561.6814 5672228.9398 -1330561.6814 -2577802.4491 5672228.9398 -1266279.9131 -1266279.9131 6114140.2800  953298.7094     179.1215       5.5878
300000145 200000037 400000577 400000578 400000579 400000580 -6371000.0000       0.0000       0.0000 -6248583.0214 -1242920.4416       0.0000 -6248583.0214       0.0000 1242920.4416  787459.5150     256.8685      84.5913
300000146 200000037 400000581 400000582 400000583 400000584 -5886036.5016 -2438076.1476       0.0000 -6114140.2800 -1266279.9131 1266279.9131 -6248583.0214 -1242920.4416       0.0000  802260.9823     266.3399      80.8963
300000147 200000037 400000585 400000586 400000587 400000588 -5886036.5016       0.0000 2438076.1476 -6248583.0214       0.0000 1242920.4416 -6114140.2800 -1266279.9131 1266279.9131  802260.9823     293.8643      54.7866
300000148 200000037 400000589 400000590 400000591 400000592 -6248583.0214 -1242920.4416       0.0000 -6114140.2800 -1266279.9131 1266279.9131 -6248583.0214       0.0000 1242920.4416  818294.0298     271.2992      76.8676
300000149 200000038 400000593 400000594 400000595 400000596 -4504977.3029 -4504977.3029       0.0000 -5024649.2825 -3678298.5650 1346350.7175 -5297292.9000 -3539537.9546       0.0000  853044.8645     268.5011      79.2283
300000150 200000038 400000597 400000598 400000599 400000600 -5201899.7171 -2600949.8585 2600949.8585 -5672228.9398 -2577802.4491 1330561.6814 -5024649.2825 -3678298.5650 1346350.7175  856010.4439     272.4230      69.4674
300000151 200000038 400000601 400000602 400000603 400000604 -5886036.5016 -2438076.1476       0.0000 -5297292.9000 -3539537.9546       0.0000 -5672228.9398 -2577802.4491 1330561.6814  843039.4974     270.9585      79.8383
300000152 200000038 400000605 400000606 400000607 400000608 -5024649.2825 -3678298.5650 1346350.7175 -5672228.9398 -2577802.4491 1330561.6814 -5297292.9000 -3539537.9546       0.0000  873164.3145     265.4640      88.2883
300000153 200000039 400000609 400000610 400000611 400000612 -4504977.3029       0.0000 4504977.3029 -5297292.9000       0.0000 3539537.9546 -5024649.2825 -1346350.7175 3678298.5650  853044.8645     216.2047      75.0380
300000154 200000039 400000613 400000614 400000615 400000616 -5886036.5016       0.0000 2438076.1476 -5672228.9398 -1330561.6814 2577802.4491 -5297292.9000       0.0000 3539537.9546  843039.4974     261.9853      68.7244
300000155 200000039 400000617 400000618 400000619 400000620 -5201899.7171 -2600949.8585 2600949.8585 -5024649.2825 -1346350.7175 3678298.5650 -5672228.9398 -1330561.6814 2577802.4491  856010.4439     252.3482      70.6693
300000156 200000039 400000621 400000622 400000623 400000624 -5297292.9000       0.0000 3539537.9546 -5672228.9398 -1330561.6814 2577802.4491 -5024649.2825 -1346350.7175 3678298.5650  873164.3145     239.1886      76.5756
300000157 200000040 400000625 400000626 400000627 400000628 -5886036.5016 -2438076.1476       0.0000 -5672228.9398 -2577802.4491 1330561.6814 -6114140.2800 -1266279.9131 1266279.9131  931256.6789     270.5378      83.6325
300000158 200000040 400000629 400000630 400000631 400000632 -5201899.7171 -2600949.8585 2600949.8585 -5672228.9398 -1330561.6814 2577802.4491 -5672228.9398 -2577802.4491 1330561.6814  917252.3363     277.4307      62.8016
300000159 200000040 400000633 400000634 400000635 400000636 -5886036.5016       0.0000 2438076.1476 -6114140.2800 -1266279.9131 1266279.9131 -5672228.9398 -1330561.6814 2577802.4491  931256.6789     287.8550      56.0672
300000160 200000040 400000637 400000638 400000639 400000640 -5672228.9398 -2577802.4491 1330561.6814 -5672228.9398 -1330561.6814 2577802.4491 -6114140.2800 -1266279.9131 1266279.9131  953298.7094     285.8458      60.9486
300000161 200000041 400000641 400000642 400000643 400000644       0.0000 -6371000.0000       0.0000       0.0000 -6248583.0214 1242920.4416 -1242920.4416 -6248583.0214       0.0000  787459.5150     270.9444      94.8427
300000162 200000041 400000645 400000646 400000647 400000648       0.0000 -5886036.5016 2438076.1476 -1266279.9131 -6114140.2800 1266279.9131       0.0000 -6248583.0214 1242920.4416  802260.9823     279.1119      64.1099
300000163 200000041 400000649 400000650 400000651 400000652 -2438076.1476 -5886036.5016       0.0000 -1242920.4416 -6248583.0214       0.0000 -1266279.9131 -6114140.2800 1266279.9131  802260.9823     270.1717      96.9535
300000164 200000041 400000653 400000654 400000655 400000656       0.0000 -6248583.0214 1242920.4416 -1266279.9131 -6114140.2800 1266279.9131 -1242920.4416 -6248583.0214       0.0000  818294.0298     274.9571      75.1932
300000165 200000042 400000657 400000658 400000659 400000660       0.0000 -4504977.3029 4504977.3029 -1346350.7175 -5024649.2825 3678298.5650       0.0000 -5297292.9000 3539537.9546  853044.8645     217.7320      73.1108
300000166 200000042 400000661 400000662 400000663 400000664 -2600949.8585 -5201899.7171 2600949.8585 -1330561.6814 -5672228.9398 2577802.4491 -1346350.7175 -5024649.2825 3678298.5650  856010.4439     245.7007      64.3771
300000167 200000042 400000665 400000666 400000667 400000668       0.0000 -5886036.5016 2438076.1476       0.0000 -5297292.9000 3539537.9546 -1330561.6814 -5672228.9398 2577802.4491  843039.4974     246.9345      84.5113
300000168 200000042 400000669 400000670 400000671 400000672 -1346350.7175 -5024649.2825 3678298.5650 -1330561.6814 -5672228.9398 2577802.4491       0.0000 -5297292.9000 3539537.9546  873164.3145     236.3572      76.4289
300000169 200000043 400000673 400000674 400000675 400000676 -4504977.3029 -4504977.3029       0.0000 -3539537.9546 -5297292.9000       0.0000 -3678298.5650 -5024649.2825 1346350.7175  853044.8645     265.4083      85.3291
300000170 200000043 400000677 400000678 400000679 400000680 -2438076.1476 -5886036.5016       0.0000 -2577802.4491 -5672228.9398 1330561.6814 -3539537.9546 -5297292.9000       0.0000  843039.4974     265.5996      94.3597
300000171 200000043 400000681 400000682 400000683 400000684 -2600949.8585 -5201899.7171 2600949.8585 -3678298.5650 -5024649.2825 1346350.7175 -2577802.4491 -5672228.9398 1330561.6814  856010.4439     241.6309      95.9094
300000172 200000043 400000685 400000686 400000687 400000688 -3539537.9546 -5297292.9000       0.0000 -2577802.4491 -5672228.9398 1330561.6814 -3678298.5650 -5024649.2825 1346350.7175  873164.3145     248.1676     104.0669
300000173 200000044 400000689 400000690 400000691 400000692       0.0000 -5886036.5016 2438076.1476 -1330561.6814 -5672228.9398 2577802.4491 -1266279.9131 -6114140.2800 1266279.9131  931256.6789     261.4899      76.9079
300000174 200000044 400000693 400000694 400000695 400000696 -2600949.8585 -5201899.7171 2600949.8585 -2577802.4491 -5672228.9398 1330561.6814 -1330561.6814 -5672228.9398 2577802.4491  917252.3363     248.3474      73.0074
300000175 200000044 400000697 400000698 400000699 400000700 -2438076.1476 -5886036.5016       0.0000 -1266279.9131 -6114140.2800 1266279.9131 -2577802.4491 -5672228.9398 1330561.6814  931256.6789     258.7037      91.5970
300000176 200000044 400000701 400000702 400000703 400000704 -1330561.6814 -5672228.9398 2577802.4491 -2577802.4491 -5672228.9398 1330561.6814 -1266279.9131 -6114140.2800 1266279.9131  953298.7094     258.7681      67.0904
300000177 200000045 400000705 400000706 400000707 400000708 -4504977.3029       0.0000 4504977.3029 -5024649.2825 -1346350.7175 3678298.5650 -3678298.5650 -1346350.7175 5024649.2825 1318824.6059     209.4554      61.7516
300000178 200000045 400000709 400000710 400000711 400000712 -5201899.7171 -2600949.8585 2600949.8585 -4074905.2917 -2716603.5278 4074905.2917 -5024649.2825 -1346350.7175 3678298.5650 1330535.5610     227.4097      76.2814
300000179 200000045 400000713 400000714 400000715 400000716 -2600949.8585 -2600949.8585 5201899.7171 -3678298.5650 -1346350.7175 5024649.2825 -4074905.2917 -2716603.5278 4074905.2917 1330535.5610     208.5386      51.0281
300000180 200000045 400000717 400000718 400000719 400000720 -5024649.2825 -1346350.7175 3678298.5650 -4074905.2917 -2716603.5278 4074905.2917 -3678298.5650 -1346350.7175 5024649.2825 1378948.6957     210.0005      66.0865
300000181 200000046 400000721 400000722 400000723 400000724 -4504977.3029 -4504977.3029       0.0000 -3678298.5650 -5024649.2825 1346350.7175 -5024649.2825 -3678298.5650 1346350.7175 1318824.6059     254.3652      97.2384
300000182 200000046 400000725 400000726 400000727 400000728 -2600949.8585 -5201899.7171 2600949.8585 -4074905.2917 -4074905.2917 2716603.5278 -3678298.5650 -5024649.2825 1346350.7175 1330535.5610     248.5973      90.5590
300000183 200000046 400000729 400000730 400000731 400000732 -5201899.7171 -2600949.8585 2600949.8585 -5024649.2825 -3678298.5650 1346350.7175 -4074905.2917 -4074905.2917 2716603.5278 1330535.5610     261.7671      73.7844
300000184 200000046 400000733 400000734 400000735 400000736 -3678298.5650 -5024649.2825 1346350.7175 -4074905.2917 -4074905.2917 2716603.5278 -5024649.2825 -3678298.5650 1346350.7175 1378948.6957     256.1648      85.7523
300000185 200000047 400000737 400000738 400000739 400000740       0.0000 -4504977.3029 4504977.3029 -1346350.7175 -3678298.5650 5024649.2825 -1346350.7175 -5024649.2825 3678298.5650 1318824.6059     202.7723      68.3987
300000186 200000047 400000741 400000742 400000743 400000744 -2600949.8585 -2600949.8585 5201899.7171 -2716603.5278 -4074905.2917 4074905.2917 -1346350.7175 -3678298.5650 5024649.2825 1330535.5610     197.9618      52.6640
300000187 200000047 400000745 400000746 400000747 400000748 -2600949.8585 -5201899.7171 2600949.8585 -1346350.7175 -5024649.2825 3678298.5650 -2716603.5278 -4074905.2917 4074905.2917 1330535.5610     240.6453      59.6902
300000188 200000047 400000749 400000750 400000751 400000752 -1346350.7175 -3678298.5650 5024649.2825 -2716603.5278 -4074905.2917 4074905.2917 -1346350.7175 -5024649.2825 3678298.5650 1378948.6957     202.8573      69.6592
300000189 200000048 400000753 400000754 400000755 400000756 -5201899.7171 -2600949.8585 2600949.8585 -4074905.2917 -4074905.2917 2716603.5278 -4074905.2917 -2716603.5278 4074905.2917 1557076.8123     241.0834      73.7524
300000190 200000048 400000757 400000758 400000759 400000760 -2600949.8585 -5201899.7171 2600949.8585 -2716603.5278 -4074905.2917 4074905.2917 -4074905.2917 -4074905.2917 2716603.5278 1557076.8123     251.2076      66.6377
300000191 200000048 400000761 400000762 400000763 400000764 -2600949.8585 -2600949.8585 5201899.7171 -4074905.2917 -2716603.5278 4074905.2917 -2716603.5278 -4074905.2917 4074905.2917 1557076.8123     212.9294      61.1040
300000192 200000048 400000765 400000766 400000767 400000768 -4074905.2917 -4074905.2917 2716603.5278 -2716603.5278 -4074905.2917 4074905.2917 -4074905.2917 -2716603.5278 4074905.2917 1628720.8215     233.1148      72.0230
300000193 200000049 400000769 400000770 400000771 400000772       0.0000       0.0000 6371000.0000       0.0000 -1242920.4416 6248583.0214 1242920.4416       0.0000 6248583.0214  787459.5150     168.6303       0.0452
300000194 200000049 400000773 400000774 400000775 400000776       0.0000 -2438076.1476 5886036.5016 1266279.9131 -1266279.9131 6114140.2800       0.0000 -1242920.4416 6248583.0214  802260.9823     171.5000       0.3454
300000195 200000049 400000777 400000778 400000779 400000780 2438076.1476       0.0000 5886036.5016 1242920.4416       0.0000 6248583.0214 1266279.9131 -1266279.9131 6114140.2800  802260.9823     177.9912       0.3059
300000196 200000049 400000781 400000782 400000783 400000784       0.0000 -1242920.4416 6248583.0214 1266279.9131 -1266279.9131 6114140.2800 1242920.4416       0.0000 6248583.0214  818294.0298     160.6671       0.0562
300000197 200000050 400000785 400000786 400000787 400000788       0.0000 -4504977.3029 4504977.3029 1346350.7175 -3678298.5650 5024649.2825       0.0000 -3539537.9546 5297292.9000  853044.8645     184.8654      48.8757
300000198 200000050 400000789 400000790 400000791 400000792 2600949.8585 -2600949.8585 5201899.7171 1330561.6814 -2577802.4491 5672228.9398 1346350.7175 -3678298.5650 5024649.2825  856010.4439     184.5412      33.9888
300000199 200000050 400000793 400000794 400000795 400000796       0.0000 -2438076.1476 5886036.5016       0.0000 -3539537.9546 5297292.9000 1330561.6814 -2577802.4491 5672228.9398  843039.4974     178.5145      17.8088
300000200 200000050 400000797 400000798 400000799 400000800 1346350.7175 -3678298.5650 5024649.2825 1330561.6814 -2577802.4491 5672228.9398       0.0000 -3539537.9546 5297292.9000  873164.3145     178.9446      34.7450
300000201 200000051 400000801 400000802 400000803 400000804 4504977.3029       0.0000 4504977.3029 3539537.9546       0.0000 5297292.9000 3678298.5650 -1346350.7175 5024649.2825  853044.8645     210.8705      45.0769
300000202 200000051 400000805 400000806 400000807 400000808 2438076.1476       0.0000 5886036.5016 2577802.4491 -1330561.6814 5672228.9398 3539537.9546       0.0000 5297292.9000  843039.4974     197.5932      14.8013
300000203 200000051 400000809 400000810 400000811 400000812 2600949.8585 -2600949.8585 5201899.7171 3678298.5650 -1346350.7175 5024649.2825 2577802.4491 -1330561.6814 5672228.9398  856010.4439     201.7973      30.6634
300000204 200000051 400000813 400000814 400000815 400000816 3539537.9546       0.0000 5297292.9000 2577802.4491 -1330561.6814 5672228.9398 3678298.5650 -1346350.7175 5024649.2825  873164.3145     203.2507      28.8574
300000205 200000052 400000817 400000818 400000819 400000820       0.0000 -2438076.1476 5886036.5016 1330561.6814 -2577802.4491 5672228.9398 1266279.9131 -1266279.9131 6114140.2800  931256.6789     173.7988       3.6052
300000206 200000052 400000821 400000822 400000823 400000824 2600949.8585 -2600949.8585 5201899.7171 2577802.4491 -1330561.6814 5672228.9398 1330561.6814 -2577802.4491 5672228.9398  917252.3363     189.5828      20.8204
300000207 200000052 400000825 400000826 400000827 400000828 2438076.1476       0.0000 5886036.5016 1266279.9131 -1266279.9131 6114140.2800 2577802.4491 -1330561.6814 5672228.9398  931256.6789     178.0192       3.2131
300000208 200000052 400000829 400000830 400000831 400000832 1330561.6814 -2577802.4491 5672228.9398 2577802.4491 -1330561.6814 5672228.9398 1266279.9131 -1266279.9131 6114140.2800  953298.7094     170.6334       6.1225
300000209 200000053 400000833 400000834 400000835 400000836       0.0000 -6371000.0000       0.0000 1242920.4416 -6248583.0214       0.0000       0.0000 -6248583.0214 1242920.4416  787459.5150     264.5035      97.7364
300000210 200000053 400000837 400000838 400000839 400000840 2438076.1476 -5886036.5016       0.0000 1266279.9131 -6114140.2800 1266279.9131 1242920.4416 -6248583.0214       0.0000  802260.9823     243.9773     132.8586
300000211 200000053 400000841 400000842 400000843 400000844       0.0000 -5886036.5016 2438076.1476       0.0000 -6248583.0214 1242920.4416 1266279.9131 -6114140.2800 1266279.9131  802260.9823     276.4838      83.8690
300000212 200000053 400000845 400000846 400000847 400000848 1242920.4416 -6248583.0214       0.0000 1266279.9131 -6114140.2800 1266279.9131       0.0000 -6248583.0214 1242920.4416  818294.0298     267.1064      87.4959
300000213 200000054 400000849 400000850 400000851 400000852 4504977.3029 -4504977.3029       0.0000 3678298.5650 -5024649.2825 1346350.7175 3539537.9546 -5297292.9000       0.0000  853044.8645     247.9723     109.4924
300000214 200000054 400000853 400000854 400000855 400000856 2600949.8585 -5201899.7171 2600949.8585 2577802.4491 -5672228.9398 1330561.6814 3678298.5650 -5024649.2825 1346350.7175  856010.4439     288.4143      56.0474
300000215 200000054 400000857 400000858 400000859 400000860 2438076.1476 -5886036.5016       0.0000 3539537.9546 -5297292.9000       0.0000 2577802.4491 -5672228.9398 1330561.6814  843039.4974     252.1809     115.8721
300000216 200000054 400000861 400000862 400000863 400000864 3678298.5650 -5024649.2825 1346350.7175 2577802.4491 -5672228.9398 1330561.6814 3539537.9546 -5297292.9000       0.0000  873164.3145     269.5522      92.1224
300000217 200000055 400000865 400000866 400000867 400000868       0.0000 -4504977.3029 4504977.3029       0.0000 -5297292.9000 3539537.9546 1346350.7175 -5024649.2825 3678298.5650  853044.8645     211.5567      80.9915
300000218 200000055 400000869 400000870 400000871 400000872       0.0000 -5886036.5016 2438076.1476 1330561.6814 -5672228.9398 2577802.4491       0.0000 -5297292.9000 3539537.9546  843039.4974     253.7089      72.7353
300000219 200000055 400000873 400000874 400000875 400000876 2600949.8585 -5201899.7171 2600949.8585 1346350.7175 -5024649.2825 3678298.5650 1330561.6814 -5672228.9398 2577802.4491  856010.4439     257.3176      68.9106
300000220 200000055 400000877 400000878 400000879 400000880       0.0000 -5297292.9000 3539537.9546 1330561.6814 -5672228.9398 2577802.4491 1346350.7175 -5024649.2825 3678298.5650  873164.3145     239.7248      74.6257
300000221 200000056 400000881 400000882 400000883 400000884 2438076.1476 -5886036.5016       0.0000 2577802.4491 -5672228.9398 1330561.6814 1266279.9131 -6114140.2800 1266279.9131  931256.6789     270.5438      92.9590
300000222 200000056 400000885 400000886 400000887 400000888 2600949.8585 -5201899.7171 2600949.8585 1330561.6814 -5672228.9398 2577802.4491 2577802.4491 -5672228.9398 1330561.6814  917252.3363     283.7154      59.0429
300000223 200000056 400000889 400000890 400000891 400000892       0.0000 -5886036.5016 2438076.1476 1266279.9131 -6114140.2800 1266279.9131 1330561.6814 -5672228.9398 2577802.4491  931256.6789     277.9370      63.4596
300000224 200000056 400000893 400000894 400000895 400000896 2577802.4491 -5672228.9398 1330561.6814 1330561.6814 -5672228.9398 2577802.4491 1266279.9131 -6114140.2800 1266279.9131  953298.7094     287.5670      56.7576
300000225 200000057 400000897 400000898 400000899 400000900 6371000.0000       0.0000       0.0000 6248583.0214       0.0000 1242920.4416 6248583.0214 -1242920.4416       0.0000  787459.5150     260.9892      83.7320
300000226 200000057 400000901 400000902 400000903 400000904 5886036.5016       0.0000 2438076.1476 6114140.2800 -1266279.9131 1266279.9131 6248583.0214       0.0000 1242920.4416  802260.9823     268.2956     100.1553
300000227 200000057 400000905 400000906 400000907 400000908 5886036.5016 -2438076.1476       0.0000 6248583.0214 -1242920.4416       0.0000 6114140.2800 -1266279.9131 1266279.9131  802260.9823     252.7771      93.3622
300000228 200000057 400000909 400000910 400000911 400000912 6248583.0214       0.0000 1242920.4416 6114140.2800 -1266279.9131 1266279.9131 6248583.0214 -1242920.4416       0.0000  818294.0298     267.8998      78.0233
300000229 200000058 400000913 400000914 400000915 400000916 4504977.3029       0.0000 4504977.3029 5024649.2825 -1346350.7175 3678298.5650 5297292.9000       0.0000 3539537.9546  853044.8645     232.4242      62.7692
300000230 200000058 400000917 400000918 400000919 400000920 5201899.7171 -2600949.8585 2600949.8585 5672228.9398 -1330561.6814 2577802.4491 5024649.2825 -1346350.7175 3678298.5650  856010.4439     258.4872      63.6955
300000231 200000058 400000921 400000922 400000923 400000924 5886036.5016       0.0000 2438076.1476 5297292.9000       0.0000 3539537.9546 5672228.9398 -1330561.6814 2577802.4491  843039.4974     256.0531      91.9544
300000232 200000058 400000925 400000926 400000927 400000928 5024649.2825 -1346350.7175 3678298.5650 5672228.9398 -1330561.6814 2577802.4491 5297292.9000       0.0000 3539537.9546  873164.3145     249.8782      66.9859
300000233 200000059 400000929 400000930 400000931 400000932 4504977.3029 -4504977.3029       0.0000 5297292.9000 -3539537.9546       0.0000 5024649.2825 -3678298.5650 1346350.7175  853044.8645     235.9408     107.1411
300000234 200000059 400000933 400000934 400000935 400000936 5886036.5016 -2438076.1476       0.0000 5672228.9398 -2577802.4491 1330561.6814 5297292.9000 -3539537.9546       0.0000  843039.4974     236.2738     110.1130
300000235 200000059 400000937 400000938 400000939 400000940 5201899.7171 -2600949.8585 2600949.8585 5024649.2825 -3678298.5650 1346350.7175 5672228.9398 -2577802.4491 1330561.6814  856010.4439     257.6305      75.2760
300000236 200000059 400000941 400000942 400000943 400000944 5297292.9000 -3539537.9546       0.0000 5672228.9398 -2577802.4491 1330561.6814 5024649.2825 -3678298.5650 1346350.7175  873164.3145     242.0347      96.4025
300000237 200000060 400000945 400000946 400000947 400000948 5886036.5016       0.0000 2438076.1476 5672228.9398 -1330561.6814 2577802.4491 6114140.2800 -1266279.9131 1266279.9131  931256.6789     257.2862     113.7387
300000238 200000060 400000949 400000950 400000951 400000952 5201899.7171 -2600949.8585 2600949.8585 5672228.9398 -2577802.4491 1330561.6814 5672228.9398 -1330561.6814 2577802.4491  917252.3363     261.6330      67.1320
300000239 200000060 400000953 400000954 400000955 400000956 5886036.5016 -2438076.1476       0.0000 6114140.2800 -1266279.9131 1266279.9131 5672228.9398 -2577802.4491 1330561.6814  931256.6789     253.2630      79.0117
300000240 200000060 400000957 400000958 400000959 400000960 5672228.9398 -1330561.6814 2577802.4491 5672228.9398 -2577802.4491 1330561.6814 6114140.2800 -1266279.9131 1266279.9131  953298.7094     255.0320      86.4348
300000241 200000061 400000961 400000962 400000963 400000964       0.0000 -4504977.3029 4504977.3029 1346350.7175 -5024649.2825 3678298.5650 1346350.7175 -3678298.5650 5024649.2825 1318824.6059     197.0500      69.3073
300000242 200000061 400000965 400000966 400000967 400000968 2600949.8585 -5201899.7171 2600949.8585 2716603.5278 -4074905.2917 4074905.2917 1346350.7175 -5024649.2825 3678298.5650 1330535.5610     235.4601      77.2758
300000243 200000061 400000969 400000970 400000971 400000972 2600949.8585 -2600949.8585 5201899.7171 1346350.7175 -3678298.5650 5024649.2825 2716603.5278 -4074905.2917 4074905.2917 1330535.5610     193.9945      55.0110
300000244 200000061 400000973 400000974 400000975 400000976 1346350.7175 -5024649.2825 3678298.5650 2716603.5278 -4074905.2917 4074905.2917 1346350.7175 -3678298.5650 5024649.2825 1378948.6957     205.0328      70.6995
300000245 200000062 400000977 400000978 400000979 400000980 4504977.3029 -4504977.3029       0.0000 5024649.2825 -3678298.5650 1346350.7175 3678298.5650 -5024649.2825 1346350.7175 1318824.6059     256.3658      82.8964
300000246 200000062 400000981 400000982 400000983 400000984 5201899.7171 -2600949.8585 2600949.8585 4074905.2917 -4074905.2917 2716603.5278 5024649.2825 -3678298.5650 1346350.7175 1330535.5610     267.7144      64.8845
300000247 200000062 400000985 400000986 400000987 400000988 2600949.8585 -5201899.7171 2600949.8585 3678298.5650 -5024649.2825 1346350.7175 4074905.2917 -4074905.2917 2716603.5278 1330535.5610     280.4908      55.4147
300000248 200000062 400000989 400000990 400000991 400000992 5024649.2825 -3678298.5650 1346350.7175 4074905.2917 -4074905.2917 2716603.5278 3678298.5650 -5024649.2825 1346350.7175 1378948.6957     274.3123      62.4598
300000249 200000063 400000993 400000994 400000995 400000996 4504977.3029       0.0000 4504977.3029 3678298.5650 -1346350.7175 5024649.2825 5024649.2825 -1346350.7175 3678298.5650 1318824.6059     224.4700      58.2535
300000250 200000063 400000997 400000998 400000999 400001000 2600949.8585 -2600949.8585 5201899.7171 4074905.2917 -2716603.5278 4074905.2917 3678298.5650 -1346350.7175 5024649.2825 1330535.5610     207.5382      51.5711
300000251 200000063 400001001 400001002 400001003 400001004 5201899.7171 -2600949.8585 2600949.8585 5024649.2825 -1346350.7175 3678298.5650 4074905.2917 -2716603.5278 4074905.2917 1330535.5610     244.5855      64.6264
300000252 200000063 400001005 400001006 400001007 400001008 3678298.5650 -1346350.7175 5024649.2825 4074905.2917 -2716603.5278 4074905.2917 5024649.2825 -1346350.7175 3678298.5650 1378948.6957     225.6721      59.7354
300000253 200000064 400001009 400001010 400001011 400001012 2600949.8585 -5201899.7171 2600949.8585 4074905.2917 -4074905.2917 2716603.5278 2716603.5278 -4074905.2917 4074905.2917 1557076.8123     250.2519      64.3747
300000254 200000064 400001013 400001014 400001015 400001016 5201899.7171 -2600949.8585 2600949.8585 4074905.2917 -2716603.5278 4074905.2917 4074905.2917 -4074905.2917 2716603.5278 1557076.8123     252.0234      63.3987
300000255 200000064 400001017 400001018 400001019 400001020 2600949.8585 -2600949.8585 5201899.7171 2716603.5278 -4074905.2917 4074905.2917 4074905.2917 -2716603.5278 4074905.2917 1557076.8123     204.6173      67.7133
300000256 200000064 400001021 400001022 400001023 400001024 4074905.2917 -4074905.2917 2716603.5278 4074905.2917 -2716603.5278 4074905.2917 2716603.5278 -4074905.2917 4074905.2917 1628720.8215     232.7826      68.0182
300000257 200000065 400001025 400001026 400001027 400001028 6371000.0000       0.0000       0.0000 6248583.0214       0.0000 -1242920.4416 6248583.0214 1242920.4416       0.0000  787459.5150     249.7608      88.1215
300000258 200000065 400001029 400001030 400001031 400001032 5886036.5016       0.0000 -2438076.1476 6114140.2800 1266279.9131 -1266279.9131 6248583.0214       0.0000 -1242920.4416  802260.9823     272.3572     100.8442
300000259 200000065 400001033 400001034 400001035 400001036 5886036.5016 2438076.1476       0.0000 6248583.0214 1242920.4416       0.0000 6114140.2800 1266279.9131 -1266279.9131  802260.9823     219.4628     128.6707
300000260 200000065 400001037 400001038 400001039 400001040 6248583.0214       0.0000 -1242920.4416 6114140.2800 1266279.9131 -1266279.9131 6248583.0214 1242920.4416       0.0000  818294.0298     247.6155      93.1079
300000261 200000066 400001041 400001042 400001043 400001044 4504977.3029       0.0000 -4504977.3029 5024649.2825 1346350.7175 -3678298.5650 5297292.9000       0.0000 -3539537.9546  853044.8645     252.5331     133.2385
300000262 200000066 400001045 400001046 400001047 400001048 5201899.7171 2600949.8585 -2600949.8585 5672228.9398 1330561.6814 -2577802.4491 5024649.2825 1346350.7175 -3678298.5650  856010.4439     280.4382     112.6988
300000263 200000066 400001049 400001050 400001051 400001052 5886036.5016       0.0000 -2438076.1476 5297292.9000       0.0000 -3539537.9546 5672228.9398 1330561.6814 -2577802.4491  843039.4974     282.5100      98.1235
300000264 200000066 400001053 400001054 400001055 400001056 5024649.2825 1346350.7175 -3678298.5650 5672228.9398 1330561.6814 -2577802.4491 5297292.9000       0.0000 -3539537.9546  873164.3145     278.1284      95.6336
300000265 200000067 400001057 400001058 400001059 400001060 4504977.3029 4504977.3029       0.0000 5297292.9000 3539537.9546       0.0000 5024649.2825 3678298.5650 -1346350.7175  853044.8645     262.4163     108.4329
300000266 200000067 400001061 400001062 400001063 400001064 5886036.5016 2438076.1476       0.0000 5672228.9398 2577802.4491 -1330561.6814 5297292.9000 3539537.9546       0.0000  843039.4974     211.9738     145.2807
300000267 200000067 400001065 400001066 400001067 400001068 5201899.7171 2600949.8585 -2600949.8585 5024649.2825 3678298.5650 -1346350.7175 5672228.9398 2577802.4491 -1330561.6814  856010.4439     215.2891     158.2926
300000268 200000067 400001069 400001070 400001071 400001072 5297292.9000 3539537.9546       0.0000 5672228.9398 2577802.4491 -1330561.6814 5024649.2825 3678298.5650 -1346350.7175  873164.3145     209.1797     152.3511
300000269 200000068 400001073 400001074 400001075 400001076 5886036.5016       0.0000 -2438076.1476 5672228.9398 1330561.6814 -2577802.4491 6114140.2800 1266279.9131 -1266279.9131  931256.6789     272.7673     107.2218
300000270 200000068 400001077 400001078 400001079 400001080 5201899.7171 2600949.8585 -2600949.8585 5672228.9398 2577802.4491 -1330561.6814 5672228.9398 1330561.6814 -2577802.4491  917252.3363     234.1601     146.8999
300000271 200000068 400001081 400001082 400001083 400001084 5886036.5016 2438076.1476       0.0000 6114140.2800 1266279.9131 -1266279.9131 5672228.9398 2577802.4491 -1330561.6814  931256.6789     207.4654     149.2196
300000272 200000068 400001085 400001086 400001087 400001088 5672228.9398 1330561.6814 -2577802.4491 5672228.9398 2577802.4491 -1330561.6814 6114140.2800 1266279.9131 -1266279.9131  953298.7094     224.7788     142.3496
300000273 200000069 400001089 400001090 400001091 400001092       0.0000       0.0000 -6371000.0000       0.0000 1242920.4416 -6248583.0214 1242920.4416       0.0000 -6248583.0214  787459.5150     187.9448     329.4178
300000274 200000069 400001093 400001094 400001095 400001096       0.0000 2438076.1476 -5886036.5016 1266279.9131 1266279.9131 -6114140.2800       0.0000 1242920.4416 -6248583.0214  802260.9823     194.4079     314.4894
300000275 200000069 400001097 400001098 400001099 400001100 2438076.1476       0.0000 -5886036.5016 1242920.4416       0.0000 -6248583.0214 1266279.9131 1266279.9131 -6114140.2800  802260.9823     192.4026     312.0725
300000276 200000069 400001101 400001102 400001103 400001104       0.0000 1242920.4416 -6248583.0214 1266279.9131 1266279.9131 -6114140.2800 1242920.4416       0.0000 -6248583.0214  818294.0298     183.0368     326.8132
300000277 200000070 400001105 400001106 400001107 400001108       0.0000 4504977.3029 -4504977.3029 1346350.7175 3678298.5650 -5024649.2825       0.0000 3539537.9546 -5297292.9000  853044.8645     217.5299     190.6015
300000278 200000070 400001109 400001110 400001111 400001112 2600949.8585 2600949.8585 -5201899.7171 1330561.6814 2577802.4491 -5672228.9398 1346350.7175 3678298.5650 -5024649.2825  856010.4439     212.8158     203.8622
300000279 200000070 400001113 400001114 400001115 400001116       0.0000 2438076.1476 -5886036.5016       0.0000 3539537.9546 -5297292.9000 1330561.6814 2577802.4491 -5672228.9398  843039.4974     211.3124     214.0929
300000280 200000070 400001117 400001118 400001119 400001120 1346350.7175 3678298.5650 -5024649.2825 1330561.6814 2577802.4491 -5672228.9398       0.0000 3539537.9546 -5297292.9000  873164.3145     212.7073     199.8811
300000281 200000071 400001121 400001122 400001123 400001124 4504977.3029       0.0000 -4504977.3029 3539537.9546       0.0000 -5297292.9000 3678298.5650 1346350.7175 -5024649.2825  853044.8645     216.9862     204.2350
300000282 200000071 400001125 400001126 400001127 400001128 2438076.1476       0.0000 -5886036.5016 2577802.4491 1330561.6814 -5672228.9398 3539537.9546       0.0000 -5297292.9000  843039.4974     210.2387     210.4496
300000283 200000071 400001129 400001130 400001131 400001132 2600949.8585 2600949.8585 -5201899.7171 3678298.5650 1346350.7175 -5024649.2825 2577802.4491 1330561.6814 -5672228.9398  856010.4439     212.4061     205.3769
300000284 200000071 400001133 400001134 400001135 400001136 3539537.9546       0.0000 -5297292.9000 2577802.4491 1330561.6814 -5672228.9398 3678298.5650 1346350.7175 -5024649.2825  873164.3145     211.6588     208.2134
300000285 200000072 400001137 400001138 400001139 400001140       0.0000 2438076.1476 -5886036.5016 1330561.6814 2577802.4491 -5672228.9398 1266279.9131 1266279.9131 -6114140.2800  931256.6789     205.3740     267.7599
300000286 200000072 400001141 400001142 400001143 400001144 2600949.8585 2600949.8585 -5201899.7171 2577802.4491 1330561.6814 -5672228.9398 1330561.6814 2577802.4491 -5672228.9398  917252.3363     210.9301     206.5839
300000287 200000072 400001145 400001146 400001147 400001148 2438076.1476       0.0000 -5886036.5016 1266279.9131 1266279.9131 -6114140.2800 2577802.4491 1330561.6814 -5672228.9398  931256.6789     208.9275     250.0567
300000288 200000072 400001149 400001150 400001151 400001152 1330561.6814 2577802.4491 -5672228.9398 2577802.4491 1330561.6814 -5672228.9398 1266279.9131 1266279.9131 -6114140.2800  953298.7094     206.0898     249.9672
300000289 200000073 400001153 400001154 400001155 400001156       0.0000 6371000.0000       0.0000 1242920.4416 6248583.0214       0.0000       0.0000 6248583.0214 -1242920.4416  787459.5150     237.6378      93.5381
300000290 200000073 400001157 400001158 400001159 400001160 2438076.1476 5886036.5016       0.0000 1266279.9131 6114140.2800 -1266279.9131 1242920.4416 6248583.0214       0.0000  802260.9823     239.7125      96.3311
300000291 200000073 400001161 400001162 400001163 400001164       0.0000 5886036.5016 -2438076.1476       0.0000 6248583.0214 -1242920.4416 1266279.9131 6114140.2800 -1266279.9131  802260.9823     271.6244      85.8523
300000292 200000073 400001165 400001166 400001167 400001168 1242920.4416 6248583.0214       0.0000 1266279.9131 6114140.2800 -1266279.9131       0.0000 6248583.0214 -1242920.4416  818294.0298     246.0257      92.7138
300000293 200000074 400001169 400001170 400001171 400001172 4504977.3029 4504977.3029       0.0000 3678298.5650 5024649.2825 -1346350.7175 3539537.9546 5297292.9000       0.0000  853044.8645     253.9907      82.4150
300000294 200000074 400001173 400001174 400001175 400001176 2600949.8585 5201899.7171 -2600949.8585 2577802.4491 5672228.9398 -1330561.6814 3678298.5650 5024649.2825 -1346350.7175  856010.4439     250.6078      92.3127
300000295 200000074 400001177 400001178 400001179 400001180 2438076.1476 5886036.5016       0.0000 3539537.9546 5297292.9000       0.0000 2577802.4491 5672228.9398 -1330561.6814  843039.4974     240.6427      94.6937
300000296 200000074 400001181 400001182 400001183 400001184 3678298.5650 5024649.2825 -1346350.7175 2577802.4491 5672228.9398 -1330561.6814 3539537.9546 5297292.9000       0.0000  873164.3145     233.0080     103.6478
300000297 200000075 400001185 400001186 400001187 400001188       0.0000 4504977.3029 -4504977.3029       0.0000 5297292.9000 -3539537.9546 1346350.7175 5024649.2825 -3678298.5650  853044.8645     250.0461     135.7234
300000298 200000075 400001189 400001190 400001191 400001192       0.0000 5886036.5016 -2438076.1476 1330561.6814 5672228.9398 -2577802.4491       0.0000 5297292.9000 -3539537.9546  843039.4974     273.3203      96.1229
300000299 200000075 400001193 400001194 400001195 400001196 2600949.8585 5201899.7171 -2600949.8585 1346350.7175 5024649.2825 -3678298.5650 1330561.6814 5672228.9398 -2577802.4491  856010.4439     264.1645      94.9968
300000300 200000075 400001197 400001198 400001199 400001200       0.0000 5297292.9000 -3539537.9546 1330561.6814 5672228.9398 -2577802.4491 1346350.7175 5024649.2825 -3678298.5650  873164.3145     264.7370     103.2471
300000301 200000076 400001201 400001202 400001203 400001204 2438076.1476 5886036.5016       0.0000 2577802.4491 5672228.9398 -1330561.6814 1266279.9131 6114140.2800 -1266279.9131  931256.6789     235.0989     106.7585
300000302 200000076 400001205 400001206 400001207 400001208 2600949.8585 5201899.7171 -2600949.8585 1330561.6814 5672228.9398 -2577802.4491 2577802.4491 5672228.9398 -1330561.6814  917252.3363     265.3088      83.8261
300000303 200000076 400001209 400001210 400001211 400001212       0.0000 5886036.5016 -2438076.1476 1266279.9131 6114140.2800 -1266279.9131 1330561.6814 5672228.9398 -2577802.4491  931256.6789     275.0604      84.4846
300000304 200000076 400001213 400001214 400001215 400001216 2577802.4491 5672228.9398 -1330561.6814 1330561.6814 5672228.9398 -2577802.4491 1266279.9131 6114140.2800 -1266279.9131  953298.7094     262.4383      87.6122
300000305 200000077 400001217 400001218 400001219 400001220 4504977.3029       0.0000 -4504977.3029 3678298.5650 1346350.7175 -5024649.2825 5024649.2825 1346350.7175 -3678298.5650 1318824.6059     232.1704     173.6145
300000306 200000077 400001221 400001222 400001223 400001224 2600949.8585 2600949.8585 -5201899.7171 4074905.2917 2716603.5278 -4074905.2917 3678298.5650 1346350.7175 -5024649.2825 1330535.5610     221.9207     185.2337
300000307 200000077 400001225 400001226 400001227 400001228 5201899.7171 2600949.8585 -2600949.8585 5024649.2825 1346350.7175 -3678298.5650 4074905.2917 2716603.5278 -4074905.2917 1330535.5610     269.5077     118.4974
300000308 200000077 400001229 400001230 400001231 400001232 3678298.5650 1346350.7175 -5024649.2825 4074905.2917 2716603.5278 -4074905.2917 5024649.2825 1346350.7175 -3678298.5650 1378948.6957     241.9362     149.5811
300000309 200000078 400001233 400001234 400001235 400001236       0.0000 4504977.3029 -4504977.3029 1346350.7175 5024649.2825 -3678298.5650 1346350.7175 3678298.5650 -5024649.2825 1318824.6059     232.1035     166.0776
300000310 200000078 400001237 400001238 400001239 400001240 2600949.8585 5201899.7171 -2600949.8585 2716603.5278 4074905.2917 -4074905.2917 1346350.7175 5024649.2825 -3678298.5650 1330535.5610     257.8336     113.8911
300000311 200000078 400001241 400001242 400001243 400001244 2600949.8585 2600949.8585 -5201899.7171 1346350.7175 3678298.5650 -5024649.2825 2716603.5278 4074905.2917 -4074905.2917 1330535.5610     221.7315     188.2824
300000312 200000078 400001245 400001246 400001247 400001248 1346350.7175 5024649.2825 -3678298.5650 2716603.5278 4074905.2917 -4074905.2917 1346350.7175 3678298.5650 -5024649.2825 1378948.6957     238.0348     154.8528
300000313 200000079 400001249 400001250 400001251 400001252 4504977.3029 4504977.3029       0.0000 5024649.2825 3678298.5650 -1346350.7175 3678298.5650 5024649.2825 -1346350.7175 1318824.6059     247.5941      92.4838
300000314 200000079 400001253 400001254 400001255 400001256 5201899.7171 2600949.8585 -2600949.8585 4074905.2917 4074905.2917 -2716603.5278 5024649.2825 3678298.5650 -1346350.7175 1330535.5610     247.3081     125.3897
300000315 200000079 400001257 400001258 400001259 400001260 2600949.8585 5201899.7171 -2600949.8585 3678298.5650 5024649.2825 -1346350.7175 4074905.2917 4074905.2917 -2716603.5278 1330535.5610     247.4638     101.0863
300000316 200000079 400001261 400001262 400001263 400001264 5024649.2825 3678298.5650 -1346350.7175 4074905.2917 4074905.2917 -2716603.5278 3678298.5650 5024649.2825 -1346350.7175 1378948.6957     219.8392     135.9572
300000317 200000080 400001265 400001266 400001267 400001268 2600949.8585 2600949.8585 -5201899.7171 2716603.5278 4074905.2917 -4074905.2917 4074905.2917 2716603.5278 -4074905.2917 1557076.8123     231.9013     164.4783
300000318 200000080 400001269 400001270 400001271 400001272 2600949.8585 5201899.7171 -2600949.8585 4074905.2917 4074905.2917 -2716603.5278 2716603.5278 4074905.2917 -4074905.2917 1557076.8123     257.0542     109.0318
300000319 200000080 400001273 400001274 400001275 400001276 5201899.7171 2600949.8585 -2600949.8585 4074905.2917 2716603.5278 -4074905.2917 4074905.2917 4074905.2917 -2716603.5278 1557076.8123     262.8881     114.8168
300000320 200000080 400001277 400001278 400001279 400001280 2716603.5278 4074905.2917 -4074905.2917 4074905.2917 4074905.2917 -2716603.5278 4074905.2917 2716603.5278 -4074905.2917 1628720.8215     258.7133     121.3519
300000321 200000081 400001281 400001282 400001283 400001284       0.0000 6371000.0000       0.0000       0.0000 6248583.0214 -1242920.4416 -1242920.4416 6248583.0214       0.0000  787459.5150     223.2807     107.6179
300000322 200000081 400001285 400001286 400001287 400001288       0.0000 5886036.5016 -2438076.1476 -1266279.9131 6114140.2800 -1266279.9131       0.0000 6248583.0214 -1242920.4416  802260.9823     274.1805      82.9819
300000323 200000081 400001289 400001290 400001291 400001292 -2438076.1476 5886036.5016       0.0000 -1242920.4416 6248583.0214       0.0000 -1266279.9131 6114140.2800 -1266279.9131  802260.9823     201.3590     137.0431
300000324 200000081 400001293 400001294 400001295 400001296       0.0000 6248583.0214 -1242920.4416 -1266279.9131 6114140.2800 -1266279.9131 -1242920.4416 6248583.0214       0.0000  818294.0298     230.2166     109.6472
300000325 200000082 400001297 400001298 400001299 400001300       0.0000 4504977.3029 -4504977.3029 -1346350.7175 5024649.2825 -3678298.5650       0.0000 5297292.9000 -3539537.9546  853044.8645     251.6331     139.6109
300000326 200000082 400001301 400001302 400001303 400001304 -2600949.8585 5201899.7171 -2600949.8585 -1330561.6814 5672228.9398 -2577802.4491 -1346350.7175 5024649.2825 -3678298.5650  856010.4439     281.2131     106.7592
300000327 200000082 400001305 400001306 400001307 400001308       0.0000 5886036.5016 -2438076.1476       0.0000 5297292.9000 -3539537.9546 -1330561.6814 5672228.9398 -2577802.4491  843039.4974     277.2771     110.9659
300000328 200000082 400001309 400001310 400001311 400001312 -1346350.7175 5024649.2825 -3678298.5650 -1330561.6814 5672228.9398 -2577802.4491       0.0000 5297292.9000 -3539537.9546  873164.3145     271.8682     121.3412
300000329 200000083 400001313 400001314 400001315 400001316 -4504977.3029 4504977.3029       0.0000 -3539537.9546 5297292.9000       0.0000 -3678298.5650 5024649.2825 -1346350.7175  853044.8645     203.1570     123.0159
300000330 200000083 400001317 400001318 400001319 400001320 -2438076.1476 5886036.5016       0.0000 -2577802.4491 5672228.9398 -1330561.6814 -3539537.9546 5297292.9000       0.0000  843039.4974     194.4560     139.7124
300000331 200000083 400001321 400001322 400001323 400001324 -2600949.8585 5201899.7171 -2600949.8585 -3678298.5650 5024649.2825 -1346350.7175 -2577802.4491 5672228.9398 -1330561.6814  856010.4439     233.6099     108.9347
300000332 200000083 400001325 400001326 400001327 400001328 -3539537.9546 5297292.9000       0.0000 -2577802.4491 5672228.9398 -1330561.6814 -3678298.5650 5024649.2825 -1346350.7175  873164.3145     203.0659     127.3431
300000333 200000084 400001329 400001330 400001331 400001332       0.0000 5886036.5016 -2438076.1476 -1330561.6814 5672228.9398 -2577802.4491 -1266279.9131 6114140.2800 -1266279.9131  931256.6789     280.4315      96.6873
300000334 200000084 400001333 400001334 400001335 400001336 -2600949.8585 5201899.7171 -2600949.8585 -2577802.4491 5672228.9398 -1330561.6814 -1330561.6814 5672228.9398 -2577802.4491  917252.3363     270.9855      90.1179
300000335 200000084 400001337 400001338 400001339 400001340 -2438076.1476 5886036.5016       0.0000 -1266279.9131 6114140.2800 -1266279.9131 -2577802.4491 5672228.9398 -1330561.6814  931256.6789     211.6813     126.9478
300000336 200000084 400001341 400001342 400001343 400001344 -1330561.6814 5672228.9398 -2577802.4491 -2577802.4491 5672228.9398 -1330561.6814 -1266279.9131 6114140.2800 -1266279.9131  953298.7094     265.4068      92.2160
300000337 200000085 400001345 400001346 400001347 400001348       0.0000       0.0000 -6371000.0000 -1242920.4416       0.0000 -6248583.0214       0.0000 1242920.4416 -6248583.0214  787459.5150     194.1668     323.2669
300000338 200000085 400001349 400001350 400001351 400001352 -2438076.1476       0.0000 -5886036.5016 -1266279.9131 1266279.9131 -6114140.2800 -1242920.4416       0.0000 -6248583.0214  802260.9823     206.8183     261.4201
300000339 200000085 400001353 400001354 400001355 400001356       0.0000 2438076.1476 -5886036.5016       0.0000 1242920.4416 -6248583.0214 -1266279.9131 1266279.9131 -6114140.2800  802260.9823     184.6715     319.2544
300000340 200000085 400001357 400001358 400001359 400001360 -1242920.4416       0.0000 -6248583.0214 -1266279.9131 1266279.9131 -6114140.2800       0.0000 1242920.4416 -6248583.0214  818294.0298     193.6323     318.8226
300000341 200000086 400001361 400001362 400001363 400001364 -4504977.3029       0.0000 -4504977.3029 -3678298.5650 1346350.7175 -5024649.2825 -3539537.9546       0.0000 -5297292.9000  853044.8645     227.0522     167.9873
300000342 200000086 400001365 400001366 400001367 400001368 -2600949.8585 2600949.8585 -5201899.7171 -2577802.4491 1330561.6814 -5672228.9398 -3678298.5650 1346350.7175 -5024649.2825  856010.4439     218.3050     186.9740
300000343 200000086 400001369 400001370 400001371 400001372 -2438076.1476       0.0000 -5886036.5016 -3539537.9546       0.0000 -5297292.9000 -2577802.4491 1330561.6814 -5672228.9398  843039.4974     215.3153     209.5878
300000344 200000086 400001373 400001374 400001375 400001376 -3678298.5650 1346350.7175 -5024649.2825 -2577802.4491 1330561.6814 -5672228.9398 -3539537.9546       0.0000 -5297292.9000  873164.3145     219.6523     191.4058
300000345 200000087 400001377 400001378 400001379 400001380       0.0000 4504977.3029 -4504977.3029       0.0000 3539537.9546 -5297292.9000 -1346350.7175 3678298.5650 -5024649.2825  853044.8645     219.0222     181.3921
300000346 200000087 400001381 400001382 400001383 400001384       0.0000 2438076.1476 -5886036.5016 -1330561.6814 2577802.4491 -5672228.9398       0.0000 3539537.9546 -5297292.9000  843039.4974     211.8993     214.2585
300000347 200000087 400001385 400001386 400001387 400001388 -2600949.8585 2600949.8585 -5201899.7171 -1346350.7175 3678298.5650 -5024649.2825 -1330561.6814 2577802.4491 -5672228.9398  856010.4439     215.7146     182.3445
300000348 200000087 400001389 400001390 400001391 400001392       0.0000 3539537.9546 -5297292.9000 -1330561.6814 2577802.4491 -5672228.9398 -1346350.7175 3678298.5650 -5024649.2825  873164.3145     214.2673     188.0583
300000349 200000088 400001393 400001394 400001395 400001396 -2438076.1476       0.0000 -5886036.5016 -2577802.4491 1330561.6814 -5672228.9398 -1266279.9131 1266279.9131 -6114140.2800  931256.6789     207.4749     274.9485
300000350 200000088 400001397 400001398 400001399 400001400 -2600949.8585 2600949.8585 -5201899.7171 -1330561.6814 2577802.4491 -5672228.9398 -2577802.4491 1330561.6814 -5672228.9398  917252.3363     214.1757     191.0582
300000351 200000088 400001401 400001402 400001403 400001404       0.0000 2438076.1476 -5886036.5016 -1266279.9131 1266279.9131 -6114140.2800 -1330561.6814 2577802.4491 -5672228.9398  931256.6789     199.4444     296.0119
300000352 200000088 400001405 400001406 400001407 400001408 -2577802.4491 1330561.6814 -5672228.9398 -1330561.6814 2577802.4491 -5672228.9398 -1266279.9131 1266279.9131 -6114140.2800  953298.7094     204.3371     267.2271
300000353 200000089 400001409 400001410 400001411 400001412 -6371000.0000       0.0000       0.0000 -6248583.0214 1242920.4416       0.0000 -6248583.0214       0.0000 -1242920.4416  787459.5150     234.7300      94.8858
300000354 200000089 400001413 400001414 400001415 400001416 -5886036.5016 2438076.1476       0.0000 -6114140.2800 1266279.9131 -1266279.9131 -6248583.0214 1242920.4416       0.0000  802260.9823     216.3982     114.7720
300000355 200000089 400001417 400001418 400001419 400001420 -5886036.5016       0.0000 -2438076.1476 -6248583.0214       0.0000 -1242920.4416 -6114140.2800 1266279.9131 -1266279.9131  802260.9823     220.8774     123.3336
300000356 200000089 400001421 400001422 400001423 400001424 -6248583.0214 1242920.4416       0.0000 -6114140.2800 1266279.9131 -1266279.9131 -6248583.0214       0.0000 -1242920.4416  818294.0298     209.6380     126.6675
300000357 200000090 400001425 400001426 400001427 400001428 -4504977.3029 4504977.3029       0.0000 -5024649.2825 3678298.5650 -1346350.7175 -5297292.9000 3539537.9546       0.0000  853044.8645     198.6333     137.3003
300000358 200000090 400001429 400001430 400001431 400001432 -5201899.7171 2600949.8585 -2600949.8585 -5672228.9398 2577802.4491 -1330561.6814 -5024649.2825 3678298.5650 -1346350.7175  856010.4439     236.1674     106.3390
300000359 200000090 400001433 400001434 400001435 400001436 -5886036.5016 2438076.1476       0.0000 -5297292.9000 3539537.9546       0.0000 -5672228.9398 2577802.4491 -1330561.6814  843039.4974     204.6141     126.7414
300000360 200000090 400001437 400001438 400001439 400001440 -5024649.2825 3678298.5650 -1346350.7175 -5672228.9398 2577802.4491 -1330561.6814 -5297292.9000 3539537.9546       0.0000  873164.3145     201.2063     136.8069
300000361 200000091 400001441 400001442 400001443 400001444 -4504977.3029       0.0000 -4504977.3029 -5297292.9000       0.0000 -3539537.9546 -5024649.2825 1346350.7175 -3678298.5650  853044.8645     253.6028     117.1642
300000362 200000091 400001445 400001446 400001447 400001448 -5886036.5016       0.0000 -2438076.1476 -5672228.9398 1330561.6814 -2577802.4491 -5297292.9000       0.0000 -3539537.9546  843039.4974     255.5541     108.3251
300000363 200000091 400001449 400001450 400001451 400001452 -5201899.7171 2600949.8585 -2600949.8585 -5024649.2825 1346350.7175 -3678298.5650 -5672228.9398 1330561.6814 -2577802.4491  856010.4439     261.4779     105.0237
300000364 200000091 400001453 400001454 400001455 400001456 -5297292.9000       0.0000 -3539537.9546 -5672228.9398 1330561.6814 -2577802.4491 -5024649.2825 1346350.7175 -3678298.5650  873164.3145     259.5397     105.7487
300000365 200000092 400001457 400001458 400001459 400001460 -5886036.5016 2438076.1476       0.0000 -5672228.9398 2577802.4491 -1330561.6814 -6114140.2800 1266279.9131 -1266279.9131  931256.6789     201.4267     139.3452
300000366 200000092 400001461 400001462 400001463 400001464 -5201899.7171 2600949.8585 -2600949.8585 -5672228.9398 1330561.6814 -2577802.4491 -5672228.9398 2577802.4491 -1330561.6814  917252.3363     253.6133     101.3887
300000367 200000092 400001465 400001466 400001467 400001468 -5886036.5016       0.0000 -2438076.1476 -6114140.2800 1266279.9131 -1266279.9131 -5672228.9398 1330561.6814 -2577802.4491  931256.6789     242.1876     112.0566
300000368 200000092 400001469 400001470 400001471 400001472 -5672228.9398 2577802.4491 -1330561.6814 -5672228.9398 1330561.6814 -2577802.4491 -6114140.2800 1266279.9131 -1266279.9131  953298.7094     230.1465     118.6839
300000369 200000093 400001473 400001474 400001475 400001476       0.0000 4504977.3029 -4504977.3029 -1346350.7175 3678298.5650 -5024649.2825 -1346350.7175 5024649.2825 -3678298.5650 1318824.6059     234.2478     163.0458
300000370 200000093 400001477 400001478 400001479 400001480 -2600949.8585 2600949.8585 -5201899.7171 -2716603.5278 4074905.2917 -4074905.2917 -1346350.7175 3678298.5650 -5024649.2825 1330535.5610     225.8067     171.0255
300000371 200000093 400001481 400001482 400001483 400001484 -2600949.8585 5201899.7171 -2600949.8585 -1346350.7175 5024649.2825 -3678298.5650 -2716603.5278 4074905.2917 -4074905.2917 1330535.5610     275.8829     112.0804
300000372 200000093 400001485 400001486 400001487 400001488 -1346350.7175 3678298.5650 -5024649.2825 -2716603.5278 4074905.2917 -4074905.2917 -1346350.7175 5024649.2825 -3678298.5650 1378948.6957     242.2266     152.7174
300000373 200000094 400001489 400001490 400001491 400001492 -4504977.3029       0.0000 -4504977.3029 -5024649.2825 1346350.7175 -3678298.5650 -3678298.5650 1346350.7175 -5024649.2825 1318824.6059     239.6223     145.6983
300000374 200000094 400001493 400001494 400001495 400001496 -5201899.7171 2600949.8585 -2600949.8585 -4074905.2917 2716603.5278 -4074905.2917 -5024649.2825 1346350.7175 -3678298.5650 1330535.5610     260.1843     115.8745
300000375 200000094 400001497 400001498 400001499 400001500 -2600949.8585 2600949.8585 -5201899.7171 -3678298.5650 1346350.7175 -5024649.2825 -4074905.2917 2716603.5278 -4074905.2917 1330535.5610     228.6333     164.6924
300000376 200000094 400001501 400001502 400001503 400001504 -5024649.2825 1346350.7175 -3678298.5650 -4074905.2917 2716603.5278 -4074905.2917 -3678298.5650 1346350.7175 -5024649.2825 1378948.6957     244.4248     138.1587
300000377 200000095 400001505 400001506 400001507 400001508 -4504977.3029 4504977.3029       0.0000 -3678298.5650 5024649.2825 -1346350.7175 -5024649.2825 3678298.5650 -1346350.7175 1318824.6059     195.8752     138.7110
300000378 200000095 400001509 400001510 400001511 400001512 -2600949.8585 5201899.7171 -2600949.8585 -4074905.2917 4074905.2917 -2716603.5278 -3678298.5650 5024649.2825 -1346350.7175 1330535.5610     250.8289     122.9667
300000379 200000095 400001513 400001514 400001515 400001516 -5201899.7171 2600949.8585 -2600949.8585 -5024649.2825 3678298.5650 -1346350.7175 -4074905.2917 4074905.2917 -2716603.5278 1330535.5610     247.1973     135.6000
300000380 200000095 400001517 400001518 400001519 400001520 -3678298.5650 5024649.2825 -1346350.7175 -4074905.2917 4074905.2917 -2716603.5278 -5024649.2825 3678298.5650 -1346350.7175 1378948.6957     222.0988     135.9438
300000381 200000096 400001521 400001522 400001523 400001524 -2600949.8585 2600949.8585 -5201899.7171 -4074905.2917 2716603.5278 -4074905.2917 -2716603.5278 4074905.2917 -4074905.2917 1557076.8123     237.7672     153.1273
300000382 200000096 400001525 400001526 400001527 400001528 -5201899.7171 2600949.8585 -2600949.8585 -4074905.2917 4074905.2917 -2716603.5278 -4074905.2917 2716603.5278 -4074905.2917 1557076.8123     277.2613     129.3157
300000383 200000096 400001529 400001530 400001531 400001532 -2600949.8585 5201899.7171 -2600949.8585 -2716603.5278 4074905.2917 -4074905.2917 -4074905.2917 4074905.2917 -2716603.5278 1557076.8123     278.2055     117.1687
300000384 200000096 400001533 400001534 400001535 400001536 -4074905.2917 2716603.5278 -4074905.2917 -4074905.2917 4074905.2917 -2716603.5278 -2716603.5278 4074905.2917 -4074905.2917 1628720.8215     268.3068     121.6677
300000385 200000097 400001537 400001538 400001539 400001540 -6371000.0000       0.0000       0.0000 -6248583.0214       0.0000 -1242920.4416 -6248583.0214 -1242920.4416       0.0000  787459.5150     246.0343      87.5826
300000386 200000097 400001541 400001542 400001543 400001544 -5886036.5016       0.0000 -2438076.1476 -6114140.2800 -1266279.9131 -1266279.9131 -6248583.0214       0.0000 -1242920.4416  802260.9823     218.5165     132.6519
300000387 200000097 400001545 400001546 400001547 400001548 -5886036.5016 -2438076.1476       0.0000 -6248583.0214 -1242920.4416       0.0000 -6114140.2800 -1266279.9131 -1266279.9131  802260.9823     261.9182      74.4478
300000388 200000097 400001549 400001550 400001551 400001552 -6248583.0214       0.0000 -1242920.4416 -6114140.2800 -1266279.9131 -1266279.9131 -6248583.0214 -1242920.4416       0.0000  818294.0298     228.1191     115.9950
300000389 200000098 400001553 400001554 400001555 400001556 -4504977.3029       0.0000 -4504977.3029 -5024649.2825 -1346350.7175 -3678298.5650 -5297292.9000       0.0000 -3539537.9546  853044.8645     249.3328     124.2431
300000390 200000098 400001557 400001558 400001559 400001560 -5201899.7171 -2600949.8585 -2600949.8585 -5672228.9398 -1330561.6814 -2577802.4491 -5024649.2825 -1346350.7175 -3678298.5650  856010.4439     244.8534     118.9715
300000391 200000098 400001561 400001562 400001563 400001564 -5886036.5016       0.0000 -2438076.1476 -5297292.9000       0.0000 -3539537.9546 -5672228.9398 -1330561.6814 -2577802.4491  843039.4974     250.3448     113.6404
300000392 200000098 400001565 400001566 400001567 400001568 -5024649.2825 -1346350.7175 -3678298.5650 -5672228.9398 -1330561.6814 -2577802.4491 -5297292.9000       0.0000 -3539537.9546  873164.3145     248.8988     118.6987
300000393 200000099 400001569 400001570 400001571 400001572 -4504977.3029 -4504977.3029       0.0000 -5297292.9000 -3539537.9546       0.0000 -5024649.2825 -3678298.5650 -1346350.7175  853044.8645     282.5233      53.8506
300000394 200000099 400001573 400001574 400001575 400001576 -5886036.5016 -2438076.1476       0.0000 -5672228.9398 -2577802.4491 -1330561.6814 -5297292.9000 -3539537.9546       0.0000  843039.4974     274.6346      64.1289
300000395 200000099 400001577 400001578 400001579 400001580 -5201899.7171 -2600949.8585 -2600949.8585 -5024649.2825 -3678298.5650 -1346350.7175 -5672228.9398 -2577802.4491 -1330561.6814  856010.4439     229.4062     119.3625
300000396 200000099 400001581 400001582 400001583 400001584 -5297292.9000 -3539537.9546       0.0000 -5672228.9398 -2577802.4491 -1330561.6814 -5024649.2825 -3678298.5650 -1346350.7175  873164.3145     263.6570      75.3010
300000397 200000100 400001585 400001586 400001587 400001588 -5886036.5016       0.0000 -2438076.1476 -5672228.9398 -1330561.6814 -2577802.4491 -6114140.2800 -1266279.9131 -1266279.9131  931256.6789     230.9293     126.0555
300000398 200000100 400001589 400001590 400001591 400001592 -5201899.7171 -2600949.8585 -2600949.8585 -5672228.9398 -2577802.4491 -1330561.6814 -5672228.9398 -1330561.6814 -2577802.4491  917252.3363     232.2667     124.9334
300000399 200000100 400001593 400001594 400001595 400001596 -5886036.5016 -2438076.1476       0.0000 -6114140.2800 -1266279.9131 -1266279.9131 -5672228.9398 -2577802.4491 -1330561.6814  931256.6789     245.6363      99.0220
300000400 200000100 400001597 400001598 400001599 400001600 -5672228.9398 -1330561.6814 -2577802.4491 -5672228.9398 -2577802.4491 -1330561.6814 -6114140.2800 -1266279.9131 -1266279.9131  953298.7094     224.5729     126.9884
300000401 200000101 400001601 400001602 400001603 400001604       0.0000       0.0000 -6371000.0000       0.0000 -1242920.4416 -6248583.0214 -1242920.4416       0.0000 -6248583.0214  787459.5150     203.9467     324.5056
300000402 200000101 400001605 400001606 400001607 400001608       0.0000 -2438076.1476 -5886036.5016 -1266279.9131 -1266279.9131 -6114140.2800       0.0000 -1242920.4416 -6248583.0214  802260.9823     210.6710     282.9360
300000403 200000101 400001609 400001610 400001611 400001612 -2438076.1476       0.0000 -5886036.5016 -1242920.4416       0.0000 -6248583.0214 -1266279.9131 -1266279.9131 -6114140.2800  802260.9823     212.1462     243.7422
300000404 200000101 400001613 400001614 400001615 400001616       0.0000 -1242920.4416 -6248583.0214 -1266279.9131 -1266279.9131 -6114140.2800 -1242920.4416       0.0000 -6248583.0214  818294.0298     205.2004     319.1695
300000405 200000102 400001617 400001618 400001619 400001620       0.0000 -4504977.3029 -4504977.3029 -1346350.7175 -3678298.5650 -5024649.2825       0.0000 -3539537.9546 -5297292.9000  853044.8645     225.3790     174.0954
300000406 200000102 400001621 400001622 400001623 400001624 -2600949.8585 -2600949.8585 -5201899.7171 -1330561.6814 -2577802.4491 -5672228.9398 -1346350.7175 -3678298.5650 -5024649.2825  856010.4439     219.6841     198.9071
300000407 200000102 400001625 400001626 400001627 400001628       0.0000 -2438076.1476 -5886036.5016       0.0000 -3539537.9546 -5297292.9000 -1330561.6814 -2577802.4491 -5672228.9398  843039.4974     216.5058     198.3140
300000408 200000102 400001629 400001630 400001631 400001632 -1346350.7175 -3678298.5650 -5024649.2825 -1330561.6814 -2577802.4491 -5672228.9398       0.0000 -3539537.9546 -5297292.9000  873164.3145     219.3870     188.8998
300000409 200000103 400001633 400001634 400001635 400001636 -4504977.3029       0.0000 -4504977.3029 -3539537.9546       0.0000 -5297292.9000 -3678298.5650 -1346350.7175 -5024649.2825  853044.8645     228.7011     170.5806
300000410 200000103 400001637 400001638 400001639 400001640 -2438076.1476       0.0000 -5886036.5016 -2577802.4491 -1330561.6814 -5672228.9398 -3539537.9546       0.0000 -5297292.9000  843039.4974     217.0503     205.7243
300000411 200000103 400001641 400001642 400001643 400001644 -2600949.8585 -2600949.8585 -5201899.7171 -3678298.5650 -1346350.7175 -5024649.2825 -2577802.4491 -1330561.6814 -5672228.9398  856010.4439     220.8206     200.0409
300000412 200000103 400001645 400001646 400001647 400001648 -3539537.9546       0.0000 -5297292.9000 -2577802.4491 -1330561.6814 -5672228.9398 -3678298.5650 -1346350.7175 -5024649.2825  873164.3145     221.8882     186.5687
300000413 200000104 400001649 400001650 400001651 400001652       0.0000 -2438076.1476 -5886036.5016 -1330561.6814 -2577802.4491 -5672228.9398 -1266279.9131 -1266279.9131 -6114140.2800  931256.6789     214.3515     224.9203
300000414 200000104 400001653 400001654 400001655 400001656 -2600949.8585 -2600949.8585 -5201899.7171 -2577802.4491 -1330561.6814 -5672228.9398 -1330561.6814 -2577802.4491 -5672228.9398  917252.3363     216.9527     214.5165
300000415 200000104 400001657 400001658 400001659 400001660 -2438076.1476       0.0000 -5886036.5016 -1266279.9131 -1266279.9131 -6114140.2800 -2577802.4491 -1330561.6814 -5672228.9398  931256.6789     213.2932     230.9912
300000416 200000104 400001661 400001662 400001663 400001664 -1330561.6814 -2577802.4491 -5672228.9398 -2577802.4491 -1330561.6814 -5672228.9398 -1266279.9131 -1266279.9131 -6114140.2800  953298.7094     213.7645     224.9264
300000417 200000105 400001665 400001666 400001667 400001668       0.0000 -6371000.0000       0.0000 -1242920.4416 -6248583.0214       0.0000       0.0000 -6248583.0214 -1242920.4416  787459.5150     281.2584      75.1578
300000418 200000105 400001669 400001670 400001671 400001672 -2438076.1476 -5886036.5016       0.0000 -1266279.9131 -6114140.2800 -1266279.9131 -1242920.4416 -6248583.0214       0.0000  802260.9823     282.9059      77.8943
300000419 200000105 400001673 400001674 400001675 400001676       0.0000 -5886036.5016 -2438076.1476       0.0000 -6248583.0214 -1242920.4416 -1266279.9131 -6114140.2800 -1266279.9131  802260.9823     280.6493      92.3156
300000420 200000105 400001677 400001678 400001679 400001680 -1242920.4416 -6248583.0214       0.0000 -1266279.9131 -6114140.2800 -1266279.9131       0.0000 -6248583.0214 -1242920.4416  818294.0298     284.0770      83.9473
300000421 200000106 400001681 400001682 400001683 400001684 -4504977.3029 -4504977.3029       0.0000 -3678298.5650 -5024649.2825 -1346350.7175 -3539537.9546 -5297292.9000       0.0000  853044.8645     284.0796      57.9711
300000422 200000106 400001685 400001686 400001687 400001688 -2600949.8585 -5201899.7171 -2600949.8585 -2577802.4491 -5672228.9398 -1330561.6814 -3678298.5650 -5024649.2825 -1346350.7175  856010.4439     276.1329      75.2253
300000423 200000106 400001689 400001690 400001691 400001692 -2438076.1476 -5886036.5016       0.0000 -3539537.9546 -5297292.9000       0.0000 -2577802.4491 -5672228.9398 -1330561.6814  843039.4974     283.9721      69.6043
300000424 200000106 400001693 400001694 400001695 400001696 -3678298.5650 -5024649.2825 -1346350.7175 -2577802.4491 -5672228.9398 -1330561.6814 -3539537.9546 -5297292.9000       0.0000  873164.3145     284.1381      65.5296
300000425 200000107 400001697 400001698 400001699 400001700       0.0000 -4504977.3029 -4504977.3029       0.0000 -5297292.9000 -3539537.9546 -1346350.7175 -5024649.2825 -3678298.5650  853044.8645     254.0648     121.0880
300000426 200000107 400001701 400001702 400001703 400001704       0.0000 -5886036.5016 -2438076.1476 -1330561.6814 -5672228.9398 -2577802.4491       0.0000 -5297292.9000 -3539537.9546  843039.4974     275.0524      94.0944
300000427 200000107 400001705 400001706 400001707 400001708 -2600949.8585 -5201899.7171 -2600949.8585 -1346350.7175 -5024649.2825 -3678298.5650 -1330561.6814 -5672228.9398 -2577802.4491  856010.4439     265.2406      86.3509
300000428 200000107 400001709 400001710 400001711 400001712       0.0000 -5297292.9000 -3539537.9546 -1330561.6814 -5672228.9398 -2577802.4491 -1346350.7175 -5024649.2825 -3678298.5650  873164.3145     267.8367      89.8106
300000429 200000108 400001713 400001714 400001715 400001716 -2438076.1476 -5886036.5016       0.0000 -2577802.4491 -5672228.9398 -1330561.6814 -1266279.9131 -6114140.2800 -1266279.9131  931256.6789     283.6943      78.1100
300000430 200000108 400001717 400001718 400001719 400001720 -2600949.8585 -5201899.7171 -2600949.8585 -1330561.6814 -5672228.9398 -2577802.4491 -2577802.4491 -5672228.9398 -1330561.6814  917252.3363     273.0333      80.2934
300000431 200000108 400001721 400001722 400001723 400001724       0.0000 -5886036.5016 -2438076.1476 -1266279.9131 -6114140.2800 -1266279.9131 -1330561.6814 -5672228.9398 -2577802.4491  931256.6789     277.6339      95.4119
300000432 200000108 400001725 400001726 400001727 400001728 -2577802.4491 -5672228.9398 -1330561.6814 -1330561.6814 -5672228.9398 -2577802.4491 -1266279.9131 -6114140.2800 -1266279.9131  953298.7094     278.3127      86.0900
300000433 200000109 400001729 400001730 400001731 400001732 -4504977.3029       0.0000 -4504977.3029 -3678298.5650 -1346350.7175 -5024649.2825 -5024649.2825 -1346350.7175 -3678298.5650 1318824.6059     238.1329     150.5416
300000434 200000109 400001733 400001734 400001735 400001736 -2600949.8585 -2600949.8585 -5201899.7171 -4074905.2917 -2716603.5278 -4074905.2917 -3678298.5650 -1346350.7175 -5024649.2825 1330535.5610     230.5804     174.5543
300000435 200000109 400001737 400001738 400001739 400001740 -5201899.7171 -2600949.8585 -2600949.8585 -5024649.2825 -1346350.7175 -3678298.5650 -4074905.2917 -2716603.5278 -4074905.2917 1330535.5610     245.1110     124.8917
300000436 200000109 400001741 400001742 400001743 400001744 -3678298.5650 -1346350.7175 -5024649.2825 -4074905.2917 -2716603.5278 -4074905.2917 -5024649.2825 -1346350.7175 -3678298.5650 1378948.6957     238.6348     147.3092
300000437 200000110 400001745 400001746 400001747 400001748       0.0000 -4504977.3029 -4504977.3029 -1346350.7175 -5024649.2825 -3678298.5650 -1346350.7175 -3678298.5650 -5024649.2825 1318824.6059     235.5303     157.8693
300000438 200000110 400001749 400001750 400001751 400001752 -2600949.8585 -5201899.7171 -2600949.8585 -2716603.5278 -4074905.2917 -4074905.2917 -1346350.7175 -5024649.2825 -3678298.5650 1330535.5610     251.7898     110.1613
300000439 200000110 400001753 400001754 400001755 400001756 -2600949.8585 -2600949.8585 -5201899.7171 -1346350.7175 -3678298.5650 -5024649.2825 -2716603.5278 -4074905.2917 -4074905.2917 1330535.5610     228.4728     173.8902
300000440 200000110 400001757 400001758 400001759 400001760 -1346350.7175 -5024649.2825 -3678298.5650 -2716603.5278 -4074905.2917 -4074905.2917 -1346350.7175 -3678298.5650 -5024649.2825 1378948.6957     236.3646     156.4586
300000441 200000111 400001761 400001762 400001763 400001764 -4504977.3029 -4504977.3029       0.0000 -5024649.2825 -3678298.5650 -1346350.7175 -3678298.5650 -5024649.2825 -1346350.7175 1318824.6059     281.8634      58.5466
300000442 200000111 400001765 400001766 400001767 400001768 -5201899.7171 -2600949.8585 -2600949.8585 -4074905.2917 -4074905.2917 -2716603.5278 -5024649.2825 -3678298.5650 -1346350.7175 1330535.5610     234.3474     115.2132
300000443 200000111 400001769 400001770 400001771 400001772 -2600949.8585 -5201899.7171 -2600949.8585 -3678298.5650 -5024649.2825 -1346350.7175 -4074905.2917 -4074905.2917 -2716603.5278 1330535.5610     262.3129      83.1500
300000444 200000111 400001773 400001774 400001775 400001776 -5024649.2825 -3678298.5650 -1346350.7175 -4074905.2917 -4074905.2917 -2716603.5278 -3678298.5650 -5024649.2825 -1346350.7175 1378948.6957     260.3649      81.4015
300000445 200000112 400001777 400001778 400001779 400001780 -2600949.8585 -2600949.8585 -5201899.7171 -2716603.5278 -4074905.2917 -4074905.2917 -4074905.2917 -2716603.5278 -4074905.2917 1557076.8123     234.3594     161.0570
300000446 200000112 400001781 400001782 400001783 400001784 -2600949.8585 -5201899.7171 -2600949.8585 -4074905.2917 -4074905.2917 -2716603.5278 -2716603.5278 -4074905.2917 -4074905.2917 1557076.8123     246.1240     111.9155
300000447 200000112 400001785 400001786 400001787 400001788 -5201899.7171 -2600949.8585 -2600949.8585 -4074905.2917 -2716603.5278 -4074905.2917 -4074905.2917 -4074905.2917 -2716603.5278 1557076.8123     242.0320     121.8591
300000448 200000112 400001789 400001790 400001791 400001792 -2716603.5278 -4074905.2917 -4074905.2917 -4074905.2917 -4074905.2917 -2716603.5278 -4074905.2917 -2716603.5278 -4074905.2917 1628720.8215     239.7303     136.6037
300000449 200000113 400001793 400001794 400001795 400001796       0.0000 -6371000.0000       0.0000       0.0000 -6248583.0214 -1242920.4416 1242920.4416 -6248583.0214       0.0000  787459.5150     271.6272      78.9852
300000450 200000113 400001797 400001798 400001799 400001800       0.0000 -5886036.5016 -2438076.1476 1266279.9131 -6114140.2800 -1266279.9131       0.0000 -6248583.0214 -1242920.4416  802260.9823     277.9433      88.8094
300000451 200000113 400001801 400001802 400001803 400001804 2438076.1476 -5886036.5016       0.0000 1242920.4416 -6248583.0214       0.0000 1266279.9131 -6114140.2800 -1266279.9131  802260.9823     222.7899     163.9788
300000452 200000113 400001805 400001806 400001807 400001808       0.0000 -6248583.0214 -1242920.4416 1266279.9131 -6114140.2800 -1266279.9131 1242920.4416 -6248583.0214       0.0000  818294.0298     262.3373      95.5473
300000453 200000114 400001809 400001810 400001811 400001812       0.0000 -4504977.3029 -4504977.3029 1346350.7175 -5024649.2825 -3678298.5650       0.0000 -5297292.9000 -3539537.9546  853044.8645     259.4080     121.0898
300000454 200000114 400001813 400001814 400001815 400001816 2600949.8585 -5201899.7171 -2600949.8585 1330561.6814 -5672228.9398 -2577802.4491 1346350.7175 -5024649.2825 -3678298.5650  856010.4439     276.3476     125.6436
300000455 200000114 400001817 400001818 400001819 400001820       0.0000 -5886036.5016 -2438076.1476       0.0000 -5297292.9000 -3539537.9546 1330561.6814 -5672228.9398 -2577802.4491  843039.4974     277.6248     107.6050
300000456 200000114 400001821 400001822 400001823 400001824 1346350.7175 -5024649.2825 -3678298.5650 1330561.6814 -5672228.9398 -2577802.4491       0.0000 -5297292.9000 -3539537.9546  873164.3145     275.8146     113.8949
300000457 200000115 400001825 400001826 400001827 400001828 4504977.3029 -4504977.3029       0.0000 3539537.9546 -5297292.9000       0.0000 3678298.5650 -5024649.2825 -1346350.7175  853044.8645     217.5306     151.6205
300000458 200000115 400001829 400001830 400001831 400001832 2438076.1476 -5886036.5016       0.0000 2577802.4491 -5672228.9398 -1330561.6814 3539537.9546 -5297292.9000       0.0000  843039.4974     211.4109     150.0171
300000459 200000115 400001833 400001834 400001835 400001836 2600949.8585 -5201899.7171 -2600949.8585 3678298.5650 -5024649.2825 -1346350.7175 2577802.4491 -5672228.9398 -1330561.6814  856010.4439     215.8601     157.7529
300000460 200000115 400001837 400001838 400001839 400001840 3539537.9546 -5297292.9000       0.0000 2577802.4491 -5672228.9398 -1330561.6814 3678298.5650 -5024649.2825 -1346350.7175  873164.3145     205.1367     165.6757
300000461 200000116 400001841 400001842 400001843 400001844       0.0000 -5886036.5016 -2438076.1476 1330561.6814 -5672228.9398 -2577802.4491 1266279.9131 -6114140.2800 -1266279.9131  931256.6789     276.0541     108.9582
300000462 200000116 400001845 400001846 400001847 400001848 2600949.8585 -5201899.7171 -2600949.8585 2577802.4491 -5672228.9398 -1330561.6814 1330561.6814 -5672228.9398 -2577802.4491  917252.3363     240.1570     138.1848
300000463 200000116 400001849 400001850 400001851 400001852 2438076.1476 -5886036.5016       0.0000 1266279.9131 -6114140.2800 -1266279.9131 2577802.4491 -5672228.9398 -1330561.6814  931256.6789     208.5358     168.1115
300000464 200000116 400001853 400001854 400001855 400001856 1330561.6814 -5672228.9398 -2577802.4491 2577802.4491 -5672228.9398 -1330561.6814 1266279.9131 -6114140.2800 -1266279.9131  953298.7094     236.1487     134.3848
300000465 200000117 400001857 400001858 400001859 400001860       0.0000       0.0000 -6371000.0000 1242920.4416       0.0000 -6248583.0214       0.0000 -1242920.4416 -6248583.0214  787459.5150     202.5040     324.0516
300000466 200000117 400001861 400001862 400001863 400001864 2438076.1476       0.0000 -5886036.5016 1266279.9131 -1266279.9131 -6114140.2800 1242920.4416       0.0000 -6248583.0214  802260.9823     206.9473     293.5730
300000467 200000117 400001865 400001866 400001867 400001868       0.0000 -2438076.1476 -5886036.5016       0.0000 -1242920.4416 -6248583.0214 1266279.9131 -1266279.9131 -6114140.2800  802260.9823     209.7751     285.8930
300000468 200000117 400001869 400001870 400001871 400001872 1242920.4416       0.0000 -6248583.0214 1266279.9131 -1266279.9131 -6114140.2800       0.0000 -1242920.4416 -6248583.0214  818294.0298     209.3087     311.2141
300000469 200000118 400001873 400001874 400001875 400001876 4504977.3029       0.0000 -4504977.3029 3678298.5650 -1346350.7175 -5024649.2825 3539537.9546       0.0000 -5297292.9000  853044.8645     216.9408     205.6211
300000470 200000118 400001877 400001878 400001879 400001880 2600949.8585 -2600949.8585 -5201899.7171 2577802.4491 -1330561.6814 -5672228.9398 3678298.5650 -1346350.7175 -5024649.2825  856010.4439     213.6638     214.6374
300000471 200000118 400001881 400001882 400001883 400001884 2438076.1476       0.0000 -5886036.5016 3539537.9546       0.0000 -5297292.9000 2577802.4491 -1330561.6814 -5672228.9398  843039.4974     210.4877     218.0939
300000472 200000118 400001885 400001886 400001887 400001888 3678298.5650 -1346350.7175 -5024649.2825 2577802.4491 -1330561.6814 -5672228.9398 3539537.9546       0.0000 -5297292.9000  873164.3145     211.5196     217.9470
300000473 200000119 400001889 400001890 400001891 400001892       0.0000 -4504977.3029 -4504977.3029       0.0000 -3539537.9546 -5297292.9000 1346350.7175 -3678298.5650 -5024649.2825  853044.8645     223.5875     179.5485
300000474 200000119 400001893 400001894 400001895 400001896       0.0000 -2438076.1476 -5886036.5016 1330561.6814 -2577802.4491 -5672228.9398       0.0000 -3539537.9546 -5297292.9000  843039.4974     216.5403     194.3457
300000475 200000119 400001897 400001898 400001899 400001900 2600949.8585 -2600949.8585 -5201899.7171 1346350.7175 -3678298.5650 -5024649.2825 1330561.6814 -2577802.4491 -5672228.9398  856010.4439     216.3932     183.7630
300000476 200000119 400001901 400001902 400001903 400001904       0.0000 -3539537.9546 -5297292.9000 1330561.6814 -2577802.4491 -5672228.9398 1346350.7175 -3678298.5650 -5024649.2825  873164.3145     217.0162     188.0504
300000477 200000120 400001905 400001906 400001907 400001908 2438076.1476       0.0000 -5886036.5016 2577802.4491 -1330561.6814 -5672228.9398 1266279.9131 -1266279.9131 -6114140.2800  931256.6789     210.5022     242.6726
300000478 200000120 400001909 400001910 400001911 400001912 2600949.8585 -2600949.8585 -5201899.7171 1330561.6814 -2577802.4491 -5672228.9398 2577802.4491 -1330561.6814 -5672228.9398  917252.3363     213.2895     218.5331
300000479 200000120 400001913 400001914 400001915 400001916       0.0000 -2438076.1476 -5886036.5016 1266279.9131 -1266279.9131 -6114140.2800 1330561.6814 -2577802.4491 -5672228.9398  931256.6789     210.2237     258.5648
300000480 200000120 400001917 400001918 400001919 400001920 2577802.4491 -1330561.6814 -5672228.9398 1330561.6814 -2577802.4491 -5672228.9398 1266279.9131 -1266279.9131 -6114140.2800  953298.7094     210.7661     259.9429
300000481 200000121 400001921 400001922 400001923 400001924 6371000.0000       0.0000       0.0000 6248583.0214 -1242920.4416       0.0000 6248583.0214       0.0000 -1242920.4416  787459.5150     269.0190      70.8425
300000482 200000121 400001925 400001926 400001927 400001928 5886036.5016 -2438076.1476       0.0000 6114140.2800 -1266279.9131 -1266279.9131 6248583.0214 -1242920.4416       0.0000  802260.9823     276.6255      69.7258
300000483 200000121 400001929 400001930 400001931 400001932 5886036.5016       0.0000 -2438076.1476 6248583.0214       0.0000 -1242920.4416 6114140.2800 -1266279.9131 -1266279.9131  802260.9823     282.1272      88.1383
300000484 200000121 400001933 400001934 400001935 400001936 6248583.0214 -1242920.4416       0.0000 6114140.2800 -1266279.9131 -1266279.9131 6248583.0214       0.0000 -1242920.4416  818294.0298     279.8145      69.6056
300000485 200000122 400001937 400001938 400001939 400001940 4504977.3029 -4504977.3029       0.0000 5024649.2825 -3678298.5650 -1346350.7175 5297292.9000 -3539537.9546       0.0000  853044.8645     250.9301     100.2450
300000486 200000122 400001941 400001942 400001943 400001944 5201899.7171 -2600949.8585 -2600949.8585 5672228.9398 -2577802.4491 -1330561.6814 5024649.2825 -3678298.5650 -1346350.7175  856010.4439     282.1641      68.9120
300000487 200000122 400001945 400001946 400001947 400001948 5886036.5016 -2438076.1476       0.0000 5297292.9000 -3539537.9546       0.0000 5672228.9398 -2577802.4491 -1330561.6814  843039.4974     269.0778      71.3029
300000488 200000122 400001949 400001950 400001951 400001952 5024649.2825 -3678298.5650 -1346350.7175 5672228.9398 -2577802.4491 -1330561.6814 5297292.9000 -3539537.9546       0.0000  873164.3145     272.4027      69.8273
300000489 200000123 400001953 400001954 400001955 400001956 4504977.3029       0.0000 -4504977.3029 5297292.9000       0.0000 -3539537.9546 5024649.2825 -1346350.7175 -3678298.5650  853044.8645     246.7716     135.9447
300000490 200000123 400001957 400001958 400001959 400001960 5886036.5016       0.0000 -2438076.1476 5672228.9398 -1330561.6814 -2577802.4491 5297292.9000       0.0000 -3539537.9546  843039.4974     282.0154      85.8574
300000491 200000123 400001961 400001962 400001963 400001964 5201899.7171 -2600949.8585 -2600949.8585 5024649.2825 -1346350.7175 -3678298.5650 5672228.9398 -1330561.6814 -2577802.4491  856010.4439     271.9076      83.1289
300000492 200000123 400001965 400001966 400001967 400001968 5297292.9000       0.0000 -3539537.9546 5672228.9398 -1330561.6814 -2577802.4491 5024649.2825 -1346350.7175 -3678298.5650  873164.3145     270.1978      88.5112
300000493 200000124 400001969 400001970 400001971 400001972 5886036.5016 -2438076.1476       0.0000 5672228.9398 -2577802.4491 -1330561.6814 6114140.2800 -1266279.9131 -1266279.9131  931256.6789     281.9143      69.2720
300000494 200000124 400001973 400001974 400001975 400001976 5201899.7171 -2600949.8585 -2600949.8585 5672228.9398 -1330561.6814 -2577802.4491 5672228.9398 -2577802.4491 -1330561.6814  917252.3363     283.9410      72.6016
300000495 200000124 400001977 400001978 400001979 400001980 5886036.5016       0.0000 -2438076.1476 6114140.2800 -1266279.9131 -1266279.9131 5672228.9398 -1330561.6814 -2577802.4491  931256.6789     285.4757      80.9108
300000496 200000124 400001981 400001982 400001983 400001984 5672228.9398 -2577802.4491 -1330561.6814 5672228.9398 -1330561.6814 -2577802.4491 6114140.2800 -1266279.9131 -1266279.9131  953298.7094     285.8205      76.0501
300000497 200000125 400001985 400001986 400001987 400001988       0.0000 -4504977.3029 -4504977.3029 1346350.7175 -3678298.5650 -5024649.2825 1346350.7175 -5024649.2825 -3678298.5650 1318824.6059     242.2648     150.6791
300000498 200000125 400001989 400001990 400001991 400001992 2600949.8585 -2600949.8585 -5201899.7171 2716603.5278 -4074905.2917 -4074905.2917 1346350.7175 -3678298.5650 -5024649.2825 1330535.5610     230.6046     135.3812
300000499 200000125 400001993 400001994 400001995 400001996 2600949.8585 -5201899.7171 -2600949.8585 1346350.7175 -5024649.2825 -3678298.5650 2716603.5278 -4074905.2917 -4074905.2917 1330535.5610     268.0477     119.0142
300000500 200000125 400001997 400001998 400001999 400002000 1346350.7175 -3678298.5650 -5024649.2825 2716603.5278 -4074905.2917 -4074905.2917 1346350.7175 -5024649.2825 -3678298.5650 1378948.6957     256.7092     107.6422
300000501 200000126 400002001 400002002 400002003 400002004 4504977.3029       0.0000 -4504977.3029 5024649.2825 -1346350.7175 -3678298.5650 3678298.5650 -1346350.7175 -5024649.2825 1318824.6059     229.8502     171.2351
300000502 200000126 400002005 400002006 400002007 400002008 5201899.7171 -2600949.8585 -2600949.8585 4074905.2917 -2716603.5278 -4074905.2917 5024649.2825 -1346350.7175 -3678298.5650 1330535.5610     249.9514     119.5173
300000503 200000126 400002009 400002010 400002011 400002012 2600949.8585 -2600949.8585 -5201899.7171 3678298.5650 -1346350.7175 -5024649.2825 4074905.2917 -2716603.5278 -4074905.2917 1330535.5610     224.4862     183.1633
300000504 200000126 400002013 400002014 400002015 400002016 5024649.2825 -1346350.7175 -3678298.5650 4074905.2917 -2716603.5278 -4074905.2917 3678298.5650 -1346350.7175 -5024649.2825 1378948.6957     234.6506     158.7047
300000505 200000127 400002017 400002018 400002019 400002020 4504977.3029 -4504977.3029       0.0000 3678298.5650 -5024649.2825 -1346350.7175 5024649.2825 -3678298.5650 -1346350.7175 1318824.6059     230.0348     138.5064
300000506 200000127 400002021 400002022 400002023 400002024 2600949.8585 -5201899.7171 -2600949.8585 4074905.2917 -4074905.2917 -2716603.5278 3678298.5650 -5024649.2825 -1346350.7175 1330535.5610     228.9649     153.2870
300000507 200000127 400002025 400002026 400002027 400002028 5201899.7171 -2600949.8585 -2600949.8585 5024649.2825 -3678298.5650 -1346350.7175 4074905.2917 -4074905.2917 -2716603.5278 1330535.5610     263.4995      88.6524
300000508 200000127 400002029 400002030 400002031 400002032 3678298.5650 -5024649.2825 -1346350.7175 4074905.2917 -4074905.2917 -2716603.5278 5024649.2825 -3678298.5650 -1346350.7175 1378948.6957     232.7484     143.8621
300000509 200000128 400002033 400002034 400002035 400002036 2600949.8585 -2600949.8585 -5201899.7171 4074905.2917 -2716603.5278 -4074905.2917 2716603.5278 -4074905.2917 -4074905.2917 1557076.8123     238.1838     142.7642
300000510 200000128 400002037 400002038 400002039 400002040 5201899.7171 -2600949.8585 -2600949.8585 4074905.2917 -4074905.2917 -2716603.5278 4074905.2917 -2716603.5278 -4074905.2917 1557076.8123     247.6394     120.5913
300000511 200000128 400002041 400002042 400002043 400002044 2600949.8585 -5201899.7171 -2600949.8585 2716603.5278 -4074905.2917 -4074905.2917 4074905.2917 -4074905.2917 -2716603.5278 1557076.8123     255.6673     132.9667
300000512 200000128 400002045 400002046 400002047 400002048 4074905.2917 -2716603.5278 -4074905.2917 4074905.2917 -4074905.2917 -2716603.5278 2716603.5278 -4074905.2917 -4074905.2917 1628720.8215     252.5612     118.7000
