400000001 300000001                                               0.0000       0.0000 6371000.0000  624467.2010       0.0000 6340321.8936       0.0000  624467.2010 6340321.8936  195921.5441     171.8740       0.0453
400000002 300000001                                         1242920.4416       0.0000 6248583.0214  627459.2093  627459.2093 6308900.9250  624467.2010       0.0000 6340321.8936  196860.2699     178.3176       0.0339
400000003 300000001                                               0.0000 1242920.4416 6248583.0214       0.0000  624467.2010 6340321.8936  627459.2093  627459.2093 6308900.9250  196860.2699     177.0239       0.0339
400000004 300000001                                          624467.2010       0.0000 6340321.8936  627459.2093  627459.2093 6308900.9250       0.0000  624467.2010 6340321.8936  197817.4310     174.5426       0.0393
400000005 300000002                                         2438076.1476       0.0000 5886036.5016 1869698.6039  639129.1082 6056845.8882 1849403.6788       0.0000 6096666.8789  200521.8161     192.1821       0.1854
400000006 300000002                                         1266279.9131 1266279.9131 6114140.2800 1260914.7366  636326.6289 6212473.2151 1869698.6039  639129.1082 6056845.8882  200560.6406     191.5272       0.0557
400000007 300000002                                         1242920.4416       0.0000 6248583.0214 1849403.6788       0.0000 6096666.8789 1260914.7366  636326.6289 6212473.2151  199642.5528     189.2092       0.0413
400000008 300000002                                         1869698.6039  639129.1082 6056845.8882 1260914.7366  636326.6289 6212473.2151 1849403.6788       0.0000 6096666.8789  201535.9727     191.6952       0.0578
400000009 300000003                                               0.0000 2438076.1476 5886036.5016       0.0000 1849403.6788 6096666.8789  639129.1082 1869698.6039 6056845.8882  200521.8161     171.6109       0.1857
400000010 300000003                                               0.0000 1242920.4416 6248583.0214  636326.6289 1260914.7366 6212473.2151       0.0000 1849403.6788 6096666.8789  199642.5528     178.4644       0.0413
400000011 300000003                                         1266279.9131 1266279.9131 6114140.2800  639129.1082 1869698.6039 6056845.8882  636326.6289 1260914.7366 6212473.2151  200560.6406     183.9227       0.0557
400000012 300000003                                               0.0000 1849403.6788 6096666.8789  636326.6289 1260914.7366 6212473.2151  639129.1082 1869698.6039 6056845.8882  201535.9727     178.7847       0.0578
400000013 300000004                                         1242920.4416       0.0000 6248583.0214 1260914.7366  636326.6289 6212473.2151  627459.2093  627459.2093 6308900.9250  204548.8197     184.0330       0.0332
400000014 300000004                                         1266279.9131 1266279.9131 6114140.2800  636326.6289 1260914.7366 6212473.2151 1260914.7366  636326.6289 6212473.2151  203612.8458     189.7785       0.0419
400000015 300000004                                               0.0000 1242920.4416 6248583.0214  627459.2093  627459.2093 6308900.9250  636326.6289 1260914.7366 6212473.2151  204548.8197     181.6919       0.0332
400000016 300000004                                         1260914.7366  636326.6289 6212473.2151  636326.6289 1260914.7366 6212473.2151  627459.2093  627459.2093 6308900.9250  205583.5447     185.5528       0.0338
400000017 300000005                                         4504977.3029       0.0000 4504977.3029 4126944.5164  678984.1624 4805928.6788 4041719.6134       0.0000 4924849.5984  213029.7505     210.6671      48.5796
400000018 300000005                                         3678298.5650 1346350.7175 5024649.2825 3630292.7893  677162.3725 5191537.9595 4126944.5164  678984.1624 4805928.6788  213259.5913     203.0112      39.7549
400000019 300000005                                         3539537.9546       0.0000 5297292.9000 4041719.6134       0.0000 4924849.5984 3630292.7893  677162.3725 5191537.9595  212458.1628     208.9351      30.1617
400000020 300000005                                         4126944.5164  678984.1624 4805928.6788 3630292.7893  677162.3725 5191537.9595 4041719.6134       0.0000 4924849.5984  214297.3599     206.0709      40.1395
400000021 300000006                                         2600949.8585 2600949.8585 5201899.7171 2604139.2443 1976963.3461 5468063.2517 3166715.9053 1990680.8386 5157396.7439  213953.8407     193.4878      28.0449
400000022 300000006                                         2577802.4491 1330561.6814 5672228.9398 3143878.6287 1345228.8674 5375502.5311 2604139.2443 1976963.3461 5468063.2517  213196.7862     192.2518      15.0589
400000023 300000006                                         3678298.5650 1346350.7175 5024649.2825 3166715.9053 1990680.8386 5157396.7439 3143878.6287 1345228.8674 5375502.5311  213817.3983     199.9356      32.7303
400000024 300000006                                         2604139.2443 1976963.3461 5468063.2517 3143878.6287 1345228.8674 5375502.5311 3166715.9053 1990680.8386 5157396.7439  215042.4187     195.3061      24.8581
400000025 300000007                                         2438076.1476       0.0000 5886036.5016 3003268.6103       0.0000 5618720.3752 2522238.0841  669073.8784 5812081.9155  209920.2574     196.3349       2.9874
400000026 300000007                                         3539537.9546       0.0000 5297292.9000 3085738.1156  671168.2896 5533298.6915 3003268.6103       0.0000 5618720.3752  210577.3796     199.8921      16.0773
400000027 300000007                                         2577802.4491 1330561.6814 5672228.9398 2522238.0841  669073.8784 5812081.9155 3085738.1156  671168.2896 5533298.6915  210758.2000     189.9959       6.5824
400000028 300000007                                         3003268.6103       0.0000 5618720.3752 3085738.1156  671168.2896 5533298.6915 2522238.0841  669073.8784 5812081.9155  211783.6604     190.9354       8.1256
400000029 300000008                                         3678298.5650 1346350.7175 5024649.2825 3143878.6287 1345228.8674 5375502.5311 3630292.7893  677162.3725 5191537.9595  217445.2803     203.2243      30.6406
400000030 300000008                                         2577802.4491 1330561.6814 5672228.9398 3085738.1156  671168.2896 5533298.6915 3143878.6287 1345228.8674 5375502.5311  218077.9738     196.1614      13.1261
400000031 300000008                                         3539537.9546       0.0000 5297292.9000 3630292.7893  677162.3725 5191537.9595 3085738.1156  671168.2896 5533298.6915  218265.1507     204.2972      21.7820
400000032 300000008                                         3143878.6287 1345228.8674 5375502.5311 3085738.1156  671168.2896 5533298.6915 3630292.7893  677162.3725 5191537.9595  219375.9096     201.5701      20.8178
400000033 300000009                                               0.0000 4504977.3029 4504977.3029       0.0000 4041719.6134 4924849.5984  678984.1624 4126944.5164 4805928.6788  213029.7505     187.0997      56.2879
400000034 300000009                                               0.0000 3539537.9546 5297292.9000  677162.3725 3630292.7893 5191537.9595       0.0000 4041719.6134 4924849.5984  212458.1628     181.5660      32.2928
400000035 300000009                                         1346350.7175 3678298.5650 5024649.2825  678984.1624 4126944.5164 4805928.6788  677162.3725 3630292.7893 5191537.9595  213259.5913     190.4402      43.1965
400000036 300000009                                               0.0000 4041719.6134 4924849.5984  677162.3725 3630292.7893 5191537.9595  678984.1624 4126944.5164 4805928.6788  214297.3599     185.9291      42.3257
400000037 300000010                                               0.0000 2438076.1476 5886036.5016  669073.8784 2522238.0841 5812081.9155       0.0000 3003268.6103 5618720.3752  209920.2574     171.4485       3.1344
400000038 300000010                                         1330561.6814 2577802.4491 5672228.9398  671168.2896 3085738.1156 5533298.6915  669073.8784 2522238.0841 5812081.9155  210758.2000     176.3497       7.2947
400000039 300000010                                               0.0000 3539537.9546 5297292.9000       0.0000 3003268.6103 5618720.3752  671168.2896 3085738.1156 5533298.6915  210577.3796     176.9410      14.8035
400000040 300000010                                          669073.8784 2522238.0841 5812081.9155  671168.2896 3085738.1156 5533298.6915       0.0000 3003268.6103 5618720.3752  211783.6604     174.3402       7.7338
400000041 300000011                                         2600949.8585 2600949.8585 5201899.7171 1990680.8386 3166715.9053 5157396.7439 1976963.3461 2604139.2443 5468063.2517  213953.8407     189.0755      28.1612
400000042 300000011                                         1346350.7175 3678298.5650 5024649.2825 1345228.8674 3143878.6287 5375502.5311 1990680.8386 3166715.9053 5157396.7439  213817.3983     189.0756      32.2092
400000043 300000011                                         1330561.6814 2577802.4491 5672228.9398 1976963.3461 2604139.2443 5468063.2517 1345228.8674 3143878.6287 5375502.5311  213196.7862     182.1925      13.4882
400000044 300000011                                         1990680.8386 3166715.9053 5157396.7439 1345228.8674 3143878.6287 5375502.5311 1976963.3461 2604139.2443 5468063.2517  215042.4187     186.8249      22.3796
400000045 300000012                                               0.0000 3539537.9546 5297292.9000  671168.2896 3085738.1156 5533298.6915  677162.3725 3630292.7893 5191537.9595  218265.1507     180.6109      21.9284
400000046 300000012                                         1330561.6814 2577802.4491 5672228.9398 1345228.8674 3143878.6287 5375502.5311  671168.2896 3085738.1156 5533298.6915  218077.9738     180.4742      13.4132
400000047 300000012                                         1346350.7175 3678298.5650 5024649.2825  677162.3725 3630292.7893 5191537.9595 1345228.8674 3143878.6287 5375502.5311  217445.2803     187.9330      32.3670
400000048 300000012                                          671168.2896 3085738.1156 5533298.6915 1345228.8674 3143878.6287 5375502.5311  677162.3725 3630292.7893 5191537.9595  219375.9096     183.6149      20.9313
400000049 300000013                                         2438076.1476       0.0000 5886036.5016 2522238.0841  669073.8784 5812081.9155 1869698.6039  639129.1082 6056845.8882  232651.5371     193.6205       0.6004
400000050 300000013                                         2577802.4491 1330561.6814 5672228.9398 1933504.7432 1306164.9224 5928333.1219 2522238.0841  669073.8784 5812081.9155  231845.9895     186.2967       2.0563
400000051 300000013                                         1266279.9131 1266279.9131 6114140.2800 1869698.6039  639129.1082 6056845.8882 1933504.7432 1306164.9224 5928333.1219  232712.3450     190.4570       0.1342
400000052 300000013                                         2522238.0841  669073.8784 5812081.9155 1933504.7432 1306164.9224 5928333.1219 1869698.6039  639129.1082 6056845.8882  234046.8072     184.7730       0.5235
400000053 300000014                                         2600949.8585 2600949.8585 5201899.7171 1976963.3461 2604139.2443 5468063.2517 2604139.2443 1976963.3461 5468063.2517  228300.1373     190.3811      21.8567
400000054 300000014                                         1330561.6814 2577802.4491 5672228.9398 1973179.1775 1973179.1775 5727370.1528 1976963.3461 2604139.2443 5468063.2517  229212.6770     182.7074       8.6966
400000055 300000014                                         2577802.4491 1330561.6814 5672228.9398 2604139.2443 1976963.3461 5468063.2517 1973179.1775 1973179.1775 5727370.1528  229212.6770     188.4960       9.1870
400000056 300000014                                         1976963.3461 2604139.2443 5468063.2517 1973179.1775 1973179.1775 5727370.1528 2604139.2443 1976963.3461 5468063.2517  230526.8451     187.9061      12.1364
400000057 300000015                                               0.0000 2438076.1476 5886036.5016  639129.1082 1869698.6039 6056845.8882  669073.8784 2522238.0841 5812081.9155  232651.5371     173.2579       0.6360
400000058 300000015                                         1266279.9131 1266279.9131 6114140.2800 1306164.9224 1933504.7432 5928333.1219  639129.1082 1869698.6039 6056845.8882  232712.3450     185.8282       0.1342
400000059 300000015                                         1330561.6814 2577802.4491 5672228.9398  669073.8784 2522238.0841 5812081.9155 1306164.9224 1933504.7432 5928333.1219  231845.9895     175.4692       2.3137
400000060 300000015                                          639129.1082 1869698.6039 6056845.8882 1306164.9224 1933504.7432 5928333.1219  669073.8784 2522238.0841 5812081.9155  234046.8072     178.2020       0.5228
400000061 300000016                                         2577802.4491 1330561.6814 5672228.9398 1973179.1775 1973179.1775 5727370.1528 1933504.7432 1306164.9224 5928333.1219  238189.0310     187.1643       2.8435
400000062 300000016                                         1330561.6814 2577802.4491 5672228.9398 1306164.9224 1933504.7432 5928333.1219 1973179.1775 1973179.1775 5727370.1528  238189.0310     180.4617       2.9410
400000063 300000016                                         1266279.9131 1266279.9131 6114140.2800 1933504.7432 1306164.9224 5928333.1219 1306164.9224 1933504.7432 5928333.1219  237302.7613     189.9550       0.2370
400000064 300000016                                         1973179.1775 1973179.1775 5727370.1528 1306164.9224 1933504.7432 5928333.1219 1933504.7432 1306164.9224 5928333.1219  239617.8861     186.3539       1.1641
400000065 300000017                                         6371000.0000       0.0000       0.0000 6340321.8936  624467.2010       0.0000 6340321.8936       0.0000  624467.2010  195921.5441     254.9034      88.7257
400000066 300000017                                         6248583.0214 1242920.4416       0.0000 6308900.9250  627459.2093  627459.2093 6340321.8936  624467.2010       0.0000  196860.2699     241.2431     105.5703
400000067 300000017                                         6248583.0214       0.0000 1242920.4416 6340321.8936       0.0000  624467.2010 6308900.9250  627459.2093  627459.2093  196860.2699     277.3672      72.7478
400000068 300000017                                         6340321.8936  624467.2010       0.0000 6308900.9250  627459.2093  627459.2093 6340321.8936       0.0000  624467.2010  197817.4310     258.2045      80.6345
400000069 300000018                                         5886036.5016 2438076.1476       0.0000 6056845.8882 1869698.6039  639129.1082 6096666.8789 1849403.6788       0.0000  200521.8161     235.6660      99.0919
400000070 300000018                                         6114140.2800 1266279.9131 1266279.9131 6212473.2151 1260914.7366  636326.6289 6056845.8882 1869698.6039  639129.1082  200560.6406     275.4566      69.0454
400000071 300000018                                         6248583.0214 1242920.4416       0.0000 6096666.8789 1849403.6788       0.0000 6212473.2151 1260914.7366  636326.6289  199642.5528     239.9989     112.5144
400000072 300000018                                         6056845.8882 1869698.6039  639129.1082 6212473.2151 1260914.7366  636326.6289 6096666.8789 1849403.6788       0.0000  201535.9727     251.1669      85.8050
400000073 300000019                                         5886036.5016       0.0000 2438076.1476 6096666.8789       0.0000 1849403.6788 6056845.8882  639129.1082 1869698.6039  200521.8161     270.7015     102.5667
400000074 300000019                                         6248583.0214       0.0000 1242920.4416 6212473.2151  636326.6289 1260914.7366 6096666.8789       0.0000 1849403.6788  199642.5528     287.3896      87.2908
400000075 300000019                                         6114140.2800 1266279.9131 1266279.9131 6056845.8882  639129.1082 1869698.6039 6212473.2151  636326.6289 1260914.7366  200560.6406     286.0755      97.3665
400000076 300000019                                         6096666.8789       0.0000 1849403.6788 6212473.2151  636326.6289 1260914.7366 6056845.8882  639129.1082 1869698.6039  201535.9727     284.9249      99.1627
400000077 300000020                                         6248583.0214 1242920.4416       0.0000 6212473.2151 1260914.7366  636326.6289 6308900.9250  627459.2093  627459.2093  204548.8197     250.7124      97.4511
400000078 300000020                                         6114140.2800 1266279.9131 1266279.9131 6212473.2151  636326.6289 1260914.7366 6212473.2151 1260914.7366  636326.6289  203612.8458     283.8758      76.7034
400000079 300000020                                         6248583.0214       0.0000 1242920.4416 6308900.9250  627459.2093  627459.2093 6212473.2151  636326.6289 1260914.7366  204548.8197     284.0644      71.0751
400000080 300000020                                         6212473.2151 1260914.7366  636326.6289 6212473.2151  636326.6289 1260914.7366 6308900.9250  627459.2093  627459.2093  205583.5447     276.3453      75.3031
400000081 300000021                                         4504977.3029 4504977.3029       0.0000 4805928.6788 4126944.5164  678984.1624 4924849.5984 4041719.6134       0.0000  213029.7505     287.1383      87.5854
400000082 300000021                                         5024649.2825 3678298.5650 1346350.7175 5191537.9595 3630292.7893  677162.3725 4805928.6788 4126944.5164  678984.1624  213259.5913     274.2037      78.0651
400000083 300000021                                         5297292.9000 3539537.9546       0.0000 4924849.5984 4041719.6134       0.0000 5191537.9595 3630292.7893  677162.3725  212458.1628     274.2843      94.0340
400000084 300000021                                         4805928.6788 4126944.5164  678984.1624 5191537.9595 3630292.7893  677162.3725 4924849.5984 4041719.6134       0.0000  214297.3599     282.8078      85.8133
400000085 300000022                                         5201899.7171 2600949.8585 2600949.8585 5468063.2517 2604139.2443 1976963.3461 5157396.7439 3166715.9053 1990680.8386  213953.8407     276.6775     106.8253
400000086 300000022                                         5672228.9398 2577802.4491 1330561.6814 5375502.5311 3143878.6287 1345228.8674 5468063.2517 2604139.2443 1976963.3461  213196.7862     292.1832      98.9740
400000087 300000022                                         5024649.2825 3678298.5650 1346350.7175 5157396.7439 3166715.9053 1990680.8386 5375502.5311 3143878.6287 1345228.8674  213817.3983     302.9572      75.1811
400000088 300000022                                         5468063.2517 2604139.2443 1976963.3461 5375502.5311 3143878.6287 1345228.8674 5157396.7439 3166715.9053 1990680.8386  215042.4187     289.7038     104.3614
400000089 300000023                                         5886036.5016 2438076.1476       0.0000 5618720.3752 3003268.6103       0.0000 5812081.9155 2522238.0841  669073.8784  209920.2574     237.0202     105.1320
400000090 300000023                                         5297292.9000 3539537.9546       0.0000 5533298.6915 3085738.1156  671168.2896 5618720.3752 3003268.6103       0.0000  210577.3796     247.0122     103.5984
400000091 300000023                                         5672228.9398 2577802.4491 1330561.6814 5812081.9155 2522238.0841  669073.8784 5533298.6915 3085738.1156  671168.2896  210758.2000     282.0229      66.5603
400000092 300000023                                         5618720.3752 3003268.6103       0.0000 5533298.6915 3085738.1156  671168.2896 5812081.9155 2522238.0841  669073.8784  211783.6604     254.7536      85.7876
400000093 300000024                                         5024649.2825 3678298.5650 1346350.7175 5375502.5311 3143878.6287 1345228.8674 5191537.9595 3630292.7893  677162.3725  217445.2803     290.5358      65.2554
400000094 300000024                                         5672228.9398 2577802.4491 1330561.6814 5533298.6915 3085738.1156  671168.2896 5375502.5311 3143878.6287 1345228.8674  218077.9738     293.6498      74.5119
400000095 300000024                                         5297292.9000 3539537.9546       0.0000 5191537.9595 3630292.7893  677162.3725 5533298.6915 3085738.1156  671168.2896  218265.1507     269.8064      87.5512
400000096 300000024                                         5375502.5311 3143878.6287 1345228.8674 5533298.6915 3085738.1156  671168.2896 5191537.9595 3630292.7893  677162.3725  219375.9096     284.3853      72.4538
400000097 300000025                                         4504977.3029       0.0000 4504977.3029 4924849.5984       0.0000 4041719.6134 4805928.6788  678984.1624 4126944.5164  213029.7505     227.6436      50.6098
400000098 300000025                                         5297292.9000       0.0000 3539537.9546 5191537.9595  677162.3725 3630292.7893 4924849.5984       0.0000 4041719.6134  212458.1628     234.9152      64.5911
400000099 300000025                                         5024649.2825 1346350.7175 3678298.5650 4805928.6788  678984.1624 4126944.5164 5191537.9595  677162.3725 3630292.7893  213259.5913     236.0437      59.2228
400000100 300000025                                         4924849.5984       0.0000 4041719.6134 5191537.9595  677162.3725 3630292.7893 4805928.6788  678984.1624 4126944.5164  214297.3599     234.7970      57.1798
400000101 300000026                                         5886036.5016       0.0000 2438076.1476 5812081.9155  669073.8784 2522238.0841 5618720.3752       0.0000 3003268.6103  209920.2574     261.0357      86.1874
400000102 300000026                                         5672228.9398 1330561.6814 2577802.4491 5533298.6915  671168.2896 3085738.1156 5812081.9155  669073.8784 2522238.0841  210758.2000     255.2699      83.5441
400000103 300000026                                         5297292.9000       0.0000 3539537.9546 5618720.3752       0.0000 3003268.6103 5533298.6915  671168.2896 3085738.1156  210577.3796     246.5973      84.2524
400000104 300000026                                         5812081.9155  669073.8784 2522238.0841 5533298.6915  671168.2896 3085738.1156 5618720.3752       0.0000 3003268.6103  211783.6604     256.6765      78.5273
400000105 300000027                                         5201899.7171 2600949.8585 2600949.8585 5157396.7439 1990680.8386 3166715.9053 5468063.2517 1976963.3461 2604139.2443  213953.8407     256.3189      97.8430
400000106 300000027                                         5024649.2825 1346350.7175 3678298.5650 5375502.5311 1345228.8674 3143878.6287 5157396.7439 1990680.8386 3166715.9053  213817.3983     246.8297      71.2797
400000107 300000027                                         5672228.9398 1330561.6814 2577802.4491 5468063.2517 1976963.3461 2604139.2443 5375502.5311 1345228.8674 3143878.6287  213196.7862     253.6564      93.7866
400000108 300000027                                         5157396.7439 1990680.8386 3166715.9053 5375502.5311 1345228.8674 3143878.6287 5468063.2517 1976963.3461 2604139.2443  215042.4187     252.2987      87.3456
400000109 300000028                                         5297292.9000       0.0000 3539537.9546 5533298.6915  671168.2896 3085738.1156 5191537.9595  677162.3725 3630292.7893  218265.1507     241.6508      81.7809
400000110 300000028                                         5672228.9398 1330561.6814 2577802.4491 5375502.5311 1345228.8674 3143878.6287 5533298.6915  671168.2896 3085738.1156  218077.9738     250.2841      90.6557
400000111 300000028                                         5024649.2825 1346350.7175 3678298.5650 5191537.9595  677162.3725 3630292.7893 5375502.5311 1345228.8674 3143878.6287  217445.2803     242.9080      69.0211
400000112 300000028                                         5533298.6915  671168.2896 3085738.1156 5375502.5311 1345228.8674 3143878.6287 5191537.9595  677162.3725 3630292.7893  219375.9096     244.2231      86.6615
400000113 300000029                                         5886036.5016 2438076.1476       0.0000 5812081.9155 2522238.0841  669073.8784 6056845.8882 1869698.6039  639129.1082  232651.5371     251.2209      83.1666
400000114 300000029                                         5672228.9398 2577802.4491 1330561.6814 5928333.1219 1933504.7432 1306164.9224 5812081.9155 2522238.0841  669073.8784  231845.9895     289.4098      64.4088
400000115 300000029                                         6114140.2800 1266279.9131 1266279.9131 6056845.8882 1869698.6039  639129.1082 5928333.1219 1933504.7432 1306164.9224  232712.3450     286.6434      71.1429
400000116 300000029                                         5812081.9155 2522238.0841  669073.8784 5928333.1219 1933504.7432 1306164.9224 6056845.8882 1869698.6039  639129.1082  234046.8072     277.3189      63.1267
400000117 300000030                                         5201899.7171 2600949.8585 2600949.8585 5468063.2517 1976963.3461 2604139.2443 5468063.2517 2604139.2443 1976963.3461  228300.1373     267.2521     104.6995
400000118 300000030                                         5672228.9398 1330561.6814 2577802.4491 5727370.1528 1973179.1775 1973179.1775 5468063.2517 1976963.3461 2604139.2443  229212.6770     267.5103      83.8414
400000119 300000030                                         5672228.9398 2577802.4491 1330561.6814 5468063.2517 2604139.2443 1976963.3461 5727370.1528 1973179.1775 1973179.1775  229212.6770     286.0249     107.3058
400000120 300000030                                         5468063.2517 1976963.3461 2604139.2443 5727370.1528 1973179.1775 1973179.1775 5468063.2517 2604139.2443 1976963.3461  230526.8451     273.1865     103.6712
400000121 300000031                                         5886036.5016       0.0000 2438076.1476 6056845.8882  639129.1082 1869698.6039 5812081.9155  669073.8784 2522238.0841  232651.5371     264.9278     100.8971
400000122 300000031                                         6114140.2800 1266279.9131 1266279.9131 5928333.1219 1306164.9224 1933504.7432 6056845.8882  639129.1082 1869698.6039  232712.3450     281.2926     112.4238
400000123 300000031                                         5672228.9398 1330561.6814 2577802.4491 5812081.9155  669073.8784 2522238.0841 5928333.1219 1306164.9224 1933504.7432  231845.9895     262.6537     107.0319
400000124 300000031                                         6056845.8882  639129.1082 1869698.6039 5928333.1219 1306164.9224 1933504.7432 5812081.9155  669073.8784 2522238.0841  234046.8072     271.1423     101.1757
400000125 300000032                                         5672228.9398 2577802.4491 1330561.6814 5727370.1528 1973179.1775 1973179.1775 5928333.1219 1933504.7432 1306164.9224  238189.0310     295.6346      97.0460
400000126 300000032                                         5672228.9398 1330561.6814 2577802.4491 5928333.1219 1306164.9224 1933504.7432 5727370.1528 1973179.1775 1973179.1775  238189.0310     272.1914     109.9440
400000127 300000032                                         6114140.2800 1266279.9131 1266279.9131 5928333.1219 1933504.7432 1306164.9224 5928333.1219 1306164.9224 1933504.7432  237302.7613     289.0067     102.1985
400000128 300000032                                         5727370.1528 1973179.1775 1973179.1775 5928333.1219 1306164.9224 1933504.7432 5928333.1219 1933504.7432 1306164.9224  239617.8861     285.0444     117.9065
400000129 300000033                                               0.0000 6371000.0000       0.0000       0.0000 6340321.8936  624467.2010  624467.2010 6340321.8936       0.0000  195921.5441     215.0016     107.7997
400000130 300000033                                               0.0000 6248583.0214 1242920.4416  627459.2093 6308900.9250  627459.2093       0.0000 6340321.8936  624467.2010  196860.2699     220.1749     107.6543
400000131 300000033                                         1242920.4416 6248583.0214       0.0000  624467.2010 6340321.8936       0.0000  627459.2093 6308900.9250  627459.2093  196860.2699     225.7914     100.4467
400000132 300000033                                               0.0000 6340321.8936  624467.2010  627459.2093 6308900.9250  627459.2093  624467.2010 6340321.8936       0.0000  197817.4310     218.6100     106.5375
400000133 300000034                                               0.0000 5886036.5016 2438076.1476  639129.1082 6056845.8882 1869698.6039       0.0000 6096666.8789 1849403.6788  200521.8161     280.6311      60.8762
400000134 300000034                                         1266279.9131 6114140.2800 1266279.9131  636326.6289 6212473.2151 1260914.7366  639129.1082 6056845.8882 1869698.6039  200560.6406     255.0716      84.8779
400000135 300000034                                               0.0000 6248583.0214 1242920.4416       0.0000 6096666.8789 1849403.6788  636326.6289 6212473.2151 1260914.7366  199642.5528     254.0152      79.1094
400000136 300000034                                          639129.1082 6056845.8882 1869698.6039  636326.6289 6212473.2151 1260914.7366       0.0000 6096666.8789 1849403.6788  201535.9727     263.3447      73.5124
400000137 300000035                                         2438076.1476 5886036.5016       0.0000 1849403.6788 6096666.8789       0.0000 1869698.6039 6056845.8882  639129.1082  200521.8161     236.7551      94.7437
400000138 300000035                                         1242920.4416 6248583.0214       0.0000 1260914.7366 6212473.2151  636326.6289 1849403.6788 6096666.8789       0.0000  199642.5528     231.5951      98.9215
400000139 300000035                                         1266279.9131 6114140.2800 1266279.9131 1869698.6039 6056845.8882  639129.1082 1260914.7366 6212473.2151  636326.6289  200560.6406     241.4287      97.8887
400000140 300000035                                         1849403.6788 6096666.8789       0.0000 1260914.7366 6212473.2151  636326.6289 1869698.6039 6056845.8882  639129.1082  201535.9727     233.2020     100.1965
400000141 300000036                                               0.0000 6248583.0214 1242920.4416  636326.6289 6212473.2151 1260914.7366  627459.2093 6308900.9250  627459.2093  204548.8197     228.9463     101.1269
400000142 300000036                                         1266279.9131 6114140.2800 1266279.9131 1260914.7366 6212473.2151  636326.6289  636326.6289 6212473.2151 1260914.7366  203612.8458     236.6226     105.5114
400000143 300000036                                         1242920.4416 6248583.0214       0.0000  627459.2093 6308900.9250  627459.2093 1260914.7366 6212473.2151  636326.6289  204548.8197     226.0928     103.6757
400000144 300000036                                          636326.6289 6212473.2151 1260914.7366 1260914.7366 6212473.2151  636326.6289  627459.2093 6308900.9250  627459.2093  205583.5447     223.0952     113.8798
400000145 300000037                                               0.0000 4504977.3029 4504977.3029  678984.1624 4805928.6788 4126944.5164       0.0000 4924849.5984 4041719.6134  213029.7505     206.7802      53.4003
400000146 300000037                                         1346350.7175 5024649.2825 3678298.5650  677162.3725 5191537.9595 3630292.7893  678984.1624 4805928.6788 4126944.5164  213259.5913     198.0622      64.6285
400000147 300000037                                               0.0000 5297292.9000 3539537.9546       0.0000 4924849.5984 4041719.6134  677162.3725 5191537.9595 3630292.7893  212458.1628     194.0698      63.5081
400000148 300000037                                          678984.1624 4805928.6788 4126944.5164  677162.3725 5191537.9595 3630292.7893       0.0000 4924849.5984 4041719.6134  214297.3599     204.9395      59.3408
400000149 300000038                                         2600949.8585 5201899.7171 2600949.8585 1976963.3461 5468063.2517 2604139.2443 1990680.8386 5157396.7439 3166715.9053  213953.8407     277.8902      59.2420
400000150 300000038                                         1330561.6814 5672228.9398 2577802.4491 1345228.8674 5375502.5311 3143878.6287 1976963.3461 5468063.2517 2604139.2443  213196.7862     277.9227      62.6107
400000151 300000038                                         1346350.7175 5024649.2825 3678298.5650 1990680.8386 5157396.7439 3166715.9053 1345228.8674 5375502.5311 3143878.6287  213817.3983     252.8471      60.6526
400000152 300000038                                         1976963.3461 5468063.2517 2604139.2443 1345228.8674 5375502.5311 3143878.6287 1990680.8386 5157396.7439 3166715.9053  215042.4187     270.5291      65.7112
400000153 300000039                                               0.0000 5886036.5016 2438076.1476       0.0000 5618720.3752 3003268.6103  669073.8784 5812081.9155 2522238.0841  209920.2574     277.7969      65.0018
400000154 300000039                                               0.0000 5297292.9000 3539537.9546  671168.2896 5533298.6915 3085738.1156       0.0000 5618720.3752 3003268.6103  210577.3796     222.6380      59.2922
400000155 300000039                                         1330561.6814 5672228.9398 2577802.4491  669073.8784 5812081.9155 2522238.0841  671168.2896 5533298.6915 3085738.1156  210758.2000     276.2841      63.9690
400000156 300000039                                               0.0000 5618720.3752 3003268.6103  671168.2896 5533298.6915 3085738.1156  669073.8784 5812081.9155 2522238.0841  211783.6604     263.0196      64.1789
400000157 300000040                                         1346350.7175 5024649.2825 3678298.5650 1345228.8674 5375502.5311 3143878.6287  677162.3725 5191537.9595 3630292.7893  217445.2803     208.5883      74.3239
400000158 300000040                                         1330561.6814 5672228.9398 2577802.4491  671168.2896 5533298.6915 3085738.1156 1345228.8674 5375502.5311 3143878.6287  218077.9738     270.5082      62.9559
400000159 300000040                                               0.0000 5297292.9000 3539537.9546  677162.3725 5191537.9595 3630292.7893  671168.2896 5533298.6915 3085738.1156  218265.1507     209.5574      63.0642
400000160 300000040                                         1345228.8674 5375502.5311 3143878.6287  671168.2896 5533298.6915 3085738.1156  677162.3725 5191537.9595 3630292.7893  219375.9096     224.8935      62.9170
400000161 300000041                                         4504977.3029 4504977.3029       0.0000 4041719.6134 4924849.5984       0.0000 4126944.5164 4805928.6788  678984.1624  213029.7505     277.0680      59.9603
400000162 300000041                                         3539537.9546 5297292.9000       0.0000 3630292.7893 5191537.9595  677162.3725 4041719.6134 4924849.5984       0.0000  212458.1628     265.2740      68.7418
400000163 300000041                                         3678298.5650 5024649.2825 1346350.7175 4126944.5164 4805928.6788  678984.1624 3630292.7893 5191537.9595  677162.3725  213259.5913     275.8424      69.1394
400000164 300000041                                         4041719.6134 4924849.5984       0.0000 3630292.7893 5191537.9595  677162.3725 4126944.5164 4805928.6788  678984.1624  214297.3599     268.1619      73.6025
400000165 300000042                                         2438076.1476 5886036.5016       0.0000 2522238.0841 5812081.9155  669073.8784 3003268.6103 5618720.3752       0.0000  209920.2574     247.4466      84.4821
400000166 300000042                                         2577802.4491 5672228.9398 1330561.6814 3085738.1156 5533298.6915  671168.2896 2522238.0841 5812081.9155  669073.8784  210758.2000     253.2563      86.7384
400000167 300000042                                         3539537.9546 5297292.9000       0.0000 3003268.6103 5618720.3752       0.0000 3085738.1156 5533298.6915  671168.2896  210577.3796     257.9592      70.5857
400000168 300000042                                         2522238.0841 5812081.9155  669073.8784 3085738.1156 5533298.6915  671168.2896 3003268.6103 5618720.3752       0.0000  211783.6604     248.0180      85.9040
400000169 300000043                                         2600949.8585 5201899.7171 2600949.8585 3166715.9053 5157396.7439 1990680.8386 2604139.2443 5468063.2517 1976963.3461  213953.8407     292.1728      46.3928
400000170 300000043                                         3678298.5650 5024649.2825 1346350.7175 3143878.6287 5375502.5311 1345228.8674 3166715.9053 5157396.7439 1990680.8386  213817.3983     288.6210      54.0422
400000171 300000043                                         2577802.4491 5672228.9398 1330561.6814 2604139.2443 5468063.2517 1976963.3461 3143878.6287 5375502.5311 1345228.8674  213196.7862     283.7144      59.1179
400000172 300000043                                         3166715.9053 5157396.7439 1990680.8386 3143878.6287 5375502.5311 1345228.8674 2604139.2443 5468063.2517 1976963.3461  215042.4187     288.9838      53.6733
400000173 300000044                                         3539537.9546 5297292.9000       0.0000 3085738.1156 5533298.6915  671168.2896 3630292.7893 5191537.9595  677162.3725  218265.1507     255.1675      81.1911
400000174 300000044                                         2577802.4491 5672228.9398 1330561.6814 3143878.6287 5375502.5311 1345228.8674 3085738.1156 5533298.6915  671168.2896  218077.9738     264.9655      75.7063
400000175 300000044                                         3678298.5650 5024649.2825 1346350.7175 3630292.7893 5191537.9595  677162.3725 3143878.6287 5375502.5311 1345228.8674  217445.2803     274.9717      69.0487
400000176 300000044                                         3085738.1156 5533298.6915  671168.2896 3143878.6287 5375502.5311 1345228.8674 3630292.7893 5191537.9595  677162.3725  219375.9096     257.1259      86.8942
400000177 300000045                                               0.0000 5886036.5016 2438076.1476  669073.8784 5812081.9155 2522238.0841  639129.1082 6056845.8882 1869698.6039  232651.5371     281.9787      62.4666
400000178 300000045                                         1330561.6814 5672228.9398 2577802.4491 1306164.9224 5928333.1219 1933504.7432  669073.8784 5812081.9155 2522238.0841  231845.9895     282.9374      59.2981
400000179 300000045                                         1266279.9131 6114140.2800 1266279.9131  639129.1082 6056845.8882 1869698.6039 1306164.9224 5928333.1219 1933504.7432  232712.3450     273.0572      80.9652
400000180 300000045                                          669073.8784 5812081.9155 2522238.0841 1306164.9224 5928333.1219 1933504.7432  639129.1082 6056845.8882 1869698.6039  234046.8072     281.9385      63.3703
400000181 300000046                                         2600949.8585 5201899.7171 2600949.8585 2604139.2443 5468063.2517 1976963.3461 1976963.3461 5468063.2517 2604139.2443  228300.1373     291.7465      45.9538
400000182 300000046                                         2577802.4491 5672228.9398 1330561.6814 1973179.1775 5727370.1528 1973179.1775 2604139.2443 5468063.2517 1976963.3461  229212.6770     288.6679      53.5040
400000183 300000046                                         1330561.6814 5672228.9398 2577802.4491 1976963.3461 5468063.2517 2604139.2443 1973179.1775 5727370.1528 1973179.1775  229212.6770     289.6096      56.6963
400000184 300000046                                         2604139.2443 5468063.2517 1976963.3461 1973179.1775 5727370.1528 1973179.1775 1976963.3461 5468063.2517 2604139.2443  230526.8451     294.3964      47.4745
400000185 300000047                                         2438076.1476 5886036.5016       0.0000 1869698.6039 6056845.8882  639129.1082 2522238.0841 5812081.9155  669073.8784  232651.5371     240.1020      94.6506
400000186 300000047                                         1266279.9131 6114140.2800 1266279.9131 1933504.7432 5928333.1219 1306164.9224 1869698.6039 6056845.8882  639129.1082  232712.3450     259.2602      78.7034
400000187 300000047                                         2577802.4491 5672228.9398 1330561.6814 2522238.0841 5812081.9155  669073.8784 1933504.7432 5928333.1219 1306164.9224  231845.9895     263.6410      75.7764
400000188 300000047                                         1869698.6039 6056845.8882  639129.1082 1933504.7432 5928333.1219 1306164.9224 2522238.0841 5812081.9155  669073.8784  234046.8072     253.6672      82.2770
400000189 300000048                                         1330561.6814 5672228.9398 2577802.4491 1973179.1775 5727370.1528 1973179.1775 1306164.9224 5928333.1219 1933504.7432  238189.0310     287.3172      58.7605
400000190 300000048                                         2577802.4491 5672228.9398 1330561.6814 1933504.7432 5928333.1219 1306164.9224 1973179.1775 5727370.1528 1973179.1775  238189.0310     282.4095      60.0790
400000191 300000048                                         1266279.9131 6114140.2800 1266279.9131 1306164.9224 5928333.1219 1933504.7432 1933504.7432 5928333.1219 1306164.9224  237302.7613     274.0339      75.3232
400000192 300000048                                         1973179.1775 5727370.1528 1973179.1775 1933504.7432 5928333.1219 1306164.9224 1306164.9224 5928333.1219 1933504.7432  239617.8861     285.7994      58.7282
400000193 300000049                                         4504977.3029       0.0000 4504977.3029 4805928.6788  678984.1624 4126944.5164 4126944.5164  678984.1624 4805928.6788  328324.9483     215.5857      51.2942
400000194 300000049                                         5024649.2825 1346350.7175 3678298.5650 4400885.2099 1361638.6226 4400885.2099 4805928.6788  678984.1624 4126944.5164  329212.3599     229.3907      54.5042
400000195 300000049                                         3678298.5650 1346350.7175 5024649.2825 4126944.5164  678984.1624 4805928.6788 4400885.2099 1361638.6226 4400885.2099  329212.3599     202.2346      49.3768
400000196 300000049                                         4805928.6788  678984.1624 4126944.5164 4400885.2099 1361638.6226 4400885.2099 4126944.5164  678984.1624 4805928.6788  332074.9378     215.8731      51.3371
400000197 300000050                                         5201899.7171 2600949.8585 2600949.8585 4688572.4479 2687534.5848 3374031.3064 5157396.7439 1990680.8386 3166715.9053  331958.1435     253.8733      91.9600
400000198 300000050                                         4074905.2917 2716603.5278 4074905.2917 4591494.5659 2050103.9020 3912146.8074 4688572.4479 2687534.5848 3374031.3064  332135.9111     230.4704      59.6447
400000199 300000050                                         5024649.2825 1346350.7175 3678298.5650 5157396.7439 1990680.8386 3166715.9053 4591494.5659 2050103.9020 3912146.8074  331417.2039     239.8520      62.4290
400000200 300000050                                         4688572.4479 2687534.5848 3374031.3064 4591494.5659 2050103.9020 3912146.8074 5157396.7439 1990680.8386 3166715.9053  335024.3025     245.0575      65.1926
400000201 300000051                                         2600949.8585 2600949.8585 5201899.7171 3166715.9053 1990680.8386 5157396.7439 3374031.3064 2687534.5848 4688572.4479  331958.1435     197.2826      43.2606
400000202 300000051                                         3678298.5650 1346350.7175 5024649.2825 3912146.8074 2050103.9020 4591494.5659 3166715.9053 1990680.8386 5157396.7439  331417.2039     201.0675      45.2076
400000203 300000051                                         4074905.2917 2716603.5278 4074905.2917 3374031.3064 2687534.5848 4688572.4479 3912146.8074 2050103.9020 4591494.5659  332135.9111     210.9195      57.8122
400000204 300000051                                         3166715.9053 1990680.8386 5157396.7439 3912146.8074 2050103.9020 4591494.5659 3374031.3064 2687534.5848 4688572.4479  335024.3025     202.6089      51.3671
400000205 300000052                                         5024649.2825 1346350.7175 3678298.5650 4591494.5659 2050103.9020 3912146.8074 4400885.2099 1361638.6226 4400885.2099  344128.0612     226.7017      57.9200
400000206 300000052                                         4074905.2917 2716603.5278 4074905.2917 3912146.8074 2050103.9020 4591494.5659 4591494.5659 2050103.9020 3912146.8074  343384.2298     213.0101      63.1160
400000207 300000052                                         3678298.5650 1346350.7175 5024649.2825 4400885.2099 1361638.6226 4400885.2099 3912146.8074 2050103.9020 4591494.5659  344128.0612     203.0175      52.2367
400000208 300000052                                         4591494.5659 2050103.9020 3912146.8074 3912146.8074 2050103.9020 4591494.5659 4400885.2099 1361638.6226 4400885.2099  347308.3434     208.6377      61.3449
400000209 300000053                                         4504977.3029 4504977.3029       0.0000 4126944.5164 4805928.6788  678984.1624 4805928.6788 4126944.5164  678984.1624  328324.9483     289.4394      83.9039
400000210 300000053                                         3678298.5650 5024649.2825 1346350.7175 4400885.2099 4400885.2099 1361638.6226 4126944.5164 4805928.6788  678984.1624  329212.3599     290.8320      78.3254
400000211 300000053                                         5024649.2825 3678298.5650 1346350.7175 4805928.6788 4126944.5164  678984.1624 4400885.2099 4400885.2099 1361638.6226  329212.3599     288.8406      70.2378
400000212 300000053                                         4126944.5164 4805928.6788  678984.1624 4400885.2099 4400885.2099 1361638.6226 4805928.6788 4126944.5164  678984.1624  332074.9378     294.1588      83.4398
400000213 300000054                                         2600949.8585 5201899.7171 2600949.8585 3374031.3064 4688572.4479 2687534.5848 3166715.9053 5157396.7439 1990680.8386  331958.1435     289.1851      58.5954
400000214 300000054                                         4074905.2917 4074905.2917 2716603.5278 3912146.8074 4591494.5659 2050103.9020 3374031.3064 4688572.4479 2687534.5848  332135.9111     274.4048      97.9045
400000215 300000054                                         3678298.5650 5024649.2825 1346350.7175 3166715.9053 5157396.7439 1990680.8386 3912146.8074 4591494.5659 2050103.9020  331417.2039     293.9858      67.3669
400000216 300000054                                         3374031.3064 4688572.4479 2687534.5848 3912146.8074 4591494.5659 2050103.9020 3166715.9053 5157396.7439 1990680.8386  335024.3025     286.6950      97.0981
400000217 300000055                                         5201899.7171 2600949.8585 2600949.8585 5157396.7439 3166715.9053 1990680.8386 4688572.4479 3374031.3064 2687534.5848  331958.1435     278.3881      89.9898
400000218 300000055                                         5024649.2825 3678298.5650 1346350.7175 4591494.5659 3912146.8074 2050103.9020 5157396.7439 3166715.9053 1990680.8386  331417.2039     302.9707      71.5169
400000219 300000055                                         4074905.2917 4074905.2917 2716603.5278 4688572.4479 3374031.3064 2687534.5848 4591494.5659 3912146.8074 2050103.9020  332135.9111     279.6297      64.4992
400000220 300000055                                         5157396.7439 3166715.9053 1990680.8386 4591494.5659 3912146.8074 2050103.9020 4688572.4479 3374031.3064 2687534.5848  335024.3025     291.1882      68.3364
400000221 300000056                                         3678298.5650 5024649.2825 1346350.7175 3912146.8074 4591494.5659 2050103.9020 4400885.2099 4400885.2099 1361638.6226  344128.0612     294.9755      67.3835
400000222 300000056                                         4074905.2917 4074905.2917 2716603.5278 4591494.5659 3912146.8074 2050103.9020 3912146.8074 4591494.5659 2050103.9020  343384.2298     278.3186      89.6361
400000223 300000056                                         5024649.2825 3678298.5650 1346350.7175 4400885.2099 4400885.2099 1361638.6226 4591494.5659 3912146.8074 2050103.9020  344128.0612     296.0275      60.1129
400000224 300000056                                         3912146.8074 4591494.5659 2050103.9020 4591494.5659 3912146.8074 2050103.9020 4400885.2099 4400885.2099 1361638.6226  347308.3434     288.3521      83.5735
400000225 300000057                                               0.0000 4504977.3029 4504977.3029  678984.1624 4126944.5164 4805928.6788  678984.1624 4805928.6788 4126944.5164  328324.9483     196.5980      59.4847
400000226 300000057                                         1346350.7175 3678298.5650 5024649.2825 1361638.6226 4400885.2099 4400885.2099  678984.1624 4126944.5164 4805928.6788  329212.3599     195.8302      55.6537
400000227 300000057                                         1346350.7175 5024649.2825 3678298.5650  678984.1624 4805928.6788 4126944.5164 1361638.6226 4400885.2099 4400885.2099  329212.3599     197.7620      64.6853
400000228 300000057                                          678984.1624 4126944.5164 4805928.6788 1361638.6226 4400885.2099 4400885.2099  678984.1624 4805928.6788 4126944.5164  332074.9378     198.7672      61.0905
400000229 300000058                                         2600949.8585 2600949.8585 5201899.7171 2687534.5848 3374031.3064 4688572.4479 1990680.8386 3166715.9053 5157396.7439  331958.1435     195.8488      40.8138
400000230 300000058                                         2716603.5278 4074905.2917 4074905.2917 2050103.9020 3912146.8074 4591494.5659 2687534.5848 3374031.3064 4688572.4479  332135.9111     211.0021      59.7578
400000231 300000058                                         1346350.7175 3678298.5650 5024649.2825 1990680.8386 3166715.9053 5157396.7439 2050103.9020 3912146.8074 4591494.5659  331417.2039     194.3926      47.0416
400000232 300000058                                         2687534.5848 3374031.3064 4688572.4479 2050103.9020 3912146.8074 4591494.5659 1990680.8386 3166715.9053 5157396.7439  335024.3025     199.0046      50.5941
400000233 300000059                                         2600949.8585 5201899.7171 2600949.8585 1990680.8386 5157396.7439 3166715.9053 2687534.5848 4688572.4479 3374031.3064  331958.1435     258.6053      63.6821
400000234 300000059                                         1346350.7175 5024649.2825 3678298.5650 2050103.9020 4591494.5659 3912146.8074 1990680.8386 5157396.7439 3166715.9053  331417.2039     226.9889      67.7030
400000235 300000059                                         2716603.5278 4074905.2917 4074905.2917 2687534.5848 4688572.4479 3374031.3064 2050103.9020 4591494.5659 3912146.8074  332135.9111     226.8437      65.9259
400000236 300000059                                         1990680.8386 5157396.7439 3166715.9053 2050103.9020 4591494.5659 3912146.8074 2687534.5848 4688572.4479 3374031.3064  335024.3025     232.4056      70.2972
400000237 300000060                                         1346350.7175 3678298.5650 5024649.2825 2050103.9020 3912146.8074 4591494.5659 1361638.6226 4400885.2099 4400885.2099  344128.0612     200.5931      55.7891
400000238 300000060                                         2716603.5278 4074905.2917 4074905.2917 2050103.9020 4591494.5659 3912146.8074 2050103.9020 3912146.8074 4591494.5659  343384.2298     218.2039      61.3907
400000239 300000060                                         1346350.7175 5024649.2825 3678298.5650 1361638.6226 4400885.2099 4400885.2099 2050103.9020 4591494.5659 3912146.8074  344128.0612     196.2544      79.4079
400000240 300000060                                         2050103.9020 3912146.8074 4591494.5659 2050103.9020 4591494.5659 3912146.8074 1361638.6226 4400885.2099 4400885.2099  347308.3434     210.5137      61.5806
400000241 300000061                                         5201899.7171 2600949.8585 2600949.8585 4688572.4479 3374031.3064 2687534.5848 4688572.4479 2687534.5848 3374031.3064  387995.8446     262.1237      82.9501
400000242 300000061                                         4074905.2917 4074905.2917 2716603.5278 4122015.5885 3435012.9904 3435012.9904 4688572.4479 3374031.3064 2687534.5848  388281.7658     257.8134      76.0025
400000243 300000061                                         4074905.2917 2716603.5278 4074905.2917 4688572.4479 2687534.5848 3374031.3064 4122015.5885 3435012.9904 3435012.9904  388281.7658     238.1467      61.4754
400000244 300000061                                         4688572.4479 3374031.3064 2687534.5848 4122015.5885 3435012.9904 3435012.9904 4688572.4479 2687534.5848 3374031.3064  392517.4362     256.7576      64.9934
400000245 300000062                                         2600949.8585 5201899.7171 2600949.8585 2687534.5848 4688572.4479 3374031.3064 3374031.3064 4688572.4479 2687534.5848  387995.8446     269.5095      56.5422
400000246 300000062                                         2716603.5278 4074905.2917 4074905.2917 3435012.9904 4122015.5885 3435012.9904 2687534.5848 4688572.4479 3374031.3064  388281.7658     232.3964      61.1319
400000247 300000062                                         4074905.2917 4074905.2917 2716603.5278 3374031.3064 4688572.4479 2687534.5848 3435012.9904 4122015.5885 3435012.9904  388281.7658     262.4226      73.5704
400000248 300000062                                         2687534.5848 4688572.4479 3374031.3064 3435012.9904 4122015.5885 3435012.9904 3374031.3064 4688572.4479 2687534.5848  392517.4362     247.8861      64.9936
400000249 300000063                                         2600949.8585 2600949.8585 5201899.7171 3374031.3064 2687534.5848 4688572.4479 2687534.5848 3374031.3064 4688572.4479  387995.8446     200.2817      49.2487
400000250 300000063                                         4074905.2917 2716603.5278 4074905.2917 3435012.9904 3435012.9904 4122015.5885 3374031.3064 2687534.5848 4688572.4479  388281.7658     208.8680      60.1708
400000251 300000063                                         2716603.5278 4074905.2917 4074905.2917 2687534.5848 3374031.3064 4688572.4479 3435012.9904 3435012.9904 4122015.5885  388281.7658     217.9759      61.6398
400000252 300000063                                         3374031.3064 2687534.5848 4688572.4479 3435012.9904 3435012.9904 4122015.5885 2687534.5848 3374031.3064 4688572.4479  392517.4362     207.0937      61.9109
400000253 300000064                                         4074905.2917 4074905.2917 2716603.5278 3435012.9904 4122015.5885 3435012.9904 4122015.5885 3435012.9904 3435012.9904  405996.4825     250.2124      80.3366
400000254 300000064                                         2716603.5278 4074905.2917 4074905.2917 3435012.9904 3435012.9904 4122015.5885 3435012.9904 4122015.5885 3435012.9904  405996.4825     224.7660      65.8995
400000255 300000064                                         4074905.2917 2716603.5278 4074905.2917 4122015.5885 3435012.9904 3435012.9904 3435012.9904 3435012.9904 4122015.5885  405996.4825     219.6125      72.5783
400000256 300000064                                         3435012.9904 4122015.5885 3435012.9904 3435012.9904 3435012.9904 4122015.5885 4122015.5885 3435012.9904 3435012.9904  410731.3740     230.3611      70.9878
400000257 300000065                                               0.0000       0.0000 6371000.0000       0.0000  624467.2010 6340321.8936 -624467.2010       0.0000 6340321.8936  195921.5441     171.3364       0.0453
400000258 300000065                                               0.0000 1242920.4416 6248583.0214 -627459.2093  627459.2093 6308900.9250       0.0000  624467.2010 6340321.8936  196860.2699     173.5244       0.0339
400000259 300000065                                         -1242920.4416       0.0000 6248583.0214 -624467.2010       0.0000 6340321.8936 -627459.2093  627459.2093 6308900.9250  196860.2699     173.6069       0.0339
400000260 300000065                                               0.0000  624467.2010 6340321.8936 -627459.2093  627459.2093 6308900.9250 -624467.2010       0.0000 6340321.8936  197817.4310     172.4587       0.0393
400000261 300000066                                               0.0000 2438076.1476 5886036.5016 -639129.1082 1869698.6039 6056845.8882       0.0000 1849403.6788 6096666.8789  200521.8161     167.2597       0.1857
400000262 300000066                                         -1266279.9131 1266279.9131 6114140.2800 -636326.6289 1260914.7366 6212473.2151 -639129.1082 1869698.6039 6056845.8882  200560.6406     174.0908       0.0557
400000263 300000066                                               0.0000 1242920.4416 6248583.0214       0.0000 1849403.6788 6096666.8789 -636326.6289 1260914.7366 6212473.2151  199642.5528     173.1143       0.0413
400000264 300000066                                         -639129.1082 1869698.6039 6056845.8882 -636326.6289 1260914.7366 6212473.2151       0.0000 1849403.6788 6096666.8789  201535.9727     169.6400       0.0578
400000265 300000067                                         -2438076.1476       0.0000 5886036.5016 -1849403.6788       0.0000 6096666.8789 -1869698.6039  639129.1082 6056845.8882  200521.8161     181.8945       0.1856
400000266 300000067                                         -1242920.4416       0.0000 6248583.0214 -1260914.7366  636326.6289 6212473.2151 -1849403.6788       0.0000 6096666.8789  199642.5528     178.1788       0.0413
400000267 300000067                                         -1266279.9131 1266279.9131 6114140.2800 -1869698.6039  639129.1082 6056845.8882 -1260914.7366  636326.6289 6212473.2151  200560.6406     177.1848       0.0557
400000268 300000067                                         -1849403.6788       0.0000 6096666.8789 -1260914.7366  636326.6289 6212473.2151 -1869698.6039  639129.1082 6056845.8882  201535.9727     179.1773       0.0578
400000269 300000068                                               0.0000 1242920.4416 6248583.0214 -636326.6289 1260914.7366 6212473.2151 -627459.2093  627459.2093 6308900.9250  204548.8197     174.0240       0.0332
400000270 300000068                                         -1266279.9131 1266279.9131 6114140.2800 -1260914.7366  636326.6289 6212473.2151 -636326.6289 1260914.7366 6212473.2151  203612.8458     175.9496       0.0419
400000271 300000068                                         -1242920.4416       0.0000 6248583.0214 -627459.2093  627459.2093 6308900.9250 -1260914.7366  636326.6289 6212473.2151  204548.8197     175.7754       0.0332
400000272 300000068                                         -636326.6289 1260914.7366 6212473.2151 -1260914.7366  636326.6289 6212473.2151 -627459.2093  627459.2093 6308900.9250  205583.5447     175.1490       0.0338
400000273 300000069                                               0.0000 4504977.3029 4504977.3029 -678984.1624 4126944.5164 4805928.6788       0.0000 4041719.6134 4924849.5984  213029.7505     183.9351      50.8444
400000274 300000069                                         -1346350.7175 3678298.5650 5024649.2825 -677162.3725 3630292.7893 5191537.9595 -678984.1624 4126944.5164 4805928.6788  213259.5913     181.7751      33.0939
400000275 300000069                                               0.0000 3539537.9546 5297292.9000       0.0000 4041719.6134 4924849.5984 -677162.3725 3630292.7893 5191537.9595  212458.1628     176.9055      30.4027
400000276 300000069                                         -678984.1624 4126944.5164 4805928.6788 -677162.3725 3630292.7893 5191537.9595       0.0000 4041719.6134 4924849.5984  214297.3599     176.8197      39.7688
400000277 300000070                                         -2600949.8585 2600949.8585 5201899.7171 -1976963.3461 2604139.2443 5468063.2517 -1990680.8386 3166715.9053 5157396.7439  213953.8407     171.3551      23.9661
400000278 300000070                                         -1330561.6814 2577802.4491 5672228.9398 -1345228.8674 3143878.6287 5375502.5311 -1976963.3461 2604139.2443 5468063.2517  213196.7862     170.7017      12.6345
400000279 300000070                                         -1346350.7175 3678298.5650 5024649.2825 -1990680.8386 3166715.9053 5157396.7439 -1345228.8674 3143878.6287 5375502.5311  213817.3983     174.0140      25.4323
400000280 300000070                                         -1976963.3461 2604139.2443 5468063.2517 -1345228.8674 3143878.6287 5375502.5311 -1990680.8386 3166715.9053 5157396.7439  215042.4187     170.6306      22.1280
400000281 300000071                                               0.0000 2438076.1476 5886036.5016       0.0000 3003268.6103 5618720.3752 -669073.8784 2522238.0841 5812081.9155  209920.2574     168.0997       3.0906
400000282 300000071                                               0.0000 3539537.9546 5297292.9000 -671168.2896 3085738.1156 5533298.6915       0.0000 3003268.6103 5618720.3752  210577.3796     174.5644      13.5960
400000283 300000071                                         -1330561.6814 2577802.4491 5672228.9398 -669073.8784 2522238.0841 5812081.9155 -671168.2896 3085738.1156 5533298.6915  210758.2000     168.5932       6.1330
400000284 300000071                                               0.0000 3003268.6103 5618720.3752 -671168.2896 3085738.1156 5533298.6915 -669073.8784 2522238.0841 5812081.9155  211783.6604     169.4255       6.8868
400000285 300000072                                         -1346350.7175 3678298.5650 5024649.2825 -1345228.8674 3143878.6287 5375502.5311 -677162.3725 3630292.7893 5191537.9595  217445.2803     178.0223      26.3426
400000286 300000072                                         -1330561.6814 2577802.4491 5672228.9398 -671168.2896 3085738.1156 5533298.6915 -1345228.8674 3143878.6287 5375502.5311  218077.9738     171.8221      11.3195
400000287 300000072                                               0.0000 3539537.9546 5297292.9000 -677162.3725 3630292.7893 5191537.9595 -671168.2896 3085738.1156 5533298.6915  218265.1507     176.0585      19.4118
400000288 300000072                                         -1345228.8674 3143878.6287 5375502.5311 -671168.2896 3085738.1156 5533298.6915 -677162.3725 3630292.7893 5191537.9595  219375.9096     174.8161      17.7202
400000289 300000073                                         -4504977.3029       0.0000 4504977.3029 -4041719.6134       0.0000 4924849.5984 -4126944.5164  678984.1624 4805928.6788  213029.7505     209.1829      45.7520
400000290 300000073                                         -3539537.9546       0.0000 5297292.9000 -3630292.7893  677162.3725 5191537.9595 -4041719.6134       0.0000 4924849.5984  212458.1628     206.1788      30.7098
400000291 300000073                                         -3678298.5650 1346350.7175 5024649.2825 -4126944.5164  678984.1624 4805928.6788 -3630292.7893  677162.3725 5191537.9595  213259.5913     204.9934      35.5604
400000292 300000073                                         -4041719.6134       0.0000 4924849.5984 -3630292.7893  677162.3725 5191537.9595 -4126944.5164  678984.1624 4805928.6788  214297.3599     207.3768      37.1488
400000293 300000074                                         -2438076.1476       0.0000 5886036.5016 -2522238.0841  669073.8784 5812081.9155 -3003268.6103       0.0000 5618720.3752  209920.2574     180.6441       3.4476
400000294 300000074                                         -2577802.4491 1330561.6814 5672228.9398 -3085738.1156  671168.2896 5533298.6915 -2522238.0841  669073.8784 5812081.9155  210758.2000     175.6957       7.9416
400000295 300000074                                         -3539537.9546       0.0000 5297292.9000 -3003268.6103       0.0000 5618720.3752 -3085738.1156  671168.2896 5533298.6915  210577.3796     198.9060      15.9548
400000296 300000074                                         -2522238.0841  669073.8784 5812081.9155 -3085738.1156  671168.2896 5533298.6915 -3003268.6103       0.0000 5618720.3752  211783.6604     182.3723       8.6248
400000297 300000075                                         -2600949.8585 2600949.8585 5201899.7171 -3166715.9053 1990680.8386 5157396.7439 -2604139.2443 1976963.3461 5468063.2517  213953.8407     193.4217      24.3998
400000298 300000075                                         -3678298.5650 1346350.7175 5024649.2825 -3143878.6287 1345228.8674 5375502.5311 -3166715.9053 1990680.8386 5157396.7439  213817.3983     194.6894      29.6783
400000299 300000075                                         -2577802.4491 1330561.6814 5672228.9398 -2604139.2443 1976963.3461 5468063.2517 -3143878.6287 1345228.8674 5375502.5311  213196.7862     183.4545      14.7734
400000300 300000075                                         -3166715.9053 1990680.8386 5157396.7439 -3143878.6287 1345228.8674 5375502.5311 -2604139.2443 1976963.3461 5468063.2517  215042.4187     195.2725      22.5905
400000301 300000076                                         -3539537.9546       0.0000 5297292.9000 -3085738.1156  671168.2896 5533298.6915 -3630292.7893  677162.3725 5191537.9595  218265.1507     200.8857      22.4040
400000302 300000076                                         -2577802.4491 1330561.6814 5672228.9398 -3143878.6287 1345228.8674 5375502.5311 -3085738.1156  671168.2896 5533298.6915  218077.9738     186.4513      13.8122
400000303 300000076                                         -3678298.5650 1346350.7175 5024649.2825 -3630292.7893  677162.3725 5191537.9595 -3143878.6287 1345228.8674 5375502.5311  217445.2803     196.9039      28.3793
400000304 300000076                                         -3085738.1156  671168.2896 5533298.6915 -3143878.6287 1345228.8674 5375502.5311 -3630292.7893  677162.3725 5191537.9595  219375.9096     195.1028      21.4107
400000305 300000077                                               0.0000 2438076.1476 5886036.5016 -669073.8784 2522238.0841 5812081.9155 -639129.1082 1869698.6039 6056845.8882  232651.5371     166.2593       0.6383
400000306 300000077                                         -1330561.6814 2577802.4491 5672228.9398 -1306164.9224 1933504.7432 5928333.1219 -669073.8784 2522238.0841 5812081.9155  231845.9895     166.3838       2.2219
400000307 300000077                                         -1266279.9131 1266279.9131 6114140.2800 -639129.1082 1869698.6039 6056845.8882 -1306164.9224 1933504.7432 5928333.1219  232712.3450     167.8045       0.1342
400000308 300000077                                         -669073.8784 2522238.0841 5812081.9155 -1306164.9224 1933504.7432 5928333.1219 -639129.1082 1869698.6039 6056845.8882  234046.8072     166.1286       0.5340
400000309 300000078                                         -2600949.8585 2600949.8585 5201899.7171 -2604139.2443 1976963.3461 5468063.2517 -1976963.3461 2604139.2443 5468063.2517  228300.1373     172.5158      19.0945
400000310 300000078                                         -2577802.4491 1330561.6814 5672228.9398 -1973179.1775 1973179.1775 5727370.1528 -2604139.2443 1976963.3461 5468063.2517  229212.6770     169.9544       9.9693
400000311 300000078                                         -1330561.6814 2577802.4491 5672228.9398 -1976963.3461 2604139.2443 5468063.2517 -1973179.1775 1973179.1775 5727370.1528  229212.6770     167.0266       7.8109
400000312 300000078                                         -2604139.2443 1976963.3461 5468063.2517 -1973179.1775 1973179.1775 5727370.1528 -1976963.3461 2604139.2443 5468063.2517  230526.8451     167.6536      10.9960
400000313 300000079                                         -2438076.1476       0.0000 5886036.5016 -1869698.6039  639129.1082 6056845.8882 -2522238.0841  669073.8784 5812081.9155  232651.5371     176.3342       0.6378
400000314 300000079                                         -1266279.9131 1266279.9131 6114140.2800 -1933504.7432 1306164.9224 5928333.1219 -1869698.6039  639129.1082 6056845.8882  232712.3450     172.8808       0.1342
400000315 300000079                                         -2577802.4491 1330561.6814 5672228.9398 -2522238.0841  669073.8784 5812081.9155 -1933504.7432 1306164.9224 5928333.1219  231845.9895     170.2911       2.4965
400000316 300000079                                         -1869698.6039  639129.1082 6056845.8882 -1933504.7432 1306164.9224 5928333.1219 -2522238.0841  669073.8784 5812081.9155  234046.8072     172.4018       0.5349
400000317 300000080                                         -1330561.6814 2577802.4491 5672228.9398 -1973179.1775 1973179.1775 5727370.1528 -1306164.9224 1933504.7432 5928333.1219  238189.0310     166.6013       2.9793
400000318 300000080                                         -2577802.4491 1330561.6814 5672228.9398 -1933504.7432 1306164.9224 5928333.1219 -1973179.1775 1973179.1775 5727370.1528  238189.0310     167.1485       3.3673
400000319 300000080                                         -1266279.9131 1266279.9131 6114140.2800 -1306164.9224 1933504.7432 5928333.1219 -1933504.7432 1306164.9224 5928333.1219  237302.7613     168.4214       0.2370
400000320 300000080                                         -1973179.1775 1973179.1775 5727370.1528 -1933504.7432 1306164.9224 5928333.1219 -1306164.9224 1933504.7432 5928333.1219  239617.8861     165.3328       1.2825
400000321 300000081                                               0.0000 6371000.0000       0.0000 -624467.2010 6340321.8936       0.0000       0.0000 6340321.8936  624467.2010  195921.5441     206.5052     118.8293
400000322 300000081                                         -1242920.4416 6248583.0214       0.0000 -627459.2093 6308900.9250  627459.2093 -624467.2010 6340321.8936       0.0000  196860.2699     195.2232     128.0329
400000323 300000081                                               0.0000 6248583.0214 1242920.4416       0.0000 6340321.8936  624467.2010 -627459.2093 6308900.9250  627459.2093  196860.2699     220.9055     106.3377
400000324 300000081                                         -624467.2010 6340321.8936       0.0000 -627459.2093 6308900.9250  627459.2093       0.0000 6340321.8936  624467.2010  197817.4310     205.2299     115.2589
400000325 300000082                                         -2438076.1476 5886036.5016       0.0000 -1869698.6039 6056845.8882  639129.1082 -1849403.6788 6096666.8789       0.0000  200521.8161     193.2541     136.5954
400000326 300000082                                         -1266279.9131 6114140.2800 1266279.9131 -1260914.7366 6212473.2151  636326.6289 -1869698.6039 6056845.8882  639129.1082  200560.6406     225.4639     103.0988
400000327 300000082                                         -1242920.4416 6248583.0214       0.0000 -1849403.6788 6096666.8789       0.0000 -1260914.7366 6212473.2151  636326.6289  199642.5528     197.0205     144.6179
400000328 300000082                                         -1869698.6039 6056845.8882  639129.1082 -1260914.7366 6212473.2151  636326.6289 -1849403.6788 6096666.8789       0.0000  201535.9727     203.7364     132.7253
400000329 300000083                                               0.0000 5886036.5016 2438076.1476       0.0000 6096666.8789 1849403.6788 -639129.1082 6056845.8882 1869698.6039  200521.8161     282.7692      55.2715
400000330 300000083                                               0.0000 6248583.0214 1242920.4416 -636326.6289 6212473.2151 1260914.7366       0.0000 6096666.8789 1849403.6788  199642.5528     262.1351      68.5748
400000331 300000083                                         -1266279.9131 6114140.2800 1266279.9131 -639129.1082 6056845.8882 1869698.6039 -636326.6289 6212473.2151 1260914.7366  200560.6406     269.3093      61.0983
400000332 300000083                                               0.0000 6096666.8789 1849403.6788 -636326.6289 6212473.2151 1260914.7366 -639129.1082 6056845.8882 1869698.6039  201535.9727     275.0941      57.5327
400000333 300000084                                         -1242920.4416 6248583.0214       0.0000 -1260914.7366 6212473.2151  636326.6289 -627459.2093 6308900.9250  627459.2093  204548.8197     197.7445     135.9890
400000334 300000084                                         -1266279.9131 6114140.2800 1266279.9131 -636326.6289 6212473.2151 1260914.7366 -1260914.7366 6212473.2151  636326.6289  203612.8458     238.7889      97.8572
400000335 300000084                                               0.0000 6248583.0214 1242920.4416 -627459.2093 6308900.9250  627459.2093 -636326.6289 6212473.2151 1260914.7366  204548.8197     237.2351      89.5912
400000336 300000084                                         -1260914.7366 6212473.2151  636326.6289 -636326.6289 6212473.2151 1260914.7366 -627459.2093 6308900.9250  627459.2093  205583.5447     225.6315      98.4455
400000337 300000085                                         -4504977.3029 4504977.3029       0.0000 -4126944.5164 4805928.6788  678984.1624 -4041719.6134 4924849.5984       0.0000  213029.7505     225.1794      98.2150
400000338 300000085                                         -3678298.5650 5024649.2825 1346350.7175 -3630292.7893 5191537.9595  677162.3725 -4126944.5164 4805928.6788  678984.1624  213259.5913     224.9261     101.6967
400000339 300000085                                         -3539537.9546 5297292.9000       0.0000 -4041719.6134 4924849.5984       0.0000 -3630292.7893 5191537.9595  677162.3725  212458.1628     224.7382      95.5996
400000340 300000085                                         -4126944.5164 4805928.6788  678984.1624 -3630292.7893 5191537.9595  677162.3725 -4041719.6134 4924849.5984       0.0000  214297.3599     227.0487      95.7294
400000341 300000086                                         -2600949.8585 5201899.7171 2600949.8585 -2604139.2443 5468063.2517 1976963.3461 -3166715.9053 5157396.7439 1990680.8386  213953.8407     268.0521      98.9746
400000342 300000086                                         -2577802.4491 5672228.9398 1330561.6814 -3143878.6287 5375502.5311 1345228.8674 -2604139.2443 5468063.2517 1976963.3461  213196.7862     247.7141      84.2314
400000343 300000086                                         -3678298.5650 5024649.2825 1346350.7175 -3166715.9053 5157396.7439 1990680.8386 -3143878.6287 5375502.5311 1345228.8674  213817.3983     238.6304     105.8355
400000344 300000086                                         -2604139.2443 5468063.2517 1976963.3461 -3143878.6287 5375502.5311 1345228.8674 -3166715.9053 5157396.7439 1990680.8386  215042.4187     259.2383      74.3124
400000345 300000087                                         -2438076.1476 5886036.5016       0.0000 -3003268.6103 5618720.3752       0.0000 -2522238.0841 5812081.9155  669073.8784  209920.2574     201.3537     128.3903
400000346 300000087                                         -3539537.9546 5297292.9000       0.0000 -3085738.1156 5533298.6915  671168.2896 -3003268.6103 5618720.3752       0.0000  210577.3796     221.0655     107.7946
400000347 300000087                                         -2577802.4491 5672228.9398 1330561.6814 -2522238.0841 5812081.9155  669073.8784 -3085738.1156 5533298.6915  671168.2896  210758.2000     215.7905     109.2876
400000348 300000087                                         -3003268.6103 5618720.3752       0.0000 -3085738.1156 5533298.6915  671168.2896 -2522238.0841 5812081.9155  669073.8784  211783.6604     216.4138     118.1765
400000349 300000088                                         -3678298.5650 5024649.2825 1346350.7175 -3143878.6287 5375502.5311 1345228.8674 -3630292.7893 5191537.9595  677162.3725  217445.2803     227.0828     101.0979
400000350 300000088                                         -2577802.4491 5672228.9398 1330561.6814 -3085738.1156 5533298.6915  671168.2896 -3143878.6287 5375502.5311 1345228.8674  218077.9738     229.9596      92.2226
400000351 300000088                                         -3539537.9546 5297292.9000       0.0000 -3630292.7893 5191537.9595  677162.3725 -3085738.1156 5533298.6915  671168.2896  218265.1507     225.1220      95.6817
400000352 300000088                                         -3143878.6287 5375502.5311 1345228.8674 -3085738.1156 5533298.6915  671168.2896 -3630292.7893 5191537.9595  677162.3725  219375.9096     232.0793      81.4649
400000353 300000089                                               0.0000 4504977.3029 4504977.3029       0.0000 4924849.5984 4041719.6134 -678984.1624 4805928.6788 4126944.5164  213029.7505     207.5075      50.7714
400000354 300000089                                               0.0000 5297292.9000 3539537.9546 -677162.3725 5191537.9595 3630292.7893       0.0000 4924849.5984 4041719.6134  212458.1628     197.8836      63.2280
400000355 300000089                                         -1346350.7175 5024649.2825 3678298.5650 -678984.1624 4805928.6788 4126944.5164 -677162.3725 5191537.9595 3630292.7893  213259.5913     205.3753      54.8425
400000356 300000089                                               0.0000 4924849.5984 4041719.6134 -677162.3725 5191537.9595 3630292.7893 -678984.1624 4805928.6788 4126944.5164  214297.3599     201.5496      60.5057
400000357 300000090                                               0.0000 5886036.5016 2438076.1476 -669073.8784 5812081.9155 2522238.0841       0.0000 5618720.3752 3003268.6103  209920.2574     274.8369      62.8980
400000358 300000090                                         -1330561.6814 5672228.9398 2577802.4491 -671168.2896 5533298.6915 3085738.1156 -669073.8784 5812081.9155 2522238.0841  210758.2000     258.9077      67.7553
400000359 300000090                                               0.0000 5297292.9000 3539537.9546       0.0000 5618720.3752 3003268.6103 -671168.2896 5533298.6915 3085738.1156  210577.3796     220.4684      62.8578
400000360 300000090                                         -669073.8784 5812081.9155 2522238.0841 -671168.2896 5533298.6915 3085738.1156       0.0000 5618720.3752 3003268.6103  211783.6604     257.8945      65.5856
400000361 300000091                                         -2600949.8585 5201899.7171 2600949.8585 -1990680.8386 5157396.7439 3166715.9053 -1976963.3461 5468063.2517 2604139.2443  213953.8407     248.5490      99.6938
400000362 300000091                                         -1346350.7175 5024649.2825 3678298.5650 -1345228.8674 5375502.5311 3143878.6287 -1990680.8386 5157396.7439 3166715.9053  213817.3983     226.8710      98.7445
400000363 300000091                                         -1330561.6814 5672228.9398 2577802.4491 -1976963.3461 5468063.2517 2604139.2443 -1345228.8674 5375502.5311 3143878.6287  213196.7862     248.7512     120.1241
400000364 300000091                                         -1990680.8386 5157396.7439 3166715.9053 -1345228.8674 5375502.5311 3143878.6287 -1976963.3461 5468063.2517 2604139.2443  215042.4187     238.6919     119.2711
400000365 300000092                                               0.0000 5297292.9000 3539537.9546 -671168.2896 5533298.6915 3085738.1156 -677162.3725 5191537.9595 3630292.7893  218265.1507     205.4029      68.5098
400000366 300000092                                         -1330561.6814 5672228.9398 2577802.4491 -1345228.8674 5375502.5311 3143878.6287 -671168.2896 5533298.6915 3085738.1156  218077.9738     245.5945      71.1914
400000367 300000092                                         -1346350.7175 5024649.2825 3678298.5650 -677162.3725 5191537.9595 3630292.7893 -1345228.8674 5375502.5311 3143878.6287  217445.2803     211.9307      61.5764
400000368 300000092                                         -671168.2896 5533298.6915 3085738.1156 -1345228.8674 5375502.5311 3143878.6287 -677162.3725 5191537.9595 3630292.7893  219375.9096     218.6040      60.1348
400000369 300000093                                         -2438076.1476 5886036.5016       0.0000 -2522238.0841 5812081.9155  669073.8784 -1869698.6039 6056845.8882  639129.1082  232651.5371     195.1661     134.7627
400000370 300000093                                         -2577802.4491 5672228.9398 1330561.6814 -1933504.7432 5928333.1219 1306164.9224 -2522238.0841 5812081.9155  669073.8784  231845.9895     211.4849     120.7364
400000371 300000093                                         -1266279.9131 6114140.2800 1266279.9131 -1869698.6039 6056845.8882  639129.1082 -1933504.7432 5928333.1219 1306164.9224  232712.3450     233.3491      91.8424
400000372 300000093                                         -2522238.0841 5812081.9155  669073.8784 -1933504.7432 5928333.1219 1306164.9224 -1869698.6039 6056845.8882  639129.1082  234046.8072     203.3019     127.9041
400000373 300000094                                         -2600949.8585 5201899.7171 2600949.8585 -1976963.3461 5468063.2517 2604139.2443 -2604139.2443 5468063.2517 1976963.3461  228300.1373     266.5427      94.6820
400000374 300000094                                         -1330561.6814 5672228.9398 2577802.4491 -1973179.1775 5727370.1528 1973179.1775 -1976963.3461 5468063.2517 2604139.2443  229212.6770     265.1569     109.9286
400000375 300000094                                         -2577802.4491 5672228.9398 1330561.6814 -2604139.2443 5468063.2517 1976963.3461 -1973179.1775 5727370.1528 1973179.1775  229212.6770     259.7083      91.1542
400000376 300000094                                         -1976963.3461 5468063.2517 2604139.2443 -1973179.1775 5727370.1528 1973179.1775 -2604139.2443 5468063.2517 1976963.3461  230526.8451     269.9822     101.8592
400000377 300000095                                               0.0000 5886036.5016 2438076.1476 -639129.1082 6056845.8882 1869698.6039 -669073.8784 5812081.9155 2522238.0841  232651.5371     280.3983      65.1096
400000378 300000095                                         -1266279.9131 6114140.2800 1266279.9131 -1306164.9224 5928333.1219 1933504.7432 -639129.1082 6056845.8882 1869698.6039  232712.3450     275.8594      70.6504
400000379 300000095                                         -1330561.6814 5672228.9398 2577802.4491 -669073.8784 5812081.9155 2522238.0841 -1306164.9224 5928333.1219 1933504.7432  231845.9895     270.0601      80.2543
400000380 300000095                                         -639129.1082 6056845.8882 1869698.6039 -1306164.9224 5928333.1219 1933504.7432 -669073.8784 5812081.9155 2522238.0841  234046.8072     277.9110      69.5720
400000381 300000096                                         -2577802.4491 5672228.9398 1330561.6814 -1973179.1775 5727370.1528 1973179.1775 -1933504.7432 5928333.1219 1306164.9224  238189.0310     247.1253     106.8026
400000382 300000096                                         -1330561.6814 5672228.9398 2577802.4491 -1306164.9224 5928333.1219 1933504.7432 -1973179.1775 5727370.1528 1973179.1775  238189.0310     270.2088     108.5054
400000383 300000096                                         -1266279.9131 6114140.2800 1266279.9131 -1933504.7432 5928333.1219 1306164.9224 -1306164.9224 5928333.1219 1933504.7432  237302.7613     264.1982      75.7794
400000384 300000096                                         -1973179.1775 5727370.1528 1973179.1775 -1306164.9224 5928333.1219 1933504.7432 -1933504.7432 5928333.1219 1306164.9224  239617.8861     267.4731      99.3333
400000385 300000097                                         -6371000.0000       0.0000       0.0000 -6340321.8936       0.0000  624467.2010 -6340321.8936  624467.2010       0.0000  195921.5441     250.2594      80.8802
400000386 300000097                                         -6248583.0214       0.0000 1242920.4416 -6308900.9250  627459.2093  627459.2093 -6340321.8936       0.0000  624467.2010  196860.2699     250.8031      91.5165
400000387 300000097                                         -6248583.0214 1242920.4416       0.0000 -6340321.8936  624467.2010       0.0000 -6308900.9250  627459.2093  627459.2093  196860.2699     245.1541      86.9532
400000388 300000097                                         -6340321.8936       0.0000  624467.2010 -6308900.9250  627459.2093  627459.2093 -6340321.8936  624467.2010       0.0000  197817.4310     241.5419      93.6734
400000389 300000098                                         -5886036.5016       0.0000 2438076.1476 -6056845.8882  639129.1082 1869698.6039 -6096666.8789       0.0000 1849403.6788  200521.8161     289.0419      54.6865
400000390 300000098                                         -6114140.2800 1266279.9131 1266279.9131 -6212473.2151  636326.6289 1260914.7366 -6056845.8882  639129.1082 1869698.6039  200560.6406     289.8673      56.1893
400000391 300000098                                         -6248583.0214       0.0000 1242920.4416 -6096666.8789       0.0000 1849403.6788 -6212473.2151  636326.6289 1260914.7366  199642.5528     285.7526      59.9260
400000392 300000098                                         -6056845.8882  639129.1082 1869698.6039 -6212473.2151  636326.6289 1260914.7366 -6096666.8789       0.0000 1849403.6788  201535.9727     290.3291      56.0545
400000393 300000099                                         -5886036.5016 2438076.1476       0.0000 -6096666.8789 1849403.6788       0.0000 -6056845.8882 1869698.6039  639129.1082  200521.8161     231.6632      95.1233
400000394 300000099                                         -6248583.0214 1242920.4416       0.0000 -6212473.2151 1260914.7366  636326.6289 -6096666.8789 1849403.6788       0.0000  199642.5528     239.0071      89.3208
400000395 300000099                                         -6114140.2800 1266279.9131 1266279.9131 -6056845.8882 1869698.6039  639129.1082 -6212473.2151 1260914.7366  636326.6289  200560.6406     253.5438      85.3342
400000396 300000099                                         -6096666.8789 1849403.6788       0.0000 -6212473.2151 1260914.7366  636326.6289 -6056845.8882 1869698.6039  639129.1082  201535.9727     233.4278      98.3884
400000397 300000100                                         -6248583.0214       0.0000 1242920.4416 -6212473.2151  636326.6289 1260914.7366 -6308900.9250  627459.2093  627459.2093  204548.8197     268.0431      75.5150
400000398 300000100                                         -6114140.2800 1266279.9131 1266279.9131 -6212473.2151 1260914.7366  636326.6289 -6212473.2151  636326.6289 1260914.7366  203612.8458     271.4140      70.3923
400000399 300000100                                         -6248583.0214 1242920.4416       0.0000 -6308900.9250  627459.2093  627459.2093 -6212473.2151 1260914.7366  636326.6289  204548.8197     239.4253      96.6784
400000400 300000100                                         -6212473.2151  636326.6289 1260914.7366 -6212473.2151 1260914.7366  636326.6289 -6308900.9250  627459.2093  627459.2093  205583.5447     253.1554      87.8705
400000401 300000101                                         -4504977.3029       0.0000 4504977.3029 -4805928.6788  678984.1624 4126944.5164 -4924849.5984       0.0000 4041719.6134  213029.7505     212.2743      65.1155
400000402 300000101                                         -5024649.2825 1346350.7175 3678298.5650 -5191537.9595  677162.3725 3630292.7893 -4805928.6788  678984.1624 4126944.5164  213259.5913     221.2264      71.8409
400000403 300000101                                         -5297292.9000       0.0000 3539537.9546 -4924849.5984       0.0000 4041719.6134 -5191537.9595  677162.3725 3630292.7893  212458.1628     221.8986      75.1677
400000404 300000101                                         -4805928.6788  678984.1624 4126944.5164 -5191537.9595  677162.3725 3630292.7893 -4924849.5984       0.0000 4041719.6134  214297.3599     217.5592      71.8861
400000405 300000102                                         -5201899.7171 2600949.8585 2600949.8585 -5468063.2517 1976963.3461 2604139.2443 -5157396.7439 1990680.8386 3166715.9053  213953.8407     264.9677      68.3494
400000406 300000102                                         -5672228.9398 1330561.6814 2577802.4491 -5375502.5311 1345228.8674 3143878.6287 -5468063.2517 1976963.3461 2604139.2443  213196.7862     268.5890      61.4103
400000407 300000102                                         -5024649.2825 1346350.7175 3678298.5650 -5157396.7439 1990680.8386 3166715.9053 -5375502.5311 1345228.8674 3143878.6287  213817.3983     237.9035      77.4582
400000408 300000102                                         -5468063.2517 1976963.3461 2604139.2443 -5375502.5311 1345228.8674 3143878.6287 -5157396.7439 1990680.8386 3166715.9053  215042.4187     255.8276      70.0522
400000409 300000103                                         -5886036.5016       0.0000 2438076.1476 -5618720.3752       0.0000 3003268.6103 -5812081.9155  669073.8784 2522238.0841  209920.2574     272.1968      58.1807
400000410 300000103                                         -5297292.9000       0.0000 3539537.9546 -5533298.6915  671168.2896 3085738.1156 -5618720.3752       0.0000 3003268.6103  210577.3796     243.5358      71.2277
400000411 300000103                                         -5672228.9398 1330561.6814 2577802.4491 -5812081.9155  669073.8784 2522238.0841 -5533298.6915  671168.2896 3085738.1156  210758.2000     271.9780      58.7027
400000412 300000103                                         -5618720.3752       0.0000 3003268.6103 -5533298.6915  671168.2896 3085738.1156 -5812081.9155  669073.8784 2522238.0841  211783.6604     263.0252      62.8609
400000413 300000104                                         -5024649.2825 1346350.7175 3678298.5650 -5375502.5311 1345228.8674 3143878.6287 -5191537.9595  677162.3725 3630292.7893  217445.2803     231.2925      74.8728
400000414 300000104                                         -5672228.9398 1330561.6814 2577802.4491 -5533298.6915  671168.2896 3085738.1156 -5375502.5311 1345228.8674 3143878.6287  218077.9738     259.5421      64.5830
400000415 300000104                                         -5297292.9000       0.0000 3539537.9546 -5191537.9595  677162.3725 3630292.7893 -5533298.6915  671168.2896 3085738.1156  218265.1507     234.0551      74.5505
400000416 300000104                                         -5375502.5311 1345228.8674 3143878.6287 -5533298.6915  671168.2896 3085738.1156 -5191537.9595  677162.3725 3630292.7893  219375.9096     239.9777      72.6336
400000417 300000105                                         -4504977.3029 4504977.3029       0.0000 -4924849.5984 4041719.6134       0.0000 -4805928.6788 4126944.5164  678984.1624  213029.7505     225.3742      96.3354
400000418 300000105                                         -5297292.9000 3539537.9546       0.0000 -5191537.9595 3630292.7893  677162.3725 -4924849.5984 4041719.6134       0.0000  212458.1628     225.8653      94.9889
400000419 300000105                                         -5024649.2825 3678298.5650 1346350.7175 -4805928.6788 4126944.5164  678984.1624 -5191537.9595 3630292.7893  677162.3725  213259.5913     239.1851      85.4400
400000420 300000105                                         -4924849.5984 4041719.6134       0.0000 -5191537.9595 3630292.7893  677162.3725 -4805928.6788 4126944.5164  678984.1624  214297.3599     225.2194      96.6917
400000421 300000106                                         -5886036.5016 2438076.1476       0.0000 -5812081.9155 2522238.0841  669073.8784 -5618720.3752 3003268.6103       0.0000  209920.2574     228.2770      98.5433
400000422 300000106                                         -5672228.9398 2577802.4491 1330561.6814 -5533298.6915 3085738.1156  671168.2896 -5812081.9155 2522238.0841  669073.8784  210758.2000     247.0292      82.8514
400000423 300000106                                         -5297292.9000 3539537.9546       0.0000 -5618720.3752 3003268.6103       0.0000 -5533298.6915 3085738.1156  671168.2896  210577.3796     227.3694      95.7928
400000424 300000106                                         -5812081.9155 2522238.0841  669073.8784 -5533298.6915 3085738.1156  671168.2896 -5618720.3752 3003268.6103       0.0000  211783.6604     224.6031     102.9244
400000425 300000107                                         -5201899.7171 2600949.8585 2600949.8585 -5157396.7439 3166715.9053 1990680.8386 -5468063.2517 2604139.2443 1976963.3461  213953.8407     288.4886      54.2921
400000426 300000107                                         -5024649.2825 3678298.5650 1346350.7175 -5375502.5311 3143878.6287 1345228.8674 -5157396.7439 3166715.9053 1990680.8386  213817.3983     281.2136      57.2894
400000427 300000107                                         -5672228.9398 2577802.4491 1330561.6814 -5468063.2517 2604139.2443 1976963.3461 -5375502.5311 3143878.6287 1345228.8674  213196.7862     286.8440      55.3830
400000428 300000107                                         -5157396.7439 3166715.9053 1990680.8386 -5375502.5311 3143878.6287 1345228.8674 -5468063.2517 2604139.2443 1976963.3461  215042.4187     289.5645      53.3769
400000429 300000108                                         -5297292.9000 3539537.9546       0.0000 -5533298.6915 3085738.1156  671168.2896 -5191537.9595 3630292.7893  677162.3725  218265.1507     224.8518      99.6945
400000430 300000108                                         -5672228.9398 2577802.4491 1330561.6814 -5375502.5311 3143878.6287 1345228.8674 -5533298.6915 3085738.1156  671168.2896  218077.9738     262.5125      68.6675
400000431 300000108                                         -5024649.2825 3678298.5650 1346350.7175 -5191537.9595 3630292.7893  677162.3725 -5375502.5311 3143878.6287 1345228.8674  217445.2803     256.8264      72.5285
400000432 300000108                                         -5533298.6915 3085738.1156  671168.2896 -5375502.5311 3143878.6287 1345228.8674 -5191537.9595 3630292.7893  677162.3725  219375.9096     241.6418      84.5744
400000433 300000109                                         -5886036.5016       0.0000 2438076.1476 -5812081.9155  669073.8784 2522238.0841 -6056845.8882  639129.1082 1869698.6039  232651.5371     287.1471      52.2916
400000434 300000109                                         -5672228.9398 1330561.6814 2577802.4491 -5928333.1219 1306164.9224 1933504.7432 -5812081.9155  669073.8784 2522238.0841  231845.9895     288.2635      51.1527
400000435 300000109                                         -6114140.2800 1266279.9131 1266279.9131 -6056845.8882  639129.1082 1869698.6039 -5928333.1219 1306164.9224 1933504.7432  232712.3450     292.7976      55.1965
400000436 300000109                                         -5812081.9155  669073.8784 2522238.0841 -5928333.1219 1306164.9224 1933504.7432 -6056845.8882  639129.1082 1869698.6039  234046.8072     291.8862      52.2809
400000437 300000110                                         -5201899.7171 2600949.8585 2600949.8585 -5468063.2517 2604139.2443 1976963.3461 -5468063.2517 1976963.3461 2604139.2443  228300.1373     284.3392      55.8406
400000438 300000110                                         -5672228.9398 2577802.4491 1330561.6814 -5727370.1528 1973179.1775 1973179.1775 -5468063.2517 2604139.2443 1976963.3461  229212.6770     294.2612      51.3046
400000439 300000110                                         -5672228.9398 1330561.6814 2577802.4491 -5468063.2517 1976963.3461 2604139.2443 -5727370.1528 1973179.1775 1973179.1775  229212.6770     286.7253      53.6541
400000440 300000110                                         -5468063.2517 2604139.2443 1976963.3461 -5727370.1528 1973179.1775 1973179.1775 -5468063.2517 1976963.3461 2604139.2443  230526.8451     291.7715      50.1971
400000441 300000111                                         -5886036.5016 2438076.1476       0.0000 -6056845.8882 1869698.6039  639129.1082 -5812081.9155 2522238.0841  669073.8784  232651.5371     226.6299     103.5711
400000442 300000111                                         -6114140.2800 1266279.9131 1266279.9131 -5928333.1219 1933504.7432 1306164.9224 -6056845.8882 1869698.6039  639129.1082  232712.3450     270.4624      69.6141
400000443 300000111                                         -5672228.9398 2577802.4491 1330561.6814 -5812081.9155 2522238.0841  669073.8784 -5928333.1219 1933504.7432 1306164.9224  231845.9895     267.5746      69.2793
400000444 300000111                                         -6056845.8882 1869698.6039  639129.1082 -5928333.1219 1933504.7432 1306164.9224 -5812081.9155 2522238.0841  669073.8784  234046.8072     250.5539      85.3173
400000445 300000112                                         -5672228.9398 1330561.6814 2577802.4491 -5727370.1528 1973179.1775 1973179.1775 -5928333.1219 1306164.9224 1933504.7432  238189.0310     292.8305      51.3249
400000446 300000112                                         -5672228.9398 2577802.4491 1330561.6814 -5928333.1219 1933504.7432 1306164.9224 -5727370.1528 1973179.1775 1973179.1775  238189.0310     290.5156      55.0846
400000447 300000112                                         -6114140.2800 1266279.9131 1266279.9131 -5928333.1219 1306164.9224 1933504.7432 -5928333.1219 1933504.7432 1306164.9224  237302.7613     290.2407      57.1924
400000448 300000112                                         -5727370.1528 1973179.1775 1973179.1775 -5928333.1219 1933504.7432 1306164.9224 -5928333.1219 1306164.9224 1933504.7432  239617.8861     294.3016      54.2551
400000449 300000113                                               0.0000 4504977.3029 4504977.3029 -678984.1624 4805928.6788 4126944.5164 -678984.1624 4126944.5164 4805928.6788  328324.9483     196.4827      48.7302
400000450 300000113                                         -1346350.7175 5024649.2825 3678298.5650 -1361638.6226 4400885.2099 4400885.2099 -678984.1624 4805928.6788 4126944.5164  329212.3599     209.6856      53.5938
400000451 300000113                                         -1346350.7175 3678298.5650 5024649.2825 -678984.1624 4126944.5164 4805928.6788 -1361638.6226 4400885.2099 4400885.2099  329212.3599     187.5586      43.3808
400000452 300000113                                         -678984.1624 4805928.6788 4126944.5164 -1361638.6226 4400885.2099 4400885.2099 -678984.1624 4126944.5164 4805928.6788  332074.9378     198.5491      47.0956
400000453 300000114                                         -2600949.8585 5201899.7171 2600949.8585 -2687534.5848 4688572.4479 3374031.3064 -1990680.8386 5157396.7439 3166715.9053  331958.1435     239.9855      86.2993
400000454 300000114                                         -2716603.5278 4074905.2917 4074905.2917 -2050103.9020 4591494.5659 3912146.8074 -2687534.5848 4688572.4479 3374031.3064  332135.9111     225.9761      58.4750
400000455 300000114                                         -1346350.7175 5024649.2825 3678298.5650 -1990680.8386 5157396.7439 3166715.9053 -2050103.9020 4591494.5659 3912146.8074  331417.2039     222.3820      63.9239
400000456 300000114                                         -2687534.5848 4688572.4479 3374031.3064 -2050103.9020 4591494.5659 3912146.8074 -1990680.8386 5157396.7439 3166715.9053  335024.3025     228.5273      69.4806
400000457 300000115                                         -2600949.8585 2600949.8585 5201899.7171 -1990680.8386 3166715.9053 5157396.7439 -2687534.5848 3374031.3064 4688572.4479  331958.1435     179.0004      30.8573
400000458 300000115                                         -1346350.7175 3678298.5650 5024649.2825 -2050103.9020 3912146.8074 4591494.5659 -1990680.8386 3166715.9053 5157396.7439  331417.2039     182.1276      37.6932
400000459 300000115                                         -2716603.5278 4074905.2917 4074905.2917 -2687534.5848 3374031.3064 4688572.4479 -2050103.9020 3912146.8074 4591494.5659  332135.9111     197.6540      51.9686
400000460 300000115                                         -1990680.8386 3166715.9053 5157396.7439 -2050103.9020 3912146.8074 4591494.5659 -2687534.5848 3374031.3064 4688572.4479  335024.3025     184.5884      40.5663
400000461 300000116                                         -1346350.7175 5024649.2825 3678298.5650 -2050103.9020 4591494.5659 3912146.8074 -1361638.6226 4400885.2099 4400885.2099  344128.0612     211.6146      51.5812
400000462 300000116                                         -2716603.5278 4074905.2917 4074905.2917 -2050103.9020 3912146.8074 4591494.5659 -2050103.9020 4591494.5659 3912146.8074  343384.2298     209.5177      48.7894
400000463 300000116                                         -1346350.7175 3678298.5650 5024649.2825 -1361638.6226 4400885.2099 4400885.2099 -2050103.9020 3912146.8074 4591494.5659  344128.0612     189.3965      47.4228
400000464 300000116                                         -2050103.9020 4591494.5659 3912146.8074 -2050103.9020 3912146.8074 4591494.5659 -1361638.6226 4400885.2099 4400885.2099  347308.3434     200.0788      56.0631
400000465 300000117                                         -4504977.3029 4504977.3029       0.0000 -4805928.6788 4126944.5164  678984.1624 -4126944.5164 4805928.6788  678984.1624  328324.9483     228.6056      91.1829
400000466 300000117                                         -5024649.2825 3678298.5650 1346350.7175 -4400885.2099 4400885.2099 1361638.6226 -4805928.6788 4126944.5164  678984.1624  329212.3599     248.4905      76.2930
400000467 300000117                                         -3678298.5650 5024649.2825 1346350.7175 -4126944.5164 4805928.6788  678984.1624 -4400885.2099 4400885.2099 1361638.6226  329212.3599     236.8489      85.7848
400000468 300000117                                         -4805928.6788 4126944.5164  678984.1624 -4400885.2099 4400885.2099 1361638.6226 -4126944.5164 4805928.6788  678984.1624  332074.9378     234.6958      85.9035
400000469 300000118                                         -5201899.7171 2600949.8585 2600949.8585 -4688572.4479 3374031.3064 2687534.5848 -5157396.7439 3166715.9053 1990680.8386  331958.1435     277.1395      65.7555
400000470 300000118                                         -4074905.2917 4074905.2917 2716603.5278 -4591494.5659 3912146.8074 2050103.9020 -4688572.4479 3374031.3064 2687534.5848  332135.9111     265.1416      79.3746
400000471 300000118                                         -5024649.2825 3678298.5650 1346350.7175 -5157396.7439 3166715.9053 1990680.8386 -4591494.5659 3912146.8074 2050103.9020  331417.2039     282.0011      57.7736
400000472 300000118                                         -4688572.4479 3374031.3064 2687534.5848 -4591494.5659 3912146.8074 2050103.9020 -5157396.7439 3166715.9053 1990680.8386  335024.3025     278.5328      65.9273
400000473 300000119                                         -2600949.8585 5201899.7171 2600949.8585 -3166715.9053 5157396.7439 1990680.8386 -3374031.3064 4688572.4479 2687534.5848  331958.1435     261.9446     103.1841
400000474 300000119                                         -3678298.5650 5024649.2825 1346350.7175 -3912146.8074 4591494.5659 2050103.9020 -3166715.9053 5157396.7439 1990680.8386  331417.2039     249.4186      94.1856
400000475 300000119                                         -4074905.2917 4074905.2917 2716603.5278 -3374031.3064 4688572.4479 2687534.5848 -3912146.8074 4591494.5659 2050103.9020  332135.9111     259.9506      90.4158
400000476 300000119                                         -3166715.9053 5157396.7439 1990680.8386 -3912146.8074 4591494.5659 2050103.9020 -3374031.3064 4688572.4479 2687534.5848  335024.3025     260.3888      97.1851
400000477 300000120                                         -5024649.2825 3678298.5650 1346350.7175 -4591494.5659 3912146.8074 2050103.9020 -4400885.2099 4400885.2099 1361638.6226  344128.0612     269.7086      63.1368
400000478 300000120                                         -4074905.2917 4074905.2917 2716603.5278 -3912146.8074 4591494.5659 2050103.9020 -4591494.5659 3912146.8074 2050103.9020  343384.2298     265.7898      82.8736
400000479 300000120                                         -3678298.5650 5024649.2825 1346350.7175 -4400885.2099 4400885.2099 1361638.6226 -3912146.8074 4591494.5659 2050103.9020  344128.0612     250.4923      81.3127
400000480 300000120                                         -4591494.5659 3912146.8074 2050103.9020 -3912146.8074 4591494.5659 2050103.9020 -4400885.2099 4400885.2099 1361638.6226  347308.3434     266.3492      73.2301
400000481 300000121                                         -4504977.3029       0.0000 4504977.3029 -4126944.5164  678984.1624 4805928.6788 -4805928.6788  678984.1624 4126944.5164  328324.9483     208.6974      55.7959
400000482 300000121                                         -3678298.5650 1346350.7175 5024649.2825 -4400885.2099 1361638.6226 4400885.2099 -4126944.5164  678984.1624 4805928.6788  329212.3599     206.3134      45.3314
400000483 300000121                                         -5024649.2825 1346350.7175 3678298.5650 -4805928.6788  678984.1624 4126944.5164 -4400885.2099 1361638.6226 4400885.2099  329212.3599     215.5518      67.3950
400000484 300000121                                         -4126944.5164  678984.1624 4805928.6788 -4400885.2099 1361638.6226 4400885.2099 -4805928.6788  678984.1624 4126944.5164  332074.9378     208.2193      56.0407
400000485 300000122                                         -2600949.8585 2600949.8585 5201899.7171 -3374031.3064 2687534.5848 4688572.4479 -3166715.9053 1990680.8386 5157396.7439  331958.1435     190.4997      34.0847
400000486 300000122                                         -4074905.2917 2716603.5278 4074905.2917 -3912146.8074 2050103.9020 4591494.5659 -3374031.3064 2687534.5848 4688572.4479  332135.9111     205.7429      53.7914
400000487 300000122                                         -3678298.5650 1346350.7175 5024649.2825 -3166715.9053 1990680.8386 5157396.7439 -3912146.8074 2050103.9020 4591494.5659  331417.2039     199.8256      39.0020
400000488 300000122                                         -3374031.3064 2687534.5848 4688572.4479 -3912146.8074 2050103.9020 4591494.5659 -3166715.9053 1990680.8386 5157396.7439  335024.3025     198.9563      42.9635
400000489 300000123                                         -5201899.7171 2600949.8585 2600949.8585 -5157396.7439 1990680.8386 3166715.9053 -4688572.4479 2687534.5848 3374031.3064  331958.1435     250.4484      76.5691
400000490 300000123                                         -5024649.2825 1346350.7175 3678298.5650 -4591494.5659 2050103.9020 3912146.8074 -5157396.7439 1990680.8386 3166715.9053  331417.2039     229.3484      77.4736
400000491 300000123                                         -4074905.2917 2716603.5278 4074905.2917 -4688572.4479 2687534.5848 3374031.3064 -4591494.5659 2050103.9020 3912146.8074  332135.9111     222.0556      79.0315
400000492 300000123                                         -5157396.7439 1990680.8386 3166715.9053 -4591494.5659 2050103.9020 3912146.8074 -4688572.4479 2687534.5848 3374031.3064  335024.3025     233.5449      79.4812
400000493 300000124                                         -3678298.5650 1346350.7175 5024649.2825 -3912146.8074 2050103.9020 4591494.5659 -4400885.2099 1361638.6226 4400885.2099  344128.0612     205.3643      47.0573
400000494 300000124                                         -4074905.2917 2716603.5278 4074905.2917 -4591494.5659 2050103.9020 3912146.8074 -3912146.8074 2050103.9020 4591494.5659  343384.2298     212.4452      63.9246
400000495 300000124                                         -5024649.2825 1346350.7175 3678298.5650 -4400885.2099 1361638.6226 4400885.2099 -4591494.5659 2050103.9020 3912146.8074  344128.0612     218.0460      70.1265
400000496 300000124                                         -3912146.8074 2050103.9020 4591494.5659 -4591494.5659 2050103.9020 3912146.8074 -4400885.2099 1361638.6226 4400885.2099  347308.3434     210.3984      60.9974
400000497 300000125                                         -2600949.8585 5201899.7171 2600949.8585 -3374031.3064 4688572.4479 2687534.5848 -2687534.5848 4688572.4479 3374031.3064  387995.8446     248.9856      93.5173
400000498 300000125                                         -4074905.2917 4074905.2917 2716603.5278 -3435012.9904 4122015.5885 3435012.9904 -3374031.3064 4688572.4479 2687534.5848  388281.7658     249.4491      93.9939
400000499 300000125                                         -2716603.5278 4074905.2917 4074905.2917 -2687534.5848 4688572.4479 3374031.3064 -3435012.9904 4122015.5885 3435012.9904  388281.7658     228.8559      72.7604
400000500 300000125                                         -3374031.3064 4688572.4479 2687534.5848 -3435012.9904 4122015.5885 3435012.9904 -2687534.5848 4688572.4479 3374031.3064  392517.4362     240.7881      95.1610
400000501 300000126                                         -5201899.7171 2600949.8585 2600949.8585 -4688572.4479 2687534.5848 3374031.3064 -4688572.4479 3374031.3064 2687534.5848  387995.8446     255.8708      76.9179
400000502 300000126                                         -4074905.2917 2716603.5278 4074905.2917 -4122015.5885 3435012.9904 3435012.9904 -4688572.4479 2687534.5848 3374031.3064  388281.7658     229.7296      82.3370
400000503 300000126                                         -4074905.2917 4074905.2917 2716603.5278 -4688572.4479 3374031.3064 2687534.5848 -4122015.5885 3435012.9904 3435012.9904  388281.7658     250.5705      82.5303
400000504 300000126                                         -4688572.4479 2687534.5848 3374031.3064 -4122015.5885 3435012.9904 3435012.9904 -4688572.4479 3374031.3064 2687534.5848  392517.4362     244.5606      82.0560
400000505 300000127                                         -2600949.8585 2600949.8585 5201899.7171 -2687534.5848 3374031.3064 4688572.4479 -3374031.3064 2687534.5848 4688572.4479  387995.8446     184.3370      36.5240
400000506 300000127                                         -2716603.5278 4074905.2917 4074905.2917 -3435012.9904 3435012.9904 4122015.5885 -2687534.5848 3374031.3064 4688572.4479  388281.7658     203.7921      50.2022
400000507 300000127                                         -4074905.2917 2716603.5278 4074905.2917 -3374031.3064 2687534.5848 4688572.4479 -3435012.9904 3435012.9904 4122015.5885  388281.7658     207.2991      65.3982
400000508 300000127                                         -2687534.5848 3374031.3064 4688572.4479 -3435012.9904 3435012.9904 4122015.5885 -3374031.3064 2687534.5848 4688572.4479  392517.4362     200.4364      46.4477
400000509 300000128                                         -4074905.2917 4074905.2917 2716603.5278 -4122015.5885 3435012.9904 3435012.9904 -3435012.9904 4122015.5885 3435012.9904  405996.4825     245.2227      84.4649
400000510 300000128                                         -4074905.2917 2716603.5278 4074905.2917 -3435012.9904 3435012.9904 4122015.5885 -4122015.5885 3435012.9904 3435012.9904  405996.4825     221.2933      72.1306
400000511 300000128                                         -2716603.5278 4074905.2917 4074905.2917 -3435012.9904 4122015.5885 3435012.9904 -3435012.9904 3435012.9904 4122015.5885  405996.4825     223.3528      62.6544
400000512 300000128                                         -4122015.5885 3435012.9904 3435012.9904 -3435012.9904 3435012.9904 4122015.5885 -3435012.9904 4122015.5885 3435012.9904  410731.3740     227.7336      76.6529
400000513 300000129                                               0.0000       0.0000 6371000.0000 -624467.2010       0.0000 6340321.8936       0.0000 -624467.2010 6340321.8936  195921.5441     169.3290       0.0453
400000514 300000129                                         -1242920.4416       0.0000 6248583.0214 -627459.2093 -627459.2093 6308900.9250 -624467.2010       0.0000 6340321.8936  196860.2699     172.2053       0.0339
400000515 300000129                                               0.0000 -1242920.4416 6248583.0214       0.0000 -624467.2010 6340321.8936 -627459.2093 -627459.2093 6308900.9250  196860.2699     168.1616       0.0339
400000516 300000129                                         -624467.2010       0.0000 6340321.8936 -627459.2093 -627459.2093 6308900.9250       0.0000 -624467.2010 6340321.8936  197817.4310     169.4427       0.0393
400000517 300000130                                         -2438076.1476       0.0000 5886036.5016 -1869698.6039 -639129.1082 6056845.8882 -1849403.6788       0.0000 6096666.8789  200521.8161     185.7362       0.1856
400000518 300000130                                         -1266279.9131 -1266279.9131 6114140.2800 -1260914.7366 -636326.6289 6212473.2151 -1869698.6039 -639129.1082 6056845.8882  200560.6406     179.2239       0.0557
400000519 300000130                                         -1242920.4416       0.0000 6248583.0214 -1849403.6788       0.0000 6096666.8789 -1260914.7366 -636326.6289 6212473.2151  199642.5528     178.6725       0.0413
400000520 300000130                                         -1869698.6039 -639129.1082 6056845.8882 -1260914.7366 -636326.6289 6212473.2151 -1849403.6788       0.0000 6096666.8789  201535.9727     181.0326       0.0578
400000521 300000131                                               0.0000 -2438076.1476 5886036.5016       0.0000 -1849403.6788 6096666.8789 -639129.1082 -1869698.6039 6056845.8882  200521.8161     172.5877       0.1856
400000522 300000131                                               0.0000 -1242920.4416 6248583.0214 -636326.6289 -1260914.7366 6212473.2151       0.0000 -1849403.6788 6096666.8789  199642.5528     169.8965       0.0413
400000523 300000131                                         -1266279.9131 -1266279.9131 6114140.2800 -639129.1082 -1869698.6039 6056845.8882 -636326.6289 -1260914.7366 6212473.2151  200560.6406     173.9491       0.0557
400000524 300000131                                               0.0000 -1849403.6788 6096666.8789 -636326.6289 -1260914.7366 6212473.2151 -639129.1082 -1869698.6039 6056845.8882  201535.9727     171.9923       0.0578
400000525 300000132                                         -1242920.4416       0.0000 6248583.0214 -1260914.7366 -636326.6289 6212473.2151 -627459.2093 -627459.2093 6308900.9250  204548.8197     174.4818       0.0332
400000526 300000132                                         -1266279.9131 -1266279.9131 6114140.2800 -636326.6289 -1260914.7366 6212473.2151 -1260914.7366 -636326.6289 6212473.2151  203612.8458     174.4090       0.0419
400000527 300000132                                               0.0000 -1242920.4416 6248583.0214 -627459.2093 -627459.2093 6308900.9250 -636326.6289 -1260914.7366 6212473.2151  204548.8197     168.8653       0.0332
400000528 300000132                                         -1260914.7366 -636326.6289 6212473.2151 -636326.6289 -1260914.7366 6212473.2151 -627459.2093 -627459.2093 6308900.9250  205583.5447     172.1675       0.0338
400000529 300000133                                         -4504977.3029       0.0000 4504977.3029 -4126944.5164 -678984.1624 4805928.6788 -4041719.6134       0.0000 4924849.5984  213029.7505     210.0482      44.8770
400000530 300000133                                         -3678298.5650 -1346350.7175 5024649.2825 -3630292.7893 -677162.3725 5191537.9595 -4126944.5164 -678984.1624 4805928.6788  213259.5913     207.8074      35.6712
400000531 300000133                                         -3539537.9546       0.0000 5297292.9000 -4041719.6134       0.0000 4924849.5984 -3630292.7893 -677162.3725 5191537.9595  212458.1628     206.4444      30.3442
400000532 300000133                                         -4126944.5164 -678984.1624 4805928.6788 -3630292.7893 -677162.3725 5191537.9595 -4041719.6134       0.0000 4924849.5984  214297.3599     208.1633      36.5310
400000533 300000134                                         -2600949.8585 -2600949.8585 5201899.7171 -2604139.2443 -1976963.3461 5468063.2517 -3166715.9053 -1990680.8386 5157396.7439  213953.8407     203.8632      25.1112
400000534 300000134                                         -2577802.4491 -1330561.6814 5672228.9398 -3143878.6287 -1345228.8674 5375502.5311 -2604139.2443 -1976963.3461 5468063.2517  213196.7862     193.2106      14.8848
400000535 300000134                                         -3678298.5650 -1346350.7175 5024649.2825 -3166715.9053 -1990680.8386 5157396.7439 -3143878.6287 -1345228.8674 5375502.5311  213817.3983     206.9043      28.4982
400000536 300000134                                         -2604139.2443 -1976963.3461 5468063.2517 -3143878.6287 -1345228.8674 5375502.5311 -3166715.9053 -1990680.8386 5157396.7439  215042.4187     204.9910      22.1231
400000537 300000135                                         -2438076.1476       0.0000 5886036.5016 -3003268.6103       0.0000 5618720.3752 -2522238.0841 -669073.8784 5812081.9155  209920.2574     190.5992       2.9633
400000538 300000135                                         -3539537.9546       0.0000 5297292.9000 -3085738.1156 -671168.2896 5533298.6915 -3003268.6103       0.0000 5618720.3752  210577.3796     200.2587      16.1147
400000539 300000135                                         -2577802.4491 -1330561.6814 5672228.9398 -2522238.0841 -669073.8784 5812081.9155 -3085738.1156 -671168.2896 5533298.6915  210758.2000     190.3122       6.9906
400000540 300000135                                         -3003268.6103       0.0000 5618720.3752 -3085738.1156 -671168.2896 5533298.6915 -2522238.0841 -669073.8784 5812081.9155  211783.6604     197.1945       7.7134
400000541 300000136                                         -3678298.5650 -1346350.7175 5024649.2825 -3143878.6287 -1345228.8674 5375502.5311 -3630292.7893 -677162.3725 5191537.9595  217445.2803     205.3502      27.8949
400000542 300000136                                         -2577802.4491 -1330561.6814 5672228.9398 -3085738.1156 -671168.2896 5533298.6915 -3143878.6287 -1345228.8674 5375502.5311  218077.9738     190.8069      13.8285
400000543 300000136                                         -3539537.9546       0.0000 5297292.9000 -3630292.7893 -677162.3725 5191537.9595 -3085738.1156 -671168.2896 5533298.6915  218265.1507     203.5937      22.4321
400000544 300000136                                         -3143878.6287 -1345228.8674 5375502.5311 -3085738.1156 -671168.2896 5533298.6915 -3630292.7893 -677162.3725 5191537.9595  219375.9096     203.0576      20.4059
400000545 300000137                                               0.0000 -4504977.3029 4504977.3029       0.0000 -4041719.6134 4924849.5984 -678984.1624 -4126944.5164 4805928.6788  213029.7505     195.1726      49.6812
400000546 300000137                                               0.0000 -3539537.9546 5297292.9000 -677162.3725 -3630292.7893 5191537.9595       0.0000 -4041719.6134 4924849.5984  212458.1628     186.1185      29.5154
400000547 300000137                                         -1346350.7175 -3678298.5650 5024649.2825 -678984.1624 -4126944.5164 4805928.6788 -677162.3725 -3630292.7893 5191537.9595  213259.5913     191.0999      41.5399
400000548 300000137                                               0.0000 -4041719.6134 4924849.5984 -677162.3725 -3630292.7893 5191537.9595 -678984.1624 -4126944.5164 4805928.6788  214297.3599     191.3147      40.2343
400000549 300000138                                               0.0000 -2438076.1476 5886036.5016 -669073.8784 -2522238.0841 5812081.9155       0.0000 -3003268.6103 5618720.3752  209920.2574     173.8527       3.5385
400000550 300000138                                         -1330561.6814 -2577802.4491 5672228.9398 -671168.2896 -3085738.1156 5533298.6915 -669073.8784 -2522238.0841 5812081.9155  210758.2000     177.5537       7.5978
400000551 300000138                                               0.0000 -3539537.9546 5297292.9000       0.0000 -3003268.6103 5618720.3752 -671168.2896 -3085738.1156 5533298.6915  210577.3796     183.7360      17.2209
400000552 300000138                                         -669073.8784 -2522238.0841 5812081.9155 -671168.2896 -3085738.1156 5533298.6915       0.0000 -3003268.6103 5618720.3752  211783.6604     176.9535       9.0678
400000553 300000139                                         -2600949.8585 -2600949.8585 5201899.7171 -1990680.8386 -3166715.9053 5157396.7439 -1976963.3461 -2604139.2443 5468063.2517  213953.8407     186.4540      26.2937
400000554 300000139                                         -1346350.7175 -3678298.5650 5024649.2825 -1345228.8674 -3143878.6287 5375502.5311 -1990680.8386 -3166715.9053 5157396.7439  213817.3983     186.5159      28.6022
400000555 300000139                                         -1330561.6814 -2577802.4491 5672228.9398 -1976963.3461 -2604139.2443 5468063.2517 -1345228.8674 -3143878.6287 5375502.5311  213196.7862     183.6652      12.9471
400000556 300000139                                         -1990680.8386 -3166715.9053 5157396.7439 -1345228.8674 -3143878.6287 5375502.5311 -1976963.3461 -2604139.2443 5468063.2517  215042.4187     184.7835      20.8886
400000557 300000140                                               0.0000 -3539537.9546 5297292.9000 -671168.2896 -3085738.1156 5533298.6915 -677162.3725 -3630292.7893 5191537.9595  218265.1507     182.3715      21.4298
400000558 300000140                                         -1330561.6814 -2577802.4491 5672228.9398 -1345228.8674 -3143878.6287 5375502.5311 -671168.2896 -3085738.1156 5533298.6915  218077.9738     182.7603      13.0570
400000559 300000140                                         -1346350.7175 -3678298.5650 5024649.2825 -677162.3725 -3630292.7893 5191537.9595 -1345228.8674 -3143878.6287 5375502.5311  217445.2803     188.8166      27.8688
400000560 300000140                                         -671168.2896 -3085738.1156 5533298.6915 -1345228.8674 -3143878.6287 5375502.5311 -677162.3725 -3630292.7893 5191537.9595  219375.9096     184.2919      20.2246
400000561 300000141                                         -2438076.1476       0.0000 5886036.5016 -2522238.0841 -669073.8784 5812081.9155 -1869698.6039 -639129.1082 6056845.8882  232651.5371     188.5749       0.6053
400000562 300000141                                         -2577802.4491 -1330561.6814 5672228.9398 -1933504.7432 -1306164.9224 5928333.1219 -2522238.0841 -669073.8784 5812081.9155  231845.9895     182.8883       2.2093
400000563 300000141                                         -1266279.9131 -1266279.9131 6114140.2800 -1869698.6039 -639129.1082 6056845.8882 -1933504.7432 -1306164.9224 5928333.1219  232712.3450     182.4219       0.1342
400000564 300000141                                         -2522238.0841 -669073.8784 5812081.9155 -1933504.7432 -1306164.9224 5928333.1219 -1869698.6039 -639129.1082 6056845.8882  234046.8072     181.8649       0.5142
400000565 300000142                                         -2600949.8585 -2600949.8585 5201899.7171 -1976963.3461 -2604139.2443 5468063.2517 -2604139.2443 -1976963.3461 5468063.2517  228300.1373     191.2336      21.1867
400000566 300000142                                         -1330561.6814 -2577802.4491 5672228.9398 -1973179.1775 -1973179.1775 5727370.1528 -1976963.3461 -2604139.2443 5468063.2517  229212.6770     181.3550       8.7771
400000567 300000142                                         -2577802.4491 -1330561.6814 5672228.9398 -2604139.2443 -1976963.3461 5468063.2517 -1973179.1775 -1973179.1775 5727370.1528  229212.6770     181.2769       9.6757
400000568 300000142                                         -1976963.3461 -2604139.2443 5468063.2517 -1973179.1775 -1973179.1775 5727370.1528 -2604139.2443 -1976963.3461 5468063.2517  230526.8451     182.8622      12.4907
400000569 300000143                                               0.0000 -2438076.1476 5886036.5016 -639129.1082 -1869698.6039 6056845.8882 -669073.8784 -2522238.0841 5812081.9155  232651.5371     173.2162       0.6236
400000570 300000143                                         -1266279.9131 -1266279.9131 6114140.2800 -1306164.9224 -1933504.7432 5928333.1219 -639129.1082 -1869698.6039 6056845.8882  232712.3450     177.7759       0.1342
400000571 300000143                                         -1330561.6814 -2577802.4491 5672228.9398 -669073.8784 -2522238.0841 5812081.9155 -1306164.9224 -1933504.7432 5928333.1219  231845.9895     177.2090       2.3064
400000572 300000143                                         -639129.1082 -1869698.6039 6056845.8882 -1306164.9224 -1933504.7432 5928333.1219 -669073.8784 -2522238.0841 5812081.9155  234046.8072     175.7384       0.5267
400000573 300000144                                         -2577802.4491 -1330561.6814 5672228.9398 -1973179.1775 -1973179.1775 5727370.1528 -1933504.7432 -1306164.9224 5928333.1219  238189.0310     180.6488       3.0079
400000574 300000144                                         -1330561.6814 -2577802.4491 5672228.9398 -1306164.9224 -1933504.7432 5928333.1219 -1973179.1775 -1973179.1775 5727370.1528  238189.0310     179.5529       3.0502
400000575 300000144                                         -1266279.9131 -1266279.9131 6114140.2800 -1933504.7432 -1306164.9224 5928333.1219 -1306164.9224 -1933504.7432 5928333.1219  237302.7613     181.6607       0.2370
400000576 300000144                                         -1973179.1775 -1973179.1775 5727370.1528 -1306164.9224 -1933504.7432 5928333.1219 -1933504.7432 -1306164.9224 5928333.1219  239617.8861     179.0835       1.2323
400000577 300000145                                         -6371000.0000       0.0000       0.0000 -6340321.8936 -624467.2010       0.0000 -6340321.8936       0.0000  624467.2010  195921.5441     255.5007      76.1681
400000578 300000145                                         -6248583.0214 -1242920.4416       0.0000 -6308900.9250 -627459.2093  627459.2093 -6340321.8936 -624467.2010       0.0000  196860.2699     262.8428      71.9623
400000579 300000145                                         -6248583.0214       0.0000 1242920.4416 -6340321.8936       0.0000  624467.2010 -6308900.9250 -627459.2093  627459.2093  196860.2699     251.4329      92.2305
400000580 300000145                                         -6340321.8936 -624467.2010       0.0000 -6308900.9250 -627459.2093  627459.2093 -6340321.8936       0.0000  624467.2010  197817.4310     250.4288      88.1747
400000581 300000146                                         -5886036.5016 -2438076.1476       0.0000 -6056845.8882 -1869698.6039  639129.1082 -6096666.8789 -1849403.6788       0.0000  200521.8161     273.6768      64.2135
400000582 300000146                                         -6114140.2800 -1266279.9131 1266279.9131 -6212473.2151 -1260914.7366  636326.6289 -6056845.8882 -1869698.6039  639129.1082  200560.6406     247.0702     101.9254
400000583 300000146                                         -6248583.0214 -1242920.4416       0.0000 -6096666.8789 -1849403.6788       0.0000 -6212473.2151 -1260914.7366  636326.6289  199642.5528     268.9072      68.1457
400000584 300000146                                         -6056845.8882 -1869698.6039  639129.1082 -6212473.2151 -1260914.7366  636326.6289 -6096666.8789 -1849403.6788       0.0000  201535.9727     260.0064      84.4352
400000585 300000147                                         -5886036.5016       0.0000 2438076.1476 -6096666.8789       0.0000 1849403.6788 -6056845.8882 -639129.1082 1869698.6039  200521.8161     284.2784      58.0392
400000586 300000147                                         -6248583.0214       0.0000 1242920.4416 -6212473.2151 -636326.6289 1260914.7366 -6096666.8789       0.0000 1849403.6788  199642.5528     282.2613      62.7136
400000587 300000147                                         -6114140.2800 -1266279.9131 1266279.9131 -6056845.8882 -639129.1082 1869698.6039 -6212473.2151 -636326.6289 1260914.7366  200560.6406     276.3601      65.1272
400000588 300000147                                         -6096666.8789       0.0000 1849403.6788 -6212473.2151 -636326.6289 1260914.7366 -6056845.8882 -639129.1082 1869698.6039  201535.9727     283.7484      60.4884
400000589 300000148                                         -6248583.0214 -1242920.4416       0.0000 -6212473.2151 -1260914.7366  636326.6289 -6308900.9250 -627459.2093  627459.2093  204548.8197     255.3498      85.7652
400000590 300000148                                         -6114140.2800 -1266279.9131 1266279.9131 -6212473.2151 -636326.6289 1260914.7366 -6212473.2151 -1260914.7366  636326.6289  203612.8458     258.0716      85.7746
400000591 300000148                                         -6248583.0214       0.0000 1242920.4416 -6308900.9250 -627459.2093  627459.2093 -6212473.2151 -636326.6289 1260914.7366  204548.8197     263.1566      81.1045
400000592 300000148                                         -6212473.2151 -1260914.7366  636326.6289 -6212473.2151 -636326.6289 1260914.7366 -6308900.9250 -627459.2093  627459.2093  205583.5447     249.2576      97.3448
400000593 300000149                                         -4504977.3029 -4504977.3029       0.0000 -4805928.6788 -4126944.5164  678984.1624 -4924849.5984 -4041719.6134       0.0000  213029.7505     278.0501      62.6597
400000594 300000149                                         -5024649.2825 -3678298.5650 1346350.7175 -5191537.9595 -3630292.7893  677162.3725 -4805928.6788 -4126944.5164  678984.1624  213259.5913     235.9431     118.3786
400000595 300000149                                         -5297292.9000 -3539537.9546       0.0000 -4924849.5984 -4041719.6134       0.0000 -5191537.9595 -3630292.7893  677162.3725  212458.1628     277.5897      61.8780
400000596 300000149                                         -4805928.6788 -4126944.5164  678984.1624 -5191537.9595 -3630292.7893  677162.3725 -4924849.5984 -4041719.6134       0.0000  214297.3599     264.2906      81.0812
400000597 300000150                                         -5201899.7171 -2600949.8585 2600949.8585 -5468063.2517 -2604139.2443 1976963.3461 -5157396.7439 -3166715.9053 1990680.8386  213953.8407     262.1104      65.7717
400000598 300000150                                         -5672228.9398 -2577802.4491 1330561.6814 -5375502.5311 -3143878.6287 1345228.8674 -5468063.2517 -2604139.2443 1976963.3461  213196.7862     260.5544      74.5520
400000599 300000150                                         -5024649.2825 -3678298.5650 1346350.7175 -5157396.7439 -3166715.9053 1990680.8386 -5375502.5311 -3143878.6287 1345228.8674  213817.3983     256.5037      78.6524
400000600 300000150                                         -5468063.2517 -2604139.2443 1976963.3461 -5375502.5311 -3143878.6287 1345228.8674 -5157396.7439 -3166715.9053 1990680.8386  215042.4187     260.9427      72.3356
400000601 300000151                                         -5886036.5016 -2438076.1476       0.0000 -5618720.3752 -3003268.6103       0.0000 -5812081.9155 -2522238.0841  669073.8784  209920.2574     275.2333      64.9819
400000602 300000151                                         -5297292.9000 -3539537.9546       0.0000 -5533298.6915 -3085738.1156  671168.2896 -5618720.3752 -3003268.6103       0.0000  210577.3796     277.5900      63.2842
400000603 300000151                                         -5672228.9398 -2577802.4491 1330561.6814 -5812081.9155 -2522238.0841  669073.8784 -5533298.6915 -3085738.1156  671168.2896  210758.2000     240.3609     110.9373
400000604 300000151                                         -5618720.3752 -3003268.6103       0.0000 -5533298.6915 -3085738.1156  671168.2896 -5812081.9155 -2522238.0841  669073.8784  211783.6604     263.0679      82.4688
400000605 300000152                                         -5024649.2825 -3678298.5650 1346350.7175 -5375502.5311 -3143878.6287 1345228.8674 -5191537.9595 -3630292.7893  677162.3725  217445.2803     245.7625      97.6147
400000606 300000152                                         -5672228.9398 -2577802.4491 1330561.6814 -5533298.6915 -3085738.1156  671168.2896 -5375502.5311 -3143878.6287 1345228.8674  218077.9738     247.0550      94.8352
400000607 300000152                                         -5297292.9000 -3539537.9546       0.0000 -5191537.9595 -3630292.7893  677162.3725 -5533298.6915 -3085738.1156  671168.2896  218265.1507     263.5377      81.7880
400000608 300000152                                         -5375502.5311 -3143878.6287 1345228.8674 -5533298.6915 -3085738.1156  671168.2896 -5191537.9595 -3630292.7893  677162.3725  219375.9096     239.5933     113.2516
400000609 300000153                                         -4504977.3029       0.0000 4504977.3029 -4924849.5984       0.0000 4041719.6134 -4805928.6788 -678984.1624 4126944.5164  213029.7505     212.7441      65.7072
400000610 300000153                                         -5297292.9000       0.0000 3539537.9546 -5191537.9595 -677162.3725 3630292.7893 -4924849.5984       0.0000 4041719.6134  212458.1628     220.2341      77.1388
400000611 300000153                                         -5024649.2825 -1346350.7175 3678298.5650 -4805928.6788 -678984.1624 4126944.5164 -5191537.9595 -677162.3725 3630292.7893  213259.5913     215.5766      76.1778
400000612 300000153                                         -4924849.5984       0.0000 4041719.6134 -5191537.9595 -677162.3725 3630292.7893 -4805928.6788 -678984.1624 4126944.5164  214297.3599     215.3509      73.9006
400000613 300000154                                         -5886036.5016       0.0000 2438076.1476 -5812081.9155 -669073.8784 2522238.0841 -5618720.3752       0.0000 3003268.6103  209920.2574     267.4430      61.1826
400000614 300000154                                         -5672228.9398 -1330561.6814 2577802.4491 -5533298.6915 -671168.2896 3085738.1156 -5812081.9155 -669073.8784 2522238.0841  210758.2000     258.5525      64.4194
400000615 300000154                                         -5297292.9000       0.0000 3539537.9546 -5618720.3752       0.0000 3003268.6103 -5533298.6915 -671168.2896 3085738.1156  210577.3796     240.2976      72.1935
400000616 300000154                                         -5812081.9155 -669073.8784 2522238.0841 -5533298.6915 -671168.2896 3085738.1156 -5618720.3752       0.0000 3003268.6103  211783.6604     255.1196      66.4325
400000617 300000155                                         -5201899.7171 -2600949.8585 2600949.8585 -5157396.7439 -1990680.8386 3166715.9053 -5468063.2517 -1976963.3461 2604139.2443  213953.8407     254.9285      64.7570
400000618 300000155                                         -5024649.2825 -1346350.7175 3678298.5650 -5375502.5311 -1345228.8674 3143878.6287 -5157396.7439 -1990680.8386 3166715.9053  213817.3983     229.3082      73.3636
400000619 300000155                                         -5672228.9398 -1330561.6814 2577802.4491 -5468063.2517 -1976963.3461 2604139.2443 -5375502.5311 -1345228.8674 3143878.6287  213196.7862     254.1229      66.2262
400000620 300000155                                         -5157396.7439 -1990680.8386 3166715.9053 -5375502.5311 -1345228.8674 3143878.6287 -5468063.2517 -1976963.3461 2604139.2443  215042.4187     245.9403      68.0649
400000621 300000156                                         -5297292.9000       0.0000 3539537.9546 -5533298.6915 -671168.2896 3085738.1156 -5191537.9595 -677162.3725 3630292.7893  218265.1507     229.5867      77.2118
400000622 300000156                                         -5672228.9398 -1330561.6814 2577802.4491 -5375502.5311 -1345228.8674 3143878.6287 -5533298.6915 -671168.2896 3085738.1156  218077.9738     247.5009      69.5518
400000623 300000156                                         -5024649.2825 -1346350.7175 3678298.5650 -5191537.9595 -677162.3725 3630292.7893 -5375502.5311 -1345228.8674 3143878.6287  217445.2803     224.1217      77.2763
400000624 300000156                                         -5533298.6915 -671168.2896 3085738.1156 -5375502.5311 -1345228.8674 3143878.6287 -5191537.9595 -677162.3725 3630292.7893  219375.9096     232.2972      75.4085
400000625 300000157                                         -5886036.5016 -2438076.1476       0.0000 -5812081.9155 -2522238.0841  669073.8784 -6056845.8882 -1869698.6039  639129.1082  232651.5371     261.5842      84.3925
400000626 300000157                                         -5672228.9398 -2577802.4491 1330561.6814 -5928333.1219 -1933504.7432 1306164.9224 -5812081.9155 -2522238.0841  669073.8784  231845.9895     249.0627      94.4120
400000627 300000157                                         -6114140.2800 -1266279.9131 1266279.9131 -6056845.8882 -1869698.6039  639129.1082 -5928333.1219 -1933504.7432 1306164.9224  232712.3450     254.4868      90.7614
400000628 300000157                                         -5812081.9155 -2522238.0841  669073.8784 -5928333.1219 -1933504.7432 1306164.9224 -6056845.8882 -1869698.6039  639129.1082  234046.8072     242.7949     109.2574
400000629 300000158                                         -5201899.7171 -2600949.8585 2600949.8585 -5468063.2517 -1976963.3461 2604139.2443 -5468063.2517 -2604139.2443 1976963.3461  228300.1373     263.9553      63.3089
400000630 300000158                                         -5672228.9398 -1330561.6814 2577802.4491 -5727370.1528 -1973179.1775 1973179.1775 -5468063.2517 -1976963.3461 2604139.2443  229212.6770     267.3515      62.1265
400000631 300000158                                         -5672228.9398 -2577802.4491 1330561.6814 -5468063.2517 -2604139.2443 1976963.3461 -5727370.1528 -1973179.1775 1973179.1775  229212.6770     266.2800      68.7847
400000632 300000158                                         -5468063.2517 -1976963.3461 2604139.2443 -5727370.1528 -1973179.1775 1973179.1775 -5468063.2517 -2604139.2443 1976963.3461  230526.8451     269.2683      62.2211
400000633 300000159                                         -5886036.5016       0.0000 2438076.1476 -6056845.8882 -639129.1082 1869698.6039 -5812081.9155 -669073.8784 2522238.0841  232651.5371     277.5946      58.4311
400000634 300000159                                         -6114140.2800 -1266279.9131 1266279.9131 -5928333.1219 -1306164.9224 1933504.7432 -6056845.8882 -639129.1082 1869698.6039  232712.3450     276.6022      63.2130
400000635 300000159                                         -5672228.9398 -1330561.6814 2577802.4491 -5812081.9155 -669073.8784 2522238.0841 -5928333.1219 -1306164.9224 1933504.7432  231845.9895     268.6946      62.2803
400000636 300000159                                         -6056845.8882 -639129.1082 1869698.6039 -5928333.1219 -1306164.9224 1933504.7432 -5812081.9155 -669073.8784 2522238.0841  234046.8072     275.3914      61.9103
400000637 300000160                                         -5672228.9398 -2577802.4491 1330561.6814 -5727370.1528 -1973179.1775 1973179.1775 -5928333.1219 -1933504.7432 1306164.9224  238189.0310     265.1661      73.2560
400000638 300000160                                         -5672228.9398 -1330561.6814 2577802.4491 -5928333.1219 -1306164.9224 1933504.7432 -5727370.1528 -1973179.1775 1973179.1775  238189.0310     270.5900      63.6427
400000639 300000160                                         -6114140.2800 -1266279.9131 1266279.9131 -5928333.1219 -1933504.7432 1306164.9224 -5928333.1219 -1306164.9224 1933504.7432  237302.7613     270.7684      69.3754
400000640 300000160                                         -5727370.1528 -1973179.1775 1973179.1775 -5928333.1219 -1306164.9224 1933504.7432 -5928333.1219 -1933504.7432 1306164.9224  239617.8861     271.3478      68.1479
400000641 300000161                                               0.0000 -6371000.0000       0.0000       0.0000 -6340321.8936  624467.2010 -624467.2010 -6340321.8936       0.0000  195921.5441     274.4466      99.6074
400000642 300000161                                               0.0000 -6248583.0214 1242920.4416 -627459.2093 -6308900.9250  627459.2093       0.0000 -6340321.8936  624467.2010  196860.2699     268.4365      82.9061
400000643 300000161                                         -1242920.4416 -6248583.0214       0.0000 -624467.2010 -6340321.8936       0.0000 -627459.2093 -6308900.9250  627459.2093  196860.2699     278.5399     100.3001
400000644 300000161                                               0.0000 -6340321.8936  624467.2010 -627459.2093 -6308900.9250  627459.2093 -624467.2010 -6340321.8936       0.0000  197817.4310     270.0289     114.7158
400000645 300000162                                               0.0000 -5886036.5016 2438076.1476 -639129.1082 -6056845.8882 1869698.6039       0.0000 -6096666.8789 1849403.6788  200521.8161     274.8411      81.6492
400000646 300000162                                         -1266279.9131 -6114140.2800 1266279.9131 -636326.6289 -6212473.2151 1260914.7366 -639129.1082 -6056845.8882 1869698.6039  200560.6406     284.2887      45.6778
400000647 300000162                                               0.0000 -6248583.0214 1242920.4416       0.0000 -6096666.8789 1849403.6788 -636326.6289 -6212473.2151 1260914.7366  199642.5528     283.5256      53.4166
400000648 300000162                                         -639129.1082 -6056845.8882 1869698.6039 -636326.6289 -6212473.2151 1260914.7366       0.0000 -6096666.8789 1849403.6788  201535.9727     281.8854      59.4606
400000649 300000163                                         -2438076.1476 -5886036.5016       0.0000 -1849403.6788 -6096666.8789       0.0000 -1869698.6039 -6056845.8882  639129.1082  200521.8161     280.5490      91.9675
400000650 300000163                                         -1242920.4416 -6248583.0214       0.0000 -1260914.7366 -6212473.2151  636326.6289 -1849403.6788 -6096666.8789       0.0000  199642.5528     280.4471      98.1160
400000651 300000163                                         -1266279.9131 -6114140.2800 1266279.9131 -1869698.6039 -6056845.8882  639129.1082 -1260914.7366 -6212473.2151  636326.6289  200560.6406     263.1697      95.4170
400000652 300000163                                         -1849403.6788 -6096666.8789       0.0000 -1260914.7366 -6212473.2151  636326.6289 -1869698.6039 -6056845.8882  639129.1082  201535.9727     274.4432     108.7838
400000653 300000164                                               0.0000 -6248583.0214 1242920.4416 -636326.6289 -6212473.2151 1260914.7366 -627459.2093 -6308900.9250  627459.2093  204548.8197     277.5555      60.4883
400000654 300000164                                         -1266279.9131 -6114140.2800 1266279.9131 -1260914.7366 -6212473.2151  636326.6289 -636326.6289 -6212473.2151 1260914.7366  203612.8458     273.4139      65.5515
400000655 300000164                                         -1242920.4416 -6248583.0214       0.0000 -627459.2093 -6308900.9250  627459.2093 -1260914.7366 -6212473.2151  636326.6289  204548.8197     273.8575     113.6247
400000656 300000164                                         -636326.6289 -6212473.2151 1260914.7366 -1260914.7366 -6212473.2151  636326.6289 -627459.2093 -6308900.9250  627459.2093  205583.5447     267.6670      87.1504
400000657 300000165                                               0.0000 -4504977.3029 4504977.3029 -678984.1624 -4805928.6788 4126944.5164       0.0000 -4924849.5984 4041719.6134  213029.7505     206.1091      73.0009
400000658 300000165                                         -1346350.7175 -5024649.2825 3678298.5650 -677162.3725 -5191537.9595 3630292.7893 -678984.1624 -4805928.6788 4126944.5164  213259.5913     218.7419      67.7175
400000659 300000165                                               0.0000 -5297292.9000 3539537.9546       0.0000 -4924849.5984 4041719.6134 -677162.3725 -5191537.9595 3630292.7893  212458.1628     221.4638      75.2146
400000660 300000165                                         -678984.1624 -4805928.6788 4126944.5164 -677162.3725 -5191537.9595 3630292.7893       0.0000 -4924849.5984 4041719.6134  214297.3599     216.0241      71.6027
400000661 300000166                                         -2600949.8585 -5201899.7171 2600949.8585 -1976963.3461 -5468063.2517 2604139.2443 -1990680.8386 -5157396.7439 3166715.9053  213953.8407     259.5966      53.8973
400000662 300000166                                         -1330561.6814 -5672228.9398 2577802.4491 -1345228.8674 -5375502.5311 3143878.6287 -1976963.3461 -5468063.2517 2604139.2443  213196.7862     248.6760      60.7453
400000663 300000166                                         -1346350.7175 -5024649.2825 3678298.5650 -1990680.8386 -5157396.7439 3166715.9053 -1345228.8674 -5375502.5311 3143878.6287  213817.3983     237.5092      61.5796
400000664 300000166                                         -1976963.3461 -5468063.2517 2604139.2443 -1345228.8674 -5375502.5311 3143878.6287 -1990680.8386 -5157396.7439 3166715.9053  215042.4187     250.9537      56.0547
400000665 300000167                                               0.0000 -5886036.5016 2438076.1476       0.0000 -5618720.3752 3003268.6103 -669073.8784 -5812081.9155 2522238.0841  209920.2574     263.3148      70.8905
400000666 300000167                                               0.0000 -5297292.9000 3539537.9546 -671168.2896 -5533298.6915 3085738.1156       0.0000 -5618720.3752 3003268.6103  210577.3796     239.5966      80.4126
400000667 300000167                                         -1330561.6814 -5672228.9398 2577802.4491 -669073.8784 -5812081.9155 2522238.0841 -671168.2896 -5533298.6915 3085738.1156  210758.2000     251.7820      83.0710
400000668 300000167                                               0.0000 -5618720.3752 3003268.6103 -671168.2896 -5533298.6915 3085738.1156 -669073.8784 -5812081.9155 2522238.0841  211783.6604     254.1408      80.7505
400000669 300000168                                         -1346350.7175 -5024649.2825 3678298.5650 -1345228.8674 -5375502.5311 3143878.6287 -677162.3725 -5191537.9595 3630292.7893  217445.2803     230.3387      67.9538
400000670 300000168                                         -1330561.6814 -5672228.9398 2577802.4491 -671168.2896 -5533298.6915 3085738.1156 -1345228.8674 -5375502.5311 3143878.6287  218077.9738     245.9282      74.8980
400000671 300000168                                               0.0000 -5297292.9000 3539537.9546 -677162.3725 -5191537.9595 3630292.7893 -671168.2896 -5533298.6915 3085738.1156  218265.1507     233.5282      79.4155
400000672 300000168                                         -1345228.8674 -5375502.5311 3143878.6287 -671168.2896 -5533298.6915 3085738.1156 -677162.3725 -5191537.9595 3630292.7893  219375.9096     238.4681      74.9994
400000673 300000169                                         -4504977.3029 -4504977.3029       0.0000 -4041719.6134 -4924849.5984       0.0000 -4126944.5164 -4805928.6788  678984.1624  213029.7505     277.7579      66.8905
400000674 300000169                                         -3539537.9546 -5297292.9000       0.0000 -3630292.7893 -5191537.9595  677162.3725 -4041719.6134 -4924849.5984       0.0000  212458.1628     277.9728      75.9866
400000675 300000169                                         -3678298.5650 -5024649.2825 1346350.7175 -4126944.5164 -4805928.6788  678984.1624 -3630292.7893 -5191537.9595  677162.3725  213259.5913     234.5876     119.9563
400000676 300000169                                         -4041719.6134 -4924849.5984       0.0000 -3630292.7893 -5191537.9595  677162.3725 -4126944.5164 -4805928.6788  678984.1624  214297.3599     266.6841      89.1082
400000677 300000170                                         -2438076.1476 -5886036.5016       0.0000 -2522238.0841 -5812081.9155  669073.8784 -3003268.6103 -5618720.3752       0.0000  209920.2574     279.4004      87.6662
400000678 300000170                                         -2577802.4491 -5672228.9398 1330561.6814 -3085738.1156 -5533298.6915  671168.2896 -2522238.0841 -5812081.9155  669073.8784  210758.2000     245.8720     111.4460
400000679 300000170                                         -3539537.9546 -5297292.9000       0.0000 -3003268.6103 -5618720.3752       0.0000 -3085738.1156 -5533298.6915  671168.2896  210577.3796     278.6413      82.4308
400000680 300000170                                         -2522238.0841 -5812081.9155  669073.8784 -3085738.1156 -5533298.6915  671168.2896 -3003268.6103 -5618720.3752       0.0000  211783.6604     269.6528     101.8268
400000681 300000171                                         -2600949.8585 -5201899.7171 2600949.8585 -3166715.9053 -5157396.7439 1990680.8386 -2604139.2443 -5468063.2517 1976963.3461  213953.8407     249.6895      84.6203
400000682 300000171                                         -3678298.5650 -5024649.2825 1346350.7175 -3143878.6287 -5375502.5311 1345228.8674 -3166715.9053 -5157396.7439 1990680.8386  213817.3983     246.0569      91.2539
400000683 300000171                                         -2577802.4491 -5672228.9398 1330561.6814 -2604139.2443 -5468063.2517 1976963.3461 -3143878.6287 -5375502.5311 1345228.8674  213196.7862     251.4397      83.5351
400000684 300000171                                         -3166715.9053 -5157396.7439 1990680.8386 -3143878.6287 -5375502.5311 1345228.8674 -2604139.2443 -5468063.2517 1976963.3461  215042.4187     249.3031      88.1188
400000685 300000172                                         -3539537.9546 -5297292.9000       0.0000 -3085738.1156 -5533298.6915  671168.2896 -3630292.7893 -5191537.9595  677162.3725  218265.1507     268.2503      96.6273
400000686 300000172                                         -2577802.4491 -5672228.9398 1330561.6814 -3143878.6287 -5375502.5311 1345228.8674 -3085738.1156 -5533298.6915  671168.2896  218077.9738     242.9099      99.8508
400000687 300000172                                         -3678298.5650 -5024649.2825 1346350.7175 -3630292.7893 -5191537.9595  677162.3725 -3143878.6287 -5375502.5311 1345228.8674  217445.2803     238.5317     104.7174
400000688 300000172                                         -3085738.1156 -5533298.6915  671168.2896 -3143878.6287 -5375502.5311 1345228.8674 -3630292.7893 -5191537.9595  677162.3725  219375.9096     239.7842     115.3639
400000689 300000173                                               0.0000 -5886036.5016 2438076.1476 -669073.8784 -5812081.9155 2522238.0841 -639129.1082 -6056845.8882 1869698.6039  232651.5371     269.7849      78.2080
400000690 300000173                                         -1330561.6814 -5672228.9398 2577802.4491 -1306164.9224 -5928333.1219 1933504.7432 -669073.8784 -5812081.9155 2522238.0841  231845.9895     256.2828      72.9235
400000691 300000173                                         -1266279.9131 -6114140.2800 1266279.9131 -639129.1082 -6056845.8882 1869698.6039 -1306164.9224 -5928333.1219 1933504.7432  232712.3450     281.7606      48.9065
400000692 300000173                                         -669073.8784 -5812081.9155 2522238.0841 -1306164.9224 -5928333.1219 1933504.7432 -639129.1082 -6056845.8882 1869698.6039  234046.8072     265.8440      74.8482
400000693 300000174                                         -2600949.8585 -5201899.7171 2600949.8585 -2604139.2443 -5468063.2517 1976963.3461 -1976963.3461 -5468063.2517 2604139.2443  228300.1373     255.5573      66.3014
400000694 300000174                                         -2577802.4491 -5672228.9398 1330561.6814 -1973179.1775 -5727370.1528 1973179.1775 -2604139.2443 -5468063.2517 1976963.3461  229212.6770     259.4514      70.9109
400000695 300000174                                         -1330561.6814 -5672228.9398 2577802.4491 -1976963.3461 -5468063.2517 2604139.2443 -1973179.1775 -5727370.1528 1973179.1775  229212.6770     262.1512      55.8401
400000696 300000174                                         -2604139.2443 -5468063.2517 1976963.3461 -1973179.1775 -5727370.1528 1973179.1775 -1976963.3461 -5468063.2517 2604139.2443  230526.8451     259.4311      63.3926
400000697 300000175                                         -2438076.1476 -5886036.5016       0.0000 -1869698.6039 -6056845.8882  639129.1082 -2522238.0841 -5812081.9155  669073.8784  232651.5371     272.1999     104.7697
400000698 300000175                                         -1266279.9131 -6114140.2800 1266279.9131 -1933504.7432 -5928333.1219 1306164.9224 -1869698.6039 -6056845.8882  639129.1082  232712.3450     266.7715      73.2803
400000699 300000175                                         -2577802.4491 -5672228.9398 1330561.6814 -2522238.0841 -5812081.9155  669073.8784 -1933504.7432 -5928333.1219 1306164.9224  231845.9895     251.8965      87.8739
400000700 300000175                                         -1869698.6039 -6056845.8882  639129.1082 -1933504.7432 -5928333.1219 1306164.9224 -2522238.0841 -5812081.9155  669073.8784  234046.8072     254.7256     102.1921
400000701 300000176                                         -1330561.6814 -5672228.9398 2577802.4491 -1973179.1775 -5727370.1528 1973179.1775 -1306164.9224 -5928333.1219 1933504.7432  238189.0310     264.0303      58.7136
400000702 300000176                                         -2577802.4491 -5672228.9398 1330561.6814 -1933504.7432 -5928333.1219 1306164.9224 -1973179.1775 -5727370.1528 1973179.1775  238189.0310     262.2005      69.0868
400000703 300000176                                         -1266279.9131 -6114140.2800 1266279.9131 -1306164.9224 -5928333.1219 1933504.7432 -1933504.7432 -5928333.1219 1306164.9224  237302.7613     276.3464      54.4161
400000704 300000176                                         -1973179.1775 -5727370.1528 1973179.1775 -1933504.7432 -5928333.1219 1306164.9224 -1306164.9224 -5928333.1219 1933504.7432  239617.8861     270.2003      57.9967
400000705 300000177                                         -4504977.3029       0.0000 4504977.3029 -4805928.6788 -678984.1624 4126944.5164 -4126944.5164 -678984.1624 4805928.6788  328324.9483     210.5179      55.3755
400000706 300000177                                         -5024649.2825 -1346350.7175 3678298.5650 -4400885.2099 -1361638.6226 4400885.2099 -4805928.6788 -678984.1624 4126944.5164  329212.3599     212.3134      67.5116
400000707 300000177                                         -3678298.5650 -1346350.7175 5024649.2825 -4126944.5164 -678984.1624 4805928.6788 -4400885.2099 -1361638.6226 4400885.2099  329212.3599     209.4706      44.9022
400000708 300000177                                         -4805928.6788 -678984.1624 4126944.5164 -4400885.2099 -1361638.6226 4400885.2099 -4126944.5164 -678984.1624 4805928.6788  332074.9378     210.9543      54.7700
400000709 300000178                                         -5201899.7171 -2600949.8585 2600949.8585 -4688572.4479 -2687534.5848 3374031.3064 -5157396.7439 -1990680.8386 3166715.9053  331958.1435     243.1316      68.6838
400000710 300000178                                         -4074905.2917 -2716603.5278 4074905.2917 -4591494.5659 -2050103.9020 3912146.8074 -4688572.4479 -2687534.5848 3374031.3064  332135.9111     216.8228      71.7708
400000711 300000178                                         -5024649.2825 -1346350.7175 3678298.5650 -5157396.7439 -1990680.8386 3166715.9053 -4591494.5659 -2050103.9020 3912146.8074  331417.2039     220.6702      74.1415
400000712 300000178                                         -4688572.4479 -2687534.5848 3374031.3064 -4591494.5659 -2050103.9020 3912146.8074 -5157396.7439 -1990680.8386 3166715.9053  335024.3025     223.2112      75.3467
400000713 300000179                                         -2600949.8585 -2600949.8585 5201899.7171 -3166715.9053 -1990680.8386 5157396.7439 -3374031.3064 -2687534.5848 4688572.4479  331958.1435     207.2104      35.7144
400000714 300000179                                         -3678298.5650 -1346350.7175 5024649.2825 -3912146.8074 -2050103.9020 4591494.5659 -3166715.9053 -1990680.8386 5157396.7439  331417.2039     207.9098      39.1544
400000715 300000179                                         -4074905.2917 -2716603.5278 4074905.2917 -3374031.3064 -2687534.5848 4688572.4479 -3912146.8074 -2050103.9020 4591494.5659  332135.9111     209.6101      56.9082
400000716 300000179                                         -3166715.9053 -1990680.8386 5157396.7439 -3912146.8074 -2050103.9020 4591494.5659 -3374031.3064 -2687534.5848 4688572.4479  335024.3025     207.4275      43.9288
400000717 300000180                                         -5024649.2825 -1346350.7175 3678298.5650 -4591494.5659 -2050103.9020 3912146.8074 -4400885.2099 -1361638.6226 4400885.2099  344128.0612     212.7200      70.0293
400000718 300000180                                         -4074905.2917 -2716603.5278 4074905.2917 -3912146.8074 -2050103.9020 4591494.5659 -4591494.5659 -2050103.9020 3912146.8074  343384.2298     211.6553      62.8835
400000719 300000180                                         -3678298.5650 -1346350.7175 5024649.2825 -4400885.2099 -1361638.6226 4400885.2099 -3912146.8074 -2050103.9020 4591494.5659  344128.0612     209.4569      47.8438
400000720 300000180                                         -4591494.5659 -2050103.9020 3912146.8074 -3912146.8074 -2050103.9020 4591494.5659 -4400885.2099 -1361638.6226 4400885.2099  347308.3434     210.6363      60.2939
400000721 300000181                                         -4504977.3029 -4504977.3029       0.0000 -4126944.5164 -4805928.6788  678984.1624 -4805928.6788 -4126944.5164  678984.1624  328324.9483     264.5336      83.9573
400000722 300000181                                         -3678298.5650 -5024649.2825 1346350.7175 -4400885.2099 -4400885.2099 1361638.6226 -4126944.5164 -4805928.6788  678984.1624  329212.3599     236.7192     105.4027
400000723 300000181                                         -5024649.2825 -3678298.5650 1346350.7175 -4805928.6788 -4126944.5164  678984.1624 -4400885.2099 -4400885.2099 1361638.6226  329212.3599     240.9770     101.4515
400000724 300000181                                         -4126944.5164 -4805928.6788  678984.1624 -4400885.2099 -4400885.2099 1361638.6226 -4805928.6788 -4126944.5164  678984.1624  332074.9378     233.6356     119.9617
400000725 300000182                                         -2600949.8585 -5201899.7171 2600949.8585 -3374031.3064 -4688572.4479 2687534.5848 -3166715.9053 -5157396.7439 1990680.8386  331958.1435     249.2780      85.2793
400000726 300000182                                         -4074905.2917 -4074905.2917 2716603.5278 -3912146.8074 -4591494.5659 2050103.9020 -3374031.3064 -4688572.4479 2687534.5848  332135.9111     249.1334      84.5908
400000727 300000182                                         -3678298.5650 -5024649.2825 1346350.7175 -3166715.9053 -5157396.7439 1990680.8386 -3912146.8074 -4591494.5659 2050103.9020  331417.2039     245.8009      92.0168
400000728 300000182                                         -3374031.3064 -4688572.4479 2687534.5848 -3912146.8074 -4591494.5659 2050103.9020 -3166715.9053 -5157396.7439 1990680.8386  335024.3025     246.5436      91.2929
400000729 300000183                                         -5201899.7171 -2600949.8585 2600949.8585 -5157396.7439 -3166715.9053 1990680.8386 -4688572.4479 -3374031.3064 2687534.5848  331958.1435     259.6975      64.7111
400000730 300000183                                         -5024649.2825 -3678298.5650 1346350.7175 -4591494.5659 -3912146.8074 2050103.9020 -5157396.7439 -3166715.9053 1990680.8386  331417.2039     255.5108      77.4140
400000731 300000183                                         -4074905.2917 -4074905.2917 2716603.5278 -4688572.4479 -3374031.3064 2687534.5848 -4591494.5659 -3912146.8074 2050103.9020  332135.9111     253.5420      74.2170
400000732 300000183                                         -5157396.7439 -3166715.9053 1990680.8386 -4591494.5659 -3912146.8074 2050103.9020 -4688572.4479 -3374031.3064 2687534.5848  335024.3025     256.3787      70.3869
400000733 300000184                                         -3678298.5650 -5024649.2825 1346350.7175 -3912146.8074 -4591494.5659 2050103.9020 -4400885.2099 -4400885.2099 1361638.6226  344128.0612     245.4837      90.9776
400000734 300000184                                         -4074905.2917 -4074905.2917 2716603.5278 -4591494.5659 -3912146.8074 2050103.9020 -3912146.8074 -4591494.5659 2050103.9020  343384.2298     249.8180      84.1137
400000735 300000184                                         -5024649.2825 -3678298.5650 1346350.7175 -4400885.2099 -4400885.2099 1361638.6226 -4591494.5659 -3912146.8074 2050103.9020  344128.0612     249.8987      84.4124
400000736 300000184                                         -3912146.8074 -4591494.5659 2050103.9020 -4591494.5659 -3912146.8074 2050103.9020 -4400885.2099 -4400885.2099 1361638.6226  347308.3434     247.9140      88.8592
400000737 300000185                                               0.0000 -4504977.3029 4504977.3029 -678984.1624 -4126944.5164 4805928.6788 -678984.1624 -4805928.6788 4126944.5164  328324.9483     200.7185      64.8772
400000738 300000185                                         -1346350.7175 -3678298.5650 5024649.2825 -1361638.6226 -4400885.2099 4400885.2099 -678984.1624 -4126944.5164 4805928.6788  329212.3599     194.3067      53.2383
400000739 300000185                                         -1346350.7175 -5024649.2825 3678298.5650 -678984.1624 -4805928.6788 4126944.5164 -1361638.6226 -4400885.2099 4400885.2099  329212.3599     206.8387      67.5637
400000740 300000185                                         -678984.1624 -4126944.5164 4805928.6788 -1361638.6226 -4400885.2099 4400885.2099 -678984.1624 -4805928.6788 4126944.5164  332074.9378     201.4125      61.0119
400000741 300000186                                         -2600949.8585 -2600949.8585 5201899.7171 -2687534.5848 -3374031.3064 4688572.4479 -1990680.8386 -3166715.9053 5157396.7439  331958.1435     196.1572      36.3271
400000742 300000186                                         -2716603.5278 -4074905.2917 4074905.2917 -2050103.9020 -3912146.8074 4591494.5659 -2687534.5848 -3374031.3064 4688572.4479  332135.9111     206.0327      54.0305
400000743 300000186                                         -1346350.7175 -3678298.5650 5024649.2825 -1990680.8386 -3166715.9053 5157396.7439 -2050103.9020 -3912146.8074 4591494.5659  331417.2039     187.8283      42.7858
400000744 300000186                                         -2687534.5848 -3374031.3064 4688572.4479 -2050103.9020 -3912146.8074 4591494.5659 -1990680.8386 -3166715.9053 5157396.7439  335024.3025     195.4395      45.0591
400000745 300000187                                         -2600949.8585 -5201899.7171 2600949.8585 -1990680.8386 -5157396.7439 3166715.9053 -2687534.5848 -4688572.4479 3374031.3064  331958.1435     255.7293      55.5040
400000746 300000187                                         -1346350.7175 -5024649.2825 3678298.5650 -2050103.9020 -4591494.5659 3912146.8074 -1990680.8386 -5157396.7439 3166715.9053  331417.2039     225.4078      62.5302
400000747 300000187                                         -2716603.5278 -4074905.2917 4074905.2917 -2687534.5848 -4688572.4479 3374031.3064 -2050103.9020 -4591494.5659 3912146.8074  332135.9111     226.2452      59.1118
400000748 300000187                                         -1990680.8386 -5157396.7439 3166715.9053 -2050103.9020 -4591494.5659 3912146.8074 -2687534.5848 -4688572.4479 3374031.3064  335024.3025     240.1520      58.4624
400000749 300000188                                         -1346350.7175 -3678298.5650 5024649.2825 -2050103.9020 -3912146.8074 4591494.5659 -1361638.6226 -4400885.2099 4400885.2099  344128.0612     190.6577      53.6791
400000750 300000188                                         -2716603.5278 -4074905.2917 4074905.2917 -2050103.9020 -4591494.5659 3912146.8074 -2050103.9020 -3912146.8074 4591494.5659  343384.2298     202.9756      63.7289
400000751 300000188                                         -1346350.7175 -5024649.2825 3678298.5650 -1361638.6226 -4400885.2099 4400885.2099 -2050103.9020 -4591494.5659 3912146.8074  344128.0612     202.8973      70.3467
400000752 300000188                                         -2050103.9020 -3912146.8074 4591494.5659 -2050103.9020 -4591494.5659 3912146.8074 -1361638.6226 -4400885.2099 4400885.2099  347308.3434     196.0057      66.5227
400000753 300000189                                         -5201899.7171 -2600949.8585 2600949.8585 -4688572.4479 -3374031.3064 2687534.5848 -4688572.4479 -2687534.5848 3374031.3064  387995.8446     251.2776      66.0876
400000754 300000189                                         -4074905.2917 -4074905.2917 2716603.5278 -4122015.5885 -3435012.9904 3435012.9904 -4688572.4479 -3374031.3064 2687534.5848  388281.7658     248.8281      70.5672
400000755 300000189                                         -4074905.2917 -2716603.5278 4074905.2917 -4688572.4479 -2687534.5848 3374031.3064 -4122015.5885 -3435012.9904 3435012.9904  388281.7658     224.7577      71.3932
400000756 300000189                                         -4688572.4479 -3374031.3064 2687534.5848 -4122015.5885 -3435012.9904 3435012.9904 -4688572.4479 -2687534.5848 3374031.3064  392517.4362     242.1695      69.2509
400000757 300000190                                         -2600949.8585 -5201899.7171 2600949.8585 -2687534.5848 -4688572.4479 3374031.3064 -3374031.3064 -4688572.4479 2687534.5848  387995.8446     252.8812      69.6294
400000758 300000190                                         -2716603.5278 -4074905.2917 4074905.2917 -3435012.9904 -4122015.5885 3435012.9904 -2687534.5848 -4688572.4479 3374031.3064  388281.7658     238.2336      60.9649
400000759 300000190                                         -4074905.2917 -4074905.2917 2716603.5278 -3374031.3064 -4688572.4479 2687534.5848 -3435012.9904 -4122015.5885 3435012.9904  388281.7658     249.0619      75.1616
400000760 300000190                                         -2687534.5848 -4688572.4479 3374031.3064 -3435012.9904 -4122015.5885 3435012.9904 -3374031.3064 -4688572.4479 2687534.5848  392517.4362     249.0423      67.9549
400000761 300000191                                         -2600949.8585 -2600949.8585 5201899.7171 -3374031.3064 -2687534.5848 4688572.4479 -2687534.5848 -3374031.3064 4688572.4479  387995.8446     207.9238      41.4595
400000762 300000191                                         -4074905.2917 -2716603.5278 4074905.2917 -3435012.9904 -3435012.9904 4122015.5885 -3374031.3064 -2687534.5848 4688572.4479  388281.7658     213.5218      61.6277
400000763 300000191                                         -2716603.5278 -4074905.2917 4074905.2917 -2687534.5848 -3374031.3064 4688572.4479 -3435012.9904 -3435012.9904 4122015.5885  388281.7658     217.3334      56.7038
400000764 300000191                                         -3374031.3064 -2687534.5848 4688572.4479 -3435012.9904 -3435012.9904 4122015.5885 -2687534.5848 -3374031.3064 4688572.4479  392517.4362     213.1098      53.7991
400000765 300000192                                         -4074905.2917 -4074905.2917 2716603.5278 -3435012.9904 -4122015.5885 3435012.9904 -4122015.5885 -3435012.9904 3435012.9904  405996.4825     243.0488      73.6830
400000766 300000192                                         -2716603.5278 -4074905.2917 4074905.2917 -3435012.9904 -3435012.9904 4122015.5885 -3435012.9904 -4122015.5885 3435012.9904  405996.4825     227.2220      65.1721
400000767 300000192                                         -4074905.2917 -2716603.5278 4074905.2917 -4122015.5885 -3435012.9904 3435012.9904 -3435012.9904 -3435012.9904 4122015.5885  405996.4825     221.1724      70.3883
400000768 300000192                                         -3435012.9904 -4122015.5885 3435012.9904 -3435012.9904 -3435012.9904 4122015.5885 -4122015.5885 -3435012.9904 3435012.9904  410731.3740     229.5027      70.8211
400000769 300000193                                               0.0000       0.0000 6371000.0000       0.0000 -624467.2010 6340321.8936  624467.2010       0.0000 6340321.8936  195921.5441     169.7176       0.0453
400000770 300000193                                               0.0000 -1242920.4416 6248583.0214  627459.2093 -627459.2093 6308900.9250       0.0000 -624467.2010 6340321.8936  196860.2699     166.3321       0.0339
400000771 300000193                                         1242920.4416       0.0000 6248583.0214  624467.2010       0.0000 6340321.8936  627459.2093 -627459.2093 6308900.9250  196860.2699     172.0990       0.0339
400000772 300000193                                               0.0000 -624467.2010 6340321.8936  627459.2093 -627459.2093 6308900.9250  624467.2010       0.0000 6340321.8936  197817.4310     167.8514       0.0393
400000773 300000194                                               0.0000 -2438076.1476 5886036.5016  639129.1082 -1869698.6039 6056845.8882       0.0000 -1849403.6788 6096666.8789  200521.8161     170.3149       0.1855
400000774 300000194                                         1266279.9131 -1266279.9131 6114140.2800  636326.6289 -1260914.7366 6212473.2151  639129.1082 -1869698.6039 6056845.8882  200560.6406     173.5799       0.0557
400000775 300000194                                               0.0000 -1242920.4416 6248583.0214       0.0000 -1849403.6788 6096666.8789  636326.6289 -1260914.7366 6212473.2151  199642.5528     172.7147       0.0413
400000776 300000194                                          639129.1082 -1869698.6039 6056845.8882  636326.6289 -1260914.7366 6212473.2151       0.0000 -1849403.6788 6096666.8789  201535.9727     176.5950       0.0578
400000777 300000195                                         2438076.1476       0.0000 5886036.5016 1849403.6788       0.0000 6096666.8789 1869698.6039 -639129.1082 6056845.8882  200521.8161     188.8541       0.1854
400000778 300000195                                         1242920.4416       0.0000 6248583.0214 1260914.7366 -636326.6289 6212473.2151 1849403.6788       0.0000 6096666.8789  199642.5528     181.7819       0.0413
400000779 300000195                                         1266279.9131 -1266279.9131 6114140.2800 1869698.6039 -639129.1082 6056845.8882 1260914.7366 -636326.6289 6212473.2151  200560.6406     155.8730       0.0557
400000780 300000195                                         1849403.6788       0.0000 6096666.8789 1260914.7366 -636326.6289 6212473.2151 1869698.6039 -639129.1082 6056845.8882  201535.9727     179.6343       0.0578
400000781 300000196                                               0.0000 -1242920.4416 6248583.0214  636326.6289 -1260914.7366 6212473.2151  627459.2093 -627459.2093 6308900.9250  204548.8197     166.6316       0.0332
400000782 300000196                                         1266279.9131 -1266279.9131 6114140.2800 1260914.7366 -636326.6289 6212473.2151  636326.6289 -1260914.7366 6212473.2151  203612.8458     150.4405       0.0419
400000783 300000196                                         1242920.4416       0.0000 6248583.0214  627459.2093 -627459.2093 6308900.9250 1260914.7366 -636326.6289 6212473.2151  204548.8197     168.8015       0.0332
400000784 300000196                                          636326.6289 -1260914.7366 6212473.2151 1260914.7366 -636326.6289 6212473.2151  627459.2093 -627459.2093 6308900.9250  205583.5447     155.6213       0.0338
400000785 300000197                                               0.0000 -4504977.3029 4504977.3029  678984.1624 -4126944.5164 4805928.6788       0.0000 -4041719.6134 4924849.5984  213029.7505     195.3507      49.7597
400000786 300000197                                         1346350.7175 -3678298.5650 5024649.2825  677162.3725 -3630292.7893 5191537.9595  678984.1624 -4126944.5164 4805928.6788  213259.5913     185.6232      40.2451
400000787 300000197                                               0.0000 -3539537.9546 5297292.9000       0.0000 -4041719.6134 4924849.5984  677162.3725 -3630292.7893 5191537.9595  212458.1628     185.7084      32.2798
400000788 300000197                                          678984.1624 -4126944.5164 4805928.6788  677162.3725 -3630292.7893 5191537.9595       0.0000 -4041719.6134 4924849.5984  214297.3599     188.7996      38.8527
400000789 300000198                                         2600949.8585 -2600949.8585 5201899.7171 1976963.3461 -2604139.2443 5468063.2517 1990680.8386 -3166715.9053 5157396.7439  213953.8407     193.6625      26.9126
400000790 300000198                                         1330561.6814 -2577802.4491 5672228.9398 1345228.8674 -3143878.6287 5375502.5311 1976963.3461 -2604139.2443 5468063.2517  213196.7862     185.5989      15.7097
400000791 300000198                                         1346350.7175 -3678298.5650 5024649.2825 1990680.8386 -3166715.9053 5157396.7439 1345228.8674 -3143878.6287 5375502.5311  213817.3983     182.7103      30.6062
400000792 300000198                                         1976963.3461 -2604139.2443 5468063.2517 1345228.8674 -3143878.6287 5375502.5311 1990680.8386 -3166715.9053 5157396.7439  215042.4187     189.3846      23.7731
400000793 300000199                                               0.0000 -2438076.1476 5886036.5016       0.0000 -3003268.6103 5618720.3752  669073.8784 -2522238.0841 5812081.9155  209920.2574     177.8498       3.2734
400000794 300000199                                               0.0000 -3539537.9546 5297292.9000  671168.2896 -3085738.1156 5533298.6915       0.0000 -3003268.6103 5618720.3752  210577.3796     185.8849      17.5716
400000795 300000199                                         1330561.6814 -2577802.4491 5672228.9398  669073.8784 -2522238.0841 5812081.9155  671168.2896 -3085738.1156 5533298.6915  210758.2000     179.2864       7.5852
400000796 300000199                                               0.0000 -3003268.6103 5618720.3752  671168.2896 -3085738.1156 5533298.6915  669073.8784 -2522238.0841 5812081.9155  211783.6604     182.7209       8.4011
400000797 300000200                                         1346350.7175 -3678298.5650 5024649.2825 1345228.8674 -3143878.6287 5375502.5311  677162.3725 -3630292.7893 5191537.9595  217445.2803     181.9231      31.0838
400000798 300000200                                         1330561.6814 -2577802.4491 5672228.9398  671168.2896 -3085738.1156 5533298.6915 1345228.8674 -3143878.6287 5375502.5311  218077.9738     182.8910      15.0157
400000799 300000200                                               0.0000 -3539537.9546 5297292.9000  677162.3725 -3630292.7893 5191537.9595  671168.2896 -3085738.1156 5533298.6915  218265.1507     187.8406      24.6805
400000800 300000200                                         1345228.8674 -3143878.6287 5375502.5311  671168.2896 -3085738.1156 5533298.6915  677162.3725 -3630292.7893 5191537.9595  219375.9096     182.8965      24.4849
400000801 300000201                                         4504977.3029       0.0000 4504977.3029 4041719.6134       0.0000 4924849.5984 4126944.5164 -678984.1624 4805928.6788  213029.7505     217.6721      45.5898
400000802 300000201                                         3539537.9546       0.0000 5297292.9000 3630292.7893 -677162.3725 5191537.9595 4041719.6134       0.0000 4924849.5984  212458.1628     208.3617      29.5031
400000803 300000201                                         3678298.5650 -1346350.7175 5024649.2825 4126944.5164 -678984.1624 4805928.6788 3630292.7893 -677162.3725 5191537.9595  213259.5913     212.6071      36.6041
400000804 300000201                                         4041719.6134       0.0000 4924849.5984 3630292.7893 -677162.3725 5191537.9595 4126944.5164 -678984.1624 4805928.6788  214297.3599     213.7942      36.0401
400000805 300000202                                         2438076.1476       0.0000 5886036.5016 2522238.0841 -669073.8784 5812081.9155 3003268.6103       0.0000 5618720.3752  209920.2574     196.0447       2.9125
400000806 300000202                                         2577802.4491 -1330561.6814 5672228.9398 3085738.1156 -671168.2896 5533298.6915 2522238.0841 -669073.8784 5812081.9155  210758.2000     193.8351       7.2252
400000807 300000202                                         3539537.9546       0.0000 5297292.9000 3003268.6103       0.0000 5618720.3752 3085738.1156 -671168.2896 5533298.6915  210577.3796     202.9574      15.6800
400000808 300000202                                         2522238.0841 -669073.8784 5812081.9155 3085738.1156 -671168.2896 5533298.6915 3003268.6103       0.0000 5618720.3752  211783.6604     198.5920       8.1437
400000809 300000203                                         2600949.8585 -2600949.8585 5201899.7171 3166715.9053 -1990680.8386 5157396.7439 2604139.2443 -1976963.3461 5468063.2517  213953.8407     200.5234      26.2091
400000810 300000203                                         3678298.5650 -1346350.7175 5024649.2825 3143878.6287 -1345228.8674 5375502.5311 3166715.9053 -1990680.8386 5157396.7439  213817.3983     205.0889      29.5831
400000811 300000203                                         2577802.4491 -1330561.6814 5672228.9398 2604139.2443 -1976963.3461 5468063.2517 3143878.6287 -1345228.8674 5375502.5311  213196.7862     199.6423      15.3888
400000812 300000203                                         3166715.9053 -1990680.8386 5157396.7439 3143878.6287 -1345228.8674 5375502.5311 2604139.2443 -1976963.3461 5468063.2517  215042.4187     202.1806      23.5956
400000813 300000204                                         3539537.9546       0.0000 5297292.9000 3085738.1156 -671168.2896 5533298.6915 3630292.7893 -677162.3725 5191537.9595  218265.1507     204.3506      22.0400
400000814 300000204                                         2577802.4491 -1330561.6814 5672228.9398 3143878.6287 -1345228.8674 5375502.5311 3085738.1156 -671168.2896 5533298.6915  218077.9738     199.8467      14.2935
400000815 300000204                                         3678298.5650 -1346350.7175 5024649.2825 3630292.7893 -677162.3725 5191537.9595 3143878.6287 -1345228.8674 5375502.5311  217445.2803     206.2898      29.3060
400000816 300000204                                         3085738.1156 -671168.2896 5533298.6915 3143878.6287 -1345228.8674 5375502.5311 3630292.7893 -677162.3725 5191537.9595  219375.9096     204.1611      21.6153
400000817 300000205                                               0.0000 -2438076.1476 5886036.5016  669073.8784 -2522238.0841 5812081.9155  639129.1082 -1869698.6039 6056845.8882  232651.5371     174.7437       0.6169
400000818 300000205                                         1330561.6814 -2577802.4491 5672228.9398 1306164.9224 -1933504.7432 5928333.1219  669073.8784 -2522238.0841 5812081.9155  231845.9895     177.0806       2.2496
400000819 300000205                                         1266279.9131 -1266279.9131 6114140.2800  639129.1082 -1869698.6039 6056845.8882 1306164.9224 -1933504.7432 5928333.1219  232712.3450     175.3837       0.1342
400000820 300000205                                          669073.8784 -2522238.0841 5812081.9155 1306164.9224 -1933504.7432 5928333.1219  639129.1082 -1869698.6039 6056845.8882  234046.8072     174.7680       0.5217
400000821 300000206                                         2600949.8585 -2600949.8585 5201899.7171 2604139.2443 -1976963.3461 5468063.2517 1976963.3461 -2604139.2443 5468063.2517  228300.1373     196.6499      21.3939
400000822 300000206                                         2577802.4491 -1330561.6814 5672228.9398 1973179.1775 -1973179.1775 5727370.1528 2604139.2443 -1976963.3461 5468063.2517  229212.6770     193.7745       9.4162
400000823 300000206                                         1330561.6814 -2577802.4491 5672228.9398 1976963.3461 -2604139.2443 5468063.2517 1973179.1775 -1973179.1775 5727370.1528  229212.6770     182.9167       9.8809
400000824 300000206                                         2604139.2443 -1976963.3461 5468063.2517 1973179.1775 -1973179.1775 5727370.1528 1976963.3461 -2604139.2443 5468063.2517  230526.8451     185.4816      12.9236
400000825 300000207                                         2438076.1476       0.0000 5886036.5016 1869698.6039 -639129.1082 6056845.8882 2522238.0841 -669073.8784 5812081.9155  232651.5371     188.9631       0.5945
400000826 300000207                                         1266279.9131 -1266279.9131 6114140.2800 1933504.7432 -1306164.9224 5928333.1219 1869698.6039 -639129.1082 6056845.8882  232712.3450     154.4819       0.1342
400000827 300000207                                         2577802.4491 -1330561.6814 5672228.9398 2522238.0841 -669073.8784 5812081.9155 1933504.7432 -1306164.9224 5928333.1219  231845.9895     185.0850       2.0476
400000828 300000207                                         1869698.6039 -639129.1082 6056845.8882 1933504.7432 -1306164.9224 5928333.1219 2522238.0841 -669073.8784 5812081.9155  234046.8072     178.0078       0.5083
400000829 300000208                                         1330561.6814 -2577802.4491 5672228.9398 1973179.1775 -1973179.1775 5727370.1528 1306164.9224 -1933504.7432 5928333.1219  238189.0310     179.4300       3.0375
400000830 300000208                                         2577802.4491 -1330561.6814 5672228.9398 1933504.7432 -1306164.9224 5928333.1219 1973179.1775 -1973179.1775 5727370.1528  238189.0310     179.4085       3.0123
400000831 300000208                                         1266279.9131 -1266279.9131 6114140.2800 1306164.9224 -1933504.7432 5928333.1219 1933504.7432 -1306164.9224 5928333.1219  237302.7613     156.5196       0.2370
400000832 300000208                                         1973179.1775 -1973179.1775 5727370.1528 1933504.7432 -1306164.9224 5928333.1219 1306164.9224 -1933504.7432 5928333.1219  239617.8861     160.2711       1.2864
400000833 300000209                                               0.0000 -6371000.0000       0.0000  624467.2010 -6340321.8936       0.0000       0.0000 -6340321.8936  624467.2010  195921.5441     270.1151     103.6961
400000834 300000209                                         1242920.4416 -6248583.0214       0.0000  627459.2093 -6308900.9250  627459.2093  624467.2010 -6340321.8936       0.0000  196860.2699     258.3934     121.6360
400000835 300000209                                               0.0000 -6248583.0214 1242920.4416       0.0000 -6340321.8936  624467.2010  627459.2093 -6308900.9250  627459.2093  196860.2699     265.2697      79.4319
400000836 300000209                                          624467.2010 -6340321.8936       0.0000  627459.2093 -6308900.9250  627459.2093       0.0000 -6340321.8936  624467.2010  197817.4310     260.8697     115.4699
400000837 300000210                                         2438076.1476 -5886036.5016       0.0000 1869698.6039 -6056845.8882  639129.1082 1849403.6788 -6096666.8789       0.0000  200521.8161     229.4300     126.4106
400000838 300000210                                         1266279.9131 -6114140.2800 1266279.9131 1260914.7366 -6212473.2151  636326.6289 1869698.6039 -6056845.8882  639129.1082  200560.6406     240.6421     118.6781
400000839 300000210                                         1242920.4416 -6248583.0214       0.0000 1849403.6788 -6096666.8789       0.0000 1260914.7366 -6212473.2151  636326.6289  199642.5528     230.8101     152.9329
400000840 300000210                                         1869698.6039 -6056845.8882  639129.1082 1260914.7366 -6212473.2151  636326.6289 1849403.6788 -6096666.8789       0.0000  201535.9727     236.1590     137.1707
400000841 300000211                                               0.0000 -5886036.5016 2438076.1476       0.0000 -6096666.8789 1849403.6788  639129.1082 -6056845.8882 1869698.6039  200521.8161     274.7860      77.9869
400000842 300000211                                               0.0000 -6248583.0214 1242920.4416  636326.6289 -6212473.2151 1260914.7366       0.0000 -6096666.8789 1849403.6788  199642.5528     278.3977      70.3719
400000843 300000211                                         1266279.9131 -6114140.2800 1266279.9131  639129.1082 -6056845.8882 1869698.6039  636326.6289 -6212473.2151 1260914.7366  200560.6406     267.3423      79.0660
400000844 300000211                                               0.0000 -6096666.8789 1849403.6788  636326.6289 -6212473.2151 1260914.7366  639129.1082 -6056845.8882 1869698.6039  201535.9727     270.8085      99.2951
400000845 300000212                                         1242920.4416 -6248583.0214       0.0000 1260914.7366 -6212473.2151  636326.6289  627459.2093 -6308900.9250  627459.2093  204548.8197     241.5886     140.4657
400000846 300000212                                         1266279.9131 -6114140.2800 1266279.9131  636326.6289 -6212473.2151 1260914.7366 1260914.7366 -6212473.2151  636326.6289  203612.8458     251.3185      99.7440
400000847 300000212                                               0.0000 -6248583.0214 1242920.4416  627459.2093 -6308900.9250  627459.2093  636326.6289 -6212473.2151 1260914.7366  204548.8197     268.6900      68.7285
400000848 300000212                                         1260914.7366 -6212473.2151  636326.6289  636326.6289 -6212473.2151 1260914.7366  627459.2093 -6308900.9250  627459.2093  205583.5447     246.3948     108.3511
400000849 300000213                                         4504977.3029 -4504977.3029       0.0000 4126944.5164 -4805928.6788  678984.1624 4041719.6134 -4924849.5984       0.0000  213029.7505     249.5367      80.3822
400000850 300000213                                         3678298.5650 -5024649.2825 1346350.7175 3630292.7893 -5191537.9595  677162.3725 4126944.5164 -4805928.6788  678984.1624  213259.5913     257.3584      74.3790
400000851 300000213                                         3539537.9546 -5297292.9000       0.0000 4041719.6134 -4924849.5984       0.0000 3630292.7893 -5191537.9595  677162.3725  212458.1628     241.6542     120.7164
400000852 300000213                                         4126944.5164 -4805928.6788  678984.1624 3630292.7893 -5191537.9595  677162.3725 4041719.6134 -4924849.5984       0.0000  214297.3599     242.8839     105.3875
400000853 300000214                                         2600949.8585 -5201899.7171 2600949.8585 2604139.2443 -5468063.2517 1976963.3461 3166715.9053 -5157396.7439 1990680.8386  213953.8407     280.0873      56.1710
400000854 300000214                                         2577802.4491 -5672228.9398 1330561.6814 3143878.6287 -5375502.5311 1345228.8674 2604139.2443 -5468063.2517 1976963.3461  213196.7862     280.5196      57.6087
400000855 300000214                                         3678298.5650 -5024649.2825 1346350.7175 3166715.9053 -5157396.7439 1990680.8386 3143878.6287 -5375502.5311 1345228.8674  213817.3983     278.5796      57.8127
400000856 300000214                                         2604139.2443 -5468063.2517 1976963.3461 3143878.6287 -5375502.5311 1345228.8674 3166715.9053 -5157396.7439 1990680.8386  215042.4187     281.1493      58.3460
400000857 300000215                                         2438076.1476 -5886036.5016       0.0000 3003268.6103 -5618720.3752       0.0000 2522238.0841 -5812081.9155  669073.8784  209920.2574     228.0740     118.8610
400000858 300000215                                         3539537.9546 -5297292.9000       0.0000 3085738.1156 -5533298.6915  671168.2896 3003268.6103 -5618720.3752       0.0000  210577.3796     242.0631     119.7306
400000859 300000215                                         2577802.4491 -5672228.9398 1330561.6814 2522238.0841 -5812081.9155  669073.8784 3085738.1156 -5533298.6915  671168.2896  210758.2000     259.3466     102.6214
400000860 300000215                                         3003268.6103 -5618720.3752       0.0000 3085738.1156 -5533298.6915  671168.2896 2522238.0841 -5812081.9155  669073.8784  211783.6604     238.5416     117.5594
400000861 300000216                                         3678298.5650 -5024649.2825 1346350.7175 3143878.6287 -5375502.5311 1345228.8674 3630292.7893 -5191537.9595  677162.3725  217445.2803     263.9019      71.2315
400000862 300000216                                         2577802.4491 -5672228.9398 1330561.6814 3085738.1156 -5533298.6915  671168.2896 3143878.6287 -5375502.5311 1345228.8674  218077.9738     262.9214      88.3703
400000863 300000216                                         3539537.9546 -5297292.9000       0.0000 3630292.7893 -5191537.9595  677162.3725 3085738.1156 -5533298.6915  671168.2896  218265.1507     245.4576     117.4930
400000864 300000216                                         3143878.6287 -5375502.5311 1345228.8674 3085738.1156 -5533298.6915  671168.2896 3630292.7893 -5191537.9595  677162.3725  219375.9096     252.2380      95.5695
400000865 300000217                                               0.0000 -4504977.3029 4504977.3029       0.0000 -4924849.5984 4041719.6134  678984.1624 -4805928.6788 4126944.5164  213029.7505     204.3583      75.3328
400000866 300000217                                               0.0000 -5297292.9000 3539537.9546  677162.3725 -5191537.9595 3630292.7893       0.0000 -4924849.5984 4041719.6134  212458.1628     218.4291      78.8251
400000867 300000217                                         1346350.7175 -5024649.2825 3678298.5650  678984.1624 -4805928.6788 4126944.5164  677162.3725 -5191537.9595 3630292.7893  213259.5913     216.5271      71.8755
400000868 300000217                                               0.0000 -4924849.5984 4041719.6134  677162.3725 -5191537.9595 3630292.7893  678984.1624 -4805928.6788 4126944.5164  214297.3599     210.8631      78.1832
400000869 300000218                                               0.0000 -5886036.5016 2438076.1476  669073.8784 -5812081.9155 2522238.0841       0.0000 -5618720.3752 3003268.6103  209920.2574     266.8953      66.3730
400000870 300000218                                         1330561.6814 -5672228.9398 2577802.4491  671168.2896 -5533298.6915 3085738.1156  669073.8784 -5812081.9155 2522238.0841  210758.2000     267.6881      61.8990
400000871 300000218                                               0.0000 -5297292.9000 3539537.9546       0.0000 -5618720.3752 3003268.6103  671168.2896 -5533298.6915 3085738.1156  210577.3796     241.6822      73.9658
400000872 300000218                                          669073.8784 -5812081.9155 2522238.0841  671168.2896 -5533298.6915 3085738.1156       0.0000 -5618720.3752 3003268.6103  211783.6604     260.0920      67.3086
400000873 300000219                                         2600949.8585 -5201899.7171 2600949.8585 1990680.8386 -5157396.7439 3166715.9053 1976963.3461 -5468063.2517 2604139.2443  213953.8407     271.1354      56.8721
400000874 300000219                                         1346350.7175 -5024649.2825 3678298.5650 1345228.8674 -5375502.5311 3143878.6287 1990680.8386 -5157396.7439 3166715.9053  213817.3983     246.3774      69.6408
400000875 300000219                                         1330561.6814 -5672228.9398 2577802.4491 1976963.3461 -5468063.2517 2604139.2443 1345228.8674 -5375502.5311 3143878.6287  213196.7862     270.7973      58.2526
400000876 300000219                                         1990680.8386 -5157396.7439 3166715.9053 1345228.8674 -5375502.5311 3143878.6287 1976963.3461 -5468063.2517 2604139.2443  215042.4187     263.6172      60.7531
400000877 300000220                                               0.0000 -5297292.9000 3539537.9546  671168.2896 -5533298.6915 3085738.1156  677162.3725 -5191537.9595 3630292.7893  218265.1507     231.4753      76.2242
400000878 300000220                                         1330561.6814 -5672228.9398 2577802.4491 1345228.8674 -5375502.5311 3143878.6287  671168.2896 -5533298.6915 3085738.1156  218077.9738     261.9888      65.2166
400000879 300000220                                         1346350.7175 -5024649.2825 3678298.5650  677162.3725 -5191537.9595 3630292.7893 1345228.8674 -5375502.5311 3143878.6287  217445.2803     237.9176      69.7883
400000880 300000220                                          671168.2896 -5533298.6915 3085738.1156 1345228.8674 -5375502.5311 3143878.6287  677162.3725 -5191537.9595 3630292.7893  219375.9096     244.1872      70.0048
400000881 300000221                                         2438076.1476 -5886036.5016       0.0000 2522238.0841 -5812081.9155  669073.8784 1869698.6039 -6056845.8882  639129.1082  232651.5371     236.9631     112.2866
400000882 300000221                                         2577802.4491 -5672228.9398 1330561.6814 1933504.7432 -5928333.1219 1306164.9224 2522238.0841 -5812081.9155  669073.8784  231845.9895     269.7313      86.3453
400000883 300000221                                         1266279.9131 -6114140.2800 1266279.9131 1869698.6039 -6056845.8882  639129.1082 1933504.7432 -5928333.1219 1306164.9224  232712.3450     260.2091      90.1828
400000884 300000221                                         2522238.0841 -5812081.9155  669073.8784 1933504.7432 -5928333.1219 1306164.9224 1869698.6039 -6056845.8882  639129.1082  234046.8072     260.1528     100.2951
400000885 300000222                                         2600949.8585 -5201899.7171 2600949.8585 1976963.3461 -5468063.2517 2604139.2443 2604139.2443 -5468063.2517 1976963.3461  228300.1373     279.5103      54.8090
400000886 300000222                                         1330561.6814 -5672228.9398 2577802.4491 1973179.1775 -5727370.1528 1973179.1775 1976963.3461 -5468063.2517 2604139.2443  229212.6770     279.9013      58.0157
400000887 300000222                                         2577802.4491 -5672228.9398 1330561.6814 2604139.2443 -5468063.2517 1976963.3461 1973179.1775 -5727370.1528 1973179.1775  229212.6770     281.9347      58.7876
400000888 300000222                                         1976963.3461 -5468063.2517 2604139.2443 1973179.1775 -5727370.1528 1973179.1775 2604139.2443 -5468063.2517 1976963.3461  230526.8451     280.6905      61.3757
400000889 300000223                                               0.0000 -5886036.5016 2438076.1476  639129.1082 -6056845.8882 1869698.6039  669073.8784 -5812081.9155 2522238.0841  232651.5371     275.3418      62.5236
400000890 300000223                                         1266279.9131 -6114140.2800 1266279.9131 1306164.9224 -5928333.1219 1933504.7432  639129.1082 -6056845.8882 1869698.6039  232712.3450     276.0593      61.8785
400000891 300000223                                         1330561.6814 -5672228.9398 2577802.4491  669073.8784 -5812081.9155 2522238.0841 1306164.9224 -5928333.1219 1933504.7432  231845.9895     278.8088      59.1701
400000892 300000223                                          639129.1082 -6056845.8882 1869698.6039 1306164.9224 -5928333.1219 1933504.7432  669073.8784 -5812081.9155 2522238.0841  234046.8072     279.3543      58.4128
400000893 300000224                                         2577802.4491 -5672228.9398 1330561.6814 1973179.1775 -5727370.1528 1973179.1775 1933504.7432 -5928333.1219 1306164.9224  238189.0310     279.8908      61.8264
400000894 300000224                                         1330561.6814 -5672228.9398 2577802.4491 1306164.9224 -5928333.1219 1933504.7432 1973179.1775 -5727370.1528 1973179.1775  238189.0310     281.5332      59.3840
400000895 300000224                                         1266279.9131 -6114140.2800 1266279.9131 1933504.7432 -5928333.1219 1306164.9224 1306164.9224 -5928333.1219 1933504.7432  237302.7613     277.2577      59.6488
400000896 300000224                                         1973179.1775 -5727370.1528 1973179.1775 1306164.9224 -5928333.1219 1933504.7432 1933504.7432 -5928333.1219 1306164.9224  239617.8861     281.2019      59.1990
400000897 300000225                                         6371000.0000       0.0000       0.0000 6340321.8936       0.0000  624467.2010 6340321.8936 -624467.2010       0.0000  195921.5441     261.7094      85.9343
400000898 300000225                                         6248583.0214       0.0000 1242920.4416 6308900.9250 -627459.2093  627459.2093 6340321.8936       0.0000  624467.2010  196860.2699     275.4854      77.8630
400000899 300000225                                         6248583.0214 -1242920.4416       0.0000 6340321.8936 -624467.2010       0.0000 6308900.9250 -627459.2093  627459.2093  196860.2699     266.7376      81.7566
400000900 300000225                                         6340321.8936       0.0000  624467.2010 6308900.9250 -627459.2093  627459.2093 6340321.8936 -624467.2010       0.0000  197817.4310     264.5772      81.7351
400000901 300000226                                         5886036.5016       0.0000 2438076.1476 6056845.8882 -639129.1082 1869698.6039 6096666.8789       0.0000 1849403.6788  200521.8161     263.5590     116.0736
400000902 300000226                                         6114140.2800 -1266279.9131 1266279.9131 6212473.2151 -636326.6289 1260914.7366 6056845.8882 -639129.1082 1869698.6039  200560.6406     271.5597      77.9045
400000903 300000226                                         6248583.0214       0.0000 1242920.4416 6096666.8789       0.0000 1849403.6788 6212473.2151 -636326.6289 1260914.7366  199642.5528     283.7774      84.9796
400000904 300000226                                         6056845.8882 -639129.1082 1869698.6039 6212473.2151 -636326.6289 1260914.7366 6096666.8789       0.0000 1849403.6788  201535.9727     273.4090      94.2583
400000905 300000227                                         5886036.5016 -2438076.1476       0.0000 6096666.8789 -1849403.6788       0.0000 6056845.8882 -1869698.6039  639129.1082  200521.8161     258.2334      90.4435
400000906 300000227                                         6248583.0214 -1242920.4416       0.0000 6212473.2151 -1260914.7366  636326.6289 6096666.8789 -1849403.6788       0.0000  199642.5528     265.0395      86.2988
400000907 300000227                                         6114140.2800 -1266279.9131 1266279.9131 6056845.8882 -1869698.6039  639129.1082 6212473.2151 -1260914.7366  636326.6289  200560.6406     257.6560      79.7858
400000908 300000227                                         6096666.8789 -1849403.6788       0.0000 6212473.2151 -1260914.7366  636326.6289 6056845.8882 -1869698.6039  639129.1082  201535.9727     249.7990      97.5336
400000909 300000228                                         6248583.0214       0.0000 1242920.4416 6212473.2151 -636326.6289 1260914.7366 6308900.9250 -627459.2093  627459.2093  204548.8197     280.6029      71.2638
400000910 300000228                                         6114140.2800 -1266279.9131 1266279.9131 6212473.2151 -1260914.7366  636326.6289 6212473.2151 -636326.6289 1260914.7366  203612.8458     267.7467      70.7967
400000911 300000228                                         6248583.0214 -1242920.4416       0.0000 6308900.9250 -627459.2093  627459.2093 6212473.2151 -1260914.7366  636326.6289  204548.8197     259.0578      88.7028
400000912 300000228                                         6212473.2151 -636326.6289 1260914.7366 6212473.2151 -1260914.7366  636326.6289 6308900.9250 -627459.2093  627459.2093  205583.5447     268.2920      79.3367
400000913 300000229                                         4504977.3029       0.0000 4504977.3029 4805928.6788 -678984.1624 4126944.5164 4924849.5984       0.0000 4041719.6134  213029.7505     220.6178      55.4218
400000914 300000229                                         5024649.2825 -1346350.7175 3678298.5650 5191537.9595 -677162.3725 3630292.7893 4805928.6788 -678984.1624 4126944.5164  213259.5913     242.9784      55.4454
400000915 300000229                                         5297292.9000       0.0000 3539537.9546 4924849.5984       0.0000 4041719.6134 5191537.9595 -677162.3725 3630292.7893  212458.1628     239.2109      56.0311
400000916 300000229                                         4805928.6788 -678984.1624 4126944.5164 5191537.9595 -677162.3725 3630292.7893 4924849.5984       0.0000 4041719.6134  214297.3599     233.3859      56.0794
400000917 300000230                                         5201899.7171 -2600949.8585 2600949.8585 5468063.2517 -1976963.3461 2604139.2443 5157396.7439 -1990680.8386 3166715.9053  213953.8407     257.3989      61.1964
400000918 300000230                                         5672228.9398 -1330561.6814 2577802.4491 5375502.5311 -1345228.8674 3143878.6287 5468063.2517 -1976963.3461 2604139.2443  213196.7862     260.6821      63.7789
400000919 300000230                                         5024649.2825 -1346350.7175 3678298.5650 5157396.7439 -1990680.8386 3166715.9053 5375502.5311 -1345228.8674 3143878.6287  213817.3983     249.2623      63.1827
400000920 300000230                                         5468063.2517 -1976963.3461 2604139.2443 5375502.5311 -1345228.8674 3143878.6287 5157396.7439 -1990680.8386 3166715.9053  215042.4187     257.1180      59.5123
400000921 300000231                                         5886036.5016       0.0000 2438076.1476 5618720.3752       0.0000 3003268.6103 5812081.9155 -669073.8784 2522238.0841  209920.2574     257.5215      97.6266
400000922 300000231                                         5297292.9000       0.0000 3539537.9546 5533298.6915 -671168.2896 3085738.1156 5618720.3752       0.0000 3003268.6103  210577.3796     248.1057      78.1117
400000923 300000231                                         5672228.9398 -1330561.6814 2577802.4491 5812081.9155 -669073.8784 2522238.0841 5533298.6915 -671168.2896 3085738.1156  210758.2000     256.6396      88.8961
400000924 300000231                                         5618720.3752       0.0000 3003268.6103 5533298.6915 -671168.2896 3085738.1156 5812081.9155 -669073.8784 2522238.0841  211783.6604     256.0614      82.6672
400000925 300000232                                         5024649.2825 -1346350.7175 3678298.5650 5375502.5311 -1345228.8674 3143878.6287 5191537.9595 -677162.3725 3630292.7893  217445.2803     249.6580      58.7279
400000926 300000232                                         5672228.9398 -1330561.6814 2577802.4491 5533298.6915 -671168.2896 3085738.1156 5375502.5311 -1345228.8674 3143878.6287  218077.9738     257.7871      72.2196
400000927 300000232                                         5297292.9000       0.0000 3539537.9546 5191537.9595 -677162.3725 3630292.7893 5533298.6915 -671168.2896 3085738.1156  218265.1507     242.3286      62.5418
400000928 300000232                                         5375502.5311 -1345228.8674 3143878.6287 5533298.6915 -671168.2896 3085738.1156 5191537.9595 -677162.3725 3630292.7893  219375.9096     252.4035      55.5370
400000929 300000233                                         4504977.3029 -4504977.3029       0.0000 4924849.5984 -4041719.6134       0.0000 4805928.6788 -4126944.5164  678984.1624  213029.7505     247.4013      83.8957
400000930 300000233                                         5297292.9000 -3539537.9546       0.0000 5191537.9595 -3630292.7893  677162.3725 4924849.5984 -4041719.6134       0.0000  212458.1628     241.8182      96.4468
400000931 300000233                                         5024649.2825 -3678298.5650 1346350.7175 4805928.6788 -4126944.5164  678984.1624 5191537.9595 -3630292.7893  677162.3725  213259.5913     236.7469      96.1483
400000932 300000233                                         4924849.5984 -4041719.6134       0.0000 5191537.9595 -3630292.7893  677162.3725 4805928.6788 -4126944.5164  678984.1624  214297.3599     228.5949     112.7281
400000933 300000234                                         5886036.5016 -2438076.1476       0.0000 5812081.9155 -2522238.0841  669073.8784 5618720.3752 -3003268.6103       0.0000  209920.2574     248.6905      93.9336
400000934 300000234                                         5672228.9398 -2577802.4491 1330561.6814 5533298.6915 -3085738.1156  671168.2896 5812081.9155 -2522238.0841  669073.8784  210758.2000     238.5656      93.7297
400000935 300000234                                         5297292.9000 -3539537.9546       0.0000 5618720.3752 -3003268.6103       0.0000 5533298.6915 -3085738.1156  671168.2896  210577.3796     240.2136     101.4515
400000936 300000234                                         5812081.9155 -2522238.0841  669073.8784 5533298.6915 -3085738.1156  671168.2896 5618720.3752 -3003268.6103       0.0000  211783.6604     226.5133     121.3169
400000937 300000235                                         5201899.7171 -2600949.8585 2600949.8585 5157396.7439 -3166715.9053 1990680.8386 5468063.2517 -2604139.2443 1976963.3461  213953.8407     261.0505      66.5915
400000938 300000235                                         5024649.2825 -3678298.5650 1346350.7175 5375502.5311 -3143878.6287 1345228.8674 5157396.7439 -3166715.9053 1990680.8386  213817.3983     254.5957      76.7701
400000939 300000235                                         5672228.9398 -2577802.4491 1330561.6814 5468063.2517 -2604139.2443 1976963.3461 5375502.5311 -3143878.6287 1345228.8674  213196.7862     250.5049      75.3105
400000940 300000235                                         5157396.7439 -3166715.9053 1990680.8386 5375502.5311 -3143878.6287 1345228.8674 5468063.2517 -2604139.2443 1976963.3461  215042.4187     255.0657      74.5367
400000941 300000236                                         5297292.9000 -3539537.9546       0.0000 5533298.6915 -3085738.1156  671168.2896 5191537.9595 -3630292.7893  677162.3725  218265.1507     224.1165     122.6957
400000942 300000236                                         5672228.9398 -2577802.4491 1330561.6814 5375502.5311 -3143878.6287 1345228.8674 5533298.6915 -3085738.1156  671168.2896  218077.9738     244.7456      83.9351
400000943 300000236                                         5024649.2825 -3678298.5650 1346350.7175 5191537.9595 -3630292.7893  677162.3725 5375502.5311 -3143878.6287 1345228.8674  217445.2803     244.0805      86.6654
400000944 300000236                                         5533298.6915 -3085738.1156  671168.2896 5375502.5311 -3143878.6287 1345228.8674 5191537.9595 -3630292.7893  677162.3725  219375.9096     234.9435      97.3020
400000945 300000237                                         5886036.5016       0.0000 2438076.1476 5812081.9155 -669073.8784 2522238.0841 6056845.8882 -639129.1082 1869698.6039  232651.5371     258.0645     110.7140
400000946 300000237                                         5672228.9398 -1330561.6814 2577802.4491 5928333.1219 -1306164.9224 1933504.7432 5812081.9155 -669073.8784 2522238.0841  231845.9895     253.1141     106.6743
400000947 300000237                                         6114140.2800 -1266279.9131 1266279.9131 6056845.8882 -639129.1082 1869698.6039 5928333.1219 -1306164.9224 1933504.7432  232712.3450     262.8299      92.3611
400000948 300000237                                         5812081.9155 -669073.8784 2522238.0841 5928333.1219 -1306164.9224 1933504.7432 6056845.8882 -639129.1082 1869698.6039  234046.8072     253.1181     119.5482
400000949 300000238                                         5201899.7171 -2600949.8585 2600949.8585 5468063.2517 -2604139.2443 1976963.3461 5468063.2517 -1976963.3461 2604139.2443  228300.1373     259.5790      62.7868
400000950 300000238                                         5672228.9398 -2577802.4491 1330561.6814 5727370.1528 -1973179.1775 1973179.1775 5468063.2517 -2604139.2443 1976963.3461  229212.6770     251.2335      69.2703
400000951 300000238                                         5672228.9398 -1330561.6814 2577802.4491 5468063.2517 -1976963.3461 2604139.2443 5727370.1528 -1973179.1775 1973179.1775  229212.6770     258.2732      67.4101
400000952 300000238                                         5468063.2517 -2604139.2443 1976963.3461 5727370.1528 -1973179.1775 1973179.1775 5468063.2517 -1976963.3461 2604139.2443  230526.8451     258.0394      61.9004
400000953 300000239                                         5886036.5016 -2438076.1476       0.0000 6056845.8882 -1869698.6039  639129.1082 5812081.9155 -2522238.0841  669073.8784  232651.5371     237.3101     110.3691
400000954 300000239                                         6114140.2800 -1266279.9131 1266279.9131 5928333.1219 -1933504.7432 1306164.9224 6056845.8882 -1869698.6039  639129.1082  232712.3450     260.9811      66.6669
400000955 300000239                                         5672228.9398 -2577802.4491 1330561.6814 5812081.9155 -2522238.0841  669073.8784 5928333.1219 -1933504.7432 1306164.9224  231845.9895     250.7189      74.2052
400000956 300000239                                         6056845.8882 -1869698.6039  639129.1082 5928333.1219 -1933504.7432 1306164.9224 5812081.9155 -2522238.0841  669073.8784  234046.8072     248.5709      80.6032
400000957 300000240                                         5672228.9398 -1330561.6814 2577802.4491 5727370.1528 -1973179.1775 1973179.1775 5928333.1219 -1306164.9224 1933504.7432  238189.0310     253.5708      97.3630
400000958 300000240                                         5672228.9398 -2577802.4491 1330561.6814 5928333.1219 -1933504.7432 1306164.9224 5727370.1528 -1973179.1775 1973179.1775  238189.0310     251.5289      66.7964
400000959 300000240                                         6114140.2800 -1266279.9131 1266279.9131 5928333.1219 -1306164.9224 1933504.7432 5928333.1219 -1933504.7432 1306164.9224  237302.7613     260.1324      79.0492
400000960 300000240                                         5727370.1528 -1973179.1775 1973179.1775 5928333.1219 -1933504.7432 1306164.9224 5928333.1219 -1306164.9224 1933504.7432  239617.8861     252.5119      79.8566
400000961 300000241                                               0.0000 -4504977.3029 4504977.3029  678984.1624 -4805928.6788 4126944.5164  678984.1624 -4126944.5164 4805928.6788  328324.9483     199.5178      64.0631
400000962 300000241                                         1346350.7175 -5024649.2825 3678298.5650 1361638.6226 -4400885.2099 4400885.2099  678984.1624 -4805928.6788 4126944.5164  329212.3599     209.4596      69.0883
400000963 300000241                                         1346350.7175 -3678298.5650 5024649.2825  678984.1624 -4126944.5164 4805928.6788 1361638.6226 -4400885.2099 4400885.2099  329212.3599     189.6144      50.5453
400000964 300000241                                          678984.1624 -4805928.6788 4126944.5164 1361638.6226 -4400885.2099 4400885.2099  678984.1624 -4126944.5164 4805928.6788  332074.9378     198.1757      64.9954
400000965 300000242                                         2600949.8585 -5201899.7171 2600949.8585 2687534.5848 -4688572.4479 3374031.3064 1990680.8386 -5157396.7439 3166715.9053  331958.1435     261.5994      59.7697
400000966 300000242                                         2716603.5278 -4074905.2917 4074905.2917 2050103.9020 -4591494.5659 3912146.8074 2687534.5848 -4688572.4479 3374031.3064  332135.9111     227.5497      71.5587
400000967 300000242                                         1346350.7175 -5024649.2825 3678298.5650 1990680.8386 -5157396.7439 3166715.9053 2050103.9020 -4591494.5659 3912146.8074  331417.2039     234.1165      73.9275
400000968 300000242                                         2687534.5848 -4688572.4479 3374031.3064 2050103.9020 -4591494.5659 3912146.8074 1990680.8386 -5157396.7439 3166715.9053  335024.3025     242.2143      67.2152
400000969 300000243                                         2600949.8585 -2600949.8585 5201899.7171 1990680.8386 -3166715.9053 5157396.7439 2687534.5848 -3374031.3064 4688572.4479  331958.1435     196.2231      38.2212
400000970 300000243                                         1346350.7175 -3678298.5650 5024649.2825 2050103.9020 -3912146.8074 4591494.5659 1990680.8386 -3166715.9053 5157396.7439  331417.2039     189.7279      39.2607
400000971 300000243                                         2716603.5278 -4074905.2917 4074905.2917 2687534.5848 -3374031.3064 4688572.4479 2050103.9020 -3912146.8074 4591494.5659  332135.9111     205.1935      61.8957
400000972 300000243                                         1990680.8386 -3166715.9053 5157396.7439 2050103.9020 -3912146.8074 4591494.5659 2687534.5848 -3374031.3064 4688572.4479  335024.3025     196.3105      46.5124
400000973 300000244                                         1346350.7175 -5024649.2825 3678298.5650 2050103.9020 -4591494.5659 3912146.8074 1361638.6226 -4400885.2099 4400885.2099  344128.0612     216.3901      70.9366
400000974 300000244                                         2716603.5278 -4074905.2917 4074905.2917 2050103.9020 -3912146.8074 4591494.5659 2050103.9020 -4591494.5659 3912146.8074  343384.2298     211.2922      69.5718
400000975 300000244                                         1346350.7175 -3678298.5650 5024649.2825 1361638.6226 -4400885.2099 4400885.2099 2050103.9020 -3912146.8074 4591494.5659  344128.0612     193.4187      50.5383
400000976 300000244                                         2050103.9020 -4591494.5659 3912146.8074 2050103.9020 -3912146.8074 4591494.5659 1361638.6226 -4400885.2099 4400885.2099  347308.3434     207.0002      62.8024
400000977 300000245                                         4504977.3029 -4504977.3029       0.0000 4805928.6788 -4126944.5164  678984.1624 4126944.5164 -4805928.6788  678984.1624  328324.9483     242.3193      92.4734
400000978 300000245                                         5024649.2825 -3678298.5650 1346350.7175 4400885.2099 -4400885.2099 1361638.6226 4805928.6788 -4126944.5164  678984.1624  329212.3599     250.6081      79.2382
400000979 300000245                                         3678298.5650 -5024649.2825 1346350.7175 4126944.5164 -4805928.6788  678984.1624 4400885.2099 -4400885.2099 1361638.6226  329212.3599     260.1165      72.0252
400000980 300000245                                         4805928.6788 -4126944.5164  678984.1624 4400885.2099 -4400885.2099 1361638.6226 4126944.5164 -4805928.6788  678984.1624  332074.9378     246.2436      87.1687
400000981 300000246                                         5201899.7171 -2600949.8585 2600949.8585 4688572.4479 -3374031.3064 2687534.5848 5157396.7439 -3166715.9053 1990680.8386  331958.1435     260.5005      64.2625
400000982 300000246                                         4074905.2917 -4074905.2917 2716603.5278 4591494.5659 -3912146.8074 2050103.9020 4688572.4479 -3374031.3064 2687534.5848  332135.9111     263.6653      58.8931
400000983 300000246                                         5024649.2825 -3678298.5650 1346350.7175 5157396.7439 -3166715.9053 1990680.8386 4591494.5659 -3912146.8074 2050103.9020  331417.2039     263.6966      65.8461
400000984 300000246                                         4688572.4479 -3374031.3064 2687534.5848 4591494.5659 -3912146.8074 2050103.9020 5157396.7439 -3166715.9053 1990680.8386  335024.3025     264.6149      60.9327
400000985 300000247                                         2600949.8585 -5201899.7171 2600949.8585 3166715.9053 -5157396.7439 1990680.8386 3374031.3064 -4688572.4479 2687534.5848  331958.1435     274.7354      56.5930
400000986 300000247                                         3678298.5650 -5024649.2825 1346350.7175 3912146.8074 -4591494.5659 2050103.9020 3166715.9053 -5157396.7439 1990680.8386  331417.2039     279.4738      55.8461
400000987 300000247                                         4074905.2917 -4074905.2917 2716603.5278 3374031.3064 -4688572.4479 2687534.5848 3912146.8074 -4591494.5659 2050103.9020  332135.9111     269.1993      57.4965
400000988 300000247                                         3166715.9053 -5157396.7439 1990680.8386 3912146.8074 -4591494.5659 2050103.9020 3374031.3064 -4688572.4479 2687534.5848  335024.3025     275.5919      56.6840
400000989 300000248                                         5024649.2825 -3678298.5650 1346350.7175 4591494.5659 -3912146.8074 2050103.9020 4400885.2099 -4400885.2099 1361638.6226  344128.0612     264.0871      66.5087
400000990 300000248                                         4074905.2917 -4074905.2917 2716603.5278 3912146.8074 -4591494.5659 2050103.9020 4591494.5659 -3912146.8074 2050103.9020  343384.2298     269.9092      58.7964
400000991 300000248                                         3678298.5650 -5024649.2825 1346350.7175 4400885.2099 -4400885.2099 1361638.6226 3912146.8074 -4591494.5659 2050103.9020  344128.0612     273.1944      60.2725
400000992 300000248                                         4591494.5659 -3912146.8074 2050103.9020 3912146.8074 -4591494.5659 2050103.9020 4400885.2099 -4400885.2099 1361638.6226  347308.3434     272.1798      59.1011
400000993 300000249                                         4504977.3029       0.0000 4504977.3029 4126944.5164 -678984.1624 4805928.6788 4805928.6788 -678984.1624 4126944.5164  328324.9483     222.0437      52.4816
400000994 300000249                                         3678298.5650 -1346350.7175 5024649.2825 4400885.2099 -1361638.6226 4400885.2099 4126944.5164 -678984.1624 4805928.6788  329212.3599     218.9009      45.2613
400000995 300000249                                         5024649.2825 -1346350.7175 3678298.5650 4805928.6788 -678984.1624 4126944.5164 4400885.2099 -1361638.6226 4400885.2099  329212.3599     235.4960      56.5306
400000996 300000249                                         4126944.5164 -678984.1624 4805928.6788 4400885.2099 -1361638.6226 4400885.2099 4805928.6788 -678984.1624 4126944.5164  332074.9378     226.2522      51.4344
400000997 300000250                                         2600949.8585 -2600949.8585 5201899.7171 3374031.3064 -2687534.5848 4688572.4479 3166715.9053 -1990680.8386 5157396.7439  331958.1435     204.6272      37.0322
400000998 300000250                                         4074905.2917 -2716603.5278 4074905.2917 3912146.8074 -2050103.9020 4591494.5659 3374031.3064 -2687534.5848 4688572.4479  332135.9111     216.4426      55.1337
400000999 300000250                                         3678298.5650 -1346350.7175 5024649.2825 3166715.9053 -1990680.8386 5157396.7439 3912146.8074 -2050103.9020 4591494.5659  331417.2039     209.3538      39.6981
400001000 300000250                                         3374031.3064 -2687534.5848 4688572.4479 3912146.8074 -2050103.9020 4591494.5659 3166715.9053 -1990680.8386 5157396.7439  335024.3025     210.3888      44.0680
400001001 300000251                                         5201899.7171 -2600949.8585 2600949.8585 5157396.7439 -1990680.8386 3166715.9053 4688572.4479 -2687534.5848 3374031.3064  331958.1435     250.4990      63.4781
400001002 300000251                                         5024649.2825 -1346350.7175 3678298.5650 4591494.5659 -2050103.9020 3912146.8074 5157396.7439 -1990680.8386 3166715.9053  331417.2039     240.2926      64.7857
400001003 300000251                                         4074905.2917 -2716603.5278 4074905.2917 4688572.4479 -2687534.5848 3374031.3064 4591494.5659 -2050103.9020 3912146.8074  332135.9111     232.0118      62.6772
400001004 300000251                                         5157396.7439 -1990680.8386 3166715.9053 4591494.5659 -2050103.9020 3912146.8074 4688572.4479 -2687534.5848 3374031.3064  335024.3025     239.9255      64.6961
400001005 300000252                                         3678298.5650 -1346350.7175 5024649.2825 3912146.8074 -2050103.9020 4591494.5659 4400885.2099 -1361638.6226 4400885.2099  344128.0612     217.5851      47.3343
400001006 300000252                                         4074905.2917 -2716603.5278 4074905.2917 4591494.5659 -2050103.9020 3912146.8074 3912146.8074 -2050103.9020 4591494.5659  343384.2298     224.1282      57.9818
400001007 300000252                                         5024649.2825 -1346350.7175 3678298.5650 4400885.2099 -1361638.6226 4400885.2099 4591494.5659 -2050103.9020 3912146.8074  344128.0612     233.0355      59.8976
400001008 300000252                                         3912146.8074 -2050103.9020 4591494.5659 4591494.5659 -2050103.9020 3912146.8074 4400885.2099 -1361638.6226 4400885.2099  347308.3434     224.9102      55.6492
400001009 300000253                                         2600949.8585 -5201899.7171 2600949.8585 3374031.3064 -4688572.4479 2687534.5848 2687534.5848 -4688572.4479 3374031.3064  387995.8446     264.2542      59.4478
400001010 300000253                                         4074905.2917 -4074905.2917 2716603.5278 3435012.9904 -4122015.5885 3435012.9904 3374031.3064 -4688572.4479 2687534.5848  388281.7658     258.3616      58.8042
400001011 300000253                                         2716603.5278 -4074905.2917 4074905.2917 2687534.5848 -4688572.4479 3374031.3064 3435012.9904 -4122015.5885 3435012.9904  388281.7658     235.8608      65.4434
400001012 300000253                                         3374031.3064 -4688572.4479 2687534.5848 3435012.9904 -4122015.5885 3435012.9904 2687534.5848 -4688572.4479 3374031.3064  392517.4362     253.5964      60.4202
400001013 300000254                                         5201899.7171 -2600949.8585 2600949.8585 4688572.4479 -2687534.5848 3374031.3064 4688572.4479 -3374031.3064 2687534.5848  387995.8446     252.9734      64.9229
400001014 300000254                                         4074905.2917 -2716603.5278 4074905.2917 4122015.5885 -3435012.9904 3435012.9904 4688572.4479 -2687534.5848 3374031.3064  388281.7658     237.5519      62.0685
400001015 300000254                                         4074905.2917 -4074905.2917 2716603.5278 4688572.4479 -3374031.3064 2687534.5848 4122015.5885 -3435012.9904 3435012.9904  388281.7658     254.0526      59.7702
400001016 300000254                                         4688572.4479 -2687534.5848 3374031.3064 4122015.5885 -3435012.9904 3435012.9904 4688572.4479 -3374031.3064 2687534.5848  392517.4362     248.3380      61.5483
400001017 300000255                                         2600949.8585 -2600949.8585 5201899.7171 2687534.5848 -3374031.3064 4688572.4479 3374031.3064 -2687534.5848 4688572.4479  387995.8446     202.1987      45.8780
400001018 300000255                                         2716603.5278 -4074905.2917 4074905.2917 3435012.9904 -3435012.9904 4122015.5885 2687534.5848 -3374031.3064 4688572.4479  388281.7658     209.7703      63.9125
400001019 300000255                                         4074905.2917 -2716603.5278 4074905.2917 3374031.3064 -2687534.5848 4688572.4479 3435012.9904 -3435012.9904 4122015.5885  388281.7658     216.0771      61.8995
400001020 300000255                                         2687534.5848 -3374031.3064 4688572.4479 3435012.9904 -3435012.9904 4122015.5885 3374031.3064 -2687534.5848 4688572.4479  392517.4362     207.3089      59.9062
400001021 300000256                                         4074905.2917 -4074905.2917 2716603.5278 4122015.5885 -3435012.9904 3435012.9904 3435012.9904 -4122015.5885 3435012.9904  405996.4825     249.8902      59.3953
400001022 300000256                                         4074905.2917 -2716603.5278 4074905.2917 3435012.9904 -3435012.9904 4122015.5885 4122015.5885 -3435012.9904 3435012.9904  405996.4825     229.4961      62.6143
400001023 300000256                                         2716603.5278 -4074905.2917 4074905.2917 3435012.9904 -4122015.5885 3435012.9904 3435012.9904 -3435012.9904 4122015.5885  405996.4825     224.4040      67.6394
400001024 300000256                                         4122015.5885 -3435012.9904 3435012.9904 3435012.9904 -3435012.9904 4122015.5885 3435012.9904 -4122015.5885 3435012.9904  410731.3740     233.6569      64.3064
400001025 300000257                                         6371000.0000       0.0000       0.0000 6340321.8936       0.0000 -624467.2010 6340321.8936  624467.2010       0.0000  195921.5441     259.5192      84.8214
400001026 300000257                                         6248583.0214       0.0000 -1242920.4416 6308900.9250  627459.2093 -627459.2093 6340321.8936       0.0000 -624467.2010  196860.2699     270.9518      88.5562
400001027 300000257                                         6248583.0214 1242920.4416       0.0000 6340321.8936  624467.2010       0.0000 6308900.9250  627459.2093 -627459.2093  196860.2699     236.3053     121.2346
400001028 300000257                                         6340321.8936       0.0000 -624467.2010 6308900.9250  627459.2093 -627459.2093 6340321.8936  624467.2010       0.0000  197817.4310     257.8770      88.4794
400001029 300000258                                         5886036.5016       0.0000 -2438076.1476 6056845.8882  639129.1082 -1869698.6039 6096666.8789       0.0000 -1849403.6788  200521.8161     280.4220     116.5709
400001030 300000258                                         6114140.2800 1266279.9131 -1266279.9131 6212473.2151  636326.6289 -1260914.7366 6056845.8882  639129.1082 -1869698.6039  200560.6406     266.1492     118.8454
400001031 300000258                                         6248583.0214       0.0000 -1242920.4416 6096666.8789       0.0000 -1849403.6788 6212473.2151  636326.6289 -1260914.7366  199642.5528     275.9255     117.2772
400001032 300000258                                         6056845.8882  639129.1082 -1869698.6039 6212473.2151  636326.6289 -1260914.7366 6096666.8789       0.0000 -1849403.6788  201535.9727     276.3212     122.1479
400001033 300000259                                         5886036.5016 2438076.1476       0.0000 6096666.8789 1849403.6788       0.0000 6056845.8882 1869698.6039 -639129.1082  200521.8161     214.8553     136.2229
400001034 300000259                                         6248583.0214 1242920.4416       0.0000 6212473.2151 1260914.7366 -636326.6289 6096666.8789 1849403.6788       0.0000  199642.5528     218.5172     141.1908
400001035 300000259                                         6114140.2800 1266279.9131 -1266279.9131 6056845.8882 1869698.6039 -639129.1082 6212473.2151 1260914.7366 -636326.6289  200560.6406     225.3961     136.1141
400001036 300000259                                         6096666.8789 1849403.6788       0.0000 6212473.2151 1260914.7366 -636326.6289 6056845.8882 1869698.6039 -639129.1082  201535.9727     213.6948     150.7382
400001037 300000260                                         6248583.0214       0.0000 -1242920.4416 6212473.2151  636326.6289 -1260914.7366 6308900.9250  627459.2093 -627459.2093  204548.8197     269.1190      98.2630
400001038 300000260                                         6114140.2800 1266279.9131 -1266279.9131 6212473.2151 1260914.7366 -636326.6289 6212473.2151  636326.6289 -1260914.7366  203612.8458     253.6480     100.5523
400001039 300000260                                         6248583.0214 1242920.4416       0.0000 6308900.9250  627459.2093 -627459.2093 6212473.2151 1260914.7366 -636326.6289  204548.8197     231.4789     132.0440
400001040 300000260                                         6212473.2151  636326.6289 -1260914.7366 6212473.2151 1260914.7366 -636326.6289 6308900.9250  627459.2093 -627459.2093  205583.5447     256.1705      94.7670
400001041 300000261                                         4504977.3029       0.0000 -4504977.3029 4805928.6788  678984.1624 -4126944.5164 4924849.5984       0.0000 -4041719.6134  213029.7505     233.3248     162.6906
400001042 300000261                                         5024649.2825 1346350.7175 -3678298.5650 5191537.9595  677162.3725 -3630292.7893 4805928.6788  678984.1624 -4126944.5164  213259.5913     252.2741     122.5374
400001043 300000261                                         5297292.9000       0.0000 -3539537.9546 4924849.5984       0.0000 -4041719.6134 5191537.9595  677162.3725 -3630292.7893  212458.1628     249.8391     130.8965
400001044 300000261                                         4805928.6788  678984.1624 -4126944.5164 5191537.9595  677162.3725 -3630292.7893 4924849.5984       0.0000 -4041719.6134  214297.3599     243.5960     143.3905
400001045 300000262                                         5201899.7171 2600949.8585 -2600949.8585 5468063.2517 1976963.3461 -2604139.2443 5157396.7439 1990680.8386 -3166715.9053  213953.8407     271.3434     135.5598
400001046 300000262                                         5672228.9398 1330561.6814 -2577802.4491 5375502.5311 1345228.8674 -3143878.6287 5468063.2517 1976963.3461 -2604139.2443  213196.7862     289.1347     106.4997
400001047 300000262                                         5024649.2825 1346350.7175 -3678298.5650 5157396.7439 1990680.8386 -3166715.9053 5375502.5311 1345228.8674 -3143878.6287  213817.3983     279.2274      88.7678
400001048 300000262                                         5468063.2517 1976963.3461 -2604139.2443 5375502.5311 1345228.8674 -3143878.6287 5157396.7439 1990680.8386 -3166715.9053  215042.4187     292.8504     110.7482
400001049 300000263                                         5886036.5016       0.0000 -2438076.1476 5618720.3752       0.0000 -3003268.6103 5812081.9155  669073.8784 -2522238.0841  209920.2574     278.5073     104.9361
400001050 300000263                                         5297292.9000       0.0000 -3539537.9546 5533298.6915  671168.2896 -3085738.1156 5618720.3752       0.0000 -3003268.6103  210577.3796     267.9410     104.1144
400001051 300000263                                         5672228.9398 1330561.6814 -2577802.4491 5812081.9155  669073.8784 -2522238.0841 5533298.6915  671168.2896 -3085738.1156  210758.2000     280.7508     101.4436
400001052 300000263                                         5618720.3752       0.0000 -3003268.6103 5533298.6915  671168.2896 -3085738.1156 5812081.9155  669073.8784 -2522238.0841  211783.6604     276.0049     103.2449
400001053 300000264                                         5024649.2825 1346350.7175 -3678298.5650 5375502.5311 1345228.8674 -3143878.6287 5191537.9595  677162.3725 -3630292.7893  217445.2803     267.2005      95.5103
400001054 300000264                                         5672228.9398 1330561.6814 -2577802.4491 5533298.6915  671168.2896 -3085738.1156 5375502.5311 1345228.8674 -3143878.6287  218077.9738     279.5260      90.7017
400001055 300000264                                         5297292.9000       0.0000 -3539537.9546 5191537.9595  677162.3725 -3630292.7893 5533298.6915  671168.2896 -3085738.1156  218265.1507     262.9278     109.2151
400001056 300000264                                         5375502.5311 1345228.8674 -3143878.6287 5533298.6915  671168.2896 -3085738.1156 5191537.9595  677162.3725 -3630292.7893  219375.9096     270.1877      97.1791
400001057 300000265                                         4504977.3029 4504977.3029       0.0000 4924849.5984 4041719.6134       0.0000 4805928.6788 4126944.5164 -678984.1624  213029.7505     279.0672      75.1212
400001058 300000265                                         5297292.9000 3539537.9546       0.0000 5191537.9595 3630292.7893 -677162.3725 4924849.5984 4041719.6134       0.0000  212458.1628     253.1136     116.1904
400001059 300000265                                         5024649.2825 3678298.5650 -1346350.7175 4805928.6788 4126944.5164 -678984.1624 5191537.9595 3630292.7893 -677162.3725  213259.5913     247.9502     129.9136
400001060 300000265                                         4924849.5984 4041719.6134       0.0000 5191537.9595 3630292.7893 -677162.3725 4805928.6788 4126944.5164 -678984.1624  214297.3599     263.7221     110.3761
400001061 300000266                                         5886036.5016 2438076.1476       0.0000 5812081.9155 2522238.0841 -669073.8784 5618720.3752 3003268.6103       0.0000  209920.2574     211.5967     145.3765
400001062 300000266                                         5672228.9398 2577802.4491 -1330561.6814 5533298.6915 3085738.1156 -671168.2896 5812081.9155 2522238.0841 -669073.8784  210758.2000     201.9821     162.0540
400001063 300000266                                         5297292.9000 3539537.9546       0.0000 5618720.3752 3003268.6103       0.0000 5533298.6915 3085738.1156 -671168.2896  210577.3796     223.8455     145.9620
400001064 300000266                                         5812081.9155 2522238.0841 -669073.8784 5533298.6915 3085738.1156 -671168.2896 5618720.3752 3003268.6103       0.0000  211783.6604     208.2692     155.6297
400001065 300000267                                         5201899.7171 2600949.8585 -2600949.8585 5157396.7439 3166715.9053 -1990680.8386 5468063.2517 2604139.2443 -1976963.3461  213953.8407     227.6209     160.9538
400001066 300000267                                         5024649.2825 3678298.5650 -1346350.7175 5375502.5311 3143878.6287 -1345228.8674 5157396.7439 3166715.9053 -1990680.8386  213817.3983     217.0201     151.3698
400001067 300000267                                         5672228.9398 2577802.4491 -1330561.6814 5468063.2517 2604139.2443 -1976963.3461 5375502.5311 3143878.6287 -1345228.8674  213196.7862     202.7135     160.7578
400001068 300000267                                         5157396.7439 3166715.9053 -1990680.8386 5375502.5311 3143878.6287 -1345228.8674 5468063.2517 2604139.2443 -1976963.3461  215042.4187     213.7560     160.9779
400001069 300000268                                         5297292.9000 3539537.9546       0.0000 5533298.6915 3085738.1156 -671168.2896 5191537.9595 3630292.7893 -677162.3725  218265.1507     229.1424     137.2267
400001070 300000268                                         5672228.9398 2577802.4491 -1330561.6814 5375502.5311 3143878.6287 -1345228.8674 5533298.6915 3085738.1156 -671168.2896  218077.9738     201.7022     163.3258
400001071 300000268                                         5024649.2825 3678298.5650 -1346350.7175 5191537.9595 3630292.7893 -677162.3725 5375502.5311 3143878.6287 -1345228.8674  217445.2803     222.1829     146.9359
400001072 300000268                                         5533298.6915 3085738.1156 -671168.2896 5375502.5311 3143878.6287 -1345228.8674 5191537.9595 3630292.7893 -677162.3725  219375.9096     213.7372     152.8378
400001073 300000269                                         5886036.5016       0.0000 -2438076.1476 5812081.9155  669073.8784 -2522238.0841 6056845.8882  639129.1082 -1869698.6039  232651.5371     280.8590     116.6871
400001074 300000269                                         5672228.9398 1330561.6814 -2577802.4491 5928333.1219 1306164.9224 -1933504.7432 5812081.9155  669073.8784 -2522238.0841  231845.9895     279.5111     109.3795
400001075 300000269                                         6114140.2800 1266279.9131 -1266279.9131 6056845.8882  639129.1082 -1869698.6039 5928333.1219 1306164.9224 -1933504.7432  232712.3450     264.1556     112.8493
400001076 300000269                                         5812081.9155  669073.8784 -2522238.0841 5928333.1219 1306164.9224 -1933504.7432 6056845.8882  639129.1082 -1869698.6039  234046.8072     277.9549     112.8450
400001077 300000270                                         5201899.7171 2600949.8585 -2600949.8585 5468063.2517 2604139.2443 -1976963.3461 5468063.2517 1976963.3461 -2604139.2443  228300.1373     242.6088     150.2474
400001078 300000270                                         5672228.9398 2577802.4491 -1330561.6814 5727370.1528 1973179.1775 -1973179.1775 5468063.2517 2604139.2443 -1976963.3461  229212.6770     204.0100     163.0400
400001079 300000270                                         5672228.9398 1330561.6814 -2577802.4491 5468063.2517 1976963.3461 -2604139.2443 5727370.1528 1973179.1775 -1973179.1775  229212.6770     265.3090     128.6703
400001080 300000270                                         5468063.2517 2604139.2443 -1976963.3461 5727370.1528 1973179.1775 -1973179.1775 5468063.2517 1976963.3461 -2604139.2443  230526.8451     232.9413     149.9111
400001081 300000271                                         5886036.5016 2438076.1476       0.0000 6056845.8882 1869698.6039 -639129.1082 5812081.9155 2522238.0841 -669073.8784  232651.5371     208.7493     149.6294
400001082 300000271                                         6114140.2800 1266279.9131 -1266279.9131 5928333.1219 1933504.7432 -1306164.9224 6056845.8882 1869698.6039 -639129.1082  232712.3450     214.7769     148.3395
400001083 300000271                                         5672228.9398 2577802.4491 -1330561.6814 5812081.9155 2522238.0841 -669073.8784 5928333.1219 1933504.7432 -1306164.9224  231845.9895     200.6755     162.7822
400001084 300000271                                         6056845.8882 1869698.6039 -639129.1082 5928333.1219 1933504.7432 -1306164.9224 5812081.9155 2522238.0841 -669073.8784  234046.8072     204.2746     157.3465
400001085 300000272                                         5672228.9398 1330561.6814 -2577802.4491 5727370.1528 1973179.1775 -1973179.1775 5928333.1219 1306164.9224 -1933504.7432  238189.0310     264.2847     123.2059
400001086 300000272                                         5672228.9398 2577802.4491 -1330561.6814 5928333.1219 1933504.7432 -1306164.9224 5727370.1528 1973179.1775 -1973179.1775  238189.0310     199.7982     164.0209
400001087 300000272                                         6114140.2800 1266279.9131 -1266279.9131 5928333.1219 1306164.9224 -1933504.7432 5928333.1219 1933504.7432 -1306164.9224  237302.7613     229.7750     135.6149
400001088 300000272                                         5727370.1528 1973179.1775 -1973179.1775 5928333.1219 1933504.7432 -1306164.9224 5928333.1219 1306164.9224 -1933504.7432  239617.8861     221.9527     145.4979
400001089 300000273                                               0.0000       0.0000 -6371000.0000       0.0000  624467.2010 -6340321.8936  624467.2010       0.0000 -6340321.8936  195921.5441     189.7989     366.9846
400001090 300000273                                               0.0000 1242920.4416 -6248583.0214  627459.2093  627459.2093 -6308900.9250       0.0000  624467.2010 -6340321.8936  196860.2699     180.0162     371.0576
400001091 300000273                                         1242920.4416       0.0000 -6248583.0214  624467.2010       0.0000 -6340321.8936  627459.2093  627459.2093 -6308900.9250  196860.2699     194.7592     359.8879
400001092 300000273                                               0.0000  624467.2010 -6340321.8936  627459.2093  627459.2093 -6308900.9250  624467.2010       0.0000 -6340321.8936  197817.4310     188.4450     363.9039
400001093 300000274                                               0.0000 2438076.1476 -5886036.5016  639129.1082 1869698.6039 -6056845.8882       0.0000 1849403.6788 -6096666.8789  200521.8161     193.8618     347.5388
400001094 300000274                                         1266279.9131 1266279.9131 -6114140.2800  636326.6289 1260914.7366 -6212473.2151  639129.1082 1869698.6039 -6056845.8882  200560.6406     196.5063     347.4376
400001095 300000274                                               0.0000 1242920.4416 -6248583.0214       0.0000 1849403.6788 -6096666.8789  636326.6289 1260914.7366 -6212473.2151  199642.5528     186.8719     358.3749
400001096 300000274                                          639129.1082 1869698.6039 -6056845.8882  636326.6289 1260914.7366 -6212473.2151       0.0000 1849403.6788 -6096666.8789  201535.9727     197.1088     349.4171
400001097 300000275                                         2438076.1476       0.0000 -5886036.5016 1849403.6788       0.0000 -6096666.8789 1869698.6039  639129.1082 -6056845.8882  200521.8161     202.8022     325.2183
400001098 300000275                                         1242920.4416       0.0000 -6248583.0214 1260914.7366  636326.6289 -6212473.2151 1849403.6788       0.0000 -6096666.8789  199642.5528     188.8968     357.0208
400001099 300000275                                         1266279.9131 1266279.9131 -6114140.2800 1869698.6039  639129.1082 -6056845.8882 1260914.7366  636326.6289 -6212473.2151  200560.6406     184.9288     358.4303
400001100 300000275                                         1849403.6788       0.0000 -6096666.8789 1260914.7366  636326.6289 -6212473.2151 1869698.6039  639129.1082 -6056845.8882  201535.9727     185.4853     358.9036
400001101 300000276                                               0.0000 1242920.4416 -6248583.0214  636326.6289 1260914.7366 -6212473.2151  627459.2093  627459.2093 -6308900.9250  204548.8197     180.8787     368.5562
400001102 300000276                                         1266279.9131 1266279.9131 -6114140.2800 1260914.7366  636326.6289 -6212473.2151  636326.6289 1260914.7366 -6212473.2151  203612.8458     181.1154     363.0769
400001103 300000276                                         1242920.4416       0.0000 -6248583.0214  627459.2093  627459.2093 -6308900.9250 1260914.7366  636326.6289 -6212473.2151  204548.8197     188.5461     358.0238
400001104 300000276                                          636326.6289 1260914.7366 -6212473.2151 1260914.7366  636326.6289 -6212473.2151  627459.2093  627459.2093 -6308900.9250  205583.5447     180.6842     366.0985
400001105 300000277                                               0.0000 4504977.3029 -4504977.3029  678984.1624 4126944.5164 -4805928.6788       0.0000 4041719.6134 -4924849.5984  213029.7505     221.6591     193.2957
400001106 300000277                                         1346350.7175 3678298.5650 -5024649.2825  677162.3725 3630292.7893 -5191537.9595  678984.1624 4126944.5164 -4805928.6788  213259.5913     215.4526     190.7569
400001107 300000277                                               0.0000 3539537.9546 -5297292.9000       0.0000 4041719.6134 -4924849.5984  677162.3725 3630292.7893 -5191537.9595  212458.1628     214.3264     206.7623
400001108 300000277                                          678984.1624 4126944.5164 -4805928.6788  677162.3725 3630292.7893 -5191537.9595       0.0000 4041719.6134 -4924849.5984  214297.3599     217.0986     197.0150
400001109 300000278                                         2600949.8585 2600949.8585 -5201899.7171 1976963.3461 2604139.2443 -5468063.2517 1990680.8386 3166715.9053 -5157396.7439  213953.8407     210.4619     216.9251
400001110 300000278                                         1330561.6814 2577802.4491 -5672228.9398 1345228.8674 3143878.6287 -5375502.5311 1976963.3461 2604139.2443 -5468063.2517  213196.7862     208.7886     219.6336
400001111 300000278                                         1346350.7175 3678298.5650 -5024649.2825 1990680.8386 3166715.9053 -5157396.7439 1345228.8674 3143878.6287 -5375502.5311  213817.3983     212.3620     205.8767
400001112 300000278                                         1976963.3461 2604139.2443 -5468063.2517 1345228.8674 3143878.6287 -5375502.5311 1990680.8386 3166715.9053 -5157396.7439  215042.4187     210.0050     217.1662
400001113 300000279                                               0.0000 2438076.1476 -5886036.5016       0.0000 3003268.6103 -5618720.3752  669073.8784 2522238.0841 -5812081.9155  209920.2574     209.2372     277.8265
400001114 300000279                                               0.0000 3539537.9546 -5297292.9000  671168.2896 3085738.1156 -5533298.6915       0.0000 3003268.6103 -5618720.3752  210577.3796     209.1926     213.7717
400001115 300000279                                         1330561.6814 2577802.4491 -5672228.9398  669073.8784 2522238.0841 -5812081.9155  671168.2896 3085738.1156 -5533298.6915  210758.2000     208.5041     230.0798
400001116 300000279                                               0.0000 3003268.6103 -5618720.3752  671168.2896 3085738.1156 -5533298.6915  669073.8784 2522238.0841 -5812081.9155  211783.6604     208.1935     229.2219
400001117 300000280                                         1346350.7175 3678298.5650 -5024649.2825 1345228.8674 3143878.6287 -5375502.5311  677162.3725 3630292.7893 -5191537.9595  217445.2803     212.7228     201.7860
400001118 300000280                                         1330561.6814 2577802.4491 -5672228.9398  671168.2896 3085738.1156 -5533298.6915 1345228.8674 3143878.6287 -5375502.5311  218077.9738     209.3259     216.0758
400001119 300000280                                               0.0000 3539537.9546 -5297292.9000  677162.3725 3630292.7893 -5191537.9595  671168.2896 3085738.1156 -5533298.6915  218265.1507     210.8269     210.4974
400001120 300000280                                         1345228.8674 3143878.6287 -5375502.5311  671168.2896 3085738.1156 -5533298.6915  677162.3725 3630292.7893 -5191537.9595  219375.9096     210.5549     207.9753
400001121 300000281                                         4504977.3029       0.0000 -4504977.3029 4041719.6134       0.0000 -4924849.5984 4126944.5164  678984.1624 -4805928.6788  213029.7505     220.5271     207.5899
400001122 300000281                                         3539537.9546       0.0000 -5297292.9000 3630292.7893  677162.3725 -5191537.9595 4041719.6134       0.0000 -4924849.5984  212458.1628     212.5722     217.8156
400001123 300000281                                         3678298.5650 1346350.7175 -5024649.2825 4126944.5164  678984.1624 -4805928.6788 3630292.7893  677162.3725 -5191537.9595  213259.5913     214.8894     212.9245
400001124 300000281                                         4041719.6134       0.0000 -4924849.5984 3630292.7893  677162.3725 -5191537.9595 4126944.5164  678984.1624 -4805928.6788  214297.3599     215.5200     217.9456
400001125 300000282                                         2438076.1476       0.0000 -5886036.5016 2522238.0841  669073.8784 -5812081.9155 3003268.6103       0.0000 -5618720.3752  209920.2574     207.1081     261.3227
400001126 300000282                                         2577802.4491 1330561.6814 -5672228.9398 3085738.1156  671168.2896 -5533298.6915 2522238.0841  669073.8784 -5812081.9155  210758.2000     207.0558     259.7204
400001127 300000282                                         3539537.9546       0.0000 -5297292.9000 3003268.6103       0.0000 -5618720.3752 3085738.1156  671168.2896 -5533298.6915  210577.3796     208.4293     247.2851
400001128 300000282                                         2522238.0841  669073.8784 -5812081.9155 3085738.1156  671168.2896 -5533298.6915 3003268.6103       0.0000 -5618720.3752  211783.6604     207.1181     261.2565
400001129 300000283                                         2600949.8585 2600949.8585 -5201899.7171 3166715.9053 1990680.8386 -5157396.7439 2604139.2443 1976963.3461 -5468063.2517  213953.8407     209.9672     219.6833
400001130 300000283                                         3678298.5650 1346350.7175 -5024649.2825 3143878.6287 1345228.8674 -5375502.5311 3166715.9053 1990680.8386 -5157396.7439  213817.3983     211.2646     220.9095
400001131 300000283                                         2577802.4491 1330561.6814 -5672228.9398 2604139.2443 1976963.3461 -5468063.2517 3143878.6287 1345228.8674 -5375502.5311  213196.7862     208.2073     232.4793
400001132 300000283                                         3166715.9053 1990680.8386 -5157396.7439 3143878.6287 1345228.8674 -5375502.5311 2604139.2443 1976963.3461 -5468063.2517  215042.4187     209.0922     227.3168
400001133 300000284                                         3539537.9546       0.0000 -5297292.9000 3085738.1156  671168.2896 -5533298.6915 3630292.7893  677162.3725 -5191537.9595  218265.1507     209.4076     234.7883
400001134 300000284                                         2577802.4491 1330561.6814 -5672228.9398 3143878.6287 1345228.8674 -5375502.5311 3085738.1156  671168.2896 -5533298.6915  218077.9738     208.0149     243.9160
400001135 300000284                                         3678298.5650 1346350.7175 -5024649.2825 3630292.7893  677162.3725 -5191537.9595 3143878.6287 1345228.8674 -5375502.5311  217445.2803     211.3720     224.5992
400001136 300000284                                         3085738.1156  671168.2896 -5533298.6915 3143878.6287 1345228.8674 -5375502.5311 3630292.7893  677162.3725 -5191537.9595  219375.9096     208.7076     239.7398
400001137 300000285                                               0.0000 2438076.1476 -5886036.5016  669073.8784 2522238.0841 -5812081.9155  639129.1082 1869698.6039 -6056845.8882  232651.5371     207.3845     294.2172
400001138 300000285                                         1330561.6814 2577802.4491 -5672228.9398 1306164.9224 1933504.7432 -5928333.1219  669073.8784 2522238.0841 -5812081.9155  231845.9895     207.3291     265.2660
400001139 300000285                                         1266279.9131 1266279.9131 -6114140.2800  639129.1082 1869698.6039 -6056845.8882 1306164.9224 1933504.7432 -5928333.1219  232712.3450     192.8184     349.3072
400001140 300000285                                          669073.8784 2522238.0841 -5812081.9155 1306164.9224 1933504.7432 -5928333.1219  639129.1082 1869698.6039 -6056845.8882  234046.8072     206.0666     313.3509
400001141 300000286                                         2600949.8585 2600949.8585 -5201899.7171 2604139.2443 1976963.3461 -5468063.2517 1976963.3461 2604139.2443 -5468063.2517  228300.1373     209.5522     221.0651
400001142 300000286                                         2577802.4491 1330561.6814 -5672228.9398 1973179.1775 1973179.1775 -5727370.1528 2604139.2443 1976963.3461 -5468063.2517  229212.6770     207.8015     237.5755
400001143 300000286                                         1330561.6814 2577802.4491 -5672228.9398 1976963.3461 2604139.2443 -5468063.2517 1973179.1775 1973179.1775 -5727370.1528  229212.6770     207.7386     223.7967
400001144 300000286                                         2604139.2443 1976963.3461 -5468063.2517 1973179.1775 1973179.1775 -5727370.1528 1976963.3461 2604139.2443 -5468063.2517  230526.8451     208.2437     229.3936
400001145 300000287                                         2438076.1476       0.0000 -5886036.5016 1869698.6039  639129.1082 -6056845.8882 2522238.0841  669073.8784 -5812081.9155  232651.5371     208.7755     285.3914
400001146 300000287                                         1266279.9131 1266279.9131 -6114140.2800 1933504.7432 1306164.9224 -5928333.1219 1869698.6039  639129.1082 -6056845.8882  232712.3450     201.0062     339.3100
400001147 300000287                                         2577802.4491 1330561.6814 -5672228.9398 2522238.0841  669073.8784 -5812081.9155 1933504.7432 1306164.9224 -5928333.1219  231845.9895     206.8073     274.9029
400001148 300000287                                         1869698.6039  639129.1082 -6056845.8882 1933504.7432 1306164.9224 -5928333.1219 2522238.0841  669073.8784 -5812081.9155  234046.8072     209.4510     292.1920
400001149 300000288                                         1330561.6814 2577802.4491 -5672228.9398 1973179.1775 1973179.1775 -5727370.1528 1306164.9224 1933504.7432 -5928333.1219  238189.0310     205.6850     272.1764
400001150 300000288                                         2577802.4491 1330561.6814 -5672228.9398 1933504.7432 1306164.9224 -5928333.1219 1973179.1775 1973179.1775 -5727370.1528  238189.0310     207.1320     264.0944
400001151 300000288                                         1266279.9131 1266279.9131 -6114140.2800 1306164.9224 1933504.7432 -5928333.1219 1933504.7432 1306164.9224 -5928333.1219  237302.7613     196.7864     342.0812
400001152 300000288                                         1973179.1775 1973179.1775 -5727370.1528 1933504.7432 1306164.9224 -5928333.1219 1306164.9224 1933504.7432 -5928333.1219  239617.8861     206.0703     296.2252
400001153 300000289                                               0.0000 6371000.0000       0.0000  624467.2010 6340321.8936       0.0000       0.0000 6340321.8936 -624467.2010  195921.5441     211.8634     117.0071
400001154 300000289                                         1242920.4416 6248583.0214       0.0000  627459.2093 6308900.9250 -627459.2093  624467.2010 6340321.8936       0.0000  196860.2699     222.8281     107.8529
400001155 300000289                                               0.0000 6248583.0214 -1242920.4416       0.0000 6340321.8936 -624467.2010  627459.2093 6308900.9250 -627459.2093  196860.2699     222.4110     116.3108
400001156 300000289                                          624467.2010 6340321.8936       0.0000  627459.2093 6308900.9250 -627459.2093       0.0000 6340321.8936 -624467.2010  197817.4310     215.2986     118.7108
400001157 300000290                                         2438076.1476 5886036.5016       0.0000 1869698.6039 6056845.8882 -639129.1082 1849403.6788 6096666.8789       0.0000  200521.8161     235.6099      97.1060
400001158 300000290                                         1266279.9131 6114140.2800 -1266279.9131 1260914.7366 6212473.2151 -636326.6289 1869698.6039 6056845.8882 -639129.1082  200560.6406     229.0436     114.1295
400001159 300000290                                         1242920.4416 6248583.0214       0.0000 1849403.6788 6096666.8789       0.0000 1260914.7366 6212473.2151 -636326.6289  199642.5528     230.8069     100.2699
400001160 300000290                                         1869698.6039 6056845.8882 -639129.1082 1260914.7366 6212473.2151 -636326.6289 1849403.6788 6096666.8789       0.0000  201535.9727     228.0234     108.3304
400001161 300000291                                               0.0000 5886036.5016 -2438076.1476       0.0000 6096666.8789 -1849403.6788  639129.1082 6056845.8882 -1869698.6039  200521.8161     278.6415      84.5051
400001162 300000291                                               0.0000 6248583.0214 -1242920.4416  636326.6289 6212473.2151 -1260914.7366       0.0000 6096666.8789 -1849403.6788  199642.5528     255.3436      96.6488
400001163 300000291                                         1266279.9131 6114140.2800 -1266279.9131  639129.1082 6056845.8882 -1869698.6039  636326.6289 6212473.2151 -1260914.7366  200560.6406     254.9756      97.4572
400001164 300000291                                               0.0000 6096666.8789 -1849403.6788  636326.6289 6212473.2151 -1260914.7366  639129.1082 6056845.8882 -1869698.6039  201535.9727     267.0257      88.5030
400001165 300000292                                         1242920.4416 6248583.0214       0.0000 1260914.7366 6212473.2151 -636326.6289  627459.2093 6308900.9250 -627459.2093  204548.8197     223.1715     111.3904
400001166 300000292                                         1266279.9131 6114140.2800 -1266279.9131  636326.6289 6212473.2151 -1260914.7366 1260914.7366 6212473.2151 -636326.6289  203612.8458     236.9274     106.3701
400001167 300000292                                               0.0000 6248583.0214 -1242920.4416  627459.2093 6308900.9250 -627459.2093  636326.6289 6212473.2151 -1260914.7366  204548.8197     232.6804     110.5146
400001168 300000292                                         1260914.7366 6212473.2151 -636326.6289  636326.6289 6212473.2151 -1260914.7366  627459.2093 6308900.9250 -627459.2093  205583.5447     228.6911     110.7486
400001169 300000293                                         4504977.3029 4504977.3029       0.0000 4126944.5164 4805928.6788 -678984.1624 4041719.6134 4924849.5984       0.0000  213029.7505     270.4793      61.7369
400001170 300000293                                         3678298.5650 5024649.2825 -1346350.7175 3630292.7893 5191537.9595 -677162.3725 4126944.5164 4805928.6788 -678984.1624  213259.5913     252.2115      86.2701
400001171 300000293                                         3539537.9546 5297292.9000       0.0000 4041719.6134 4924849.5984       0.0000 3630292.7893 5191537.9595 -677162.3725  212458.1628     258.6650      74.3216
400001172 300000293                                         4126944.5164 4805928.6788 -678984.1624 3630292.7893 5191537.9595 -677162.3725 4041719.6134 4924849.5984       0.0000  214297.3599     254.5182      83.1347
400001173 300000294                                         2600949.8585 5201899.7171 -2600949.8585 2604139.2443 5468063.2517 -1976963.3461 3166715.9053 5157396.7439 -1990680.8386  213953.8407     275.0410      73.9460
400001174 300000294                                         2577802.4491 5672228.9398 -1330561.6814 3143878.6287 5375502.5311 -1345228.8674 2604139.2443 5468063.2517 -1976963.3461  213196.7862     263.5074      80.8763
400001175 300000294                                         3678298.5650 5024649.2825 -1346350.7175 3166715.9053 5157396.7439 -1990680.8386 3143878.6287 5375502.5311 -1345228.8674  213817.3983     269.2329      75.9767
400001176 300000294                                         2604139.2443 5468063.2517 -1976963.3461 3143878.6287 5375502.5311 -1345228.8674 3166715.9053 5157396.7439 -1990680.8386  215042.4187     271.5462      76.1074
400001177 300000295                                         2438076.1476 5886036.5016       0.0000 3003268.6103 5618720.3752       0.0000 2522238.0841 5812081.9155 -669073.8784  209920.2574     243.9319      86.6694
400001178 300000295                                         3539537.9546 5297292.9000       0.0000 3085738.1156 5533298.6915 -671168.2896 3003268.6103 5618720.3752       0.0000  210577.3796     253.2798      75.9621
400001179 300000295                                         2577802.4491 5672228.9398 -1330561.6814 2522238.0841 5812081.9155 -669073.8784 3085738.1156 5533298.6915 -671168.2896  210758.2000     236.8408     102.3366
400001180 300000295                                         3003268.6103 5618720.3752       0.0000 3085738.1156 5533298.6915 -671168.2896 2522238.0841 5812081.9155 -669073.8784  211783.6604     240.7280      93.6891
400001181 300000296                                         3678298.5650 5024649.2825 -1346350.7175 3143878.6287 5375502.5311 -1345228.8674 3630292.7893 5191537.9595 -677162.3725  217445.2803     254.2524      86.6998
400001182 300000296                                         2577802.4491 5672228.9398 -1330561.6814 3085738.1156 5533298.6915 -671168.2896 3143878.6287 5375502.5311 -1345228.8674  218077.9738     249.0642      90.8614
400001183 300000296                                         3539537.9546 5297292.9000       0.0000 3630292.7893 5191537.9595 -677162.3725 3085738.1156 5533298.6915 -671168.2896  218265.1507     249.0375      83.2751
400001184 300000296                                         3143878.6287 5375502.5311 -1345228.8674 3085738.1156 5533298.6915 -671168.2896 3630292.7893 5191537.9595 -677162.3725  219375.9096     246.8835      92.5850
400001185 300000297                                               0.0000 4504977.3029 -4504977.3029       0.0000 4924849.5984 -4041719.6134  678984.1624 4805928.6788 -4126944.5164  213029.7505     234.0329     167.7117
400001186 300000297                                               0.0000 5297292.9000 -3539537.9546  677162.3725 5191537.9595 -3630292.7893       0.0000 4924849.5984 -4041719.6134  212458.1628     247.2029     136.7197
400001187 300000297                                         1346350.7175 5024649.2825 -3678298.5650  678984.1624 4805928.6788 -4126944.5164  677162.3725 5191537.9595 -3630292.7893  213259.5913     242.2726     142.3406
400001188 300000297                                               0.0000 4924849.5984 -4041719.6134  677162.3725 5191537.9595 -3630292.7893  678984.1624 4805928.6788 -4126944.5164  214297.3599     241.0453     146.6422
400001189 300000298                                               0.0000 5886036.5016 -2438076.1476  669073.8784 5812081.9155 -2522238.0841       0.0000 5618720.3752 -3003268.6103  209920.2574     275.8589      90.7841
400001190 300000298                                         1330561.6814 5672228.9398 -2577802.4491  671168.2896 5533298.6915 -3085738.1156  669073.8784 5812081.9155 -2522238.0841  210758.2000     275.5444      81.8810
400001191 300000298                                               0.0000 5297292.9000 -3539537.9546       0.0000 5618720.3752 -3003268.6103  671168.2896 5533298.6915 -3085738.1156  210577.3796     265.7033     101.6993
400001192 300000298                                          669073.8784 5812081.9155 -2522238.0841  671168.2896 5533298.6915 -3085738.1156       0.0000 5618720.3752 -3003268.6103  211783.6604     273.1116      89.7408
400001193 300000299                                         2600949.8585 5201899.7171 -2600949.8585 1990680.8386 5157396.7439 -3166715.9053 1976963.3461 5468063.2517 -2604139.2443  213953.8407     268.3322      89.2842
400001194 300000299                                         1346350.7175 5024649.2825 -3678298.5650 1345228.8674 5375502.5311 -3143878.6287 1990680.8386 5157396.7439 -3166715.9053  213817.3983     254.1293     113.7989
400001195 300000299                                         1330561.6814 5672228.9398 -2577802.4491 1976963.3461 5468063.2517 -2604139.2443 1345228.8674 5375502.5311 -3143878.6287  213196.7862     273.6646      81.4401
400001196 300000299                                         1990680.8386 5157396.7439 -3166715.9053 1345228.8674 5375502.5311 -3143878.6287 1976963.3461 5468063.2517 -2604139.2443  215042.4187     266.1345      93.1297
400001197 300000300                                               0.0000 5297292.9000 -3539537.9546  671168.2896 5533298.6915 -3085738.1156  677162.3725 5191537.9595 -3630292.7893  218265.1507     257.5720     110.9904
400001198 300000300                                         1330561.6814 5672228.9398 -2577802.4491 1345228.8674 5375502.5311 -3143878.6287  671168.2896 5533298.6915 -3085738.1156  218077.9738     271.2005      86.6330
400001199 300000300                                         1346350.7175 5024649.2825 -3678298.5650  677162.3725 5191537.9595 -3630292.7893 1345228.8674 5375502.5311 -3143878.6287  217445.2803     251.2730     121.2277
400001200 300000300                                          671168.2896 5533298.6915 -3085738.1156 1345228.8674 5375502.5311 -3143878.6287  677162.3725 5191537.9595 -3630292.7893  219375.9096     260.2052     104.3603
400001201 300000301                                         2438076.1476 5886036.5016       0.0000 2522238.0841 5812081.9155 -669073.8784 1869698.6039 6056845.8882 -639129.1082  232651.5371     233.6093     102.2290
400001202 300000301                                         2577802.4491 5672228.9398 -1330561.6814 1933504.7432 5928333.1219 -1306164.9224 2522238.0841 5812081.9155 -669073.8784  231845.9895     239.4052     101.8696
400001203 300000301                                         1266279.9131 6114140.2800 -1266279.9131 1869698.6039 6056845.8882 -639129.1082 1933504.7432 5928333.1219 -1306164.9224  232712.3450     235.7289     110.3781
400001204 300000301                                         2522238.0841 5812081.9155 -669073.8784 1933504.7432 5928333.1219 -1306164.9224 1869698.6039 6056845.8882 -639129.1082  234046.8072     231.4229     112.9825
400001205 300000302                                         2600949.8585 5201899.7171 -2600949.8585 1976963.3461 5468063.2517 -2604139.2443 2604139.2443 5468063.2517 -1976963.3461  228300.1373     274.1158      77.9017
400001206 300000302                                         1330561.6814 5672228.9398 -2577802.4491 1973179.1775 5727370.1528 -1973179.1775 1976963.3461 5468063.2517 -2604139.2443  229212.6770     275.5939      78.0500
400001207 300000302                                         2577802.4491 5672228.9398 -1330561.6814 2604139.2443 5468063.2517 -1976963.3461 1973179.1775 5727370.1528 -1973179.1775  229212.6770     264.1736      86.4361
400001208 300000302                                         1976963.3461 5468063.2517 -2604139.2443 1973179.1775 5727370.1528 -1973179.1775 2604139.2443 5468063.2517 -1976963.3461  230526.8451     273.3136      80.6068
400001209 300000303                                               0.0000 5886036.5016 -2438076.1476  639129.1082 6056845.8882 -1869698.6039  669073.8784 5812081.9155 -2522238.0841  232651.5371     278.8172      83.8426
400001210 300000303                                         1266279.9131 6114140.2800 -1266279.9131 1306164.9224 5928333.1219 -1933504.7432  639129.1082 6056845.8882 -1869698.6039  232712.3450     262.3290      93.1118
400001211 300000303                                         1330561.6814 5672228.9398 -2577802.4491  669073.8784 5812081.9155 -2522238.0841 1306164.9224 5928333.1219 -1933504.7432  231845.9895     276.7209      79.5205
400001212 300000303                                          639129.1082 6056845.8882 -1869698.6039 1306164.9224 5928333.1219 -1933504.7432  669073.8784 5812081.9155 -2522238.0841  234046.8072     275.2811      82.5645
400001213 300000304                                         2577802.4491 5672228.9398 -1330561.6814 1973179.1775 5727370.1528 -1973179.1775 1933504.7432 5928333.1219 -1306164.9224  238189.0310     254.6638      94.1479
400001214 300000304                                         1330561.6814 5672228.9398 -2577802.4491 1306164.9224 5928333.1219 -1933504.7432 1973179.1775 5727370.1528 -1973179.1775  238189.0310     273.2213      81.1645
400001215 300000304                                         1266279.9131 6114140.2800 -1266279.9131 1933504.7432 5928333.1219 -1306164.9224 1306164.9224 5928333.1219 -1933504.7432  237302.7613     251.5180     100.4902
400001216 300000304                                         1973179.1775 5727370.1528 -1973179.1775 1306164.9224 5928333.1219 -1933504.7432 1933504.7432 5928333.1219 -1306164.9224  239617.8861     261.6009      90.7397
400001217 300000305                                         4504977.3029       0.0000 -4504977.3029 4126944.5164  678984.1624 -4805928.6788 4805928.6788  678984.1624 -4126944.5164  328324.9483     226.9853     185.1798
400001218 300000305                                         3678298.5650 1346350.7175 -5024649.2825 4400885.2099 1361638.6226 -4400885.2099 4126944.5164  678984.1624 -4805928.6788  329212.3599     220.6258     200.2260
400001219 300000305                                         5024649.2825 1346350.7175 -3678298.5650 4805928.6788  678984.1624 -4126944.5164 4400885.2099 1361638.6226 -4400885.2099  329212.3599     243.7504     146.5925
400001220 300000305                                         4126944.5164  678984.1624 -4805928.6788 4400885.2099 1361638.6226 -4400885.2099 4805928.6788  678984.1624 -4126944.5164  332074.9378     229.0889     181.4917
400001221 300000306                                         2600949.8585 2600949.8585 -5201899.7171 3374031.3064 2687534.5848 -4688572.4479 3166715.9053 1990680.8386 -5157396.7439  331958.1435     213.1141     213.7211
400001222 300000306                                         4074905.2917 2716603.5278 -4074905.2917 3912146.8074 2050103.9020 -4591494.5659 3374031.3064 2687534.5848 -4688572.4479  332135.9111     229.7343     166.8887
400001223 300000306                                         3678298.5650 1346350.7175 -5024649.2825 3166715.9053 1990680.8386 -5157396.7439 3912146.8074 2050103.9020 -4591494.5659  331417.2039     215.5134     208.6069
400001224 300000306                                         3374031.3064 2687534.5848 -4688572.4479 3912146.8074 2050103.9020 -4591494.5659 3166715.9053 1990680.8386 -5157396.7439  335024.3025     217.4949     204.4465
400001225 300000307                                         5201899.7171 2600949.8585 -2600949.8585 5157396.7439 1990680.8386 -3166715.9053 4688572.4479 2687534.5848 -3374031.3064  331958.1435     262.8550     135.0670
400001226 300000307                                         5024649.2825 1346350.7175 -3678298.5650 4591494.5659 2050103.9020 -3912146.8074 5157396.7439 1990680.8386 -3166715.9053  331417.2039     271.3444     102.1732
400001227 300000307                                         4074905.2917 2716603.5278 -4074905.2917 4688572.4479 2687534.5848 -3374031.3064 4591494.5659 2050103.9020 -3912146.8074  332135.9111     254.9171     124.1878
400001228 300000307                                         5157396.7439 1990680.8386 -3166715.9053 4591494.5659 2050103.9020 -3912146.8074 4688572.4479 2687534.5848 -3374031.3064  335024.3025     267.3691     124.7183
400001229 300000308                                         3678298.5650 1346350.7175 -5024649.2825 3912146.8074 2050103.9020 -4591494.5659 4400885.2099 1361638.6226 -4400885.2099  344128.0612     222.0651     190.2951
400001230 300000308                                         4074905.2917 2716603.5278 -4074905.2917 4591494.5659 2050103.9020 -3912146.8074 3912146.8074 2050103.9020 -4591494.5659  343384.2298     239.7900     145.3775
400001231 300000308                                         5024649.2825 1346350.7175 -3678298.5650 4400885.2099 1361638.6226 -4400885.2099 4591494.5659 2050103.9020 -3912146.8074  344128.0612     249.1223     130.7870
400001232 300000308                                         3912146.8074 2050103.9020 -4591494.5659 4591494.5659 2050103.9020 -3912146.8074 4400885.2099 1361638.6226 -4400885.2099  347308.3434     235.7460     155.9776
400001233 300000309                                               0.0000 4504977.3029 -4504977.3029  678984.1624 4805928.6788 -4126944.5164  678984.1624 4126944.5164 -4805928.6788  328324.9483     226.8498     180.3590
400001234 300000309                                         1346350.7175 5024649.2825 -3678298.5650 1361638.6226 4400885.2099 -4400885.2099  678984.1624 4805928.6788 -4126944.5164  329212.3599     236.7583     153.4477
400001235 300000309                                         1346350.7175 3678298.5650 -5024649.2825  678984.1624 4126944.5164 -4805928.6788 1361638.6226 4400885.2099 -4400885.2099  329212.3599     220.4868     178.2200
400001236 300000309                                          678984.1624 4805928.6788 -4126944.5164 1361638.6226 4400885.2099 -4400885.2099  678984.1624 4126944.5164 -4805928.6788  332074.9378     227.2380     172.1072
400001237 300000310                                         2600949.8585 5201899.7171 -2600949.8585 2687534.5848 4688572.4479 -3374031.3064 1990680.8386 5157396.7439 -3166715.9053  331958.1435     259.9653     103.3727
400001238 300000310                                         2716603.5278 4074905.2917 -4074905.2917 2050103.9020 4591494.5659 -3912146.8074 2687534.5848 4688572.4479 -3374031.3064  332135.9111     243.3449     140.3003
400001239 300000310                                         1346350.7175 5024649.2825 -3678298.5650 1990680.8386 5157396.7439 -3166715.9053 2050103.9020 4591494.5659 -3912146.8074  331417.2039     246.0934     133.0384
400001240 300000310                                         2687534.5848 4688572.4479 -3374031.3064 2050103.9020 4591494.5659 -3912146.8074 1990680.8386 5157396.7439 -3166715.9053  335024.3025     249.1865     127.7755
400001241 300000311                                         2600949.8585 2600949.8585 -5201899.7171 1990680.8386 3166715.9053 -5157396.7439 2687534.5848 3374031.3064 -4688572.4479  331958.1435     214.0629     209.5952
400001242 300000311                                         1346350.7175 3678298.5650 -5024649.2825 2050103.9020 3912146.8074 -4591494.5659 1990680.8386 3166715.9053 -5157396.7439  331417.2039     217.2791     193.9979
400001243 300000311                                         2716603.5278 4074905.2917 -4074905.2917 2687534.5848 3374031.3064 -4688572.4479 2050103.9020 3912146.8074 -4591494.5659  332135.9111     226.5060     181.0783
400001244 300000311                                         1990680.8386 3166715.9053 -5157396.7439 2050103.9020 3912146.8074 -4591494.5659 2687534.5848 3374031.3064 -4688572.4479  335024.3025     218.9823     195.3633
400001245 300000312                                         1346350.7175 5024649.2825 -3678298.5650 2050103.9020 4591494.5659 -3912146.8074 1361638.6226 4400885.2099 -4400885.2099  344128.0612     238.4962     151.0717
400001246 300000312                                         2716603.5278 4074905.2917 -4074905.2917 2050103.9020 3912146.8074 -4591494.5659 2050103.9020 4591494.5659 -3912146.8074  343384.2298     233.9484     167.9336
400001247 300000312                                         1346350.7175 3678298.5650 -5024649.2825 1361638.6226 4400885.2099 -4400885.2099 2050103.9020 3912146.8074 -4591494.5659  344128.0612     222.3643     178.6366
400001248 300000312                                         2050103.9020 4591494.5659 -3912146.8074 2050103.9020 3912146.8074 -4591494.5659 1361638.6226 4400885.2099 -4400885.2099  347308.3434     231.5815     165.3272
400001249 300000313                                         4504977.3029 4504977.3029       0.0000 4805928.6788 4126944.5164 -678984.1624 4126944.5164 4805928.6788 -678984.1624  328324.9483     272.8828      60.7411
400001250 300000313                                         5024649.2825 3678298.5650 -1346350.7175 4400885.2099 4400885.2099 -1361638.6226 4805928.6788 4126944.5164 -678984.1624  329212.3599     255.4793      99.4089
400001251 300000313                                         3678298.5650 5024649.2825 -1346350.7175 4126944.5164 4805928.6788 -678984.1624 4400885.2099 4400885.2099 -1361638.6226  329212.3599     255.9493      83.8885
400001252 300000313                                         4805928.6788 4126944.5164 -678984.1624 4400885.2099 4400885.2099 -1361638.6226 4126944.5164 4805928.6788 -678984.1624  332074.9378     264.6497      70.4428
400001253 300000314                                         5201899.7171 2600949.8585 -2600949.8585 4688572.4479 3374031.3064 -2687534.5848 5157396.7439 3166715.9053 -1990680.8386  331958.1435     244.1346     157.3541
400001254 300000314                                         4074905.2917 4074905.2917 -2716603.5278 4591494.5659 3912146.8074 -2050103.9020 4688572.4479 3374031.3064 -2687534.5848  332135.9111     268.5238      83.1199
400001255 300000314                                         5024649.2825 3678298.5650 -1346350.7175 5157396.7439 3166715.9053 -1990680.8386 4591494.5659 3912146.8074 -2050103.9020  331417.2039     233.4250     135.5125
400001256 300000314                                         4688572.4479 3374031.3064 -2687534.5848 4591494.5659 3912146.8074 -2050103.9020 5157396.7439 3166715.9053 -1990680.8386  335024.3025     249.8122     119.7963
400001257 300000315                                         2600949.8585 5201899.7171 -2600949.8585 3166715.9053 5157396.7439 -1990680.8386 3374031.3064 4688572.4479 -2687534.5848  331958.1435     271.2553      78.0322
400001258 300000315                                         3678298.5650 5024649.2825 -1346350.7175 3912146.8074 4591494.5659 -2050103.9020 3166715.9053 5157396.7439 -1990680.8386  331417.2039     268.9129      75.6760
400001259 300000315                                         4074905.2917 4074905.2917 -2716603.5278 3374031.3064 4688572.4479 -2687534.5848 3912146.8074 4591494.5659 -2050103.9020  332135.9111     255.2980      97.9958
400001260 300000315                                         3166715.9053 5157396.7439 -1990680.8386 3912146.8074 4591494.5659 -2050103.9020 3374031.3064 4688572.4479 -2687534.5848  335024.3025     267.5298      79.3984
400001261 300000316                                         5024649.2825 3678298.5650 -1346350.7175 4591494.5659 3912146.8074 -2050103.9020 4400885.2099 4400885.2099 -1361638.6226  344128.0612     249.0459     106.2123
400001262 300000316                                         4074905.2917 4074905.2917 -2716603.5278 3912146.8074 4591494.5659 -2050103.9020 4591494.5659 3912146.8074 -2050103.9020  343384.2298     252.5633     108.8227
400001263 300000316                                         3678298.5650 5024649.2825 -1346350.7175 4400885.2099 4400885.2099 -1361638.6226 3912146.8074 4591494.5659 -2050103.9020  344128.0612     246.6289     106.8618
400001264 300000316                                         4591494.5659 3912146.8074 -2050103.9020 3912146.8074 4591494.5659 -2050103.9020 4400885.2099 4400885.2099 -1361638.6226  347308.3434     239.9386     109.7883
400001265 300000317                                         2600949.8585 2600949.8585 -5201899.7171 2687534.5848 3374031.3064 -4688572.4479 3374031.3064 2687534.5848 -4688572.4479  387995.8446     216.7409     200.8083
400001266 300000317                                         2716603.5278 4074905.2917 -4074905.2917 3435012.9904 3435012.9904 -4122015.5885 2687534.5848 3374031.3064 -4688572.4479  388281.7658     230.5317     173.1569
400001267 300000317                                         4074905.2917 2716603.5278 -4074905.2917 3374031.3064 2687534.5848 -4688572.4479 3435012.9904 3435012.9904 -4122015.5885  388281.7658     233.6549     159.7587
400001268 300000317                                         2687534.5848 3374031.3064 -4688572.4479 3435012.9904 3435012.9904 -4122015.5885 3374031.3064 2687534.5848 -4688572.4479  392517.4362     225.9162     179.2087
400001269 300000318                                         2600949.8585 5201899.7171 -2600949.8585 3374031.3064 4688572.4479 -2687534.5848 2687534.5848 4688572.4479 -3374031.3064  387995.8446     261.6807      96.7555
400001270 300000318                                         4074905.2917 4074905.2917 -2716603.5278 3435012.9904 4122015.5885 -3435012.9904 3374031.3064 4688572.4479 -2687534.5848  388281.7658     260.0264     105.7028
400001271 300000318                                         2716603.5278 4074905.2917 -4074905.2917 2687534.5848 4688572.4479 -3374031.3064 3435012.9904 4122015.5885 -3435012.9904  388281.7658     247.0279     133.9197
400001272 300000318                                         3374031.3064 4688572.4479 -2687534.5848 3435012.9904 4122015.5885 -3435012.9904 2687534.5848 4688572.4479 -3374031.3064  392517.4362     254.7781     114.8514
400001273 300000319                                         5201899.7171 2600949.8585 -2600949.8585 4688572.4479 2687534.5848 -3374031.3064 4688572.4479 3374031.3064 -2687534.5848  387995.8446     244.8360     156.0732
400001274 300000319                                         4074905.2917 2716603.5278 -4074905.2917 4122015.5885 3435012.9904 -3435012.9904 4688572.4479 2687534.5848 -3374031.3064  388281.7658     254.2406     125.4460
400001275 300000319                                         4074905.2917 4074905.2917 -2716603.5278 4688572.4479 3374031.3064 -2687534.5848 4122015.5885 3435012.9904 -3435012.9904  388281.7658     264.0437      97.5802
400001276 300000319                                         4688572.4479 2687534.5848 -3374031.3064 4122015.5885 3435012.9904 -3435012.9904 4688572.4479 3374031.3064 -2687534.5848  392517.4362     255.9090     119.9302
400001277 300000320                                         2716603.5278 4074905.2917 -4074905.2917 3435012.9904 4122015.5885 -3435012.9904 3435012.9904 3435012.9904 -4122015.5885  405996.4825     242.4360     153.0344
400001278 300000320                                         4074905.2917 4074905.2917 -2716603.5278 4122015.5885 3435012.9904 -3435012.9904 3435012.9904 4122015.5885 -3435012.9904  405996.4825     260.8457     109.7655
400001279 300000320                                         4074905.2917 2716603.5278 -4074905.2917 3435012.9904 3435012.9904 -4122015.5885 4122015.5885 3435012.9904 -3435012.9904  405996.4825     246.1526     139.1311
400001280 300000320                                         3435012.9904 4122015.5885 -3435012.9904 4122015.5885 3435012.9904 -3435012.9904 3435012.9904 3435012.9904 -4122015.5885  410731.3740     249.3820     136.3091
400001281 300000321                                               0.0000 6371000.0000       0.0000       0.0000 6340321.8936 -624467.2010 -624467.2010 6340321.8936       0.0000  195921.5441     202.5431     128.4034
400001282 300000321                                               0.0000 6248583.0214 -1242920.4416 -627459.2093 6308900.9250 -627459.2093       0.0000 6340321.8936 -624467.2010  196860.2699     219.0788     122.5174
400001283 300000321                                         -1242920.4416 6248583.0214       0.0000 -624467.2010 6340321.8936       0.0000 -627459.2093 6308900.9250 -627459.2093  196860.2699     190.8907     142.4842
400001284 300000321                                               0.0000 6340321.8936 -624467.2010 -627459.2093 6308900.9250 -627459.2093 -624467.2010 6340321.8936       0.0000  197817.4310     200.3457     137.6014
400001285 300000322                                               0.0000 5886036.5016 -2438076.1476 -639129.1082 6056845.8882 -1869698.6039       0.0000 6096666.8789 -1849403.6788  200521.8161     277.9247      88.9351
400001286 300000322                                         -1266279.9131 6114140.2800 -1266279.9131 -636326.6289 6212473.2151 -1260914.7366 -639129.1082 6056845.8882 -1869698.6039  200560.6406     257.0822      97.4782
400001287 300000322                                               0.0000 6248583.0214 -1242920.4416       0.0000 6096666.8789 -1849403.6788 -636326.6289 6212473.2151 -1260914.7366  199642.5528     256.2198      93.5252
400001288 300000322                                         -639129.1082 6056845.8882 -1869698.6039 -636326.6289 6212473.2151 -1260914.7366       0.0000 6096666.8789 -1849403.6788  201535.9727     266.8779      89.7040
400001289 300000323                                         -2438076.1476 5886036.5016       0.0000 -1849403.6788 6096666.8789       0.0000 -1869698.6039 6056845.8882 -639129.1082  200521.8161     188.8819     147.4796
400001290 300000323                                         -1242920.4416 6248583.0214       0.0000 -1260914.7366 6212473.2151 -636326.6289 -1849403.6788 6096666.8789       0.0000  199642.5528     186.2509     150.8568
400001291 300000323                                         -1266279.9131 6114140.2800 -1266279.9131 -1869698.6039 6056845.8882 -639129.1082 -1260914.7366 6212473.2151 -636326.6289  200560.6406     200.3460     136.7578
400001292 300000323                                         -1849403.6788 6096666.8789       0.0000 -1260914.7366 6212473.2151 -636326.6289 -1869698.6039 6056845.8882 -639129.1082  201535.9727     182.2630     151.2023
400001293 300000324                                               0.0000 6248583.0214 -1242920.4416 -636326.6289 6212473.2151 -1260914.7366 -627459.2093 6308900.9250 -627459.2093  204548.8197     230.4774     113.7262
400001294 300000324                                         -1266279.9131 6114140.2800 -1266279.9131 -1260914.7366 6212473.2151 -636326.6289 -636326.6289 6212473.2151 -1260914.7366  203612.8458     225.9546     118.4190
400001295 300000324                                         -1242920.4416 6248583.0214       0.0000 -627459.2093 6308900.9250 -627459.2093 -1260914.7366 6212473.2151 -636326.6289  204548.8197     187.4116     147.6849
400001296 300000324                                         -636326.6289 6212473.2151 -1260914.7366 -1260914.7366 6212473.2151 -636326.6289 -627459.2093 6308900.9250 -627459.2093  205583.5447     211.6762     131.2678
400001297 300000325                                               0.0000 4504977.3029 -4504977.3029 -678984.1624 4805928.6788 -4126944.5164       0.0000 4924849.5984 -4041719.6134  213029.7505     234.5402     167.1001
400001298 300000325                                         -1346350.7175 5024649.2825 -3678298.5650 -677162.3725 5191537.9595 -3630292.7893 -678984.1624 4805928.6788 -4126944.5164  213259.5913     248.4344     142.7909
400001299 300000325                                               0.0000 5297292.9000 -3539537.9546       0.0000 4924849.5984 -4041719.6134 -677162.3725 5191537.9595 -3630292.7893  212458.1628     248.7683     141.7913
400001300 300000325                                         -678984.1624 4805928.6788 -4126944.5164 -677162.3725 5191537.9595 -3630292.7893       0.0000 4924849.5984 -4041719.6134  214297.3599     242.7922     152.6256
400001301 300000326                                         -2600949.8585 5201899.7171 -2600949.8585 -1976963.3461 5468063.2517 -2604139.2443 -1990680.8386 5157396.7439 -3166715.9053  213953.8407     285.2358      86.6026
400001302 300000326                                         -1330561.6814 5672228.9398 -2577802.4491 -1345228.8674 5375502.5311 -3143878.6287 -1976963.3461 5468063.2517 -2604139.2443  213196.7862     276.2280     109.5574
400001303 300000326                                         -1346350.7175 5024649.2825 -3678298.5650 -1990680.8386 5157396.7439 -3166715.9053 -1345228.8674 5375502.5311 -3143878.6287  213817.3983     265.0485     125.5299
400001304 300000326                                         -1976963.3461 5468063.2517 -2604139.2443 -1345228.8674 5375502.5311 -3143878.6287 -1990680.8386 5157396.7439 -3166715.9053  215042.4187     275.1598     107.5708
400001305 300000327                                               0.0000 5886036.5016 -2438076.1476       0.0000 5618720.3752 -3003268.6103 -669073.8784 5812081.9155 -2522238.0841  209920.2574     275.3067     103.2633
400001306 300000327                                               0.0000 5297292.9000 -3539537.9546 -671168.2896 5533298.6915 -3085738.1156       0.0000 5618720.3752 -3003268.6103  210577.3796     265.3317     116.1241
400001307 300000327                                         -1330561.6814 5672228.9398 -2577802.4491 -669073.8784 5812081.9155 -2522238.0841 -671168.2896 5533298.6915 -3085738.1156  210758.2000     273.2167     111.0945
400001308 300000327                                               0.0000 5618720.3752 -3003268.6103 -671168.2896 5533298.6915 -3085738.1156 -669073.8784 5812081.9155 -2522238.0841  211783.6604     271.0079     113.1488
400001309 300000328                                         -1346350.7175 5024649.2825 -3678298.5650 -1345228.8674 5375502.5311 -3143878.6287 -677162.3725 5191537.9595 -3630292.7893  217445.2803     259.3535     129.5406
400001310 300000328                                         -1330561.6814 5672228.9398 -2577802.4491 -671168.2896 5533298.6915 -3085738.1156 -1345228.8674 5375502.5311 -3143878.6287  218077.9738     270.6802     118.6108
400001311 300000328                                               0.0000 5297292.9000 -3539537.9546 -677162.3725 5191537.9595 -3630292.7893 -671168.2896 5533298.6915 -3085738.1156  218265.1507     259.8372     122.9115
400001312 300000328                                         -1345228.8674 5375502.5311 -3143878.6287 -671168.2896 5533298.6915 -3085738.1156 -677162.3725 5191537.9595 -3630292.7893  219375.9096     263.3385     120.5164
400001313 300000329                                         -4504977.3029 4504977.3029       0.0000 -4041719.6134 4924849.5984       0.0000 -4126944.5164 4805928.6788 -678984.1624  213029.7505     207.6210     117.4723
400001314 300000329                                         -3539537.9546 5297292.9000       0.0000 -3630292.7893 5191537.9595 -677162.3725 -4041719.6134 4924849.5984       0.0000  212458.1628     218.3872     109.2058
400001315 300000329                                         -3678298.5650 5024649.2825 -1346350.7175 -4126944.5164 4805928.6788 -678984.1624 -3630292.7893 5191537.9595 -677162.3725  213259.5913     212.7575     115.3103
400001316 300000329                                         -4041719.6134 4924849.5984       0.0000 -3630292.7893 5191537.9595 -677162.3725 -4126944.5164 4805928.6788 -678984.1624  214297.3599     212.1120     114.8663
400001317 300000330                                         -2438076.1476 5886036.5016       0.0000 -2522238.0841 5812081.9155 -669073.8784 -3003268.6103 5618720.3752       0.0000  209920.2574     191.6662     144.4500
400001318 300000330                                         -2577802.4491 5672228.9398 -1330561.6814 -3085738.1156 5533298.6915 -671168.2896 -2522238.0841 5812081.9155 -669073.8784  210758.2000     201.8777     132.2057
400001319 300000330                                         -3539537.9546 5297292.9000       0.0000 -3003268.6103 5618720.3752       0.0000 -3085738.1156 5533298.6915 -671168.2896  210577.3796     202.5613     123.5385
400001320 300000330                                         -2522238.0841 5812081.9155 -669073.8784 -3085738.1156 5533298.6915 -671168.2896 -3003268.6103 5618720.3752       0.0000  211783.6604     193.6287     146.1956
400001321 300000331                                         -2600949.8585 5201899.7171 -2600949.8585 -3166715.9053 5157396.7439 -1990680.8386 -2604139.2443 5468063.2517 -1976963.3461  213953.8407     281.9870      79.0274
400001322 300000331                                         -3678298.5650 5024649.2825 -1346350.7175 -3143878.6287 5375502.5311 -1345228.8674 -3166715.9053 5157396.7439 -1990680.8386  213817.3983     236.5658      97.4723
400001323 300000331                                         -2577802.4491 5672228.9398 -1330561.6814 -2604139.2443 5468063.2517 -1976963.3461 -3143878.6287 5375502.5311 -1345228.8674  213196.7862     244.9777      92.7805
400001324 300000331                                         -3166715.9053 5157396.7439 -1990680.8386 -3143878.6287 5375502.5311 -1345228.8674 -2604139.2443 5468063.2517 -1976963.3461  215042.4187     258.2173      82.0325
400001325 300000332                                         -3539537.9546 5297292.9000       0.0000 -3085738.1156 5533298.6915 -671168.2896 -3630292.7893 5191537.9595 -677162.3725  218265.1507     207.2784     122.1904
400001326 300000332                                         -2577802.4491 5672228.9398 -1330561.6814 -3143878.6287 5375502.5311 -1345228.8674 -3085738.1156 5533298.6915 -671168.2896  218077.9738     213.7070     114.1486
400001327 300000332                                         -3678298.5650 5024649.2825 -1346350.7175 -3630292.7893 5191537.9595 -677162.3725 -3143878.6287 5375502.5311 -1345228.8674  217445.2803     214.7533     111.1685
400001328 300000332                                         -3085738.1156 5533298.6915 -671168.2896 -3143878.6287 5375502.5311 -1345228.8674 -3630292.7893 5191537.9595 -677162.3725  219375.9096     207.7476     121.0808
400001329 300000333                                               0.0000 5886036.5016 -2438076.1476 -669073.8784 5812081.9155 -2522238.0841 -639129.1082 6056845.8882 -1869698.6039  232651.5371     278.2812      98.5108
400001330 300000333                                         -1330561.6814 5672228.9398 -2577802.4491 -1306164.9224 5928333.1219 -1933504.7432 -669073.8784 5812081.9155 -2522238.0841  231845.9895     277.9928      99.8898
400001331 300000333                                         -1266279.9131 6114140.2800 -1266279.9131 -639129.1082 6056845.8882 -1869698.6039 -1306164.9224 5928333.1219 -1933504.7432  232712.3450     269.2119      94.1729
400001332 300000333                                         -669073.8784 5812081.9155 -2522238.0841 -1306164.9224 5928333.1219 -1933504.7432 -639129.1082 6056845.8882 -1869698.6039  234046.8072     277.8638      99.2359
400001333 300000334                                         -2600949.8585 5201899.7171 -2600949.8585 -2604139.2443 5468063.2517 -1976963.3461 -1976963.3461 5468063.2517 -2604139.2443  228300.1373     286.9801      77.5843
400001334 300000334                                         -2577802.4491 5672228.9398 -1330561.6814 -1973179.1775 5727370.1528 -1973179.1775 -2604139.2443 5468063.2517 -1976963.3461  229212.6770     264.3060      81.8010
400001335 300000334                                         -1330561.6814 5672228.9398 -2577802.4491 -1976963.3461 5468063.2517 -2604139.2443 -1973179.1775 5727370.1528 -1973179.1775  229212.6770     281.5722      89.3577
400001336 300000334                                         -2604139.2443 5468063.2517 -1976963.3461 -1973179.1775 5727370.1528 -1973179.1775 -1976963.3461 5468063.2517 -2604139.2443  230526.8451     280.9100      73.3619
400001337 300000335                                         -2438076.1476 5886036.5016       0.0000 -1869698.6039 6056845.8882 -639129.1082 -2522238.0841 5812081.9155 -669073.8784  232651.5371     185.3989     158.1915
400001338 300000335                                         -1266279.9131 6114140.2800 -1266279.9131 -1933504.7432 5928333.1219 -1306164.9224 -1869698.6039 6056845.8882 -639129.1082  232712.3450     219.4062     116.7258
400001339 300000335                                         -2577802.4491 5672228.9398 -1330561.6814 -2522238.0841 5812081.9155 -669073.8784 -1933504.7432 5928333.1219 -1306164.9224  231845.9895     213.6210     118.0809
400001340 300000335                                         -1869698.6039 6056845.8882 -639129.1082 -1933504.7432 5928333.1219 -1306164.9224 -2522238.0841 5812081.9155 -669073.8784  234046.8072     194.8121     139.7979
400001341 300000336                                         -1330561.6814 5672228.9398 -2577802.4491 -1973179.1775 5727370.1528 -1973179.1775 -1306164.9224 5928333.1219 -1933504.7432  238189.0310     279.6424      92.2110
400001342 300000336                                         -2577802.4491 5672228.9398 -1330561.6814 -1933504.7432 5928333.1219 -1306164.9224 -1973179.1775 5727370.1528 -1973179.1775  238189.0310     252.8020      89.3533
400001343 300000336                                         -1266279.9131 6114140.2800 -1266279.9131 -1306164.9224 5928333.1219 -1933504.7432 -1933504.7432 5928333.1219 -1306164.9224  237302.7613     257.7609      93.2445
400001344 300000336                                         -1973179.1775 5727370.1528 -1973179.1775 -1933504.7432 5928333.1219 -1306164.9224 -1306164.9224 5928333.1219 -1933504.7432  239617.8861     269.1078      89.3858
400001345 300000337                                               0.0000       0.0000 -6371000.0000 -624467.2010       0.0000 -6340321.8936       0.0000  624467.2010 -6340321.8936  195921.5441     189.2250     366.1605
400001346 300000337                                         -1242920.4416       0.0000 -6248583.0214 -627459.2093  627459.2093 -6308900.9250 -624467.2010       0.0000 -6340321.8936  196860.2699     208.7759     349.7711
400001347 300000337                                               0.0000 1242920.4416 -6248583.0214       0.0000  624467.2010 -6340321.8936 -627459.2093  627459.2093 -6308900.9250  196860.2699     186.5424     362.3242
400001348 300000337                                         -624467.2010       0.0000 -6340321.8936 -627459.2093  627459.2093 -6308900.9250       0.0000  624467.2010 -6340321.8936  197817.4310     194.3526     355.1342
400001349 300000338                                         -2438076.1476       0.0000 -5886036.5016 -1869698.6039  639129.1082 -6056845.8882 -1849403.6788       0.0000 -6096666.8789  200521.8161     212.1884     288.5156
400001350 300000338                                         -1266279.9131 1266279.9131 -6114140.2800 -1260914.7366  636326.6289 -6212473.2151 -1869698.6039  639129.1082 -6056845.8882  200560.6406     195.7255     348.0606
400001351 300000338                                         -1242920.4416       0.0000 -6248583.0214 -1849403.6788       0.0000 -6096666.8789 -1260914.7366  636326.6289 -6212473.2151  199642.5528     214.4971     251.8634
400001352 300000338                                         -1869698.6039  639129.1082 -6056845.8882 -1260914.7366  636326.6289 -6212473.2151 -1849403.6788       0.0000 -6096666.8789  201535.9727     210.8436     297.1433
400001353 300000339                                               0.0000 2438076.1476 -5886036.5016       0.0000 1849403.6788 -6096666.8789 -639129.1082 1869698.6039 -6056845.8882  200521.8161     188.4608     349.6264
400001354 300000339                                               0.0000 1242920.4416 -6248583.0214 -636326.6289 1260914.7366 -6212473.2151       0.0000 1849403.6788 -6096666.8789  199642.5528     180.3008     361.2195
400001355 300000339                                         -1266279.9131 1266279.9131 -6114140.2800 -639129.1082 1869698.6039 -6056845.8882 -636326.6289 1260914.7366 -6212473.2151  200560.6406     184.5840     355.8180
400001356 300000339                                               0.0000 1849403.6788 -6096666.8789 -636326.6289 1260914.7366 -6212473.2151 -639129.1082 1869698.6039 -6056845.8882  201535.9727     183.6609     355.2509
400001357 300000340                                         -1242920.4416       0.0000 -6248583.0214 -1260914.7366  636326.6289 -6212473.2151 -627459.2093  627459.2093 -6308900.9250  204548.8197     206.1717     346.6055
400001358 300000340                                         -1266279.9131 1266279.9131 -6114140.2800 -636326.6289 1260914.7366 -6212473.2151 -1260914.7366  636326.6289 -6212473.2151  203612.8458     190.6375     353.1004
400001359 300000340                                               0.0000 1242920.4416 -6248583.0214 -627459.2093  627459.2093 -6308900.9250 -636326.6289 1260914.7366 -6212473.2151  204548.8197     186.8996     358.6021
400001360 300000340                                         -1260914.7366  636326.6289 -6212473.2151 -636326.6289 1260914.7366 -6212473.2151 -627459.2093  627459.2093 -6308900.9250  205583.5447     194.4812     353.6050
400001361 300000341                                         -4504977.3029       0.0000 -4504977.3029 -4126944.5164  678984.1624 -4805928.6788 -4041719.6134       0.0000 -4924849.5984  213029.7505     230.3437     160.0466
400001362 300000341                                         -3678298.5650 1346350.7175 -5024649.2825 -3630292.7893  677162.3725 -5191537.9595 -4126944.5164  678984.1624 -4805928.6788  213259.5913     226.1004     177.5174
400001363 300000341                                         -3539537.9546       0.0000 -5297292.9000 -4041719.6134       0.0000 -4924849.5984 -3630292.7893  677162.3725 -5191537.9595  212458.1628     226.8117     180.6967
400001364 300000341                                         -4126944.5164  678984.1624 -4805928.6788 -3630292.7893  677162.3725 -5191537.9595 -4041719.6134       0.0000 -4924849.5984  214297.3599     228.3802     173.4960
400001365 300000342                                         -2600949.8585 2600949.8585 -5201899.7171 -2604139.2443 1976963.3461 -5468063.2517 -3166715.9053 1990680.8386 -5157396.7439  213953.8407     217.1857     186.3936
400001366 300000342                                         -2577802.4491 1330561.6814 -5672228.9398 -3143878.6287 1345228.8674 -5375502.5311 -2604139.2443 1976963.3461 -5468063.2517  213196.7862     215.6837     208.2577
400001367 300000342                                         -3678298.5650 1346350.7175 -5024649.2825 -3166715.9053 1990680.8386 -5157396.7439 -3143878.6287 1345228.8674 -5375502.5311  213817.3983     221.7894     191.7950
400001368 300000342                                         -2604139.2443 1976963.3461 -5468063.2517 -3143878.6287 1345228.8674 -5375502.5311 -3166715.9053 1990680.8386 -5157396.7439  215042.4187     217.8984     194.7700
400001369 300000343                                         -2438076.1476       0.0000 -5886036.5016 -3003268.6103       0.0000 -5618720.3752 -2522238.0841  669073.8784 -5812081.9155  209920.2574     213.2349     254.0862
400001370 300000343                                         -3539537.9546       0.0000 -5297292.9000 -3085738.1156  671168.2896 -5533298.6915 -3003268.6103       0.0000 -5618720.3752  210577.3796     218.7522     206.4381
400001371 300000343                                         -2577802.4491 1330561.6814 -5672228.9398 -2522238.0841  669073.8784 -5812081.9155 -3085738.1156  671168.2896 -5533298.6915  210758.2000     214.4904     234.9711
400001372 300000343                                         -3003268.6103       0.0000 -5618720.3752 -3085738.1156  671168.2896 -5533298.6915 -2522238.0841  669073.8784 -5812081.9155  211783.6604     215.1886     225.7249
400001373 300000344                                         -3678298.5650 1346350.7175 -5024649.2825 -3143878.6287 1345228.8674 -5375502.5311 -3630292.7893  677162.3725 -5191537.9595  217445.2803     223.0115     187.0969
400001374 300000344                                         -2577802.4491 1330561.6814 -5672228.9398 -3085738.1156  671168.2896 -5533298.6915 -3143878.6287 1345228.8674 -5375502.5311  218077.9738     216.6458     213.9784
400001375 300000344                                         -3539537.9546       0.0000 -5297292.9000 -3630292.7893  677162.3725 -5191537.9595 -3085738.1156  671168.2896 -5533298.6915  218265.1507     222.3005     194.7576
400001376 300000344                                         -3143878.6287 1345228.8674 -5375502.5311 -3085738.1156  671168.2896 -5533298.6915 -3630292.7893  677162.3725 -5191537.9595  219375.9096     220.1015     201.6858
400001377 300000345                                               0.0000 4504977.3029 -4504977.3029       0.0000 4041719.6134 -4924849.5984 -678984.1624 4126944.5164 -4805928.6788  213029.7505     221.7498     194.1131
400001378 300000345                                               0.0000 3539537.9546 -5297292.9000 -677162.3725 3630292.7893 -5191537.9595       0.0000 4041719.6134 -4924849.5984  212458.1628     214.7661     202.0738
400001379 300000345                                         -1346350.7175 3678298.5650 -5024649.2825 -678984.1624 4126944.5164 -4805928.6788 -677162.3725 3630292.7893 -5191537.9595  213259.5913     218.5535     190.1505
400001380 300000345                                               0.0000 4041719.6134 -4924849.5984 -677162.3725 3630292.7893 -5191537.9595 -678984.1624 4126944.5164 -4805928.6788  214297.3599     217.8493     196.1381
400001381 300000346                                               0.0000 2438076.1476 -5886036.5016 -669073.8784 2522238.0841 -5812081.9155       0.0000 3003268.6103 -5618720.3752  209920.2574     209.7491     272.6214
400001382 300000346                                         -1330561.6814 2577802.4491 -5672228.9398 -671168.2896 3085738.1156 -5533298.6915 -669073.8784 2522238.0841 -5812081.9155  210758.2000     210.7796     230.8685
400001383 300000346                                               0.0000 3539537.9546 -5297292.9000       0.0000 3003268.6103 -5618720.3752 -671168.2896 3085738.1156 -5533298.6915  210577.3796     210.6265     208.1891
400001384 300000346                                         -669073.8784 2522238.0841 -5812081.9155 -671168.2896 3085738.1156 -5533298.6915       0.0000 3003268.6103 -5618720.3752  211783.6604     209.9960     243.0614
400001385 300000347                                         -2600949.8585 2600949.8585 -5201899.7171 -1990680.8386 3166715.9053 -5157396.7439 -1976963.3461 2604139.2443 -5468063.2517  213953.8407     216.1843     190.3393
400001386 300000347                                         -1346350.7175 3678298.5650 -5024649.2825 -1345228.8674 3143878.6287 -5375502.5311 -1990680.8386 3166715.9053 -5157396.7439  213817.3983     216.3804     200.1553
400001387 300000347                                         -1330561.6814 2577802.4491 -5672228.9398 -1976963.3461 2604139.2443 -5468063.2517 -1345228.8674 3143878.6287 -5375502.5311  213196.7862     212.1829     204.3819
400001388 300000347                                         -1990680.8386 3166715.9053 -5157396.7439 -1345228.8674 3143878.6287 -5375502.5311 -1976963.3461 2604139.2443 -5468063.2517  215042.4187     214.5767     200.0048
400001389 300000348                                               0.0000 3539537.9546 -5297292.9000 -671168.2896 3085738.1156 -5533298.6915 -677162.3725 3630292.7893 -5191537.9595  218265.1507     212.5515     197.8303
400001390 300000348                                         -1330561.6814 2577802.4491 -5672228.9398 -1345228.8674 3143878.6287 -5375502.5311 -671168.2896 3085738.1156 -5533298.6915  218077.9738     212.1511     206.4224
400001391 300000348                                         -1346350.7175 3678298.5650 -5024649.2825 -677162.3725 3630292.7893 -5191537.9595 -1345228.8674 3143878.6287 -5375502.5311  217445.2803     215.8838     195.3548
400001392 300000348                                         -671168.2896 3085738.1156 -5533298.6915 -1345228.8674 3143878.6287 -5375502.5311 -677162.3725 3630292.7893 -5191537.9595  219375.9096     213.4698     199.1375
400001393 300000349                                         -2438076.1476       0.0000 -5886036.5016 -2522238.0841  669073.8784 -5812081.9155 -1869698.6039  639129.1082 -6056845.8882  232651.5371     212.4917     303.4698
400001394 300000349                                         -2577802.4491 1330561.6814 -5672228.9398 -1933504.7432 1306164.9224 -5928333.1219 -2522238.0841  669073.8784 -5812081.9155  231845.9895     212.3310     283.0781
400001395 300000349                                         -1266279.9131 1266279.9131 -6114140.2800 -1869698.6039  639129.1082 -6056845.8882 -1933504.7432 1306164.9224 -5928333.1219  232712.3450     197.6761     342.7468
400001396 300000349                                         -2522238.0841  669073.8784 -5812081.9155 -1933504.7432 1306164.9224 -5928333.1219 -1869698.6039  639129.1082 -6056845.8882  234046.8072     209.7645     319.5892
400001397 300000350                                         -2600949.8585 2600949.8585 -5201899.7171 -1976963.3461 2604139.2443 -5468063.2517 -2604139.2443 1976963.3461 -5468063.2517  228300.1373     215.3150     195.3932
400001398 300000350                                         -1330561.6814 2577802.4491 -5672228.9398 -1973179.1775 1973179.1775 -5727370.1528 -1976963.3461 2604139.2443 -5468063.2517  229212.6770     210.8403     213.7419
400001399 300000350                                         -2577802.4491 1330561.6814 -5672228.9398 -2604139.2443 1976963.3461 -5468063.2517 -1973179.1775 1973179.1775 -5727370.1528  229212.6770     212.9220     213.5258
400001400 300000350                                         -1976963.3461 2604139.2443 -5468063.2517 -1973179.1775 1973179.1775 -5727370.1528 -2604139.2443 1976963.3461 -5468063.2517  230526.8451     212.9016     205.9836
400001401 300000351                                               0.0000 2438076.1476 -5886036.5016 -639129.1082 1869698.6039 -6056845.8882 -669073.8784 2522238.0841 -5812081.9155  232651.5371     196.6043     340.4480
400001402 300000351                                         -1266279.9131 1266279.9131 -6114140.2800 -1306164.9224 1933504.7432 -5928333.1219 -639129.1082 1869698.6039 -6056845.8882  232712.3450     188.4039     351.0365
400001403 300000351                                         -1330561.6814 2577802.4491 -5672228.9398 -669073.8784 2522238.0841 -5812081.9155 -1306164.9224 1933504.7432 -5928333.1219  231845.9895     208.0934     288.4288
400001404 300000351                                         -639129.1082 1869698.6039 -6056845.8882 -1306164.9224 1933504.7432 -5928333.1219 -669073.8784 2522238.0841 -5812081.9155  234046.8072     197.2739     339.6490
400001405 300000352                                         -2577802.4491 1330561.6814 -5672228.9398 -1973179.1775 1973179.1775 -5727370.1528 -1933504.7432 1306164.9224 -5928333.1219  238189.0310     210.7685     247.3822
400001406 300000352                                         -1330561.6814 2577802.4491 -5672228.9398 -1306164.9224 1933504.7432 -5928333.1219 -1973179.1775 1973179.1775 -5727370.1528  238189.0310     207.0869     280.2134
400001407 300000352                                         -1266279.9131 1266279.9131 -6114140.2800 -1933504.7432 1306164.9224 -5928333.1219 -1306164.9224 1933504.7432 -5928333.1219  237302.7613     192.1324     344.5603
400001408 300000352                                         -1973179.1775 1973179.1775 -5727370.1528 -1306164.9224 1933504.7432 -5928333.1219 -1933504.7432 1306164.9224 -5928333.1219  239617.8861     201.8195     323.6936
400001409 300000353                                         -6371000.0000       0.0000       0.0000 -6340321.8936  624467.2010       0.0000 -6340321.8936       0.0000 -624467.2010  195921.5441     256.6032      74.0793
400001410 300000353                                         -6248583.0214 1242920.4416       0.0000 -6308900.9250  627459.2093 -627459.2093 -6340321.8936  624467.2010       0.0000  196860.2699     247.4680      80.4141
400001411 300000353                                         -6248583.0214       0.0000 -1242920.4416 -6340321.8936       0.0000 -624467.2010 -6308900.9250  627459.2093 -627459.2093  196860.2699     231.3156     106.6803
400001412 300000353                                         -6340321.8936  624467.2010       0.0000 -6308900.9250  627459.2093 -627459.2093 -6340321.8936       0.0000 -624467.2010  197817.4310     247.3377      84.1175
400001413 300000354                                         -5886036.5016 2438076.1476       0.0000 -6056845.8882 1869698.6039 -639129.1082 -6096666.8789 1849403.6788       0.0000  200521.8161     233.8445      90.7797
400001414 300000354                                         -6114140.2800 1266279.9131 -1266279.9131 -6212473.2151 1260914.7366 -636326.6289 -6056845.8882 1869698.6039 -639129.1082  200560.6406     222.7909     110.8184
400001415 300000354                                         -6248583.0214 1242920.4416       0.0000 -6096666.8789 1849403.6788       0.0000 -6212473.2151 1260914.7366 -636326.6289  199642.5528     240.3088      85.4222
400001416 300000354                                         -6056845.8882 1869698.6039 -639129.1082 -6212473.2151 1260914.7366 -636326.6289 -6096666.8789 1849403.6788       0.0000  201535.9727     233.0176      94.6565
400001417 300000355                                         -5886036.5016       0.0000 -2438076.1476 -6096666.8789       0.0000 -1849403.6788 -6056845.8882  639129.1082 -1869698.6039  200521.8161     244.5712     108.5694
400001418 300000355                                         -6248583.0214       0.0000 -1242920.4416 -6212473.2151  636326.6289 -1260914.7366 -6096666.8789       0.0000 -1849403.6788  199642.5528     227.2105     120.4823
400001419 300000355                                         -6114140.2800 1266279.9131 -1266279.9131 -6056845.8882  639129.1082 -1869698.6039 -6212473.2151  636326.6289 -1260914.7366  200560.6406     229.7246     112.1338
400001420 300000355                                         -6096666.8789       0.0000 -1849403.6788 -6212473.2151  636326.6289 -1260914.7366 -6056845.8882  639129.1082 -1869698.6039  201535.9727     234.5061     112.7705
400001421 300000356                                         -6248583.0214 1242920.4416       0.0000 -6212473.2151 1260914.7366 -636326.6289 -6308900.9250  627459.2093 -627459.2093  204548.8197     238.6679      90.3020
400001422 300000356                                         -6114140.2800 1266279.9131 -1266279.9131 -6212473.2151  636326.6289 -1260914.7366 -6212473.2151 1260914.7366 -636326.6289  203612.8458     222.6875     114.9907
400001423 300000356                                         -6248583.0214       0.0000 -1242920.4416 -6308900.9250  627459.2093 -627459.2093 -6212473.2151  636326.6289 -1260914.7366  204548.8197     226.3721     114.6504
400001424 300000356                                         -6212473.2151 1260914.7366 -636326.6289 -6212473.2151  636326.6289 -1260914.7366 -6308900.9250  627459.2093 -627459.2093  205583.5447     227.3163     108.2080
400001425 300000357                                         -4504977.3029 4504977.3029       0.0000 -4805928.6788 4126944.5164 -678984.1624 -4924849.5984 4041719.6134       0.0000  213029.7505     207.3274     129.7957
400001426 300000357                                         -5024649.2825 3678298.5650 -1346350.7175 -5191537.9595 3630292.7893 -677162.3725 -4805928.6788 4126944.5164 -678984.1624  213259.5913     212.8417     125.3011
400001427 300000357                                         -5297292.9000 3539537.9546       0.0000 -4924849.5984 4041719.6134       0.0000 -5191537.9595 3630292.7893 -677162.3725  212458.1628     217.2711     115.3312
400001428 300000357                                         -4805928.6788 4126944.5164 -678984.1624 -5191537.9595 3630292.7893 -677162.3725 -4924849.5984 4041719.6134       0.0000  214297.3599     202.8513     135.7652
400001429 300000358                                         -5201899.7171 2600949.8585 -2600949.8585 -5468063.2517 2604139.2443 -1976963.3461 -5157396.7439 3166715.9053 -1990680.8386  213953.8407     268.6995      82.7935
400001430 300000358                                         -5672228.9398 2577802.4491 -1330561.6814 -5375502.5311 3143878.6287 -1345228.8674 -5468063.2517 2604139.2443 -1976963.3461  213196.7862     261.6652      82.3954
400001431 300000358                                         -5024649.2825 3678298.5650 -1346350.7175 -5157396.7439 3166715.9053 -1990680.8386 -5375502.5311 3143878.6287 -1345228.8674  213817.3983     259.0424      79.3188
400001432 300000358                                         -5468063.2517 2604139.2443 -1976963.3461 -5375502.5311 3143878.6287 -1345228.8674 -5157396.7439 3166715.9053 -1990680.8386  215042.4187     268.3539      75.4647
400001433 300000359                                         -5886036.5016 2438076.1476       0.0000 -5618720.3752 3003268.6103       0.0000 -5812081.9155 2522238.0841 -669073.8784  209920.2574     225.9034     100.8314
400001434 300000359                                         -5297292.9000 3539537.9546       0.0000 -5533298.6915 3085738.1156 -671168.2896 -5618720.3752 3003268.6103       0.0000  210577.3796     220.2310     102.8743
400001435 300000359                                         -5672228.9398 2577802.4491 -1330561.6814 -5812081.9155 2522238.0841 -669073.8784 -5533298.6915 3085738.1156 -671168.2896  210758.2000     222.3454     113.6453
400001436 300000359                                         -5618720.3752 3003268.6103       0.0000 -5533298.6915 3085738.1156 -671168.2896 -5812081.9155 2522238.0841 -669073.8784  211783.6604     216.5819     113.5520
400001437 300000360                                         -5024649.2825 3678298.5650 -1346350.7175 -5375502.5311 3143878.6287 -1345228.8674 -5191537.9595 3630292.7893 -677162.3725  217445.2803     236.2980      92.9094
400001438 300000360                                         -5672228.9398 2577802.4491 -1330561.6814 -5533298.6915 3085738.1156 -671168.2896 -5375502.5311 3143878.6287 -1345228.8674  218077.9738     236.6846      99.4985
400001439 300000360                                         -5297292.9000 3539537.9546       0.0000 -5191537.9595 3630292.7893 -677162.3725 -5533298.6915 3085738.1156 -671168.2896  218265.1507     210.7439     122.1605
400001440 300000360                                         -5375502.5311 3143878.6287 -1345228.8674 -5533298.6915 3085738.1156 -671168.2896 -5191537.9595 3630292.7893 -677162.3725  219375.9096     217.0430     122.9697
400001441 300000361                                         -4504977.3029       0.0000 -4504977.3029 -4924849.5984       0.0000 -4041719.6134 -4805928.6788  678984.1624 -4126944.5164  213029.7505     236.1567     141.1741
400001442 300000361                                         -5297292.9000       0.0000 -3539537.9546 -5191537.9595  677162.3725 -3630292.7893 -4924849.5984       0.0000 -4041719.6134  212458.1628     241.3759     130.9883
400001443 300000361                                         -5024649.2825 1346350.7175 -3678298.5650 -4805928.6788  678984.1624 -4126944.5164 -5191537.9595  677162.3725 -3630292.7893  213259.5913     241.8953     131.8221
400001444 300000361                                         -4924849.5984       0.0000 -4041719.6134 -5191537.9595  677162.3725 -3630292.7893 -4805928.6788  678984.1624 -4126944.5164  214297.3599     239.2181     155.6913
400001445 300000362                                         -5886036.5016       0.0000 -2438076.1476 -5812081.9155  669073.8784 -2522238.0841 -5618720.3752       0.0000 -3003268.6103  209920.2574     249.8522     107.6443
400001446 300000362                                         -5672228.9398 1330561.6814 -2577802.4491 -5533298.6915  671168.2896 -3085738.1156 -5812081.9155  669073.8784 -2522238.0841  210758.2000     254.8031     105.8104
400001447 300000362                                         -5297292.9000       0.0000 -3539537.9546 -5618720.3752       0.0000 -3003268.6103 -5533298.6915  671168.2896 -3085738.1156  210577.3796     244.9083     119.1299
400001448 300000362                                         -5812081.9155  669073.8784 -2522238.0841 -5533298.6915  671168.2896 -3085738.1156 -5618720.3752       0.0000 -3003268.6103  211783.6604     249.3194     113.0610
400001449 300000363                                         -5201899.7171 2600949.8585 -2600949.8585 -5157396.7439 1990680.8386 -3166715.9053 -5468063.2517 1976963.3461 -2604139.2443  213953.8407     256.4109     103.5296
400001450 300000363                                         -5024649.2825 1346350.7175 -3678298.5650 -5375502.5311 1345228.8674 -3143878.6287 -5157396.7439 1990680.8386 -3166715.9053  213817.3983     247.9873     121.3789
400001451 300000363                                         -5672228.9398 1330561.6814 -2577802.4491 -5468063.2517 1976963.3461 -2604139.2443 -5375502.5311 1345228.8674 -3143878.6287  213196.7862     259.3669      98.3516
400001452 300000363                                         -5157396.7439 1990680.8386 -3166715.9053 -5375502.5311 1345228.8674 -3143878.6287 -5468063.2517 1976963.3461 -2604139.2443  215042.4187     254.1504     106.6871
400001453 300000364                                         -5297292.9000       0.0000 -3539537.9546 -5533298.6915  671168.2896 -3085738.1156 -5191537.9595  677162.3725 -3630292.7893  218265.1507     244.1051     124.2139
400001454 300000364                                         -5672228.9398 1330561.6814 -2577802.4491 -5375502.5311 1345228.8674 -3143878.6287 -5533298.6915  671168.2896 -3085738.1156  218077.9738     254.7915     108.4855
400001455 300000364                                         -5024649.2825 1346350.7175 -3678298.5650 -5191537.9595  677162.3725 -3630292.7893 -5375502.5311 1345228.8674 -3143878.6287  217445.2803     245.1843     126.5639
400001456 300000364                                         -5533298.6915  671168.2896 -3085738.1156 -5375502.5311 1345228.8674 -3143878.6287 -5191537.9595  677162.3725 -3630292.7893  219375.9096     247.4906     119.1248
400001457 300000365                                         -5886036.5016 2438076.1476       0.0000 -5812081.9155 2522238.0841 -669073.8784 -6056845.8882 1869698.6039 -639129.1082  232651.5371     224.7089     105.4823
400001458 300000365                                         -5672228.9398 2577802.4491 -1330561.6814 -5928333.1219 1933504.7432 -1306164.9224 -5812081.9155 2522238.0841 -669073.8784  231845.9895     226.9227     112.8389
400001459 300000365                                         -6114140.2800 1266279.9131 -1266279.9131 -6056845.8882 1869698.6039 -639129.1082 -5928333.1219 1933504.7432 -1306164.9224  232712.3450     221.9021     115.1342
400001460 300000365                                         -5812081.9155 2522238.0841 -669073.8784 -5928333.1219 1933504.7432 -1306164.9224 -6056845.8882 1869698.6039 -639129.1082  234046.8072     219.1921     118.6338
400001461 300000366                                         -5201899.7171 2600949.8585 -2600949.8585 -5468063.2517 1976963.3461 -2604139.2443 -5468063.2517 2604139.2443 -1976963.3461  228300.1373     266.4220      90.2995
400001462 300000366                                         -5672228.9398 1330561.6814 -2577802.4491 -5727370.1528 1973179.1775 -1973179.1775 -5468063.2517 1976963.3461 -2604139.2443  229212.6770     265.2472      88.9457
400001463 300000366                                         -5672228.9398 2577802.4491 -1330561.6814 -5468063.2517 2604139.2443 -1976963.3461 -5727370.1528 1973179.1775 -1973179.1775  229212.6770     263.2259      90.6219
400001464 300000366                                         -5468063.2517 1976963.3461 -2604139.2443 -5727370.1528 1973179.1775 -1973179.1775 -5468063.2517 2604139.2443 -1976963.3461  230526.8451     268.2472      87.8878
400001465 300000367                                         -5886036.5016       0.0000 -2438076.1476 -6056845.8882  639129.1082 -1869698.6039 -5812081.9155  669073.8784 -2522238.0841  232651.5371     249.5278     102.7391
400001466 300000367                                         -6114140.2800 1266279.9131 -1266279.9131 -5928333.1219 1306164.9224 -1933504.7432 -6056845.8882  639129.1082 -1869698.6039  232712.3450     239.4918     108.3756
400001467 300000367                                         -5672228.9398 1330561.6814 -2577802.4491 -5812081.9155  669073.8784 -2522238.0841 -5928333.1219 1306164.9224 -1933504.7432  231845.9895     256.9934     100.6566
400001468 300000367                                         -6056845.8882  639129.1082 -1869698.6039 -5928333.1219 1306164.9224 -1933504.7432 -5812081.9155  669073.8784 -2522238.0841  234046.8072     251.4092     101.3675
400001469 300000368                                         -5672228.9398 2577802.4491 -1330561.6814 -5727370.1528 1973179.1775 -1973179.1775 -5928333.1219 1933504.7432 -1306164.9224  238189.0310     249.3017      99.0819
400001470 300000368                                         -5672228.9398 1330561.6814 -2577802.4491 -5928333.1219 1306164.9224 -1933504.7432 -5727370.1528 1973179.1775 -1973179.1775  238189.0310     261.7017      96.6561
400001471 300000368                                         -6114140.2800 1266279.9131 -1266279.9131 -5928333.1219 1933504.7432 -1306164.9224 -5928333.1219 1306164.9224 -1933504.7432  237302.7613     236.6589     106.4972
400001472 300000368                                         -5727370.1528 1973179.1775 -1973179.1775 -5928333.1219 1306164.9224 -1933504.7432 -5928333.1219 1933504.7432 -1306164.9224  239617.8861     252.9375      95.8923
400001473 300000369                                               0.0000 4504977.3029 -4504977.3029 -678984.1624 4126944.5164 -4805928.6788 -678984.1624 4805928.6788 -4126944.5164  328324.9483     227.8382     178.9620
400001474 300000369                                         -1346350.7175 3678298.5650 -5024649.2825 -1361638.6226 4400885.2099 -4400885.2099 -678984.1624 4126944.5164 -4805928.6788  329212.3599     223.2906     187.7261
400001475 300000369                                         -1346350.7175 5024649.2825 -3678298.5650 -678984.1624 4805928.6788 -4126944.5164 -1361638.6226 4400885.2099 -4400885.2099  329212.3599     240.6801     155.4093
400001476 300000369                                         -678984.1624 4126944.5164 -4805928.6788 -1361638.6226 4400885.2099 -4400885.2099 -678984.1624 4805928.6788 -4126944.5164  332074.9378     229.6206     176.6020
400001477 300000370                                         -2600949.8585 2600949.8585 -5201899.7171 -2687534.5848 3374031.3064 -4688572.4479 -1990680.8386 3166715.9053 -5157396.7439  331958.1435     220.0992     182.2193
400001478 300000370                                         -2716603.5278 4074905.2917 -4074905.2917 -2050103.9020 3912146.8074 -4591494.5659 -2687534.5848 3374031.3064 -4688572.4479  332135.9111     231.2381     163.8080
400001479 300000370                                         -1346350.7175 3678298.5650 -5024649.2825 -1990680.8386 3166715.9053 -5157396.7439 -2050103.9020 3912146.8074 -4591494.5659  331417.2039     220.5291     190.2652
400001480 300000370                                         -2687534.5848 3374031.3064 -4688572.4479 -2050103.9020 3912146.8074 -4591494.5659 -1990680.8386 3166715.9053 -5157396.7439  335024.3025     223.2067     183.6013
400001481 300000371                                         -2600949.8585 5201899.7171 -2600949.8585 -1990680.8386 5157396.7439 -3166715.9053 -2687534.5848 4688572.4479 -3374031.3064  331958.1435     286.8486     105.4411
400001482 300000371                                         -1346350.7175 5024649.2825 -3678298.5650 -2050103.9020 4591494.5659 -3912146.8074 -1990680.8386 5157396.7439 -3166715.9053  331417.2039     258.9106     130.6538
400001483 300000371                                         -2716603.5278 4074905.2917 -4074905.2917 -2687534.5848 4688572.4479 -3374031.3064 -2050103.9020 4591494.5659 -3912146.8074  332135.9111     253.3714     133.3423
400001484 300000371                                         -1990680.8386 5157396.7439 -3166715.9053 -2050103.9020 4591494.5659 -3912146.8074 -2687534.5848 4688572.4479 -3374031.3064  335024.3025     268.1039     113.2533
400001485 300000372                                         -1346350.7175 3678298.5650 -5024649.2825 -2050103.9020 3912146.8074 -4591494.5659 -1361638.6226 4400885.2099 -4400885.2099  344128.0612     225.1551     184.3119
400001486 300000372                                         -2716603.5278 4074905.2917 -4074905.2917 -2050103.9020 4591494.5659 -3912146.8074 -2050103.9020 3912146.8074 -4591494.5659  343384.2298     238.8605     156.0374
400001487 300000372                                         -1346350.7175 5024649.2825 -3678298.5650 -1361638.6226 4400885.2099 -4400885.2099 -2050103.9020 4591494.5659 -3912146.8074  344128.0612     244.2507     151.9680
400001488 300000372                                         -2050103.9020 3912146.8074 -4591494.5659 -2050103.9020 4591494.5659 -3912146.8074 -1361638.6226 4400885.2099 -4400885.2099  347308.3434     235.6267     165.0627
400001489 300000373                                         -4504977.3029       0.0000 -4504977.3029 -4805928.6788  678984.1624 -4126944.5164 -4126944.5164  678984.1624 -4805928.6788  328324.9483     230.6742     155.7116
400001490 300000373                                         -5024649.2825 1346350.7175 -3678298.5650 -4400885.2099 1361638.6226 -4400885.2099 -4805928.6788  678984.1624 -4126944.5164  329212.3599     239.0255     144.2421
400001491 300000373                                         -3678298.5650 1346350.7175 -5024649.2825 -4126944.5164  678984.1624 -4805928.6788 -4400885.2099 1361638.6226 -4400885.2099  329212.3599     228.2606     168.2705
400001492 300000373                                         -4805928.6788  678984.1624 -4126944.5164 -4400885.2099 1361638.6226 -4400885.2099 -4126944.5164  678984.1624 -4805928.6788  332074.9378     232.0308     166.2863
400001493 300000374                                         -5201899.7171 2600949.8585 -2600949.8585 -4688572.4479 2687534.5848 -3374031.3064 -5157396.7439 1990680.8386 -3166715.9053  331958.1435     249.8427     126.0467
400001494 300000374                                         -4074905.2917 2716603.5278 -4074905.2917 -4591494.5659 2050103.9020 -3912146.8074 -4688572.4479 2687534.5848 -3374031.3064  332135.9111     246.8328     133.1503
400001495 300000374                                         -5024649.2825 1346350.7175 -3678298.5650 -5157396.7439 1990680.8386 -3166715.9053 -4591494.5659 2050103.9020 -3912146.8074  331417.2039     245.8088     126.1017
400001496 300000374                                         -4688572.4479 2687534.5848 -3374031.3064 -4591494.5659 2050103.9020 -3912146.8074 -5157396.7439 1990680.8386 -3166715.9053  335024.3025     248.1892     124.9291
400001497 300000375                                         -2600949.8585 2600949.8585 -5201899.7171 -3166715.9053 1990680.8386 -5157396.7439 -3374031.3064 2687534.5848 -4688572.4479  331958.1435     220.6766     176.5561
400001498 300000375                                         -3678298.5650 1346350.7175 -5024649.2825 -3912146.8074 2050103.9020 -4591494.5659 -3166715.9053 1990680.8386 -5157396.7439  331417.2039     226.0110     175.9076
400001499 300000375                                         -4074905.2917 2716603.5278 -4074905.2917 -3374031.3064 2687534.5848 -4688572.4479 -3912146.8074 2050103.9020 -4591494.5659  332135.9111     233.2769     153.4618
400001500 300000375                                         -3166715.9053 1990680.8386 -5157396.7439 -3912146.8074 2050103.9020 -4591494.5659 -3374031.3064 2687534.5848 -4688572.4479  335024.3025     226.4627     167.5212
400001501 300000376                                         -5024649.2825 1346350.7175 -3678298.5650 -4591494.5659 2050103.9020 -3912146.8074 -4400885.2099 1361638.6226 -4400885.2099  344128.0612     239.8576     142.4453
400001502 300000376                                         -4074905.2917 2716603.5278 -4074905.2917 -3912146.8074 2050103.9020 -4591494.5659 -4591494.5659 2050103.9020 -3912146.8074  343384.2298     239.8421     134.7896
400001503 300000376                                         -3678298.5650 1346350.7175 -5024649.2825 -4400885.2099 1361638.6226 -4400885.2099 -3912146.8074 2050103.9020 -4591494.5659  344128.0612     229.7823     165.1539
400001504 300000376                                         -4591494.5659 2050103.9020 -3912146.8074 -3912146.8074 2050103.9020 -4591494.5659 -4400885.2099 1361638.6226 -4400885.2099  347308.3434     235.8505     151.4631
400001505 300000377                                         -4504977.3029 4504977.3029       0.0000 -4126944.5164 4805928.6788 -678984.1624 -4805928.6788 4126944.5164 -678984.1624  328324.9483     203.2542     127.4541
400001506 300000377                                         -3678298.5650 5024649.2825 -1346350.7175 -4400885.2099 4400885.2099 -1361638.6226 -4126944.5164 4805928.6788 -678984.1624  329212.3599     215.3634     114.2169
400001507 300000377                                         -5024649.2825 3678298.5650 -1346350.7175 -4805928.6788 4126944.5164 -678984.1624 -4400885.2099 4400885.2099 -1361638.6226  329212.3599     221.0017     114.9641
400001508 300000377                                         -4126944.5164 4805928.6788 -678984.1624 -4400885.2099 4400885.2099 -1361638.6226 -4805928.6788 4126944.5164 -678984.1624  332074.9378     213.6426     119.6983
400001509 300000378                                         -2600949.8585 5201899.7171 -2600949.8585 -3374031.3064 4688572.4479 -2687534.5848 -3166715.9053 5157396.7439 -1990680.8386  331958.1435     279.0161     109.2285
400001510 300000378                                         -4074905.2917 4074905.2917 -2716603.5278 -3912146.8074 4591494.5659 -2050103.9020 -3374031.3064 4688572.4479 -2687534.5848  332135.9111     265.2557     126.2069
400001511 300000378                                         -3678298.5650 5024649.2825 -1346350.7175 -3166715.9053 5157396.7439 -1990680.8386 -3912146.8074 4591494.5659 -2050103.9020  331417.2039     232.9458     121.6918
400001512 300000378                                         -3374031.3064 4688572.4479 -2687534.5848 -3912146.8074 4591494.5659 -2050103.9020 -3166715.9053 5157396.7439 -1990680.8386  335024.3025     261.6440     122.9803
400001513 300000379                                         -5201899.7171 2600949.8585 -2600949.8585 -5157396.7439 3166715.9053 -1990680.8386 -4688572.4479 3374031.3064 -2687534.5848  331958.1435     264.3748     116.6400
400001514 300000379                                         -5024649.2825 3678298.5650 -1346350.7175 -4591494.5659 3912146.8074 -2050103.9020 -5157396.7439 3166715.9053 -1990680.8386  331417.2039     252.1703     112.6346
400001515 300000379                                         -4074905.2917 4074905.2917 -2716603.5278 -4688572.4479 3374031.3064 -2687534.5848 -4591494.5659 3912146.8074 -2050103.9020  332135.9111     274.4486     130.9052
400001516 300000379                                         -5157396.7439 3166715.9053 -1990680.8386 -4591494.5659 3912146.8074 -2050103.9020 -4688572.4479 3374031.3064 -2687534.5848  335024.3025     265.5113     122.8710
400001517 300000380                                         -3678298.5650 5024649.2825 -1346350.7175 -3912146.8074 4591494.5659 -2050103.9020 -4400885.2099 4400885.2099 -1361638.6226  344128.0612     218.4380     123.2997
400001518 300000380                                         -4074905.2917 4074905.2917 -2716603.5278 -4591494.5659 3912146.8074 -2050103.9020 -3912146.8074 4591494.5659 -2050103.9020  343384.2298     263.1589     125.5245
400001519 300000380                                         -5024649.2825 3678298.5650 -1346350.7175 -4400885.2099 4400885.2099 -1361638.6226 -4591494.5659 3912146.8074 -2050103.9020  344128.0612     238.0575     108.6050
400001520 300000380                                         -3912146.8074 4591494.5659 -2050103.9020 -4591494.5659 3912146.8074 -2050103.9020 -4400885.2099 4400885.2099 -1361638.6226  347308.3434     241.6083     121.7194
400001521 300000381                                         -2600949.8585 2600949.8585 -5201899.7171 -3374031.3064 2687534.5848 -4688572.4479 -2687534.5848 3374031.3064 -4688572.4479  387995.8446     222.6911     173.9432
400001522 300000381                                         -4074905.2917 2716603.5278 -4074905.2917 -3435012.9904 3435012.9904 -4122015.5885 -3374031.3064 2687534.5848 -4688572.4479  388281.7658     235.6864     148.5889
400001523 300000381                                         -2716603.5278 4074905.2917 -4074905.2917 -2687534.5848 3374031.3064 -4688572.4479 -3435012.9904 3435012.9904 -4122015.5885  388281.7658     235.6842     156.4347
400001524 300000381                                         -3374031.3064 2687534.5848 -4688572.4479 -3435012.9904 3435012.9904 -4122015.5885 -2687534.5848 3374031.3064 -4688572.4479  392517.4362     230.3203     164.9614
400001525 300000382                                         -5201899.7171 2600949.8585 -2600949.8585 -4688572.4479 3374031.3064 -2687534.5848 -4688572.4479 2687534.5848 -3374031.3064  387995.8446     258.8864     136.2329
400001526 300000382                                         -4074905.2917 4074905.2917 -2716603.5278 -4122015.5885 3435012.9904 -3435012.9904 -4688572.4479 3374031.3064 -2687534.5848  388281.7658     277.4875     143.5269
400001527 300000382                                         -4074905.2917 2716603.5278 -4074905.2917 -4688572.4479 2687534.5848 -3374031.3064 -4122015.5885 3435012.9904 -3435012.9904  388281.7658     263.4158     134.6184
400001528 300000382                                         -4688572.4479 3374031.3064 -2687534.5848 -4122015.5885 3435012.9904 -3435012.9904 -4688572.4479 2687534.5848 -3374031.3064  392517.4362     271.0939     132.1772
400001529 300000383                                         -2600949.8585 5201899.7171 -2600949.8585 -2687534.5848 4688572.4479 -3374031.3064 -3374031.3064 4688572.4479 -2687534.5848  387995.8446     281.3580     113.5624
400001530 300000383                                         -2716603.5278 4074905.2917 -4074905.2917 -3435012.9904 4122015.5885 -3435012.9904 -2687534.5848 4688572.4479 -3374031.3064  388281.7658     255.8083     123.1289
400001531 300000383                                         -4074905.2917 4074905.2917 -2716603.5278 -3374031.3064 4688572.4479 -2687534.5848 -3435012.9904 4122015.5885 -3435012.9904  388281.7658     271.5939     124.8603
400001532 300000383                                         -2687534.5848 4688572.4479 -3374031.3064 -3435012.9904 4122015.5885 -3435012.9904 -3374031.3064 4688572.4479 -2687534.5848  392517.4362     273.1364     123.4450
400001533 300000384                                         -4074905.2917 2716603.5278 -4074905.2917 -4122015.5885 3435012.9904 -3435012.9904 -3435012.9904 3435012.9904 -4122015.5885  405996.4825     251.4940     135.2369
400001534 300000384                                         -4074905.2917 4074905.2917 -2716603.5278 -3435012.9904 4122015.5885 -3435012.9904 -4122015.5885 3435012.9904 -3435012.9904  405996.4825     274.1093     128.2683
400001535 300000384                                         -2716603.5278 4074905.2917 -4074905.2917 -3435012.9904 3435012.9904 -4122015.5885 -3435012.9904 4122015.5885 -3435012.9904  405996.4825     246.7034     136.1383
400001536 300000384                                         -4122015.5885 3435012.9904 -3435012.9904 -3435012.9904 4122015.5885 -3435012.9904 -3435012.9904 3435012.9904 -4122015.5885  410731.3740     254.9296     121.6388
400001537 300000385                                         -6371000.0000       0.0000       0.0000 -6340321.8936       0.0000 -624467.2010 -6340321.8936 -624467.2010       0.0000  195921.5441     263.0907      68.7514
400001538 300000385                                         -6248583.0214       0.0000 -1242920.4416 -6308900.9250 -627459.2093 -627459.2093 -6340321.8936       0.0000 -624467.2010  196860.2699     237.5311     100.1926
400001539 300000385                                         -6248583.0214 -1242920.4416       0.0000 -6340321.8936 -624467.2010       0.0000 -6308900.9250 -627459.2093 -627459.2093  196860.2699     271.3729      62.2943
400001540 300000385                                         -6340321.8936       0.0000 -624467.2010 -6308900.9250 -627459.2093 -627459.2093 -6340321.8936 -624467.2010       0.0000  197817.4310     261.7913      71.7338
400001541 300000386                                         -5886036.5016       0.0000 -2438076.1476 -6056845.8882 -639129.1082 -1869698.6039 -6096666.8789       0.0000 -1849403.6788  200521.8161     242.1671     111.0801
400001542 300000386                                         -6114140.2800 -1266279.9131 -1266279.9131 -6212473.2151 -636326.6289 -1260914.7366 -6056845.8882 -639129.1082 -1869698.6039  200560.6406     228.2137     120.2838
400001543 300000386                                         -6248583.0214       0.0000 -1242920.4416 -6096666.8789       0.0000 -1849403.6788 -6212473.2151 -636326.6289 -1260914.7366  199642.5528     227.6762     120.3740
400001544 300000386                                         -6056845.8882 -639129.1082 -1869698.6039 -6212473.2151 -636326.6289 -1260914.7366 -6096666.8789       0.0000 -1849403.6788  201535.9727     229.9025     123.2633
400001545 300000387                                         -5886036.5016 -2438076.1476       0.0000 -6096666.8789 -1849403.6788       0.0000 -6056845.8882 -1869698.6039 -639129.1082  200521.8161     282.0154      56.3638
400001546 300000387                                         -6248583.0214 -1242920.4416       0.0000 -6212473.2151 -1260914.7366 -636326.6289 -6096666.8789 -1849403.6788       0.0000  199642.5528     277.3355      57.9503
400001547 300000387                                         -6114140.2800 -1266279.9131 -1266279.9131 -6056845.8882 -1869698.6039 -639129.1082 -6212473.2151 -1260914.7366 -636326.6289  200560.6406     255.1741      87.0674
400001548 300000387                                         -6096666.8789 -1849403.6788       0.0000 -6212473.2151 -1260914.7366 -636326.6289 -6056845.8882 -1869698.6039 -639129.1082  201535.9727     276.9365      60.5921
400001549 300000388                                         -6248583.0214       0.0000 -1242920.4416 -6212473.2151 -636326.6289 -1260914.7366 -6308900.9250 -627459.2093 -627459.2093  204548.8197     231.1533     112.8242
400001550 300000388                                         -6114140.2800 -1266279.9131 -1266279.9131 -6212473.2151 -1260914.7366 -636326.6289 -6212473.2151 -636326.6289 -1260914.7366  203612.8458     236.5881     110.0437
400001551 300000388                                         -6248583.0214 -1242920.4416       0.0000 -6308900.9250 -627459.2093 -627459.2093 -6212473.2151 -1260914.7366 -636326.6289  204548.8197     270.8158      64.5366
400001552 300000388                                         -6212473.2151 -636326.6289 -1260914.7366 -6212473.2151 -1260914.7366 -636326.6289 -6308900.9250 -627459.2093 -627459.2093  205583.5447     245.8153      95.9590
400001553 300000389                                         -4504977.3029       0.0000 -4504977.3029 -4805928.6788 -678984.1624 -4126944.5164 -4924849.5984       0.0000 -4041719.6134  213029.7505     238.8206     140.2869
400001554 300000389                                         -5024649.2825 -1346350.7175 -3678298.5650 -5191537.9595 -677162.3725 -3630292.7893 -4805928.6788 -678984.1624 -4126944.5164  213259.5913     239.7452     138.8030
400001555 300000389                                         -5297292.9000       0.0000 -3539537.9546 -4924849.5984       0.0000 -4041719.6134 -5191537.9595 -677162.3725 -3630292.7893  212458.1628     240.8873     126.5009
400001556 300000389                                         -4805928.6788 -678984.1624 -4126944.5164 -5191537.9595 -677162.3725 -3630292.7893 -4924849.5984       0.0000 -4041719.6134  214297.3599     239.5660     131.9288
400001557 300000390                                         -5201899.7171 -2600949.8585 -2600949.8585 -5468063.2517 -1976963.3461 -2604139.2443 -5157396.7439 -1990680.8386 -3166715.9053  213953.8407     244.2305     119.0973
400001558 300000390                                         -5672228.9398 -1330561.6814 -2577802.4491 -5375502.5311 -1345228.8674 -3143878.6287 -5468063.2517 -1976963.3461 -2604139.2443  213196.7862     251.6670     107.8082
400001559 300000390                                         -5024649.2825 -1346350.7175 -3678298.5650 -5157396.7439 -1990680.8386 -3166715.9053 -5375502.5311 -1345228.8674 -3143878.6287  213817.3983     248.6193     113.6633
400001560 300000390                                         -5468063.2517 -1976963.3461 -2604139.2443 -5375502.5311 -1345228.8674 -3143878.6287 -5157396.7439 -1990680.8386 -3166715.9053  215042.4187     250.0732     111.0223
400001561 300000391                                         -5886036.5016       0.0000 -2438076.1476 -5618720.3752       0.0000 -3003268.6103 -5812081.9155 -669073.8784 -2522238.0841  209920.2574     252.3703     103.6245
400001562 300000391                                         -5297292.9000       0.0000 -3539537.9546 -5533298.6915 -671168.2896 -3085738.1156 -5618720.3752       0.0000 -3003268.6103  210577.3796     245.5709     113.8206
400001563 300000391                                         -5672228.9398 -1330561.6814 -2577802.4491 -5812081.9155 -669073.8784 -2522238.0841 -5533298.6915 -671168.2896 -3085738.1156  210758.2000     253.9359     100.4728
400001564 300000391                                         -5618720.3752       0.0000 -3003268.6103 -5533298.6915 -671168.2896 -3085738.1156 -5812081.9155 -669073.8784 -2522238.0841  211783.6604     252.4354     102.9600
400001565 300000392                                         -5024649.2825 -1346350.7175 -3678298.5650 -5375502.5311 -1345228.8674 -3143878.6287 -5191537.9595 -677162.3725 -3630292.7893  217445.2803     244.5043     121.6621
400001566 300000392                                         -5672228.9398 -1330561.6814 -2577802.4491 -5533298.6915 -671168.2896 -3085738.1156 -5375502.5311 -1345228.8674 -3143878.6287  218077.9738     254.1380     102.3741
400001567 300000392                                         -5297292.9000       0.0000 -3539537.9546 -5191537.9595 -677162.3725 -3630292.7893 -5533298.6915 -671168.2896 -3085738.1156  218265.1507     243.8503     116.5615
400001568 300000392                                         -5375502.5311 -1345228.8674 -3143878.6287 -5533298.6915 -671168.2896 -3085738.1156 -5191537.9595 -677162.3725 -3630292.7893  219375.9096     247.6023     113.1262
400001569 300000393                                         -4504977.3029 -4504977.3029       0.0000 -4924849.5984 -4041719.6134       0.0000 -4805928.6788 -4126944.5164 -678984.1624  213029.7505     288.3762      51.4802
400001570 300000393                                         -5297292.9000 -3539537.9546       0.0000 -5191537.9595 -3630292.7893 -677162.3725 -4924849.5984 -4041719.6134       0.0000  212458.1628     288.5226      52.3083
400001571 300000393                                         -5024649.2825 -3678298.5650 -1346350.7175 -4805928.6788 -4126944.5164 -678984.1624 -5191537.9595 -3630292.7893 -677162.3725  213259.5913     285.6539      58.9021
400001572 300000393                                         -4924849.5984 -4041719.6134       0.0000 -5191537.9595 -3630292.7893 -677162.3725 -4805928.6788 -4126944.5164 -678984.1624  214297.3599     290.2101      51.5317
400001573 300000394                                         -5886036.5016 -2438076.1476       0.0000 -5812081.9155 -2522238.0841 -669073.8784 -5618720.3752 -3003268.6103       0.0000  209920.2574     284.9085      56.6279
400001574 300000394                                         -5672228.9398 -2577802.4491 -1330561.6814 -5533298.6915 -3085738.1156 -671168.2896 -5812081.9155 -2522238.0841 -669073.8784  210758.2000     274.5101      70.3459
400001575 300000394                                         -5297292.9000 -3539537.9546       0.0000 -5618720.3752 -3003268.6103       0.0000 -5533298.6915 -3085738.1156 -671168.2896  210577.3796     287.6130      53.6782
400001576 300000394                                         -5812081.9155 -2522238.0841 -669073.8784 -5533298.6915 -3085738.1156 -671168.2896 -5618720.3752 -3003268.6103       0.0000  211783.6604     287.0729      56.2530
400001577 300000395                                         -5201899.7171 -2600949.8585 -2600949.8585 -5157396.7439 -3166715.9053 -1990680.8386 -5468063.2517 -2604139.2443 -1976963.3461  213953.8407     232.0231     122.9526
400001578 300000395                                         -5024649.2825 -3678298.5650 -1346350.7175 -5375502.5311 -3143878.6287 -1345228.8674 -5157396.7439 -3166715.9053 -1990680.8386  213817.3983     252.9173      91.9031
400001579 300000395                                         -5672228.9398 -2577802.4491 -1330561.6814 -5468063.2517 -2604139.2443 -1976963.3461 -5375502.5311 -3143878.6287 -1345228.8674  213196.7862     244.6254     102.0372
400001580 300000395                                         -5157396.7439 -3166715.9053 -1990680.8386 -5375502.5311 -3143878.6287 -1345228.8674 -5468063.2517 -2604139.2443 -1976963.3461  215042.4187     240.2630     106.0817
400001581 300000396                                         -5297292.9000 -3539537.9546       0.0000 -5533298.6915 -3085738.1156 -671168.2896 -5191537.9595 -3630292.7893 -677162.3725  218265.1507     289.9821      51.9922
400001582 300000396                                         -5672228.9398 -2577802.4491 -1330561.6814 -5375502.5311 -3143878.6287 -1345228.8674 -5533298.6915 -3085738.1156 -671168.2896  218077.9738     265.1307      83.0485
400001583 300000396                                         -5024649.2825 -3678298.5650 -1346350.7175 -5191537.9595 -3630292.7893 -677162.3725 -5375502.5311 -3143878.6287 -1345228.8674  217445.2803     272.7228      75.2183
400001584 300000396                                         -5533298.6915 -3085738.1156 -671168.2896 -5375502.5311 -3143878.6287 -1345228.8674 -5191537.9595 -3630292.7893 -677162.3725  219375.9096     280.5046      65.2584
400001585 300000397                                         -5886036.5016       0.0000 -2438076.1476 -5812081.9155 -669073.8784 -2522238.0841 -6056845.8882 -639129.1082 -1869698.6039  232651.5371     248.5887     106.4869
400001586 300000397                                         -5672228.9398 -1330561.6814 -2577802.4491 -5928333.1219 -1306164.9224 -1933504.7432 -5812081.9155 -669073.8784 -2522238.0841  231845.9895     248.9913     105.0558
400001587 300000397                                         -6114140.2800 -1266279.9131 -1266279.9131 -6056845.8882 -639129.1082 -1869698.6039 -5928333.1219 -1306164.9224 -1933504.7432  232712.3450     232.4296     117.6845
400001588 300000397                                         -5812081.9155 -669073.8784 -2522238.0841 -5928333.1219 -1306164.9224 -1933504.7432 -6056845.8882 -639129.1082 -1869698.6039  234046.8072     244.9405     107.3463
400001589 300000398                                         -5201899.7171 -2600949.8585 -2600949.8585 -5468063.2517 -2604139.2443 -1976963.3461 -5468063.2517 -1976963.3461 -2604139.2443  228300.1373     236.0746     126.9981
400001590 300000398                                         -5672228.9398 -2577802.4491 -1330561.6814 -5727370.1528 -1973179.1775 -1973179.1775 -5468063.2517 -2604139.2443 -1976963.3461  229212.6770     236.0905     114.4178
400001591 300000398                                         -5672228.9398 -1330561.6814 -2577802.4491 -5468063.2517 -1976963.3461 -2604139.2443 -5727370.1528 -1973179.1775 -1973179.1775  229212.6770     243.5873     117.1086
400001592 300000398                                         -5468063.2517 -2604139.2443 -1976963.3461 -5727370.1528 -1973179.1775 -1973179.1775 -5468063.2517 -1976963.3461 -2604139.2443  230526.8451     235.3755     123.1407
400001593 300000399                                         -5886036.5016 -2438076.1476       0.0000 -6056845.8882 -1869698.6039 -639129.1082 -5812081.9155 -2522238.0841 -669073.8784  232651.5371     282.7362      58.6938
400001594 300000399                                         -6114140.2800 -1266279.9131 -1266279.9131 -5928333.1219 -1933504.7432 -1306164.9224 -6056845.8882 -1869698.6039 -639129.1082  232712.3450     244.7257     101.2891
400001595 300000399                                         -5672228.9398 -2577802.4491 -1330561.6814 -5812081.9155 -2522238.0841 -669073.8784 -5928333.1219 -1933504.7432 -1306164.9224  231845.9895     253.5804      96.5242
400001596 300000399                                         -6056845.8882 -1869698.6039 -639129.1082 -5928333.1219 -1933504.7432 -1306164.9224 -5812081.9155 -2522238.0841 -669073.8784  234046.8072     263.9348      80.5265
400001597 300000400                                         -5672228.9398 -1330561.6814 -2577802.4491 -5727370.1528 -1973179.1775 -1973179.1775 -5928333.1219 -1306164.9224 -1933504.7432  238189.0310     242.1156     113.4526
400001598 300000400                                         -5672228.9398 -2577802.4491 -1330561.6814 -5928333.1219 -1933504.7432 -1306164.9224 -5727370.1528 -1973179.1775 -1973179.1775  238189.0310     235.7669     113.4341
400001599 300000400                                         -6114140.2800 -1266279.9131 -1266279.9131 -5928333.1219 -1306164.9224 -1933504.7432 -5928333.1219 -1933504.7432 -1306164.9224  237302.7613     231.4491     116.4067
400001600 300000400                                         -5727370.1528 -1973179.1775 -1973179.1775 -5928333.1219 -1933504.7432 -1306164.9224 -5928333.1219 -1306164.9224 -1933504.7432  239617.8861     233.3688     116.2849
400001601 300000401                                               0.0000       0.0000 -6371000.0000       0.0000 -624467.2010 -6340321.8936 -624467.2010       0.0000 -6340321.8936  195921.5441     193.6026     363.5889
400001602 300000401                                               0.0000 -1242920.4416 -6248583.0214 -627459.2093 -627459.2093 -6308900.9250       0.0000 -624467.2010 -6340321.8936  196860.2699     199.5104     365.5506
400001603 300000401                                         -1242920.4416       0.0000 -6248583.0214 -624467.2010       0.0000 -6340321.8936 -627459.2093 -627459.2093 -6308900.9250  196860.2699     214.5764     352.8806
400001604 300000401                                               0.0000 -624467.2010 -6340321.8936 -627459.2093 -627459.2093 -6308900.9250 -624467.2010       0.0000 -6340321.8936  197817.4310     208.9066     354.1817
400001605 300000402                                               0.0000 -2438076.1476 -5886036.5016 -639129.1082 -1869698.6039 -6056845.8882       0.0000 -1849403.6788 -6096666.8789  200521.8161     211.5581     296.2125
400001606 300000402                                         -1266279.9131 -1266279.9131 -6114140.2800 -636326.6289 -1260914.7366 -6212473.2151 -639129.1082 -1869698.6039 -6056845.8882  200560.6406     206.1080     319.5026
400001607 300000402                                               0.0000 -1242920.4416 -6248583.0214       0.0000 -1849403.6788 -6096666.8789 -636326.6289 -1260914.7366 -6212473.2151  199642.5528     202.4088     355.2769
400001608 300000402                                         -639129.1082 -1869698.6039 -6056845.8882 -636326.6289 -1260914.7366 -6212473.2151       0.0000 -1849403.6788 -6096666.8789  201535.9727     208.5681     320.9396
400001609 300000403                                         -2438076.1476       0.0000 -5886036.5016 -1849403.6788       0.0000 -6096666.8789 -1869698.6039 -639129.1082 -6056845.8882  200521.8161     212.2379     287.6347
400001610 300000403                                         -1242920.4416       0.0000 -6248583.0214 -1260914.7366 -636326.6289 -6212473.2151 -1849403.6788       0.0000 -6096666.8789  199642.5528     213.2278     256.7086
400001611 300000403                                         -1266279.9131 -1266279.9131 -6114140.2800 -1869698.6039 -639129.1082 -6056845.8882 -1260914.7366 -636326.6289 -6212473.2151  200560.6406     212.1276     300.7197
400001612 300000403                                         -1849403.6788       0.0000 -6096666.8789 -1260914.7366 -636326.6289 -6212473.2151 -1869698.6039 -639129.1082 -6056845.8882  201535.9727     212.2753     285.9576
400001613 300000404                                               0.0000 -1242920.4416 -6248583.0214 -636326.6289 -1260914.7366 -6212473.2151 -627459.2093 -627459.2093 -6308900.9250  204548.8197     199.9688     361.7423
400001614 300000404                                         -1266279.9131 -1266279.9131 -6114140.2800 -1260914.7366 -636326.6289 -6212473.2151 -636326.6289 -1260914.7366 -6212473.2151  203612.8458     202.0161     351.2642
400001615 300000404                                         -1242920.4416       0.0000 -6248583.0214 -627459.2093 -627459.2093 -6308900.9250 -1260914.7366 -636326.6289 -6212473.2151  204548.8197     212.3567     344.6262
400001616 300000404                                         -636326.6289 -1260914.7366 -6212473.2151 -1260914.7366 -636326.6289 -6212473.2151 -627459.2093 -627459.2093 -6308900.9250  205583.5447     206.5321     355.8081
400001617 300000405                                               0.0000 -4504977.3029 -4504977.3029 -678984.1624 -4126944.5164 -4805928.6788       0.0000 -4041719.6134 -4924849.5984  213029.7505     228.4247     170.0767
400001618 300000405                                         -1346350.7175 -3678298.5650 -5024649.2825 -677162.3725 -3630292.7893 -5191537.9595 -678984.1624 -4126944.5164 -4805928.6788  213259.5913     223.7692     181.6264
400001619 300000405                                               0.0000 -3539537.9546 -5297292.9000       0.0000 -4041719.6134 -4924849.5984 -677162.3725 -3630292.7893 -5191537.9595  212458.1628     222.1558     187.4554
400001620 300000405                                         -678984.1624 -4126944.5164 -4805928.6788 -677162.3725 -3630292.7893 -5191537.9595       0.0000 -4041719.6134 -4924849.5984  214297.3599     224.5986     180.7372
400001621 300000406                                         -2600949.8585 -2600949.8585 -5201899.7171 -1976963.3461 -2604139.2443 -5468063.2517 -1990680.8386 -3166715.9053 -5157396.7439  213953.8407     217.6251     215.1928
400001622 300000406                                         -1330561.6814 -2577802.4491 -5672228.9398 -1345228.8674 -3143878.6287 -5375502.5311 -1976963.3461 -2604139.2443 -5468063.2517  213196.7862     214.6047     215.8396
400001623 300000406                                         -1346350.7175 -3678298.5650 -5024649.2825 -1990680.8386 -3166715.9053 -5157396.7439 -1345228.8674 -3143878.6287 -5375502.5311  213817.3983     220.1981     192.3217
400001624 300000406                                         -1976963.3461 -2604139.2443 -5468063.2517 -1345228.8674 -3143878.6287 -5375502.5311 -1990680.8386 -3166715.9053 -5157396.7439  215042.4187     217.0248     209.4253
400001625 300000407                                               0.0000 -2438076.1476 -5886036.5016       0.0000 -3003268.6103 -5618720.3752 -669073.8784 -2522238.0841 -5812081.9155  209920.2574     212.3211     215.5577
400001626 300000407                                               0.0000 -3539537.9546 -5297292.9000 -671168.2896 -3085738.1156 -5533298.6915       0.0000 -3003268.6103 -5618720.3752  210577.3796     217.1543     197.4042
400001627 300000407                                         -1330561.6814 -2577802.4491 -5672228.9398 -669073.8784 -2522238.0841 -5812081.9155 -671168.2896 -3085738.1156 -5533298.6915  210758.2000     213.5233     210.4492
400001628 300000407                                               0.0000 -3003268.6103 -5618720.3752 -671168.2896 -3085738.1156 -5533298.6915 -669073.8784 -2522238.0841 -5812081.9155  211783.6604     214.0186     206.6585
400001629 300000408                                         -1346350.7175 -3678298.5650 -5024649.2825 -1345228.8674 -3143878.6287 -5375502.5311 -677162.3725 -3630292.7893 -5191537.9595  217445.2803     220.9879     190.1696
400001630 300000408                                         -1330561.6814 -2577802.4491 -5672228.9398 -671168.2896 -3085738.1156 -5533298.6915 -1345228.8674 -3143878.6287 -5375502.5311  218077.9738     215.6962     199.9972
400001631 300000408                                               0.0000 -3539537.9546 -5297292.9000 -677162.3725 -3630292.7893 -5191537.9595 -671168.2896 -3085738.1156 -5533298.6915  218265.1507     219.2373     193.7741
400001632 300000408                                         -1345228.8674 -3143878.6287 -5375502.5311 -671168.2896 -3085738.1156 -5533298.6915 -677162.3725 -3630292.7893 -5191537.9595  219375.9096     218.8458     193.0619
400001633 300000409                                         -4504977.3029       0.0000 -4504977.3029 -4041719.6134       0.0000 -4924849.5984 -4126944.5164 -678984.1624 -4805928.6788  213029.7505     232.2576     168.0573
400001634 300000409                                         -3539537.9546       0.0000 -5297292.9000 -3630292.7893 -677162.3725 -5191537.9595 -4041719.6134       0.0000 -4924849.5984  212458.1628     226.1903     185.9516
400001635 300000409                                         -3678298.5650 -1346350.7175 -5024649.2825 -4126944.5164 -678984.1624 -4805928.6788 -3630292.7893 -677162.3725 -5191537.9595  213259.5913     227.5488     181.9266
400001636 300000409                                         -4041719.6134       0.0000 -4924849.5984 -3630292.7893 -677162.3725 -5191537.9595 -4126944.5164 -678984.1624 -4805928.6788  214297.3599     228.6374     180.8430
400001637 300000410                                         -2438076.1476       0.0000 -5886036.5016 -2522238.0841 -669073.8784 -5812081.9155 -3003268.6103       0.0000 -5618720.3752  209920.2574     212.9840     244.8744
400001638 300000410                                         -2577802.4491 -1330561.6814 -5672228.9398 -3085738.1156 -671168.2896 -5533298.6915 -2522238.0841 -669073.8784 -5812081.9155  210758.2000     214.6136     233.1165
400001639 300000410                                         -3539537.9546       0.0000 -5297292.9000 -3003268.6103       0.0000 -5618720.3752 -3085738.1156 -671168.2896 -5533298.6915  210577.3796     218.8800     203.5729
400001640 300000410                                         -2522238.0841 -669073.8784 -5812081.9155 -3085738.1156 -671168.2896 -5533298.6915 -3003268.6103       0.0000 -5618720.3752  211783.6604     215.1333     221.5989
400001641 300000411                                         -2600949.8585 -2600949.8585 -5201899.7171 -3166715.9053 -1990680.8386 -5157396.7439 -2604139.2443 -1976963.3461 -5468063.2517  213953.8407     218.2787     218.6988
400001642 300000411                                         -3678298.5650 -1346350.7175 -5024649.2825 -3143878.6287 -1345228.8674 -5375502.5311 -3166715.9053 -1990680.8386 -5157396.7439  213817.3983     222.4088     205.4948
400001643 300000411                                         -2577802.4491 -1330561.6814 -5672228.9398 -2604139.2443 -1976963.3461 -5468063.2517 -3143878.6287 -1345228.8674 -5375502.5311  213196.7862     216.0722     218.8304
400001644 300000411                                         -3166715.9053 -1990680.8386 -5157396.7439 -3143878.6287 -1345228.8674 -5375502.5311 -2604139.2443 -1976963.3461 -5468063.2517  215042.4187     218.1839     213.7588
400001645 300000412                                         -3539537.9546       0.0000 -5297292.9000 -3085738.1156 -671168.2896 -5533298.6915 -3630292.7893 -677162.3725 -5191537.9595  218265.1507     221.5778     195.6928
400001646 300000412                                         -2577802.4491 -1330561.6814 -5672228.9398 -3143878.6287 -1345228.8674 -5375502.5311 -3085738.1156 -671168.2896 -5533298.6915  218077.9738     216.5803     216.2418
400001647 300000412                                         -3678298.5650 -1346350.7175 -5024649.2825 -3630292.7893 -677162.3725 -5191537.9595 -3143878.6287 -1345228.8674 -5375502.5311  217445.2803     223.4937     196.1217
400001648 300000412                                         -3085738.1156 -671168.2896 -5533298.6915 -3143878.6287 -1345228.8674 -5375502.5311 -3630292.7893 -677162.3725 -5191537.9595  219375.9096     219.3584     204.7154
400001649 300000413                                               0.0000 -2438076.1476 -5886036.5016 -669073.8784 -2522238.0841 -5812081.9155 -639129.1082 -1869698.6039 -6056845.8882  232651.5371     211.0272     245.1593
400001650 300000413                                         -1330561.6814 -2577802.4491 -5672228.9398 -1306164.9224 -1933504.7432 -5928333.1219 -669073.8784 -2522238.0841 -5812081.9155  231845.9895     211.1892     230.7762
400001651 300000413                                         -1266279.9131 -1266279.9131 -6114140.2800 -639129.1082 -1869698.6039 -6056845.8882 -1306164.9224 -1933504.7432 -5928333.1219  232712.3450     210.3370     291.9291
400001652 300000413                                         -669073.8784 -2522238.0841 -5812081.9155 -1306164.9224 -1933504.7432 -5928333.1219 -639129.1082 -1869698.6039 -6056845.8882  234046.8072     210.2443     253.5014
400001653 300000414                                         -2600949.8585 -2600949.8585 -5201899.7171 -2604139.2443 -1976963.3461 -5468063.2517 -1976963.3461 -2604139.2443 -5468063.2517  228300.1373     216.3925     221.2638
400001654 300000414                                         -2577802.4491 -1330561.6814 -5672228.9398 -1973179.1775 -1973179.1775 -5727370.1528 -2604139.2443 -1976963.3461 -5468063.2517  229212.6770     213.5642     232.1279
400001655 300000414                                         -1330561.6814 -2577802.4491 -5672228.9398 -1976963.3461 -2604139.2443 -5468063.2517 -1973179.1775 -1973179.1775 -5727370.1528  229212.6770     212.9477     226.4617
400001656 300000414                                         -2604139.2443 -1976963.3461 -5468063.2517 -1973179.1775 -1973179.1775 -5727370.1528 -1976963.3461 -2604139.2443 -5468063.2517  230526.8451     213.7620     224.4247
400001657 300000415                                         -2438076.1476       0.0000 -5886036.5016 -1869698.6039 -639129.1082 -6056845.8882 -2522238.0841 -669073.8784 -5812081.9155  232651.5371     212.1186     282.9398
400001658 300000415                                         -1266279.9131 -1266279.9131 -6114140.2800 -1933504.7432 -1306164.9224 -5928333.1219 -1869698.6039 -639129.1082 -6056845.8882  232712.3450     212.1079     291.2680
400001659 300000415                                         -2577802.4491 -1330561.6814 -5672228.9398 -2522238.0841 -669073.8784 -5812081.9155 -1933504.7432 -1306164.9224 -5928333.1219  231845.9895     212.4680     259.5793
400001660 300000415                                         -1869698.6039 -639129.1082 -6056845.8882 -1933504.7432 -1306164.9224 -5928333.1219 -2522238.0841 -669073.8784 -5812081.9155  234046.8072     212.0409     276.6981
400001661 300000416                                         -1330561.6814 -2577802.4491 -5672228.9398 -1973179.1775 -1973179.1775 -5727370.1528 -1306164.9224 -1933504.7432 -5928333.1219  238189.0310     211.5007     239.6366
400001662 300000416                                         -2577802.4491 -1330561.6814 -5672228.9398 -1933504.7432 -1306164.9224 -5928333.1219 -1973179.1775 -1973179.1775 -5727370.1528  238189.0310     211.9079     257.8096
400001663 300000416                                         -1266279.9131 -1266279.9131 -6114140.2800 -1306164.9224 -1933504.7432 -5928333.1219 -1933504.7432 -1306164.9224 -5928333.1219  237302.7613     210.8228     283.4964
400001664 300000416                                         -1973179.1775 -1973179.1775 -5727370.1528 -1933504.7432 -1306164.9224 -5928333.1219 -1306164.9224 -1933504.7432 -5928333.1219  239617.8861     211.1984     264.2241
400001665 300000417                                               0.0000 -6371000.0000       0.0000 -624467.2010 -6340321.8936       0.0000       0.0000 -6340321.8936 -624467.2010  195921.5441     279.8864      80.7080
400001666 300000417                                         -1242920.4416 -6248583.0214       0.0000 -627459.2093 -6308900.9250 -627459.2093 -624467.2010 -6340321.8936       0.0000  196860.2699     283.7501      83.0261
400001667 300000417                                               0.0000 -6248583.0214 -1242920.4416       0.0000 -6340321.8936 -624467.2010 -627459.2093 -6308900.9250 -627459.2093  196860.2699     281.4635      82.3129
400001668 300000417                                         -624467.2010 -6340321.8936       0.0000 -627459.2093 -6308900.9250 -627459.2093       0.0000 -6340321.8936 -624467.2010  197817.4310     282.6192      80.4994
400001669 300000418                                         -2438076.1476 -5886036.5016       0.0000 -1869698.6039 -6056845.8882 -639129.1082 -1849403.6788 -6096666.8789       0.0000  200521.8161     286.2606      77.6346
400001670 300000418                                         -1266279.9131 -6114140.2800 -1266279.9131 -1260914.7366 -6212473.2151 -636326.6289 -1869698.6039 -6056845.8882 -639129.1082  200560.6406     286.5244      92.9093
400001671 300000418                                         -1242920.4416 -6248583.0214       0.0000 -1849403.6788 -6096666.8789       0.0000 -1260914.7366 -6212473.2151 -636326.6289  199642.5528     285.5168      84.2449
400001672 300000418                                         -1869698.6039 -6056845.8882 -639129.1082 -1260914.7366 -6212473.2151 -636326.6289 -1849403.6788 -6096666.8789       0.0000  201535.9727     286.9063      82.0969
400001673 300000419                                               0.0000 -5886036.5016 -2438076.1476       0.0000 -6096666.8789 -1849403.6788 -639129.1082 -6056845.8882 -1869698.6039  200521.8161     275.4551     104.8401
400001674 300000419                                               0.0000 -6248583.0214 -1242920.4416 -636326.6289 -6212473.2151 -1260914.7366       0.0000 -6096666.8789 -1849403.6788  199642.5528     278.0811     101.5046
400001675 300000419                                         -1266279.9131 -6114140.2800 -1266279.9131 -639129.1082 -6056845.8882 -1869698.6039 -636326.6289 -6212473.2151 -1260914.7366  200560.6406     279.6162     107.3580
400001676 300000419                                               0.0000 -6096666.8789 -1849403.6788 -636326.6289 -6212473.2151 -1260914.7366 -639129.1082 -6056845.8882 -1869698.6039  201535.9727     277.3979     102.4514
400001677 300000420                                         -1242920.4416 -6248583.0214       0.0000 -1260914.7366 -6212473.2151 -636326.6289 -627459.2093 -6308900.9250 -627459.2093  204548.8197     285.6166      87.9622
400001678 300000420                                         -1266279.9131 -6114140.2800 -1266279.9131 -636326.6289 -6212473.2151 -1260914.7366 -1260914.7366 -6212473.2151 -636326.6289  203612.8458     284.0722     103.2943
400001679 300000420                                               0.0000 -6248583.0214 -1242920.4416 -627459.2093 -6308900.9250 -627459.2093 -636326.6289 -6212473.2151 -1260914.7366  204548.8197     281.7254      89.8639
400001680 300000420                                         -1260914.7366 -6212473.2151 -636326.6289 -636326.6289 -6212473.2151 -1260914.7366 -627459.2093 -6308900.9250 -627459.2093  205583.5447     284.8914      93.5169
400001681 300000421                                         -4504977.3029 -4504977.3029       0.0000 -4126944.5164 -4805928.6788 -678984.1624 -4041719.6134 -4924849.5984       0.0000  213029.7505     287.5455      54.2353
400001682 300000421                                         -3678298.5650 -5024649.2825 -1346350.7175 -3630292.7893 -5191537.9595 -677162.3725 -4126944.5164 -4805928.6788 -678984.1624  213259.5913     288.6849      58.1828
400001683 300000421                                         -3539537.9546 -5297292.9000       0.0000 -4041719.6134 -4924849.5984       0.0000 -3630292.7893 -5191537.9595 -677162.3725  212458.1628     287.1357      59.4777
400001684 300000421                                         -4126944.5164 -4805928.6788 -678984.1624 -3630292.7893 -5191537.9595 -677162.3725 -4041719.6134 -4924849.5984       0.0000  214297.3599     288.9580      55.0253
400001685 300000422                                         -2600949.8585 -5201899.7171 -2600949.8585 -2604139.2443 -5468063.2517 -1976963.3461 -3166715.9053 -5157396.7439 -1990680.8386  213953.8407     268.0815      86.3592
400001686 300000422                                         -2577802.4491 -5672228.9398 -1330561.6814 -3143878.6287 -5375502.5311 -1345228.8674 -2604139.2443 -5468063.2517 -1976963.3461  213196.7862     278.7816      83.2215
400001687 300000422                                         -3678298.5650 -5024649.2825 -1346350.7175 -3166715.9053 -5157396.7439 -1990680.8386 -3143878.6287 -5375502.5311 -1345228.8674  213817.3983     278.7366      76.6142
400001688 300000422                                         -2604139.2443 -5468063.2517 -1976963.3461 -3143878.6287 -5375502.5311 -1345228.8674 -3166715.9053 -5157396.7439 -1990680.8386  215042.4187     275.0918      82.5446
400001689 300000423                                         -2438076.1476 -5886036.5016       0.0000 -3003268.6103 -5618720.3752       0.0000 -2522238.0841 -5812081.9155 -669073.8784  209920.2574     286.4039      72.6007
400001690 300000423                                         -3539537.9546 -5297292.9000       0.0000 -3085738.1156 -5533298.6915 -671168.2896 -3003268.6103 -5618720.3752       0.0000  210577.3796     286.5496      68.1640
400001691 300000423                                         -2577802.4491 -5672228.9398 -1330561.6814 -2522238.0841 -5812081.9155 -669073.8784 -3085738.1156 -5533298.6915 -671168.2896  210758.2000     286.8043      73.9990
400001692 300000423                                         -3003268.6103 -5618720.3752       0.0000 -3085738.1156 -5533298.6915 -671168.2896 -2522238.0841 -5812081.9155 -669073.8784  211783.6604     287.4849      69.4191
400001693 300000424                                         -3678298.5650 -5024649.2825 -1346350.7175 -3143878.6287 -5375502.5311 -1345228.8674 -3630292.7893 -5191537.9595 -677162.3725  217445.2803     286.2793      65.7441
400001694 300000424                                         -2577802.4491 -5672228.9398 -1330561.6814 -3085738.1156 -5533298.6915 -671168.2896 -3143878.6287 -5375502.5311 -1345228.8674  218077.9738     284.8795      75.6245
400001695 300000424                                         -3539537.9546 -5297292.9000       0.0000 -3630292.7893 -5191537.9595 -677162.3725 -3085738.1156 -5533298.6915 -671168.2896  218265.1507     288.2346      62.3792
400001696 300000424                                         -3143878.6287 -5375502.5311 -1345228.8674 -3085738.1156 -5533298.6915 -671168.2896 -3630292.7893 -5191537.9595 -677162.3725  219375.9096     287.8172      66.0840
400001697 300000425                                               0.0000 -4504977.3029 -4504977.3029       0.0000 -4924849.5984 -4041719.6134 -678984.1624 -4805928.6788 -4126944.5164  213029.7505     240.2789     151.5505
400001698 300000425                                               0.0000 -5297292.9000 -3539537.9546 -677162.3725 -5191537.9595 -3630292.7893       0.0000 -4924849.5984 -4041719.6134  212458.1628     251.1228     122.5644
400001699 300000425                                         -1346350.7175 -5024649.2825 -3678298.5650 -678984.1624 -4805928.6788 -4126944.5164 -677162.3725 -5191537.9595 -3630292.7893  213259.5913     247.3008     125.1079
400001700 300000425                                               0.0000 -4924849.5984 -4041719.6134 -677162.3725 -5191537.9595 -3630292.7893 -678984.1624 -4805928.6788 -4126944.5164  214297.3599     246.1252     132.3056
400001701 300000426                                               0.0000 -5886036.5016 -2438076.1476 -669073.8784 -5812081.9155 -2522238.0841       0.0000 -5618720.3752 -3003268.6103  209920.2574     272.2249      99.7813
400001702 300000426                                         -1330561.6814 -5672228.9398 -2577802.4491 -671168.2896 -5533298.6915 -3085738.1156 -669073.8784 -5812081.9155 -2522238.0841  210758.2000     269.3437      89.6783
400001703 300000426                                               0.0000 -5297292.9000 -3539537.9546       0.0000 -5618720.3752 -3003268.6103 -671168.2896 -5533298.6915 -3085738.1156  210577.3796     264.7085     100.4469
400001704 300000426                                         -669073.8784 -5812081.9155 -2522238.0841 -671168.2896 -5533298.6915 -3085738.1156       0.0000 -5618720.3752 -3003268.6103  211783.6604     269.7250      94.7097
400001705 300000427                                         -2600949.8585 -5201899.7171 -2600949.8585 -1990680.8386 -5157396.7439 -3166715.9053 -1976963.3461 -5468063.2517 -2604139.2443  213953.8407     261.6264      87.6456
400001706 300000427                                         -1346350.7175 -5024649.2825 -3678298.5650 -1345228.8674 -5375502.5311 -3143878.6287 -1990680.8386 -5157396.7439 -3166715.9053  213817.3983     254.2739      97.9019
400001707 300000427                                         -1330561.6814 -5672228.9398 -2577802.4491 -1976963.3461 -5468063.2517 -2604139.2443 -1345228.8674 -5375502.5311 -3143878.6287  213196.7862     264.7667      86.5844
400001708 300000427                                         -1990680.8386 -5157396.7439 -3166715.9053 -1345228.8674 -5375502.5311 -3143878.6287 -1976963.3461 -5468063.2517 -2604139.2443  215042.4187     259.9360      90.2478
400001709 300000428                                               0.0000 -5297292.9000 -3539537.9546 -671168.2896 -5533298.6915 -3085738.1156 -677162.3725 -5191537.9595 -3630292.7893  218265.1507     258.1679     106.9108
400001710 300000428                                         -1330561.6814 -5672228.9398 -2577802.4491 -1345228.8674 -5375502.5311 -3143878.6287 -671168.2896 -5533298.6915 -3085738.1156  218077.9738     264.4227      89.7567
400001711 300000428                                         -1346350.7175 -5024649.2825 -3678298.5650 -677162.3725 -5191537.9595 -3630292.7893 -1345228.8674 -5375502.5311 -3143878.6287  217445.2803     253.8880     105.5169
400001712 300000428                                         -671168.2896 -5533298.6915 -3085738.1156 -1345228.8674 -5375502.5311 -3143878.6287 -677162.3725 -5191537.9595 -3630292.7893  219375.9096     258.5886     101.9272
400001713 300000429                                         -2438076.1476 -5886036.5016       0.0000 -2522238.0841 -5812081.9155 -669073.8784 -1869698.6039 -6056845.8882 -639129.1082  232651.5371     287.5497      76.3465
400001714 300000429                                         -2577802.4491 -5672228.9398 -1330561.6814 -1933504.7432 -5928333.1219 -1306164.9224 -2522238.0841 -5812081.9155 -669073.8784  231845.9895     284.9309      83.1397
400001715 300000429                                         -1266279.9131 -6114140.2800 -1266279.9131 -1869698.6039 -6056845.8882 -639129.1082 -1933504.7432 -5928333.1219 -1306164.9224  232712.3450     285.2301      93.4634
400001716 300000429                                         -2522238.0841 -5812081.9155 -669073.8784 -1933504.7432 -5928333.1219 -1306164.9224 -1869698.6039 -6056845.8882 -639129.1082  234046.8072     287.0871      82.9324
400001717 300000430                                         -2600949.8585 -5201899.7171 -2600949.8585 -1976963.3461 -5468063.2517 -2604139.2443 -2604139.2443 -5468063.2517 -1976963.3461  228300.1373     267.4846      84.4885
400001718 300000430                                         -1330561.6814 -5672228.9398 -2577802.4491 -1973179.1775 -5727370.1528 -1973179.1775 -1976963.3461 -5468063.2517 -2604139.2443  229212.6770     270.4952      84.4422
400001719 300000430                                         -2577802.4491 -5672228.9398 -1330561.6814 -2604139.2443 -5468063.2517 -1976963.3461 -1973179.1775 -5727370.1528 -1973179.1775  229212.6770     275.2241      89.0779
400001720 300000430                                         -1976963.3461 -5468063.2517 -2604139.2443 -1973179.1775 -5727370.1528 -1973179.1775 -2604139.2443 -5468063.2517 -1976963.3461  230526.8451     271.0419      85.0322
400001721 300000431                                               0.0000 -5886036.5016 -2438076.1476 -639129.1082 -6056845.8882 -1869698.6039 -669073.8784 -5812081.9155 -2522238.0841  232651.5371     273.9201     103.3457
400001722 300000431                                         -1266279.9131 -6114140.2800 -1266279.9131 -1306164.9224 -5928333.1219 -1933504.7432 -639129.1082 -6056845.8882 -1869698.6039  232712.3450     277.3450     107.2843
400001723 300000431                                         -1330561.6814 -5672228.9398 -2577802.4491 -669073.8784 -5812081.9155 -2522238.0841 -1306164.9224 -5928333.1219 -1933504.7432  231845.9895     272.7888      92.1063
400001724 300000431                                         -639129.1082 -6056845.8882 -1869698.6039 -1306164.9224 -5928333.1219 -1933504.7432 -669073.8784 -5812081.9155 -2522238.0841  234046.8072     274.4077     102.5369
400001725 300000432                                         -2577802.4491 -5672228.9398 -1330561.6814 -1973179.1775 -5727370.1528 -1973179.1775 -1933504.7432 -5928333.1219 -1306164.9224  238189.0310     277.7626      94.1893
400001726 300000432                                         -1330561.6814 -5672228.9398 -2577802.4491 -1306164.9224 -5928333.1219 -1933504.7432 -1973179.1775 -5727370.1528 -1973179.1775  238189.0310     273.4372      88.7649
400001727 300000432                                         -1266279.9131 -6114140.2800 -1266279.9131 -1933504.7432 -5928333.1219 -1306164.9224 -1306164.9224 -5928333.1219 -1933504.7432  237302.7613     278.9860     103.7595
400001728 300000432                                         -1973179.1775 -5727370.1528 -1973179.1775 -1306164.9224 -5928333.1219 -1933504.7432 -1933504.7432 -5928333.1219 -1306164.9224  239617.8861     275.4784      98.3384
400001729 300000433                                         -4504977.3029       0.0000 -4504977.3029 -4126944.5164 -678984.1624 -4805928.6788 -4805928.6788 -678984.1624 -4126944.5164  328324.9483     235.9086     161.1563
400001730 300000433                                         -3678298.5650 -1346350.7175 -5024649.2825 -4400885.2099 -1361638.6226 -4400885.2099 -4126944.5164 -678984.1624 -4805928.6788  329212.3599     231.4398     172.6800
400001731 300000433                                         -5024649.2825 -1346350.7175 -3678298.5650 -4805928.6788 -678984.1624 -4126944.5164 -4400885.2099 -1361638.6226 -4400885.2099  329212.3599     237.9126     149.6861
400001732 300000433                                         -4126944.5164 -678984.1624 -4805928.6788 -4400885.2099 -1361638.6226 -4400885.2099 -4805928.6788 -678984.1624 -4126944.5164  332074.9378     235.7896     161.0581
400001733 300000434                                         -2600949.8585 -2600949.8585 -5201899.7171 -3374031.3064 -2687534.5848 -4688572.4479 -3166715.9053 -1990680.8386 -5157396.7439  331958.1435     223.4674     201.9238
400001734 300000434                                         -4074905.2917 -2716603.5278 -4074905.2917 -3912146.8074 -2050103.9020 -4591494.5659 -3374031.3064 -2687534.5848 -4688572.4479  332135.9111     233.7251     164.9347
400001735 300000434                                         -3678298.5650 -1346350.7175 -5024649.2825 -3166715.9053 -1990680.8386 -5157396.7439 -3912146.8074 -2050103.9020 -4591494.5659  331417.2039     227.8041     193.1312
400001736 300000434                                         -3374031.3064 -2687534.5848 -4688572.4479 -3912146.8074 -2050103.9020 -4591494.5659 -3166715.9053 -1990680.8386 -5157396.7439  335024.3025     228.6898     184.1121
400001737 300000435                                         -5201899.7171 -2600949.8585 -2600949.8585 -5157396.7439 -1990680.8386 -3166715.9053 -4688572.4479 -2687534.5848 -3374031.3064  331958.1435     243.0930     119.9865
400001738 300000435                                         -5024649.2825 -1346350.7175 -3678298.5650 -4591494.5659 -2050103.9020 -3912146.8074 -5157396.7439 -1990680.8386 -3166715.9053  331417.2039     243.7191     128.6454
400001739 300000435                                         -4074905.2917 -2716603.5278 -4074905.2917 -4688572.4479 -2687534.5848 -3374031.3064 -4591494.5659 -2050103.9020 -3912146.8074  332135.9111     238.6269     142.8557
400001740 300000435                                         -5157396.7439 -1990680.8386 -3166715.9053 -4591494.5659 -2050103.9020 -3912146.8074 -4688572.4479 -2687534.5848 -3374031.3064  335024.3025     243.5221     127.9529
400001741 300000436                                         -3678298.5650 -1346350.7175 -5024649.2825 -3912146.8074 -2050103.9020 -4591494.5659 -4400885.2099 -1361638.6226 -4400885.2099  344128.0612     231.8630     177.2600
400001742 300000436                                         -4074905.2917 -2716603.5278 -4074905.2917 -4591494.5659 -2050103.9020 -3912146.8074 -3912146.8074 -2050103.9020 -4591494.5659  343384.2298     235.6540     156.3717
400001743 300000436                                         -5024649.2825 -1346350.7175 -3678298.5650 -4400885.2099 -1361638.6226 -4400885.2099 -4591494.5659 -2050103.9020 -3912146.8074  344128.0612     238.0590     147.6052
400001744 300000436                                         -3912146.8074 -2050103.9020 -4591494.5659 -4591494.5659 -2050103.9020 -3912146.8074 -4400885.2099 -1361638.6226 -4400885.2099  347308.3434     236.1333     159.9439
400001745 300000437                                               0.0000 -4504977.3029 -4504977.3029 -678984.1624 -4805928.6788 -4126944.5164 -678984.1624 -4126944.5164 -4805928.6788  328324.9483     233.4019     164.2075
400001746 300000437                                         -1346350.7175 -5024649.2825 -3678298.5650 -1361638.6226 -4400885.2099 -4400885.2099 -678984.1624 -4805928.6788 -4126944.5164  329212.3599     239.6534     146.4205
400001747 300000437                                         -1346350.7175 -3678298.5650 -5024649.2825 -678984.1624 -4126944.5164 -4805928.6788 -1361638.6226 -4400885.2099 -4400885.2099  329212.3599     227.0247     174.7414
400001748 300000437                                         -678984.1624 -4805928.6788 -4126944.5164 -1361638.6226 -4400885.2099 -4400885.2099 -678984.1624 -4126944.5164 -4805928.6788  332074.9378     232.3190     166.0204
400001749 300000438                                         -2600949.8585 -5201899.7171 -2600949.8585 -2687534.5848 -4688572.4479 -3374031.3064 -1990680.8386 -5157396.7439 -3166715.9053  331958.1435     252.9053      97.6791
400001750 300000438                                         -2716603.5278 -4074905.2917 -4074905.2917 -2050103.9020 -4591494.5659 -3912146.8074 -2687534.5848 -4688572.4479 -3374031.3064  332135.9111     235.7657     139.0364
400001751 300000438                                         -1346350.7175 -5024649.2825 -3678298.5650 -1990680.8386 -5157396.7439 -3166715.9053 -2050103.9020 -4591494.5659 -3912146.8074  331417.2039     246.5953     116.0541
400001752 300000438                                         -2687534.5848 -4688572.4479 -3374031.3064 -2050103.9020 -4591494.5659 -3912146.8074 -1990680.8386 -5157396.7439 -3166715.9053  335024.3025     243.9325     117.6516
400001753 300000439                                         -2600949.8585 -2600949.8585 -5201899.7171 -1990680.8386 -3166715.9053 -5157396.7439 -2687534.5848 -3374031.3064 -4688572.4479  331958.1435     222.4093     199.5688
400001754 300000439                                         -1346350.7175 -3678298.5650 -5024649.2825 -2050103.9020 -3912146.8074 -4591494.5659 -1990680.8386 -3166715.9053 -5157396.7439  331417.2039     224.1366     180.8980
400001755 300000439                                         -2716603.5278 -4074905.2917 -4074905.2917 -2687534.5848 -3374031.3064 -4688572.4479 -2050103.9020 -3912146.8074 -4591494.5659  332135.9111     230.7502     162.0181
400001756 300000439                                         -1990680.8386 -3166715.9053 -5157396.7439 -2050103.9020 -3912146.8074 -4591494.5659 -2687534.5848 -3374031.3064 -4688572.4479  335024.3025     226.3777     174.8370
400001757 300000440                                         -1346350.7175 -5024649.2825 -3678298.5650 -2050103.9020 -4591494.5659 -3912146.8074 -1361638.6226 -4400885.2099 -4400885.2099  344128.0612     238.3073     145.7225
400001758 300000440                                         -2716603.5278 -4074905.2917 -4074905.2917 -2050103.9020 -3912146.8074 -4591494.5659 -2050103.9020 -4591494.5659 -3912146.8074  343384.2298     232.9759     153.1725
400001759 300000440                                         -1346350.7175 -3678298.5650 -5024649.2825 -1361638.6226 -4400885.2099 -4400885.2099 -2050103.9020 -3912146.8074 -4591494.5659  344128.0612     227.6302     175.8547
400001760 300000440                                         -2050103.9020 -4591494.5659 -3912146.8074 -2050103.9020 -3912146.8074 -4591494.5659 -1361638.6226 -4400885.2099 -4400885.2099  347308.3434     232.3574     159.1339
400001761 300000441                                         -4504977.3029 -4504977.3029       0.0000 -4805928.6788 -4126944.5164 -678984.1624 -4126944.5164 -4805928.6788 -678984.1624  328324.9483     289.8580      51.0922
400001762 300000441                                         -5024649.2825 -3678298.5650 -1346350.7175 -4400885.2099 -4400885.2099 -1361638.6226 -4805928.6788 -4126944.5164 -678984.1624  329212.3599     282.3255      66.0713
400001763 300000441                                         -3678298.5650 -5024649.2825 -1346350.7175 -4126944.5164 -4805928.6788 -678984.1624 -4400885.2099 -4400885.2099 -1361638.6226  329212.3599     285.4044      63.4916
400001764 300000441                                         -4805928.6788 -4126944.5164 -678984.1624 -4400885.2099 -4400885.2099 -1361638.6226 -4126944.5164 -4805928.6788 -678984.1624  332074.9378     288.5247      57.3265
400001765 300000442                                         -5201899.7171 -2600949.8585 -2600949.8585 -4688572.4479 -3374031.3064 -2687534.5848 -5157396.7439 -3166715.9053 -1990680.8386  331958.1435     232.7869     124.5344
400001766 300000442                                         -4074905.2917 -4074905.2917 -2716603.5278 -4591494.5659 -3912146.8074 -2050103.9020 -4688572.4479 -3374031.3064 -2687534.5848  332135.9111     235.9470     121.2522
400001767 300000442                                         -5024649.2825 -3678298.5650 -1346350.7175 -5157396.7439 -3166715.9053 -1990680.8386 -4591494.5659 -3912146.8074 -2050103.9020  331417.2039     250.5397      93.4017
400001768 300000442                                         -4688572.4479 -3374031.3064 -2687534.5848 -4591494.5659 -3912146.8074 -2050103.9020 -5157396.7439 -3166715.9053 -1990680.8386  335024.3025     236.6271     114.3591
400001769 300000443                                         -2600949.8585 -5201899.7171 -2600949.8585 -3166715.9053 -5157396.7439 -1990680.8386 -3374031.3064 -4688572.4479 -2687534.5848  331958.1435     259.9261      91.5340
400001770 300000443                                         -3678298.5650 -5024649.2825 -1346350.7175 -3912146.8074 -4591494.5659 -2050103.9020 -3166715.9053 -5157396.7439 -1990680.8386  331417.2039     270.7528      79.7313
400001771 300000443                                         -4074905.2917 -4074905.2917 -2716603.5278 -3374031.3064 -4688572.4479 -2687534.5848 -3912146.8074 -4591494.5659 -2050103.9020  332135.9111     246.3035     101.7160
400001772 300000443                                         -3166715.9053 -5157396.7439 -1990680.8386 -3912146.8074 -4591494.5659 -2050103.9020 -3374031.3064 -4688572.4479 -2687534.5848  335024.3025     259.5048      88.2569
400001773 300000444                                         -5024649.2825 -3678298.5650 -1346350.7175 -4591494.5659 -3912146.8074 -2050103.9020 -4400885.2099 -4400885.2099 -1361638.6226  344128.0612     267.4527      79.0258
400001774 300000444                                         -4074905.2917 -4074905.2917 -2716603.5278 -3912146.8074 -4591494.5659 -2050103.9020 -4591494.5659 -3912146.8074 -2050103.9020  343384.2298     248.1863      98.5228
400001775 300000444                                         -3678298.5650 -5024649.2825 -1346350.7175 -4400885.2099 -4400885.2099 -1361638.6226 -3912146.8074 -4591494.5659 -2050103.9020  344128.0612     274.3262      75.6620
400001776 300000444                                         -4591494.5659 -3912146.8074 -2050103.9020 -3912146.8074 -4591494.5659 -2050103.9020 -4400885.2099 -4400885.2099 -1361638.6226  347308.3434     264.7916      81.8954
400001777 300000445                                         -2600949.8585 -2600949.8585 -5201899.7171 -2687534.5848 -3374031.3064 -4688572.4479 -3374031.3064 -2687534.5848 -4688572.4479  387995.8446     225.4719     187.4373
400001778 300000445                                         -2716603.5278 -4074905.2917 -4074905.2917 -3435012.9904 -3435012.9904 -4122015.5885 -2687534.5848 -3374031.3064 -4688572.4479  388281.7658     232.6113     154.2707
400001779 300000445                                         -4074905.2917 -2716603.5278 -4074905.2917 -3374031.3064 -2687534.5848 -4688572.4479 -3435012.9904 -3435012.9904 -4122015.5885  388281.7658     234.1726     158.8972
400001780 300000445                                         -2687534.5848 -3374031.3064 -4688572.4479 -3435012.9904 -3435012.9904 -4122015.5885 -3374031.3064 -2687534.5848 -4688572.4479  392517.4362     231.4730     162.6731
400001781 300000446                                         -2600949.8585 -5201899.7171 -2600949.8585 -3374031.3064 -4688572.4479 -2687534.5848 -2687534.5848 -4688572.4479 -3374031.3064  387995.8446     250.1652     100.6847
400001782 300000446                                         -4074905.2917 -4074905.2917 -2716603.5278 -3435012.9904 -4122015.5885 -3435012.9904 -3374031.3064 -4688572.4479 -2687534.5848  388281.7658     232.8314     128.4668
400001783 300000446                                         -2716603.5278 -4074905.2917 -4074905.2917 -2687534.5848 -4688572.4479 -3374031.3064 -3435012.9904 -4122015.5885 -3435012.9904  388281.7658     233.2974     140.5682
400001784 300000446                                         -3374031.3064 -4688572.4479 -2687534.5848 -3435012.9904 -4122015.5885 -3435012.9904 -2687534.5848 -4688572.4479 -3374031.3064  392517.4362     237.7581     122.6826
400001785 300000447                                         -5201899.7171 -2600949.8585 -2600949.8585 -4688572.4479 -2687534.5848 -3374031.3064 -4688572.4479 -3374031.3064 -2687534.5848  387995.8446     237.7220     125.7303
400001786 300000447                                         -4074905.2917 -2716603.5278 -4074905.2917 -4122015.5885 -3435012.9904 -3435012.9904 -4688572.4479 -2687534.5848 -3374031.3064  388281.7658     238.5541     139.2861
400001787 300000447                                         -4074905.2917 -4074905.2917 -2716603.5278 -4688572.4479 -3374031.3064 -2687534.5848 -4122015.5885 -3435012.9904 -3435012.9904  388281.7658     232.3648     134.9023
400001788 300000447                                         -4688572.4479 -2687534.5848 -3374031.3064 -4122015.5885 -3435012.9904 -3435012.9904 -4688572.4479 -3374031.3064 -2687534.5848  392517.4362     237.5830     130.7229
400001789 300000448                                         -2716603.5278 -4074905.2917 -4074905.2917 -3435012.9904 -4122015.5885 -3435012.9904 -3435012.9904 -3435012.9904 -4122015.5885  405996.4825     233.1362     146.8898
400001790 300000448                                         -4074905.2917 -4074905.2917 -2716603.5278 -4122015.5885 -3435012.9904 -3435012.9904 -3435012.9904 -4122015.5885 -3435012.9904  405996.4825     232.5719     136.2553
400001791 300000448                                         -4074905.2917 -2716603.5278 -4074905.2917 -3435012.9904 -3435012.9904 -4122015.5885 -4122015.5885 -3435012.9904 -3435012.9904  405996.4825     235.5708     145.8049
400001792 300000448                                         -3435012.9904 -4122015.5885 -3435012.9904 -4122015.5885 -3435012.9904 -3435012.9904 -3435012.9904 -3435012.9904 -4122015.5885  410731.3740     234.6492     140.2152
400001793 300000449                                               0.0000 -6371000.0000       0.0000       0.0000 -6340321.8936 -624467.2010  624467.2010 -6340321.8936       0.0000  195921.5441     275.9853      80.5778
400001794 300000449                                               0.0000 -6248583.0214 -1242920.4416  627459.2093 -6308900.9250 -627459.2093       0.0000 -6340321.8936 -624467.2010  196860.2699     277.8612      81.5364
400001795 300000449                                         1242920.4416 -6248583.0214       0.0000  624467.2010 -6340321.8936       0.0000  627459.2093 -6308900.9250 -627459.2093  196860.2699     262.7168      95.9242
400001796 300000449                                               0.0000 -6340321.8936 -624467.2010  627459.2093 -6308900.9250 -627459.2093  624467.2010 -6340321.8936       0.0000  197817.4310     273.9767      77.3336
400001797 300000450                                               0.0000 -5886036.5016 -2438076.1476  639129.1082 -6056845.8882 -1869698.6039       0.0000 -6096666.8789 -1849403.6788  200521.8161     274.9572     119.4518
400001798 300000450                                         1266279.9131 -6114140.2800 -1266279.9131  636326.6289 -6212473.2151 -1260914.7366  639129.1082 -6056845.8882 -1869698.6039  200560.6406     268.9873     115.2498
400001799 300000450                                               0.0000 -6248583.0214 -1242920.4416       0.0000 -6096666.8789 -1849403.6788  636326.6289 -6212473.2151 -1260914.7366  199642.5528     275.4746     108.4204
400001800 300000450                                          639129.1082 -6056845.8882 -1869698.6039  636326.6289 -6212473.2151 -1260914.7366       0.0000 -6096666.8789 -1849403.6788  201535.9727     273.8704     126.7196
400001801 300000451                                         2438076.1476 -5886036.5016       0.0000 1849403.6788 -6096666.8789       0.0000 1869698.6039 -6056845.8882 -639129.1082  200521.8161     211.6491     142.5198
400001802 300000451                                         1242920.4416 -6248583.0214       0.0000 1260914.7366 -6212473.2151 -636326.6289 1849403.6788 -6096666.8789       0.0000  199642.5528     224.2240     158.5765
400001803 300000451                                         1266279.9131 -6114140.2800 -1266279.9131 1869698.6039 -6056845.8882 -639129.1082 1260914.7366 -6212473.2151 -636326.6289  200560.6406     217.5540     162.3808
400001804 300000451                                         1849403.6788 -6096666.8789       0.0000 1260914.7366 -6212473.2151 -636326.6289 1869698.6039 -6056845.8882 -639129.1082  201535.9727     216.1053     151.7408
400001805 300000452                                               0.0000 -6248583.0214 -1242920.4416  636326.6289 -6212473.2151 -1260914.7366  627459.2093 -6308900.9250 -627459.2093  204548.8197     274.7628      87.7343
400001806 300000452                                         1266279.9131 -6114140.2800 -1266279.9131 1260914.7366 -6212473.2151 -636326.6289  636326.6289 -6212473.2151 -1260914.7366  203612.8458     253.8239     101.0164
400001807 300000452                                         1242920.4416 -6248583.0214       0.0000  627459.2093 -6308900.9250 -627459.2093 1260914.7366 -6212473.2151 -636326.6289  204548.8197     247.8451     124.5482
400001808 300000452                                          636326.6289 -6212473.2151 -1260914.7366 1260914.7366 -6212473.2151 -636326.6289  627459.2093 -6308900.9250 -627459.2093  205583.5447     263.2925      90.8758
400001809 300000453                                               0.0000 -4504977.3029 -4504977.3029  678984.1624 -4805928.6788 -4126944.5164       0.0000 -4924849.5984 -4041719.6134  213029.7505     242.1138     149.8862
400001810 300000453                                         1346350.7175 -5024649.2825 -3678298.5650  677162.3725 -5191537.9595 -3630292.7893  678984.1624 -4805928.6788 -4126944.5164  213259.5913     257.1665     130.2711
400001811 300000453                                               0.0000 -5297292.9000 -3539537.9546       0.0000 -4924849.5984 -4041719.6134  677162.3725 -5191537.9595 -3630292.7893  212458.1628     253.3040     123.8126
400001812 300000453                                          678984.1624 -4805928.6788 -4126944.5164  677162.3725 -5191537.9595 -3630292.7893       0.0000 -4924849.5984 -4041719.6134  214297.3599     250.3691     134.4017
400001813 300000454                                         2600949.8585 -5201899.7171 -2600949.8585 1976963.3461 -5468063.2517 -2604139.2443 1990680.8386 -5157396.7439 -3166715.9053  213953.8407     272.5052     119.6392
400001814 300000454                                         1330561.6814 -5672228.9398 -2577802.4491 1345228.8674 -5375502.5311 -3143878.6287 1976963.3461 -5468063.2517 -2604139.2443  213196.7862     276.4839     142.6284
400001815 300000454                                         1346350.7175 -5024649.2825 -3678298.5650 1990680.8386 -5157396.7439 -3166715.9053 1345228.8674 -5375502.5311 -3143878.6287  213817.3983     276.9564     120.0311
400001816 300000454                                         1976963.3461 -5468063.2517 -2604139.2443 1345228.8674 -5375502.5311 -3143878.6287 1990680.8386 -5157396.7439 -3166715.9053  215042.4187     283.7629     126.4029
400001817 300000455                                               0.0000 -5886036.5016 -2438076.1476       0.0000 -5618720.3752 -3003268.6103  669073.8784 -5812081.9155 -2522238.0841  209920.2574     273.4892     103.0186
400001818 300000455                                               0.0000 -5297292.9000 -3539537.9546  671168.2896 -5533298.6915 -3085738.1156       0.0000 -5618720.3752 -3003268.6103  210577.3796     266.5488     104.9255
400001819 300000455                                         1330561.6814 -5672228.9398 -2577802.4491  669073.8784 -5812081.9155 -2522238.0841  671168.2896 -5533298.6915 -3085738.1156  210758.2000     274.8150     121.8729
400001820 300000455                                               0.0000 -5618720.3752 -3003268.6103  671168.2896 -5533298.6915 -3085738.1156  669073.8784 -5812081.9155 -2522238.0841  211783.6604     272.9420     105.9900
400001821 300000456                                         1346350.7175 -5024649.2825 -3678298.5650 1345228.8674 -5375502.5311 -3143878.6287  677162.3725 -5191537.9595 -3630292.7893  217445.2803     267.4046     122.3843
400001822 300000456                                         1330561.6814 -5672228.9398 -2577802.4491  671168.2896 -5533298.6915 -3085738.1156 1345228.8674 -5375502.5311 -3143878.6287  218077.9738     274.6623     126.6850
400001823 300000456                                               0.0000 -5297292.9000 -3539537.9546  677162.3725 -5191537.9595 -3630292.7893  671168.2896 -5533298.6915 -3085738.1156  218265.1507     262.9526     114.3620
400001824 300000456                                         1345228.8674 -5375502.5311 -3143878.6287  671168.2896 -5533298.6915 -3085738.1156  677162.3725 -5191537.9595 -3630292.7893  219375.9096     269.1904     121.2886
400001825 300000457                                         4504977.3029 -4504977.3029       0.0000 4041719.6134 -4924849.5984       0.0000 4126944.5164 -4805928.6788 -678984.1624  213029.7505     233.5014     120.9019
400001826 300000457                                         3539537.9546 -5297292.9000       0.0000 3630292.7893 -5191537.9595 -677162.3725 4041719.6134 -4924849.5984       0.0000  212458.1628     231.4717     134.0916
400001827 300000457                                         3678298.5650 -5024649.2825 -1346350.7175 4126944.5164 -4805928.6788 -678984.1624 3630292.7893 -5191537.9595 -677162.3725  213259.5913     207.1177     160.2392
400001828 300000457                                         4041719.6134 -4924849.5984       0.0000 3630292.7893 -5191537.9595 -677162.3725 4126944.5164 -4805928.6788 -678984.1624  214297.3599     223.1126     150.0756
400001829 300000458                                         2438076.1476 -5886036.5016       0.0000 2522238.0841 -5812081.9155 -669073.8784 3003268.6103 -5618720.3752       0.0000  209920.2574     213.6201     137.2033
400001830 300000458                                         2577802.4491 -5672228.9398 -1330561.6814 3085738.1156 -5533298.6915 -671168.2896 2522238.0841 -5812081.9155 -669073.8784  210758.2000     202.9451     161.8756
400001831 300000458                                         3539537.9546 -5297292.9000       0.0000 3003268.6103 -5618720.3752       0.0000 3085738.1156 -5533298.6915 -671168.2896  210577.3796     219.4110     137.3900
400001832 300000458                                         2522238.0841 -5812081.9155 -669073.8784 3085738.1156 -5533298.6915 -671168.2896 3003268.6103 -5618720.3752       0.0000  211783.6604     207.0244     148.8115
400001833 300000459                                         2600949.8585 -5201899.7171 -2600949.8585 3166715.9053 -5157396.7439 -1990680.8386 2604139.2443 -5468063.2517 -1976963.3461  213953.8407     239.9408     142.4141
400001834 300000459                                         3678298.5650 -5024649.2825 -1346350.7175 3143878.6287 -5375502.5311 -1345228.8674 3166715.9053 -5157396.7439 -1990680.8386  213817.3983     208.6983     164.2707
400001835 300000459                                         2577802.4491 -5672228.9398 -1330561.6814 2604139.2443 -5468063.2517 -1976963.3461 3143878.6287 -5375502.5311 -1345228.8674  213196.7862     211.3071     163.5904
400001836 300000459                                         3166715.9053 -5157396.7439 -1990680.8386 3143878.6287 -5375502.5311 -1345228.8674 2604139.2443 -5468063.2517 -1976963.3461  215042.4187     221.5007     156.1932
400001837 300000460                                         3539537.9546 -5297292.9000       0.0000 3085738.1156 -5533298.6915 -671168.2896 3630292.7893 -5191537.9595 -677162.3725  218265.1507     215.2838     148.0371
400001838 300000460                                         2577802.4491 -5672228.9398 -1330561.6814 3143878.6287 -5375502.5311 -1345228.8674 3085738.1156 -5533298.6915 -671168.2896  218077.9738     203.7385     167.6996
400001839 300000460                                         3678298.5650 -5024649.2825 -1346350.7175 3630292.7893 -5191537.9595 -677162.3725 3143878.6287 -5375502.5311 -1345228.8674  217445.2803     204.2030     168.6854
400001840 300000460                                         3085738.1156 -5533298.6915 -671168.2896 3143878.6287 -5375502.5311 -1345228.8674 3630292.7893 -5191537.9595 -677162.3725  219375.9096     204.2421     164.3363
400001841 300000461                                               0.0000 -5886036.5016 -2438076.1476  669073.8784 -5812081.9155 -2522238.0841  639129.1082 -6056845.8882 -1869698.6039  232651.5371     274.6547     123.1272
400001842 300000461                                         1330561.6814 -5672228.9398 -2577802.4491 1306164.9224 -5928333.1219 -1933504.7432  669073.8784 -5812081.9155 -2522238.0841  231845.9895     272.9611     144.3661
400001843 300000461                                         1266279.9131 -6114140.2800 -1266279.9131  639129.1082 -6056845.8882 -1869698.6039 1306164.9224 -5928333.1219 -1933504.7432  232712.3450     267.2000     121.0813
400001844 300000461                                          669073.8784 -5812081.9155 -2522238.0841 1306164.9224 -5928333.1219 -1933504.7432  639129.1082 -6056845.8882 -1869698.6039  234046.8072     272.8331     143.9378
400001845 300000462                                         2600949.8585 -5201899.7171 -2600949.8585 2604139.2443 -5468063.2517 -1976963.3461 1976963.3461 -5468063.2517 -2604139.2443  228300.1373     248.2949     136.9035
400001846 300000462                                         2577802.4491 -5672228.9398 -1330561.6814 1973179.1775 -5727370.1528 -1973179.1775 2604139.2443 -5468063.2517 -1976963.3461  229212.6770     212.5463     165.0919
400001847 300000462                                         1330561.6814 -5672228.9398 -2577802.4491 1976963.3461 -5468063.2517 -2604139.2443 1973179.1775 -5727370.1528 -1973179.1775  229212.6770     273.3025     128.8351
400001848 300000462                                         2604139.2443 -5468063.2517 -1976963.3461 1973179.1775 -5727370.1528 -1973179.1775 1976963.3461 -5468063.2517 -2604139.2443  230526.8451     255.7520     125.8041
400001849 300000463                                         2438076.1476 -5886036.5016       0.0000 1869698.6039 -6056845.8882 -639129.1082 2522238.0841 -5812081.9155 -669073.8784  232651.5371     206.6073     148.9453
400001850 300000463                                         1266279.9131 -6114140.2800 -1266279.9131 1933504.7432 -5928333.1219 -1306164.9224 1869698.6039 -6056845.8882 -639129.1082  232712.3450     207.5827     175.4963
400001851 300000463                                         2577802.4491 -5672228.9398 -1330561.6814 2522238.0841 -5812081.9155 -669073.8784 1933504.7432 -5928333.1219 -1306164.9224  231845.9895     206.6380     163.8343
400001852 300000463                                         1869698.6039 -6056845.8882 -639129.1082 1933504.7432 -5928333.1219 -1306164.9224 2522238.0841 -5812081.9155 -669073.8784  234046.8072     205.9580     161.1052
400001853 300000464                                         1330561.6814 -5672228.9398 -2577802.4491 1973179.1775 -5727370.1528 -1973179.1775 1306164.9224 -5928333.1219 -1933504.7432  238189.0310     269.8372     129.2910
400001854 300000464                                         2577802.4491 -5672228.9398 -1330561.6814 1933504.7432 -5928333.1219 -1306164.9224 1973179.1775 -5727370.1528 -1973179.1775  238189.0310     206.9380     169.8984
400001855 300000464                                         1266279.9131 -6114140.2800 -1266279.9131 1306164.9224 -5928333.1219 -1933504.7432 1933504.7432 -5928333.1219 -1306164.9224  237302.7613     233.8151     131.5873
400001856 300000464                                         1973179.1775 -5727370.1528 -1973179.1775 1933504.7432 -5928333.1219 -1306164.9224 1306164.9224 -5928333.1219 -1933504.7432  239617.8861     237.4756     130.3629
400001857 300000465                                               0.0000       0.0000 -6371000.0000  624467.2010       0.0000 -6340321.8936       0.0000 -624467.2010 -6340321.8936  195921.5441     196.3156     362.2039
400001858 300000465                                         1242920.4416       0.0000 -6248583.0214  627459.2093 -627459.2093 -6308900.9250  624467.2010       0.0000 -6340321.8936  196860.2699     201.5101     359.5607
400001859 300000465                                               0.0000 -1242920.4416 -6248583.0214       0.0000 -624467.2010 -6340321.8936  627459.2093 -627459.2093 -6308900.9250  196860.2699     207.8654     356.1579
400001860 300000465                                          624467.2010       0.0000 -6340321.8936  627459.2093 -627459.2093 -6308900.9250       0.0000 -624467.2010 -6340321.8936  197817.4310     205.0763     356.2709
400001861 300000466                                         2438076.1476       0.0000 -5886036.5016 1869698.6039 -639129.1082 -6056845.8882 1849403.6788       0.0000 -6096666.8789  200521.8161     207.0388     316.5671
400001862 300000466                                         1266279.9131 -1266279.9131 -6114140.2800 1260914.7366 -636326.6289 -6212473.2151 1869698.6039 -639129.1082 -6056845.8882  200560.6406     211.0303     313.1473
400001863 300000466                                         1242920.4416       0.0000 -6248583.0214 1849403.6788       0.0000 -6096666.8789 1260914.7366 -636326.6289 -6212473.2151  199642.5528     197.8308     355.3106
400001864 300000466                                         1869698.6039 -639129.1082 -6056845.8882 1260914.7366 -636326.6289 -6212473.2151 1849403.6788       0.0000 -6096666.8789  201535.9727     206.3551     343.5061
400001865 300000467                                               0.0000 -2438076.1476 -5886036.5016       0.0000 -1849403.6788 -6096666.8789  639129.1082 -1869698.6039 -6056845.8882  200521.8161     212.9286     274.0508
400001866 300000467                                               0.0000 -1242920.4416 -6248583.0214  636326.6289 -1260914.7366 -6212473.2151       0.0000 -1849403.6788 -6096666.8789  199642.5528     204.6091     354.2308
400001867 300000467                                         1266279.9131 -1266279.9131 -6114140.2800  639129.1082 -1869698.6039 -6056845.8882  636326.6289 -1260914.7366 -6212473.2151  200560.6406     206.1962     343.1720
400001868 300000467                                               0.0000 -1849403.6788 -6096666.8789  636326.6289 -1260914.7366 -6212473.2151  639129.1082 -1869698.6039 -6056845.8882  201535.9727     207.7780     332.1219
400001869 300000468                                         1242920.4416       0.0000 -6248583.0214 1260914.7366 -636326.6289 -6212473.2151  627459.2093 -627459.2093 -6308900.9250  204548.8197     207.4552     352.1466
400001870 300000468                                         1266279.9131 -1266279.9131 -6114140.2800  636326.6289 -1260914.7366 -6212473.2151 1260914.7366 -636326.6289 -6212473.2151  203612.8458     210.1531     328.1242
400001871 300000468                                               0.0000 -1242920.4416 -6248583.0214  627459.2093 -627459.2093 -6308900.9250  636326.6289 -1260914.7366 -6212473.2151  204548.8197     210.1869     352.8561
400001872 300000468                                         1260914.7366 -636326.6289 -6212473.2151  636326.6289 -1260914.7366 -6212473.2151  627459.2093 -627459.2093 -6308900.9250  205583.5447     210.9699     350.6671
400001873 300000469                                         4504977.3029       0.0000 -4504977.3029 4126944.5164 -678984.1624 -4805928.6788 4041719.6134       0.0000 -4924849.5984  213029.7505     220.9307     202.7108
400001874 300000469                                         3678298.5650 -1346350.7175 -5024649.2825 3630292.7893 -677162.3725 -5191537.9595 4126944.5164 -678984.1624 -4805928.6788  213259.5913     215.7484     213.4958
400001875 300000469                                         3539537.9546       0.0000 -5297292.9000 4041719.6134       0.0000 -4924849.5984 3630292.7893 -677162.3725 -5191537.9595  212458.1628     213.3008     216.7946
400001876 300000469                                         4126944.5164 -678984.1624 -4805928.6788 3630292.7893 -677162.3725 -5191537.9595 4041719.6134       0.0000 -4924849.5984  214297.3599     215.9077     209.0186
400001877 300000470                                         2600949.8585 -2600949.8585 -5201899.7171 2604139.2443 -1976963.3461 -5468063.2517 3166715.9053 -1990680.8386 -5157396.7439  213953.8407     213.4807     208.3251
400001878 300000470                                         2577802.4491 -1330561.6814 -5672228.9398 3143878.6287 -1345228.8674 -5375502.5311 2604139.2443 -1976963.3461 -5468063.2517  213196.7862     210.0320     252.9523
400001879 300000470                                         3678298.5650 -1346350.7175 -5024649.2825 3166715.9053 -1990680.8386 -5157396.7439 3143878.6287 -1345228.8674 -5375502.5311  213817.3983     213.2006     217.2271
400001880 300000470                                         2604139.2443 -1976963.3461 -5468063.2517 3143878.6287 -1345228.8674 -5375502.5311 3166715.9053 -1990680.8386 -5157396.7439  215042.4187     211.6028     219.3037
400001881 300000471                                         2438076.1476       0.0000 -5886036.5016 3003268.6103       0.0000 -5618720.3752 2522238.0841 -669073.8784 -5812081.9155  209920.2574     207.1261     272.6919
400001882 300000471                                         3539537.9546       0.0000 -5297292.9000 3085738.1156 -671168.2896 -5533298.6915 3003268.6103       0.0000 -5618720.3752  210577.3796     208.4613     242.0418
400001883 300000471                                         2577802.4491 -1330561.6814 -5672228.9398 2522238.0841 -669073.8784 -5812081.9155 3085738.1156 -671168.2896 -5533298.6915  210758.2000     208.7303     274.6205
400001884 300000471                                         3003268.6103       0.0000 -5618720.3752 3085738.1156 -671168.2896 -5533298.6915 2522238.0841 -669073.8784 -5812081.9155  211783.6604     207.3109     269.1954
400001885 300000472                                         3678298.5650 -1346350.7175 -5024649.2825 3143878.6287 -1345228.8674 -5375502.5311 3630292.7893 -677162.3725 -5191537.9595  217445.2803     212.9269     228.6144
400001886 300000472                                         2577802.4491 -1330561.6814 -5672228.9398 3085738.1156 -671168.2896 -5533298.6915 3143878.6287 -1345228.8674 -5375502.5311  218077.9738     208.9771     256.0589
400001887 300000472                                         3539537.9546       0.0000 -5297292.9000 3630292.7893 -677162.3725 -5191537.9595 3085738.1156 -671168.2896 -5533298.6915  218265.1507     210.2996     228.6343
400001888 300000472                                         3143878.6287 -1345228.8674 -5375502.5311 3085738.1156 -671168.2896 -5533298.6915 3630292.7893 -677162.3725 -5191537.9595  219375.9096     210.4085     236.0783
400001889 300000473                                               0.0000 -4504977.3029 -4504977.3029       0.0000 -4041719.6134 -4924849.5984  678984.1624 -4126944.5164 -4805928.6788  213029.7505     228.5093     170.9250
400001890 300000473                                               0.0000 -3539537.9546 -5297292.9000  677162.3725 -3630292.7893 -5191537.9595       0.0000 -4041719.6134 -4924849.5984  212458.1628     221.9113     181.2707
400001891 300000473                                         1346350.7175 -3678298.5650 -5024649.2825  678984.1624 -4126944.5164 -4805928.6788  677162.3725 -3630292.7893 -5191537.9595  213259.5913     217.2035     204.0861
400001892 300000473                                               0.0000 -4041719.6134 -4924849.5984  677162.3725 -3630292.7893 -5191537.9595  678984.1624 -4126944.5164 -4805928.6788  214297.3599     223.6238     178.2662
400001893 300000474                                               0.0000 -2438076.1476 -5886036.5016  669073.8784 -2522238.0841 -5812081.9155       0.0000 -3003268.6103 -5618720.3752  209920.2574     211.6395     218.4576
400001894 300000474                                         1330561.6814 -2577802.4491 -5672228.9398  671168.2896 -3085738.1156 -5533298.6915  669073.8784 -2522238.0841 -5812081.9155  210758.2000     212.8965     202.7470
400001895 300000474                                               0.0000 -3539537.9546 -5297292.9000       0.0000 -3003268.6103 -5618720.3752  671168.2896 -3085738.1156 -5533298.6915  210577.3796     216.8685     196.0154
400001896 300000474                                          669073.8784 -2522238.0841 -5812081.9155  671168.2896 -3085738.1156 -5533298.6915       0.0000 -3003268.6103 -5618720.3752  211783.6604     213.4018     205.3896
400001897 300000475                                         2600949.8585 -2600949.8585 -5201899.7171 1990680.8386 -3166715.9053 -5157396.7439 1976963.3461 -2604139.2443 -5468063.2517  213953.8407     215.2051     193.3124
400001898 300000475                                         1346350.7175 -3678298.5650 -5024649.2825 1345228.8674 -3143878.6287 -5375502.5311 1990680.8386 -3166715.9053 -5157396.7439  213817.3983     213.0076     176.8178
400001899 300000475                                         1330561.6814 -2577802.4491 -5672228.9398 1976963.3461 -2604139.2443 -5468063.2517 1345228.8674 -3143878.6287 -5375502.5311  213196.7862     212.8357     193.5623
400001900 300000475                                         1990680.8386 -3166715.9053 -5157396.7439 1345228.8674 -3143878.6287 -5375502.5311 1976963.3461 -2604139.2443 -5468063.2517  215042.4187     214.1392     187.0178
400001901 300000476                                               0.0000 -3539537.9546 -5297292.9000  671168.2896 -3085738.1156 -5533298.6915  677162.3725 -3630292.7893 -5191537.9595  218265.1507     218.7944     190.2284
400001902 300000476                                         1330561.6814 -2577802.4491 -5672228.9398 1345228.8674 -3143878.6287 -5375502.5311  671168.2896 -3085738.1156 -5533298.6915  218077.9738     214.5174     194.3314
400001903 300000476                                         1346350.7175 -3678298.5650 -5024649.2825  677162.3725 -3630292.7893 -5191537.9595 1345228.8674 -3143878.6287 -5375502.5311  217445.2803     213.7006     207.6866
400001904 300000476                                          671168.2896 -3085738.1156 -5533298.6915 1345228.8674 -3143878.6287 -5375502.5311  677162.3725 -3630292.7893 -5191537.9595  219375.9096     216.6395     191.5919
400001905 300000477                                         2438076.1476       0.0000 -5886036.5016 2522238.0841 -669073.8784 -5812081.9155 1869698.6039 -639129.1082 -6056845.8882  232651.5371     208.1586     284.9986
400001906 300000477                                         2577802.4491 -1330561.6814 -5672228.9398 1933504.7432 -1306164.9224 -5928333.1219 2522238.0841 -669073.8784 -5812081.9155  231845.9895     208.9483     285.1752
400001907 300000477                                         1266279.9131 -1266279.9131 -6114140.2800 1869698.6039 -639129.1082 -6056845.8882 1933504.7432 -1306164.9224 -5928333.1219  232712.3450     209.4236     318.7969
400001908 300000477                                         2522238.0841 -669073.8784 -5812081.9155 1933504.7432 -1306164.9224 -5928333.1219 1869698.6039 -639129.1082 -6056845.8882  234046.8072     208.4484     293.6850
400001909 300000478                                         2600949.8585 -2600949.8585 -5201899.7171 1976963.3461 -2604139.2443 -5468063.2517 2604139.2443 -1976963.3461 -5468063.2517  228300.1373     213.4203     208.4973
400001910 300000478                                         1330561.6814 -2577802.4491 -5672228.9398 1973179.1775 -1973179.1775 -5727370.1528 1976963.3461 -2604139.2443 -5468063.2517  229212.6770     209.6983     225.5822
400001911 300000478                                         2577802.4491 -1330561.6814 -5672228.9398 2604139.2443 -1976963.3461 -5468063.2517 1973179.1775 -1973179.1775 -5727370.1528  229212.6770     210.0890     267.6906
400001912 300000478                                         1976963.3461 -2604139.2443 -5468063.2517 1973179.1775 -1973179.1775 -5727370.1528 2604139.2443 -1976963.3461 -5468063.2517  230526.8451     210.9028     234.0485
400001913 300000479                                               0.0000 -2438076.1476 -5886036.5016  639129.1082 -1869698.6039 -6056845.8882  669073.8784 -2522238.0841 -5812081.9155  232651.5371     210.3105     258.5865
400001914 300000479                                         1266279.9131 -1266279.9131 -6114140.2800 1306164.9224 -1933504.7432 -5928333.1219  639129.1082 -1869698.6039 -6056845.8882  232712.3450     205.8874     337.3503
400001915 300000479                                         1330561.6814 -2577802.4491 -5672228.9398  669073.8784 -2522238.0841 -5812081.9155 1306164.9224 -1933504.7432 -5928333.1219  231845.9895     206.9000     268.2110
400001916 300000479                                          639129.1082 -1869698.6039 -6056845.8882 1306164.9224 -1933504.7432 -5928333.1219  669073.8784 -2522238.0841 -5812081.9155  234046.8072     205.9611     305.3212
400001917 300000480                                         2577802.4491 -1330561.6814 -5672228.9398 1973179.1775 -1973179.1775 -5727370.1528 1933504.7432 -1306164.9224 -5928333.1219  238189.0310     209.0817     286.5263
400001918 300000480                                         1330561.6814 -2577802.4491 -5672228.9398 1306164.9224 -1933504.7432 -5928333.1219 1973179.1775 -1973179.1775 -5727370.1528  238189.0310     207.9540     283.4639
400001919 300000480                                         1266279.9131 -1266279.9131 -6114140.2800 1933504.7432 -1306164.9224 -5928333.1219 1306164.9224 -1933504.7432 -5928333.1219  237302.7613     208.3483     322.5206
400001920 300000480                                         1973179.1775 -1973179.1775 -5727370.1528 1306164.9224 -1933504.7432 -5928333.1219 1933504.7432 -1306164.9224 -5928333.1219  239617.8861     207.8726     301.6969
400001921 300000481                                         6371000.0000       0.0000       0.0000 6340321.8936 -624467.2010       0.0000 6340321.8936       0.0000 -624467.2010  195921.5441     268.7604      78.9337
400001922 300000481                                         6248583.0214 -1242920.4416       0.0000 6308900.9250 -627459.2093 -627459.2093 6340321.8936 -624467.2010       0.0000  196860.2699     275.4312      73.2404
400001923 300000481                                         6248583.0214       0.0000 -1242920.4416 6340321.8936       0.0000 -624467.2010 6308900.9250 -627459.2093 -627459.2093  196860.2699     276.8089      91.2950
400001924 300000481                                         6340321.8936 -624467.2010       0.0000 6308900.9250 -627459.2093 -627459.2093 6340321.8936       0.0000 -624467.2010  197817.4310     274.6943      78.4316
400001925 300000482                                         5886036.5016 -2438076.1476       0.0000 6056845.8882 -1869698.6039 -639129.1082 6096666.8789 -1849403.6788       0.0000  200521.8161     277.7101      71.3509
400001926 300000482                                         6114140.2800 -1266279.9131 -1266279.9131 6212473.2151 -1260914.7366 -636326.6289 6056845.8882 -1869698.6039 -639129.1082  200560.6406     282.1558      84.1440
400001927 300000482                                         6248583.0214 -1242920.4416       0.0000 6096666.8789 -1849403.6788       0.0000 6212473.2151 -1260914.7366 -636326.6289  199642.5528     278.7575      69.8328
400001928 300000482                                         6056845.8882 -1869698.6039 -639129.1082 6212473.2151 -1260914.7366 -636326.6289 6096666.8789 -1849403.6788       0.0000  201535.9727     280.4873      73.7672
400001929 300000483                                         5886036.5016       0.0000 -2438076.1476 6096666.8789       0.0000 -1849403.6788 6056845.8882 -639129.1082 -1869698.6039  200521.8161     280.3975     111.8495
400001930 300000483                                         6248583.0214       0.0000 -1242920.4416 6212473.2151 -636326.6289 -1260914.7366 6096666.8789       0.0000 -1849403.6788  199642.5528     279.4796     113.9554
400001931 300000483                                         6114140.2800 -1266279.9131 -1266279.9131 6056845.8882 -639129.1082 -1869698.6039 6212473.2151 -636326.6289 -1260914.7366  200560.6406     282.0050     100.1462
400001932 300000483                                         6096666.8789       0.0000 -1849403.6788 6212473.2151 -636326.6289 -1260914.7366 6056845.8882 -639129.1082 -1869698.6039  201535.9727     281.0381     111.8007
400001933 300000484                                         6248583.0214 -1242920.4416       0.0000 6212473.2151 -1260914.7366 -636326.6289 6308900.9250 -627459.2093 -627459.2093  204548.8197     279.2763      74.3642
400001934 300000484                                         6114140.2800 -1266279.9131 -1266279.9131 6212473.2151 -636326.6289 -1260914.7366 6212473.2151 -1260914.7366 -636326.6289  203612.8458     282.0332      93.4079
400001935 300000484                                         6248583.0214       0.0000 -1242920.4416 6308900.9250 -627459.2093 -627459.2093 6212473.2151 -636326.6289 -1260914.7366  204548.8197     279.1726     100.3250
400001936 300000484                                         6212473.2151 -1260914.7366 -636326.6289 6212473.2151 -636326.6289 -1260914.7366 6308900.9250 -627459.2093 -627459.2093  205583.5447     281.0508      90.8556
400001937 300000485                                         4504977.3029 -4504977.3029       0.0000 4805928.6788 -4126944.5164 -678984.1624 4924849.5984 -4041719.6134       0.0000  213029.7505     259.4195      81.2946
400001938 300000485                                         5024649.2825 -3678298.5650 -1346350.7175 5191537.9595 -3630292.7893 -677162.3725 4805928.6788 -4126944.5164 -678984.1624  213259.5913     267.3988     114.7917
400001939 300000485                                         5297292.9000 -3539537.9546       0.0000 4924849.5984 -4041719.6134       0.0000 5191537.9595 -3630292.7893 -677162.3725  212458.1628     268.1584      64.7109
400001940 300000485                                         4805928.6788 -4126944.5164 -678984.1624 5191537.9595 -3630292.7893 -677162.3725 4924849.5984 -4041719.6134       0.0000  214297.3599     266.7007      94.4587
400001941 300000486                                         5201899.7171 -2600949.8585 -2600949.8585 5468063.2517 -2604139.2443 -1976963.3461 5157396.7439 -3166715.9053 -1990680.8386  213953.8407     268.4800      82.7512
400001942 300000486                                         5672228.9398 -2577802.4491 -1330561.6814 5375502.5311 -3143878.6287 -1345228.8674 5468063.2517 -2604139.2443 -1976963.3461  213196.7862     280.8886      72.0874
400001943 300000486                                         5024649.2825 -3678298.5650 -1346350.7175 5157396.7439 -3166715.9053 -1990680.8386 5375502.5311 -3143878.6287 -1345228.8674  213817.3983     274.3625      71.9065
400001944 300000486                                         5468063.2517 -2604139.2443 -1976963.3461 5375502.5311 -3143878.6287 -1345228.8674 5157396.7439 -3166715.9053 -1990680.8386  215042.4187     276.5470      74.1278
400001945 300000487                                         5886036.5016 -2438076.1476       0.0000 5618720.3752 -3003268.6103       0.0000 5812081.9155 -2522238.0841 -669073.8784  209920.2574     273.4903      68.4391
400001946 300000487                                         5297292.9000 -3539537.9546       0.0000 5533298.6915 -3085738.1156 -671168.2896 5618720.3752 -3003268.6103       0.0000  210577.3796     270.3868      66.9197
400001947 300000487                                         5672228.9398 -2577802.4491 -1330561.6814 5812081.9155 -2522238.0841 -669073.8784 5533298.6915 -3085738.1156 -671168.2896  210758.2000     280.5949      67.9967
400001948 300000487                                         5618720.3752 -3003268.6103       0.0000 5533298.6915 -3085738.1156 -671168.2896 5812081.9155 -2522238.0841 -669073.8784  211783.6604     276.4895      65.9282
400001949 300000488                                         5024649.2825 -3678298.5650 -1346350.7175 5375502.5311 -3143878.6287 -1345228.8674 5191537.9595 -3630292.7893 -677162.3725  217445.2803     275.2629      71.5418
400001950 300000488                                         5672228.9398 -2577802.4491 -1330561.6814 5533298.6915 -3085738.1156 -671168.2896 5375502.5311 -3143878.6287 -1345228.8674  218077.9738     281.5067      66.8359
400001951 300000488                                         5297292.9000 -3539537.9546       0.0000 5191537.9595 -3630292.7893 -677162.3725 5533298.6915 -3085738.1156 -671168.2896  218265.1507     274.0768      62.9059
400001952 300000488                                         5375502.5311 -3143878.6287 -1345228.8674 5533298.6915 -3085738.1156 -671168.2896 5191537.9595 -3630292.7893 -677162.3725  219375.9096     278.4624      64.9819
400001953 300000489                                         4504977.3029       0.0000 -4504977.3029 4924849.5984       0.0000 -4041719.6134 4805928.6788 -678984.1624 -4126944.5164  213029.7505     232.3339     166.1640
400001954 300000489                                         5297292.9000       0.0000 -3539537.9546 5191537.9595 -677162.3725 -3630292.7893 4924849.5984       0.0000 -4041719.6134  212458.1628     246.0507     131.7983
400001955 300000489                                         5024649.2825 -1346350.7175 -3678298.5650 4805928.6788 -678984.1624 -4126944.5164 5191537.9595 -677162.3725 -3630292.7893  213259.5913     237.9074     140.4238
400001956 300000489                                         4924849.5984       0.0000 -4041719.6134 5191537.9595 -677162.3725 -3630292.7893 4805928.6788 -678984.1624 -4126944.5164  214297.3599     238.0426     144.6167
400001957 300000490                                         5886036.5016       0.0000 -2438076.1476 5812081.9155 -669073.8784 -2522238.0841 5618720.3752       0.0000 -3003268.6103  209920.2574     277.0087     104.4116
400001958 300000490                                         5672228.9398 -1330561.6814 -2577802.4491 5533298.6915 -671168.2896 -3085738.1156 5812081.9155 -669073.8784 -2522238.0841  210758.2000     273.7897      92.2481
400001959 300000490                                         5297292.9000       0.0000 -3539537.9546 5618720.3752       0.0000 -3003268.6103 5533298.6915 -671168.2896 -3085738.1156  210577.3796     265.8939     101.0918
400001960 300000490                                         5812081.9155 -669073.8784 -2522238.0841 5533298.6915 -671168.2896 -3085738.1156 5618720.3752       0.0000 -3003268.6103  211783.6604     273.3162      98.0257
400001961 300000491                                         5201899.7171 -2600949.8585 -2600949.8585 5157396.7439 -1990680.8386 -3166715.9053 5468063.2517 -1976963.3461 -2604139.2443  213953.8407     259.4545      93.5403
400001962 300000491                                         5024649.2825 -1346350.7175 -3678298.5650 5375502.5311 -1345228.8674 -3143878.6287 5157396.7439 -1990680.8386 -3166715.9053  213817.3983     247.7766     111.6017
400001963 300000491                                         5672228.9398 -1330561.6814 -2577802.4491 5468063.2517 -1976963.3461 -2604139.2443 5375502.5311 -1345228.8674 -3143878.6287  213196.7862     267.4696      86.8910
400001964 300000491                                         5157396.7439 -1990680.8386 -3166715.9053 5375502.5311 -1345228.8674 -3143878.6287 5468063.2517 -1976963.3461 -2604139.2443  215042.4187     258.8591      94.8357
400001965 300000492                                         5297292.9000       0.0000 -3539537.9546 5533298.6915 -671168.2896 -3085738.1156 5191537.9595 -677162.3725 -3630292.7893  218265.1507     256.1340     109.5665
400001966 300000492                                         5672228.9398 -1330561.6814 -2577802.4491 5375502.5311 -1345228.8674 -3143878.6287 5533298.6915 -671168.2896 -3085738.1156  218077.9738     267.2790      88.9079
400001967 300000492                                         5024649.2825 -1346350.7175 -3678298.5650 5191537.9595 -677162.3725 -3630292.7893 5375502.5311 -1345228.8674 -3143878.6287  217445.2803     246.5922     115.7504
400001968 300000492                                         5533298.6915 -671168.2896 -3085738.1156 5375502.5311 -1345228.8674 -3143878.6287 5191537.9595 -677162.3725 -3630292.7893  219375.9096     256.9834     100.1839
400001969 300000493                                         5886036.5016 -2438076.1476       0.0000 5812081.9155 -2522238.0841 -669073.8784 6056845.8882 -1869698.6039 -639129.1082  232651.5371     278.4489      71.5328
400001970 300000493                                         5672228.9398 -2577802.4491 -1330561.6814 5928333.1219 -1933504.7432 -1306164.9224 5812081.9155 -2522238.0841 -669073.8784  231845.9895     282.0199      76.8440
400001971 300000493                                         6114140.2800 -1266279.9131 -1266279.9131 6056845.8882 -1869698.6039 -639129.1082 5928333.1219 -1933504.7432 -1306164.9224  232712.3450     282.5078      88.7189
400001972 300000493                                         5812081.9155 -2522238.0841 -669073.8784 5928333.1219 -1933504.7432 -1306164.9224 6056845.8882 -1869698.6039 -639129.1082  234046.8072     281.2980      80.0206
400001973 300000494                                         5201899.7171 -2600949.8585 -2600949.8585 5468063.2517 -1976963.3461 -2604139.2443 5468063.2517 -2604139.2443 -1976963.3461  228300.1373     268.8296      85.7229
400001974 300000494                                         5672228.9398 -1330561.6814 -2577802.4491 5727370.1528 -1973179.1775 -1973179.1775 5468063.2517 -1976963.3461 -2604139.2443  229212.6770     273.7814      86.8225
400001975 300000494                                         5672228.9398 -2577802.4491 -1330561.6814 5468063.2517 -2604139.2443 -1976963.3461 5727370.1528 -1973179.1775 -1973179.1775  229212.6770     279.4926      80.5906
400001976 300000494                                         5468063.2517 -1976963.3461 -2604139.2443 5727370.1528 -1973179.1775 -1973179.1775 5468063.2517 -2604139.2443 -1976963.3461  230526.8451     274.8180      84.9731
400001977 300000495                                         5886036.5016       0.0000 -2438076.1476 6056845.8882 -639129.1082 -1869698.6039 5812081.9155 -669073.8784 -2522238.0841  232651.5371     279.6570     105.8186
400001978 300000495                                         6114140.2800 -1266279.9131 -1266279.9131 5928333.1219 -1306164.9224 -1933504.7432 6056845.8882 -639129.1082 -1869698.6039  232712.3450     281.7360      94.5266
400001979 300000495                                         5672228.9398 -1330561.6814 -2577802.4491 5812081.9155 -669073.8784 -2522238.0841 5928333.1219 -1306164.9224 -1933504.7432  231845.9895     277.5251      91.2688
400001980 300000495                                         6056845.8882 -639129.1082 -1869698.6039 5928333.1219 -1306164.9224 -1933504.7432 5812081.9155 -669073.8784 -2522238.0841  234046.8072     279.7104      95.7848
400001981 300000496                                         5672228.9398 -2577802.4491 -1330561.6814 5727370.1528 -1973179.1775 -1973179.1775 5928333.1219 -1933504.7432 -1306164.9224  238189.0310     281.3565      84.0082
400001982 300000496                                         5672228.9398 -1330561.6814 -2577802.4491 5928333.1219 -1306164.9224 -1933504.7432 5727370.1528 -1973179.1775 -1973179.1775  238189.0310     277.4340      89.2181
400001983 300000496                                         6114140.2800 -1266279.9131 -1266279.9131 5928333.1219 -1933504.7432 -1306164.9224 5928333.1219 -1306164.9224 -1933504.7432  237302.7613     282.0652      91.6374
400001984 300000496                                         5727370.1528 -1973179.1775 -1973179.1775 5928333.1219 -1306164.9224 -1933504.7432 5928333.1219 -1933504.7432 -1306164.9224  239617.8861     280.3616      89.3491
400001985 300000497                                               0.0000 -4504977.3029 -4504977.3029  678984.1624 -4126944.5164 -4805928.6788  678984.1624 -4805928.6788 -4126944.5164  328324.9483     235.7673     161.4185
400001986 300000497                                         1346350.7175 -3678298.5650 -5024649.2825 1361638.6226 -4400885.2099 -4400885.2099  678984.1624 -4126944.5164 -4805928.6788  329212.3599     221.5041     204.0850
400001987 300000497                                         1346350.7175 -5024649.2825 -3678298.5650  678984.1624 -4805928.6788 -4126944.5164 1361638.6226 -4400885.2099 -4400885.2099  329212.3599     251.1186     134.1856
400001988 300000497                                          678984.1624 -4126944.5164 -4805928.6788 1361638.6226 -4400885.2099 -4400885.2099  678984.1624 -4805928.6788 -4126944.5164  332074.9378     236.4859     161.9444
400001989 300000498                                         2600949.8585 -2600949.8585 -5201899.7171 2687534.5848 -3374031.3064 -4688572.4479 1990680.8386 -3166715.9053 -5157396.7439  331958.1435     221.3999     170.1207
400001990 300000498                                         2716603.5278 -4074905.2917 -4074905.2917 2050103.9020 -3912146.8074 -4591494.5659 2687534.5848 -3374031.3064 -4688572.4479  332135.9111     237.5310     118.3678
400001991 300000498                                         1346350.7175 -3678298.5650 -5024649.2825 1990680.8386 -3166715.9053 -5157396.7439 2050103.9020 -3912146.8074 -4591494.5659  331417.2039     221.3931     130.6998
400001992 300000498                                         2687534.5848 -3374031.3064 -4688572.4479 2050103.9020 -3912146.8074 -4591494.5659 1990680.8386 -3166715.9053 -5157396.7439  335024.3025     227.5648     136.2806
400001993 300000499                                         2600949.8585 -5201899.7171 -2600949.8585 1990680.8386 -5157396.7439 -3166715.9053 2687534.5848 -4688572.4479 -3374031.3064  331958.1435     269.0188     134.1427
400001994 300000499                                         1346350.7175 -5024649.2825 -3678298.5650 2050103.9020 -4591494.5659 -3912146.8074 1990680.8386 -5157396.7439 -3166715.9053  331417.2039     273.7845     108.2855
400001995 300000499                                         2716603.5278 -4074905.2917 -4074905.2917 2687534.5848 -4688572.4479 -3374031.3064 2050103.9020 -4591494.5659 -3912146.8074  332135.9111     257.9338     127.9600
400001996 300000499                                         1990680.8386 -5157396.7439 -3166715.9053 2050103.9020 -4591494.5659 -3912146.8074 2687534.5848 -4688572.4479 -3374031.3064  335024.3025     269.2801     122.1419
400001997 300000500                                         1346350.7175 -3678298.5650 -5024649.2825 2050103.9020 -3912146.8074 -4591494.5659 1361638.6226 -4400885.2099 -4400885.2099  344128.0612     229.6747     140.7744
400001998 300000500                                         2716603.5278 -4074905.2917 -4074905.2917 2050103.9020 -4591494.5659 -3912146.8074 2050103.9020 -3912146.8074 -4591494.5659  343384.2298     248.8388     101.0434
400001999 300000500                                         1346350.7175 -5024649.2825 -3678298.5650 1361638.6226 -4400885.2099 -4400885.2099 2050103.9020 -4591494.5659 -3912146.8074  344128.0612     261.4172     121.0659
400002000 300000500                                         2050103.9020 -3912146.8074 -4591494.5659 2050103.9020 -4591494.5659 -3912146.8074 1361638.6226 -4400885.2099 -4400885.2099  347308.3434     252.8529     118.4818
400002001 300000501                                         4504977.3029       0.0000 -4504977.3029 4805928.6788 -678984.1624 -4126944.5164 4126944.5164 -678984.1624 -4805928.6788  328324.9483     226.9885     182.4411
400002002 300000501                                         5024649.2825 -1346350.7175 -3678298.5650 4400885.2099 -1361638.6226 -4400885.2099 4805928.6788 -678984.1624 -4126944.5164  329212.3599     232.7275     160.8452
400002003 300000501                                         3678298.5650 -1346350.7175 -5024649.2825 4126944.5164 -678984.1624 -4805928.6788 4400885.2099 -1361638.6226 -4400885.2099  329212.3599     222.0092     194.8513
400002004 300000501                                         4805928.6788 -678984.1624 -4126944.5164 4400885.2099 -1361638.6226 -4400885.2099 4126944.5164 -678984.1624 -4805928.6788  332074.9378     227.6391     179.6223
400002005 300000502                                         5201899.7171 -2600949.8585 -2600949.8585 4688572.4479 -2687534.5848 -3374031.3064 5157396.7439 -1990680.8386 -3166715.9053  331958.1435     245.9343     115.4998
400002006 300000502                                         4074905.2917 -2716603.5278 -4074905.2917 4591494.5659 -2050103.9020 -3912146.8074 4688572.4479 -2687534.5848 -3374031.3064  332135.9111     235.4033     147.5870
400002007 300000502                                         5024649.2825 -1346350.7175 -3678298.5650 5157396.7439 -1990680.8386 -3166715.9053 4591494.5659 -2050103.9020 -3912146.8074  331417.2039     237.0949     137.9526
400002008 300000502                                         4688572.4479 -2687534.5848 -3374031.3064 4591494.5659 -2050103.9020 -3912146.8074 5157396.7439 -1990680.8386 -3166715.9053  335024.3025     235.5083     143.5823
400002009 300000503                                         2600949.8585 -2600949.8585 -5201899.7171 3166715.9053 -1990680.8386 -5157396.7439 3374031.3064 -2687534.5848 -4688572.4479  331958.1435     219.6505     184.0586
400002010 300000503                                         3678298.5650 -1346350.7175 -5024649.2825 3912146.8074 -2050103.9020 -4591494.5659 3166715.9053 -1990680.8386 -5157396.7439  331417.2039     218.4366     199.9015
400002011 300000503                                         4074905.2917 -2716603.5278 -4074905.2917 3374031.3064 -2687534.5848 -4688572.4479 3912146.8074 -2050103.9020 -4591494.5659  332135.9111     230.7225     162.7425
400002012 300000503                                         3166715.9053 -1990680.8386 -5157396.7439 3912146.8074 -2050103.9020 -4591494.5659 3374031.3064 -2687534.5848 -4688572.4479  335024.3025     222.2451     187.3211
400002013 300000504                                         5024649.2825 -1346350.7175 -3678298.5650 4591494.5659 -2050103.9020 -3912146.8074 4400885.2099 -1361638.6226 -4400885.2099  344128.0612     232.5205     155.8175
400002014 300000504                                         4074905.2917 -2716603.5278 -4074905.2917 3912146.8074 -2050103.9020 -4591494.5659 4591494.5659 -2050103.9020 -3912146.8074  343384.2298     233.3457     155.3191
400002015 300000504                                         3678298.5650 -1346350.7175 -5024649.2825 4400885.2099 -1361638.6226 -4400885.2099 3912146.8074 -2050103.9020 -4591494.5659  344128.0612     223.8959     182.8701
400002016 300000504                                         4591494.5659 -2050103.9020 -3912146.8074 3912146.8074 -2050103.9020 -4591494.5659 4400885.2099 -1361638.6226 -4400885.2099  347308.3434     230.7564     165.1674
400002017 300000505                                         4504977.3029 -4504977.3029       0.0000 4126944.5164 -4805928.6788 -678984.1624 4805928.6788 -4126944.5164 -678984.1624  328324.9483     238.4250     128.2109
400002018 300000505                                         3678298.5650 -5024649.2825 -1346350.7175 4400885.2099 -4400885.2099 -1361638.6226 4126944.5164 -4805928.6788 -678984.1624  329212.3599     211.5924     153.3693
400002019 300000505                                         5024649.2825 -3678298.5650 -1346350.7175 4805928.6788 -4126944.5164 -678984.1624 4400885.2099 -4400885.2099 -1361638.6226  329212.3599     252.2454     129.1322
400002020 300000505                                         4126944.5164 -4805928.6788 -678984.1624 4400885.2099 -4400885.2099 -1361638.6226 4805928.6788 -4126944.5164 -678984.1624  332074.9378     229.3882     143.3358
400002021 300000506                                         2600949.8585 -5201899.7171 -2600949.8585 3374031.3064 -4688572.4479 -2687534.5848 3166715.9053 -5157396.7439 -1990680.8386  331958.1435     249.3055     137.9894
400002022 300000506                                         4074905.2917 -4074905.2917 -2716603.5278 3912146.8074 -4591494.5659 -2050103.9020 3374031.3064 -4688572.4479 -2687534.5848  332135.9111     238.3536     157.1255
400002023 300000506                                         3678298.5650 -5024649.2825 -1346350.7175 3166715.9053 -5157396.7439 -1990680.8386 3912146.8074 -4591494.5659 -2050103.9020  331417.2039     211.0733     163.3747
400002024 300000506                                         3374031.3064 -4688572.4479 -2687534.5848 3912146.8074 -4591494.5659 -2050103.9020 3166715.9053 -5157396.7439 -1990680.8386  335024.3025     231.5066     151.6245
400002025 300000507                                         5201899.7171 -2600949.8585 -2600949.8585 5157396.7439 -3166715.9053 -1990680.8386 4688572.4479 -3374031.3064 -2687534.5848  331958.1435     254.0668      98.1458
400002026 300000507                                         5024649.2825 -3678298.5650 -1346350.7175 4591494.5659 -3912146.8074 -2050103.9020 5157396.7439 -3166715.9053 -1990680.8386  331417.2039     259.3803      91.6095
400002027 300000507                                         4074905.2917 -4074905.2917 -2716603.5278 4688572.4479 -3374031.3064 -2687534.5848 4591494.5659 -3912146.8074 -2050103.9020  332135.9111     243.6909     128.7407
400002028 300000507                                         5157396.7439 -3166715.9053 -1990680.8386 4591494.5659 -3912146.8074 -2050103.9020 4688572.4479 -3374031.3064 -2687534.5848  335024.3025     249.2924     108.8830
400002029 300000508                                         3678298.5650 -5024649.2825 -1346350.7175 3912146.8074 -4591494.5659 -2050103.9020 4400885.2099 -4400885.2099 -1361638.6226  344128.0612     210.3754     163.2640
400002030 300000508                                         4074905.2917 -4074905.2917 -2716603.5278 4591494.5659 -3912146.8074 -2050103.9020 3912146.8074 -4591494.5659 -2050103.9020  343384.2298     226.2266     169.1080
400002031 300000508                                         5024649.2825 -3678298.5650 -1346350.7175 4400885.2099 -4400885.2099 -1361638.6226 4591494.5659 -3912146.8074 -2050103.9020  344128.0612     244.9996     138.3982
400002032 300000508                                         3912146.8074 -4591494.5659 -2050103.9020 4591494.5659 -3912146.8074 -2050103.9020 4400885.2099 -4400885.2099 -1361638.6226  347308.3434     220.4805     159.6265
400002033 300000509                                         2600949.8585 -2600949.8585 -5201899.7171 3374031.3064 -2687534.5848 -4688572.4479 2687534.5848 -3374031.3064 -4688572.4479  387995.8446     224.4649     167.4213
400002034 300000509                                         4074905.2917 -2716603.5278 -4074905.2917 3435012.9904 -3435012.9904 -4122015.5885 3374031.3064 -2687534.5848 -4688572.4479  388281.7658     235.6153     147.1410
400002035 300000509                                         2716603.5278 -4074905.2917 -4074905.2917 2687534.5848 -3374031.3064 -4688572.4479 3435012.9904 -3435012.9904 -4122015.5885  388281.7658     239.9348     126.7833
400002036 300000509                                         3374031.3064 -2687534.5848 -4688572.4479 3435012.9904 -3435012.9904 -4122015.5885 2687534.5848 -3374031.3064 -4688572.4479  392517.4362     232.8318     146.0292
400002037 300000510                                         5201899.7171 -2600949.8585 -2600949.8585 4688572.4479 -3374031.3064 -2687534.5848 4688572.4479 -2687534.5848 -3374031.3064  387995.8446     243.2463     123.4053
400002038 300000510                                         4074905.2917 -4074905.2917 -2716603.5278 4122015.5885 -3435012.9904 -3435012.9904 4688572.4479 -3374031.3064 -2687534.5848  388281.7658     250.4986     127.8090
400002039 300000510                                         4074905.2917 -2716603.5278 -4074905.2917 4688572.4479 -2687534.5848 -3374031.3064 4122015.5885 -3435012.9904 -3435012.9904  388281.7658     241.3159     139.0833
400002040 300000510                                         4688572.4479 -3374031.3064 -2687534.5848 4122015.5885 -3435012.9904 -3435012.9904 4688572.4479 -2687534.5848 -3374031.3064  392517.4362     239.9084     142.8296
400002041 300000511                                         2600949.8585 -5201899.7171 -2600949.8585 2687534.5848 -4688572.4479 -3374031.3064 3374031.3064 -4688572.4479 -2687534.5848  387995.8446     261.6604     134.8198
400002042 300000511                                         2716603.5278 -4074905.2917 -4074905.2917 3435012.9904 -4122015.5885 -3435012.9904 2687534.5848 -4688572.4479 -3374031.3064  388281.7658     255.8859     121.9740
400002043 300000511                                         4074905.2917 -4074905.2917 -2716603.5278 3374031.3064 -4688572.4479 -2687534.5848 3435012.9904 -4122015.5885 -3435012.9904  388281.7658     248.8937     148.9153
400002044 300000511                                         2687534.5848 -4688572.4479 -3374031.3064 3435012.9904 -4122015.5885 -3435012.9904 3374031.3064 -4688572.4479 -2687534.5848  392517.4362     258.7811     141.4510
400002045 300000512                                         4074905.2917 -2716603.5278 -4074905.2917 4122015.5885 -3435012.9904 -3435012.9904 3435012.9904 -3435012.9904 -4122015.5885  405996.4825     244.6088     134.6774
400002046 300000512                                         4074905.2917 -4074905.2917 -2716603.5278 3435012.9904 -4122015.5885 -3435012.9904 4122015.5885 -3435012.9904 -3435012.9904  405996.4825     255.3271     118.3166
400002047 300000512                                         2716603.5278 -4074905.2917 -4074905.2917 3435012.9904 -3435012.9904 -4122015.5885 3435012.9904 -4122015.5885 -3435012.9904  405996.4825     248.8340     113.4650
400002048 300000512                                         4122015.5885 -3435012.9904 -3435012.9904 3435012.9904 -4122015.5885 -3435012.9904 3435012.9904 -3435012.9904 -4122015.5885  410731.3740     251.6508     120.2956
