300000001 200000001 400000001 400000002 400000003 400000004       0.0000       0.0000 6371000.0000 1242920.4416       0.0000 6248583.0214       0.0000 1242920.4416 6248583.0214  787459.5150     191.8269     143.1329
300000002 200000001 400000005 400000006 400000007 400000008 2438076.1476       0.0000 5886036.5016 1266279.9131 1266279.9131 6114140.2800 1242920.4416       0.0000 6248583.0214  802260.9823     205.3620     115.5462
300000003 200000001 400000009 400000010 400000011 400000012       0.0000 2438076.1476 5886036.5016       0.0000 1242920.4416 6248583.0214 1266279.9131 1266279.9131 6114140.2800  802260.9823     196.3729     151.8097
300000004 200000001 400000013 400000014 400000015 400000016 1242920.4416       0.0000 6248583.0214 1266279.9131 1266279.9131 6114140.2800       0.0000 1242920.4416 6248583.0214  818294.0298     198.1287     132.3698
300000005 200000002 400000017 400000018 400000019 400000020 4504977.3029       0.0000 4504977.3029 3678298.5650 1346350.7175 5024649.2825 3539537.9546       0.0000 5297292.9000  853044.8645     226.6527     124.3084
300000006 200000002 400000021 400000022 400000023 400000024 2600949.8585 2600949.8585 5201899.7171 2577802.4491 1330561.6814 5672228.9398 3678298.5650 1346350.7175 5024649.2825  856010.4439     220.5520     120.7088
300000007 200000002 400000025 400000026 400000027 400000028 2438076.1476       0.0000 5886036.5016 3539537.9546       0.0000 5297292.9000 2577802.4491 1330561.6814 5672228.9398  843039.4974     214.0920     122.5579
300000008 200000002 400000029 400000030 400000031 400000032 3678298.5650 1346350.7175 5024649.2825 2577802.4491 1330561.6814 5672228.9398 3539537.9546       0.0000 5297292.9000  873164.3145     223.3431     103.2950
300000009 200000003 400000033 400000034 400000035 400000036       0.0000 4504977.3029 4504977.3029       0.0000 3539537.9546 5297292.9000 1346350.7175 3678298.5650 5024649.2825  853044.8645     219.1050     129.1268
300000010 200000003 400000037 400000038 400000039 400000040       0.0000 2438076.1476 5886036.5016 1330561.6814 2577802.4491 5672228.9398       0.0000 3539537.9546 5297292.9000  843039.4974     203.0111     143.1546
300000011 200000003 400000041 400000042 400000043 400000044 2600949.8585 2600949.8585 5201899.7171 1346350.7175 3678298.5650 5024649.2825 1330561.6814 2577802.4491 5672228.9398  856010.4439     213.8364     130.2232
300000012 200000003 400000045 400000046 400000047 400000048       0.0000 3539537.9546 5297292.9000 1330561.6814 2577802.4491 5672228.9398 1346350.7175 3678298.5650 5024649.2825  873164.3145     212.8321     127.2856
300000013 200000004 400000049 400000050 400000051 400000052 2438076.1476       0.0000 5886036.5016 2577802.4491 1330561.6814 5672228.9398 1266279.9131 1266279.9131 6114140.2800  931256.6789     207.5727     125.3344
300000014 200000004 400000053 400000054 400000055 400000056 2600949.8585 2600949.8585 5201899.7171 1330561.6814 2577802.4491 5672228.9398 2577802.4491 1330561.6814 5672228.9398  917252.3363     211.7898     126.7664
300000015 200000004 400000057 400000058 400000059 400000060       0.0000 2438076.1476 5886036.5016 1266279.9131 1266279.9131 6114140.2800 1330561.6814 2577802.4491 5672228.9398  931256.6789     198.7896     162.9841
300000016 200000004 400000061 400000062 400000063 400000064 2577802.4491 1330561.6814 5672228.9398 1330561.6814 2577802.4491 5672228.9398 1266279.9131 1266279.9131 6114140.2800  953298.7094     206.0346     136.1957
300000017 200000005 400000065 400000066 400000067 400000068 6371000.0000       0.0000       0.0000 6248583.0214 1242920.4416       0.0000 6248583.0214       0.0000 1242920.4416  787459.5150     220.9332     114.6848
300000018 200000005 400000069 400000070 400000071 400000072 5886036.5016 2438076.1476       0.0000 6114140.2800 1266279.9131 1266279.9131 6248583.0214 1242920.4416       0.0000  802260.9823     215.0589     126.2728
300000019 200000005 400000073 400000074 400000075 400000076 5886036.5016       0.0000 2438076.1476 6248583.0214       0.0000 1242920.4416 6114140.2800 1266279.9131 1266279.9131  802260.9823     276.4883     137.5585
300000020 200000005 400000077 400000078 400000079 400000080 6248583.0214 1242920.4416       0.0000 6114140.2800 1266279.9131 1266279.9131 6248583.0214       0.0000 1242920.4416  818294.0298     220.8402     127.9901
300000021 200000006 400000081 400000082 400000083 400000084 4504977.3029 4504977.3029       0.0000 5024649.2825 3678298.5650 1346350.7175 5297292.9000 3539537.9546       0.0000  853044.8645     250.0987     117.4382
300000022 200000006 400000085 400000086 400000087 400000088 5201899.7171 2600949.8585 2600949.8585 5672228.9398 2577802.4491 1330561.6814 5024649.2825 3678298.5650 1346350.7175  856010.4439     295.1525     136.5447
300000023 200000006 400000089 400000090 400000091 400000092 5886036.5016 2438076.1476       0.0000 5297292.9000 3539537.9546       0.0000 5672228.9398 2577802.4491 1330561.6814  843039.4974     217.4672     119.4432
300000024 200000006 400000093 400000094 400000095 400000096 5024649.2825 3678298.5650 1346350.7175 5672228.9398 2577802.4491 1330561.6814 5297292.9000 3539537.9546       0.0000  873164.3145     255.6243     112.8518
300000025 200000007 400000097 400000098 400000099 400000100 4504977.3029       0.0000 4504977.3029 5297292.9000       0.0000 3539537.9546 5024649.2825 1346350.7175 3678298.5650  853044.8645     238.5465     108.0499
300000026 200000007 400000101 400000102 400000103 400000104 5886036.5016       0.0000 2438076.1476 5672228.9398 1330561.6814 2577802.4491 5297292.9000       0.0000 3539537.9546  843039.4974     276.0485     138.9516
300000027 200000007 400000105 400000106 400000107 400000108 5201899.7171 2600949.8585 2600949.8585 5024649.2825 1346350.7175 3678298.5650 5672228.9398 1330561.6814 2577802.4491  856010.4439     267.9856     144.2614
300000028 200000007 400000109 400000110 400000111 400000112 5297292.9000       0.0000 3539537.9546 5672228.9398 1330561.6814 2577802.4491 5024649.2825 1346350.7175 3678298.5650  873164.3145     261.9351     143.2923
300000029 200000008 400000113 400000114 400000115 400000116 5886036.5016 2438076.1476       0.0000 5672228.9398 2577802.4491 1330561.6814 6114140.2800 1266279.9131 1266279.9131  931256.6789     238.3480     114.3450
300000030 200000008 400000117 400000118 400000119 400000120 5201899.7171 2600949.8585 2600949.8585 5672228.9398 1330561.6814 2577802.4491 5672228.9398 2577802.4491 1330561.6814  917252.3363     288.1109     147.7527
300000031 200000008 400000121 400000122 400000123 400000124 5886036.5016       0.0000 2438076.1476 6114140.2800 1266279.9131 1266279.9131 5672228.9398 1330561.6814 2577802.4491  931256.6789     286.4710     151.6650
300000032 200000008 400000125 400000126 400000127 400000128 5672228.9398 2577802.4491 1330561.6814 5672228.9398 1330561.6814 2577802.4491 6114140.2800 1266279.9131 1266279.9131  953298.7094     286.6826     148.8826
300000033 200000009 400000129 400000130 400000131 400000132       0.0000 6371000.0000       0.0000       0.0000 6248583.0214 1242920.4416 1242920.4416 6248583.0214       0.0000  787459.5150     236.7617      94.9219
300000034 200000009 400000133 400000134 400000135 400000136       0.0000 5886036.5016 2438076.1476 1266279.9131 6114140.2800 1266279.9131       0.0000 6248583.0214 1242920.4416  802260.9823     274.5263      67.4531
300000035 200000009 400000137 400000138 400000139 400000140 2438076.1476 5886036.5016       0.0000 1242920.4416 6248583.0214       0.0000 1266279.9131 6114140.2800 1266279.9131  802260.9823     251.9852      84.2134
300000036 200000009 400000141 400000142 400000143 400000144       0.0000 6248583.0214 1242920.4416 1266279.9131 6114140.2800 1266279.9131 1242920.4416 6248583.0214       0.0000  818294.0298     245.2790      87.9316
300000037 200000010 400000145 400000146 400000147 400000148       0.0000 4504977.3029 4504977.3029 1346350.7175 5024649.2825 3678298.5650       0.0000 5297292.9000 3539537.9546  853044.8645     223.3792     140.8282
300000038 200000010 400000149 400000150 400000151 400000152 2600949.8585 5201899.7171 2600949.8585 1330561.6814 5672228.9398 2577802.4491 1346350.7175 5024649.2825 3678298.5650  856010.4439     283.4541     103.0282
300000039 200000010 400000153 400000154 400000155 400000156       0.0000 5886036.5016 2438076.1476       0.0000 5297292.9000 3539537.9546 1330561.6814 5672228.9398 2577802.4491  843039.4974     263.9387     111.1463
300000040 200000010 400000157 400000158 400000159 400000160 1346350.7175 5024649.2825 3678298.5650 1330561.6814 5672228.9398 2577802.4491       0.0000 5297292.9000 3539537.9546  873164.3145     235.8807     133.6137
300000041 200000011 400000161 400000162 400000163 400000164 4504977.3029 4504977.3029       0.0000 3539537.9546 5297292.9000       0.0000 3678298.5650 5024649.2825 1346350.7175  853044.8645     285.2839      52.1418
300000042 200000011 400000165 400000166 400000167 400000168 2438076.1476 5886036.5016       0.0000 2577802.4491 5672228.9398 1330561.6814 3539537.9546 5297292.9000       0.0000  843039.4974     275.3513      61.9924
300000043 200000011 400000169 400000170 400000171 400000172 2600949.8585 5201899.7171 2600949.8585 3678298.5650 5024649.2825 1346350.7175 2577802.4491 5672228.9398 1330561.6814  856010.4439     297.9335      50.9301
300000044 200000011 400000173 400000174 400000175 400000176 3539537.9546 5297292.9000       0.0000 2577802.4491 5672228.9398 1330561.6814 3678298.5650 5024649.2825 1346350.7175  873164.3145     290.6124      54.0701
300000045 200000012 400000177 400000178 400000179 400000180       0.0000 5886036.5016 2438076.1476 1330561.6814 5672228.9398 2577802.4491 1266279.9131 6114140.2800 1266279.9131  931256.6789     283.1789      91.1203
300000046 200000012 400000181 400000182 400000183 400000184 2600949.8585 5201899.7171 2600949.8585 2577802.4491 5672228.9398 1330561.6814 1330561.6814 5672228.9398 2577802.4491  917252.3363     298.4183      61.2270
300000047 200000012 400000185 400000186 400000187 400000188 2438076.1476 5886036.5016       0.0000 1266279.9131 6114140.2800 1266279.9131 2577802.4491 5672228.9398 1330561.6814  931256.6789     268.4702      72.9377
300000048 200000012 400000189 400000190 400000191 400000192 1330561.6814 5672228.9398 2577802.4491 2577802.4491 5672228.9398 1330561.6814 1266279.9131 6114140.2800 1266279.9131  953298.7094     286.1813      76.2960
300000049 200000013 400000193 400000194 400000195 400000196 4504977.3029       0.0000 4504977.3029 5024649.2825 1346350.7175 3678298.5650 3678298.5650 1346350.7175 5024649.2825 1318824.6059     228.9792     121.1000
300000050 200000013 400000197 400000198 400000199 400000200 5201899.7171 2600949.8585 2600949.8585 4074905.2917 2716603.5278 4074905.2917 5024649.2825 1346350.7175 3678298.5650 1330535.5610     254.7482     110.1210
300000051 200000013 400000201 400000202 400000203 400000204 2600949.8585 2600949.8585 5201899.7171 3678298.5650 1346350.7175 5024649.2825 4074905.2917 2716603.5278 4074905.2917 1330535.5610     225.9560     123.6182
300000052 200000013 400000205 400000206 400000207 400000208 5024649.2825 1346350.7175 3678298.5650 4074905.2917 2716603.5278 4074905.2917 3678298.5650 1346350.7175 5024649.2825 1378948.6957     229.0680     122.7928
300000053 200000014 400000209 400000210 400000211 400000212 4504977.3029 4504977.3029       0.0000 3678298.5650 5024649.2825 1346350.7175 5024649.2825 3678298.5650 1346350.7175 1318824.6059     275.4016     102.8456
300000054 200000014 400000213 400000214 400000215 400000216 2600949.8585 5201899.7171 2600949.8585 4074905.2917 4074905.2917 2716603.5278 3678298.5650 5024649.2825 1346350.7175 1330535.5610     287.0689     114.2005
300000055 200000014 400000217 400000218 400000219 400000220 5201899.7171 2600949.8585 2600949.8585 5024649.2825 3678298.5650 1346350.7175 4074905.2917 4074905.2917 2716603.5278 1330535.5610     291.3147     107.4900
300000056 200000014 400000221 400000222 400000223 400000224 3678298.5650 5024649.2825 1346350.7175 4074905.2917 4074905.2917 2716603.5278 5024649.2825 3678298.5650 1346350.7175 1378948.6957     283.3575     101.6366
300000057 200000015 400000225 400000226 400000227 400000228       0.0000 4504977.3029 4504977.3029 1346350.7175 3678298.5650 5024649.2825 1346350.7175 5024649.2825 3678298.5650 1318824.6059     227.1393     125.7051
300000058 200000015 400000229 400000230 400000231 400000232 2600949.8585 2600949.8585 5201899.7171 2716603.5278 4074905.2917 4074905.2917 1346350.7175 3678298.5650 5024649.2825 1330535.5610     228.2053     126.0999
300000059 200000015 400000233 400000234 400000235 400000236 2600949.8585 5201899.7171 2600949.8585 1346350.7175 5024649.2825 3678298.5650 2716603.5278 4074905.2917 4074905.2917 1330535.5610     251.1449     121.0843
300000060 200000015 400000237 400000238 400000239 400000240 1346350.7175 3678298.5650 5024649.2825 2716603.5278 4074905.2917 4074905.2917 1346350.7175 5024649.2825 3678298.5650 1378948.6957     234.1906     128.1664
300000061 200000016 400000241 400000242 400000243 400000244 5201899.7171 2600949.8585 2600949.8585 4074905.2917 4074905.2917 2716603.5278 4074905.2917 2716603.5278 4074905.2917 1557076.8123     267.6568     121.2041
300000062 200000016 400000245 400000246 400000247 400000248 2600949.8585 5201899.7171 2600949.8585 2716603.5278 4074905.2917 4074905.2917 4074905.2917 4074905.2917 2716603.5278 1557076.8123     259.3749     112.2117
300000063 200000016 400000249 400000250 400000251 400000252 2600949.8585 2600949.8585 5201899.7171 4074905.2917 2716603.5278 4074905.2917 2716603.5278 4074905.2917 4074905.2917 1557076.8123     223.5344     129.0269
300000064 200000016 400000253 400000254 400000255 400000256 4074905.2917 4074905.2917 2716603.5278 2716603.5278 4074905.2917 4074905.2917 4074905.2917 2716603.5278 4074905.2917 1628720.8215     240.9103     137.2668
300000065 200000017 400000257 400000258 400000259 400000260       0.0000       0.0000 6371000.0000       0.0000 1242920.4416 6248583.0214 -1242920.4416       0.0000 6248583.0214  787459.5150     191.2454     144.6829
300000066 200000017 400000261 400000262 400000263 400000264       0.0000 2438076.1476 5886036.5016 -1266279.9131 1266279.9131 6114140.2800       0.0000 1242920.4416 6248583.0214  802260.9823     193.5495     154.9154
300000067 200000017 400000265 400000266 400000267 400000268 -2438076.1476       0.0000 5886036.5016 -1242920.4416       0.0000 6248583.0214 -1266279.9131 1266279.9131 6114140.2800  802260.9823     195.6994     158.5436
300000068 200000017 400000269 400000270 400000271 400000272       0.0000 1242920.4416 6248583.0214 -1266279.9131 1266279.9131 6114140.2800 -1242920.4416       0.0000 6248583.0214  818294.0298     193.7955     148.5721
300000069 200000018 400000273 400000274 400000275 400000276       0.0000 4504977.3029 4504977.3029 -1346350.7175 3678298.5650 5024649.2825       0.0000 3539537.9546 5297292.9000  853044.8645     209.6939     131.1144
300000070 200000018 400000277 400000278 400000279 400000280 -2600949.8585 2600949.8585 5201899.7171 -1330561.6814 2577802.4491 5672228.9398 -1346350.7175 3678298.5650 5024649.2825  856010.4439     201.0922     141.8560
300000071 200000018 400000281 400000282 400000283 400000284       0.0000 2438076.1476 5886036.5016       0.0000 3539537.9546 5297292.9000 -1330561.6814 2577802.4491 5672228.9398  843039.4974     200.4335     134.1682
300000072 200000018 400000285 400000286 400000287 400000288 -1346350.7175 3678298.5650 5024649.2825 -1330561.6814 2577802.4491 5672228.9398       0.0000 3539537.9546 5297292.9000  873164.3145     204.5826     128.4591
300000073 200000019 400000289 400000290 400000291 400000292 -4504977.3029       0.0000 4504977.3029 -3539537.9546       0.0000 5297292.9000 -3678298.5650 1346350.7175 5024649.2825  853044.8645     211.4328     142.3435
300000074 200000019 400000293 400000294 400000295 400000296 -2438076.1476       0.0000 5886036.5016 -2577802.4491 1330561.6814 5672228.9398 -3539537.9546       0.0000 5297292.9000  843039.4974     202.1433     168.5722
300000075 200000019 400000297 400000298 400000299 400000300 -2600949.8585 2600949.8585 5201899.7171 -3678298.5650 1346350.7175 5024649.2825 -2577802.4491 1330561.6814 5672228.9398  856010.4439     204.9573     150.3074
300000076 200000019 400000301 400000302 400000303 400000304 -3539537.9546       0.0000 5297292.9000 -2577802.4491 1330561.6814 5672228.9398 -3678298.5650 1346350.7175 5024649.2825  873164.3145     206.4976     144.0694
300000077 200000020 400000305 400000306 400000307 400000308       0.0000 2438076.1476 5886036.5016 -1330561.6814 2577802.4491 5672228.9398 -1266279.9131 1266279.9131 6114140.2800  931256.6789     196.5241     141.9985
300000078 200000020 400000309 400000310 400000311 400000312 -2600949.8585 2600949.8585 5201899.7171 -2577802.4491 1330561.6814 5672228.9398 -1330561.6814 2577802.4491 5672228.9398  917252.3363     201.0043     143.4804
300000079 200000020 400000313 400000314 400000315 400000316 -2438076.1476       0.0000 5886036.5016 -1266279.9131 1266279.9131 6114140.2800 -2577802.4491 1330561.6814 5672228.9398  931256.6789     197.7626     157.7868
300000080 200000020 400000317 400000318 400000319 400000320 -1330561.6814 2577802.4491 5672228.9398 -2577802.4491 1330561.6814 5672228.9398 -1266279.9131 1266279.9131 6114140.2800  953298.7094     197.7407     151.0299
300000081 200000021 400000321 400000322 400000323 400000324       0.0000 6371000.0000       0.0000 -1242920.4416 6248583.0214       0.0000       0.0000 6248583.0214 1242920.4416  787459.5150     223.3442     111.0957
300000082 200000021 400000325 400000326 400000327 400000328 -2438076.1476 5886036.5016       0.0000 -1266279.9131 6114140.2800 1266279.9131 -1242920.4416 6248583.0214       0.0000  802260.9823     234.6907      97.8938
300000083 200000021 400000329 400000330 400000331 400000332       0.0000 5886036.5016 2438076.1476       0.0000 6248583.0214 1242920.4416 -1266279.9131 6114140.2800 1266279.9131  802260.9823     268.3966      72.3410
300000084 200000021 400000333 400000334 400000335 400000336 -1242920.4416 6248583.0214       0.0000 -1266279.9131 6114140.2800 1266279.9131       0.0000 6248583.0214 1242920.4416  818294.0298     228.7386     102.8610
300000085 200000022 400000337 400000338 400000339 400000340 -4504977.3029 4504977.3029       0.0000 -3678298.5650 5024649.2825 1346350.7175 -3539537.9546 5297292.9000       0.0000  853044.8645     234.6669      98.3029
300000086 200000022 400000341 400000342 400000343 400000344 -2600949.8585 5201899.7171 2600949.8585 -2577802.4491 5672228.9398 1330561.6814 -3678298.5650 5024649.2825 1346350.7175  856010.4439     270.6232      81.1615
300000087 200000022 400000345 400000346 400000347 400000348 -2438076.1476 5886036.5016       0.0000 -3539537.9546 5297292.9000       0.0000 -2577802.4491 5672228.9398 1330561.6814  843039.4974     230.3898     108.2429
300000088 200000022 400000349 400000350 400000351 400000352 -3678298.5650 5024649.2825 1346350.7175 -2577802.4491 5672228.9398 1330561.6814 -3539537.9546 5297292.9000       0.0000  873164.3145     248.4326      90.3738
300000089 200000023 400000353 400000354 400000355 400000356       0.0000 4504977.3029 4504977.3029       0.0000 5297292.9000 3539537.9546 -1346350.7175 5024649.2825 3678298.5650  853044.8645     221.5227     132.9263
300000090 200000023 400000357 400000358 400000359 400000360       0.0000 5886036.5016 2438076.1476 -1330561.6814 5672228.9398 2577802.4491       0.0000 5297292.9000 3539537.9546  843039.4974     237.2867     145.1257
300000091 200000023 400000361 400000362 400000363 400000364 -2600949.8585 5201899.7171 2600949.8585 -1346350.7175 5024649.2825 3678298.5650 -1330561.6814 5672228.9398 2577802.4491  856010.4439     237.7841     175.2111
300000092 200000023 400000365 400000366 400000367 400000368       0.0000 5297292.9000 3539537.9546 -1330561.6814 5672228.9398 2577802.4491 -1346350.7175 5024649.2825 3678298.5650  873164.3145     211.5178     156.5114
300000093 200000024 400000369 400000370 400000371 400000372 -2438076.1476 5886036.5016       0.0000 -2577802.4491 5672228.9398 1330561.6814 -1266279.9131 6114140.2800 1266279.9131  931256.6789     244.9681      88.9714
300000094 200000024 400000373 400000374 400000375 400000376 -2600949.8585 5201899.7171 2600949.8585 -1330561.6814 5672228.9398 2577802.4491 -2577802.4491 5672228.9398 1330561.6814  917252.3363     257.7976     127.5928
300000095 200000024 400000377 400000378 400000379 400000380       0.0000 5886036.5016 2438076.1476 -1266279.9131 6114140.2800 1266279.9131 -1330561.6814 5672228.9398 2577802.4491  931256.6789     262.7751     107.7574
300000096 200000024 400000381 400000382 400000383 400000384 -2577802.4491 5672228.9398 1330561.6814 -1330561.6814 5672228.9398 2577802.4491 -1266279.9131 6114140.2800 1266279.9131  953298.7094     247.0371     115.4656
300000097 200000025 400000385 400000386 400000387 400000388 -6371000.0000       0.0000       0.0000 -6248583.0214       0.0000 1242920.4416 -6248583.0214 1242920.4416       0.0000  787459.5150     239.9533      96.5665
300000098 200000025 400000389 400000390 400000391 400000392 -5886036.5016       0.0000 2438076.1476 -6114140.2800 1266279.9131 1266279.9131 -6248583.0214       0.0000 1242920.4416  802260.9823     277.3426      66.5055
300000099 200000025 400000393 400000394 400000395 400000396 -5886036.5016 2438076.1476       0.0000 -6248583.0214 1242920.4416       0.0000 -6114140.2800 1266279.9131 1266279.9131  802260.9823     228.4781     108.0288
300000100 200000025 400000397 400000398 400000399 400000400 -6248583.0214       0.0000 1242920.4416 -6114140.2800 1266279.9131 1266279.9131 -6248583.0214 1242920.4416       0.0000  818294.0298     245.7163      91.2227
300000101 200000026 400000401 400000402 400000403 400000404 -4504977.3029       0.0000 4504977.3029 -5024649.2825 1346350.7175 3678298.5650 -5297292.9000       0.0000 3539537.9546  853044.8645     213.9021     156.1410
300000102 200000026 400000405 400000406 400000407 400000408 -5201899.7171 2600949.8585 2600949.8585 -5672228.9398 1330561.6814 2577802.4491 -5024649.2825 1346350.7175 3678298.5650  856010.4439     245.3925     111.2402
300000103 200000026 400000409 400000410 400000411 400000412 -5886036.5016       0.0000 2438076.1476 -5297292.9000       0.0000 3539537.9546 -5672228.9398 1330561.6814 2577802.4491  843039.4974     254.8535      95.0757
300000104 200000026 400000413 400000414 400000415 400000416 -5024649.2825 1346350.7175 3678298.5650 -5672228.9398 1330561.6814 2577802.4491 -5297292.9000       0.0000 3539537.9546  873164.3145     232.5943     127.0585
300000105 200000027 400000417 400000418 400000419 400000420 -4504977.3029 4504977.3029       0.0000 -5297292.9000 3539537.9546       0.0000 -5024649.2825 3678298.5650 1346350.7175  853044.8645     224.7117     105.2471
300000106 200000027 400000421 400000422 400000423 400000424 -5886036.5016 2438076.1476       0.0000 -5672228.9398 2577802.4491 1330561.6814 -5297292.9000 3539537.9546       0.0000  843039.4974     221.5156     112.1833
300000107 200000027 400000425 400000426 400000427 400000428 -5201899.7171 2600949.8585 2600949.8585 -5024649.2825 3678298.5650 1346350.7175 -5672228.9398 2577802.4491 1330561.6814  856010.4439     277.4121      65.3340
300000108 200000027 400000429 400000430 400000431 400000432 -5297292.9000 3539537.9546       0.0000 -5672228.9398 2577802.4491 1330561.6814 -5024649.2825 3678298.5650 1346350.7175  873164.3145     240.0846      92.3625
300000109 200000028 400000433 400000434 400000435 400000436 -5886036.5016       0.0000 2438076.1476 -5672228.9398 1330561.6814 2577802.4491 -6114140.2800 1266279.9131 1266279.9131  931256.6789     278.5003      68.4896
300000110 200000028 400000437 400000438 400000439 400000440 -5201899.7171 2600949.8585 2600949.8585 -5672228.9398 2577802.4491 1330561.6814 -5672228.9398 1330561.6814 2577802.4491  917252.3363     276.7030      71.0442
300000111 200000028 400000441 400000442 400000443 400000444 -5886036.5016 2438076.1476       0.0000 -6114140.2800 1266279.9131 1266279.9131 -5672228.9398 2577802.4491 1330561.6814  931256.6789     241.9816      96.9917
300000112 200000028 400000445 400000446 400000447 400000448 -5672228.9398 1330561.6814 2577802.4491 -5672228.9398 2577802.4491 1330561.6814 -6114140.2800 1266279.9131 1266279.9131  953298.7094     281.6150      63.6491
300000113 200000029 400000449 400000450 400000451 400000452       0.0000 4504977.3029 4504977.3029 -1346350.7175 5024649.2825 3678298.5650 -1346350.7175 3678298.5650 5024649.2825 1318824.6059     228.4426     115.4631
300000114 200000029 400000453 400000454 400000455 400000456 -2600949.8585 5201899.7171 2600949.8585 -2716603.5278 4074905.2917 4074905.2917 -1346350.7175 5024649.2825 3678298.5650 1330535.5610     233.8530     140.0778
300000115 200000029 400000457 400000458 400000459 400000460 -2600949.8585 2600949.8585 5201899.7171 -1346350.7175 3678298.5650 5024649.2825 -2716603.5278 4074905.2917 4074905.2917 1330535.5610     215.8848     120.6986
300000116 200000029 400000461 400000462 400000463 400000464 -1346350.7175 5024649.2825 3678298.5650 -2716603.5278 4074905.2917 4074905.2917 -1346350.7175 3678298.5650 5024649.2825 1378948.6957     228.1002     121.5457
300000117 200000030 400000465 400000466 400000467 400000468 -4504977.3029 4504977.3029       0.0000 -5024649.2825 3678298.5650 1346350.7175 -3678298.5650 5024649.2825 1346350.7175 1318824.6059     245.3940      85.2268
300000118 200000030 400000469 400000470 400000471 400000472 -5201899.7171 2600949.8585 2600949.8585 -4074905.2917 4074905.2917 2716603.5278 -5024649.2825 3678298.5650 1346350.7175 1330535.5610     270.6703      76.5202
300000119 200000030 400000473 400000474 400000475 400000476 -2600949.8585 5201899.7171 2600949.8585 -3678298.5650 5024649.2825 1346350.7175 -4074905.2917 4074905.2917 2716603.5278 1330535.5610     263.5128      99.3128
300000120 200000030 400000477 400000478 400000479 400000480 -5024649.2825 3678298.5650 1346350.7175 -4074905.2917 4074905.2917 2716603.5278 -3678298.5650 5024649.2825 1346350.7175 1378948.6957     273.9765      69.1889
300000121 200000031 400000481 400000482 400000483 400000484 -4504977.3029       0.0000 4504977.3029 -3678298.5650 1346350.7175 5024649.2825 -5024649.2825 1346350.7175 3678298.5650 1318824.6059     212.7409     154.1151
300000122 200000031 400000485 400000486 400000487 400000488 -2600949.8585 2600949.8585 5201899.7171 -4074905.2917 2716603.5278 4074905.2917 -3678298.5650 1346350.7175 5024649.2825 1330535.5610     208.5038     141.4093
300000123 200000031 400000489 400000490 400000491 400000492 -5201899.7171 2600949.8585 2600949.8585 -5024649.2825 1346350.7175 3678298.5650 -4074905.2917 2716603.5278 4074905.2917 1330535.5610     225.1917     137.3111
300000124 200000031 400000493 400000494 400000495 400000496 -3678298.5650 1346350.7175 5024649.2825 -4074905.2917 2716603.5278 4074905.2917 -5024649.2825 1346350.7175 3678298.5650 1378948.6957     213.4628     147.3905
300000125 200000032 400000497 400000498 400000499 400000500 -2600949.8585 5201899.7171 2600949.8585 -4074905.2917 4074905.2917 2716603.5278 -2716603.5278 4074905.2917 4074905.2917 1557076.8123     234.1445     139.4438
300000126 200000032 400000501 400000502 400000503 400000504 -5201899.7171 2600949.8585 2600949.8585 -4074905.2917 2716603.5278 4074905.2917 -4074905.2917 4074905.2917 2716603.5278 1557076.8123     236.2319     124.1054
300000127 200000032 400000505 400000506 400000507 400000508 -2600949.8585 2600949.8585 5201899.7171 -2716603.5278 4074905.2917 4074905.2917 -4074905.2917 2716603.5278 4074905.2917 1557076.8123     214.4097     124.8730
300000128 200000032 400000509 400000510 400000511 400000512 -4074905.2917 4074905.2917 2716603.5278 -4074905.2917 2716603.5278 4074905.2917 -2716603.5278 4074905.2917 4074905.2917 1628720.8215     229.2344     123.7564
300000129 200000033 400000513 400000514 400000515 400000516       0.0000       0.0000 6371000.0000 -1242920.4416       0.0000 6248583.0214       0.0000 -1242920.4416 6248583.0214  787459.5150     189.4498     145.0077
300000130 200000033 400000517 400000518 400000519 400000520 -2438076.1476       0.0000 5886036.5016 -1266279.9131 -1266279.9131 6114140.2800 -1242920.4416       0.0000 6248583.0214  802260.9823     196.1914     159.6321
300000131 200000033 400000521 400000522 400000523 400000524       0.0000 -2438076.1476 5886036.5016       0.0000 -1242920.4416 6248583.0214 -1266279.9131 -1266279.9131 6114140.2800  802260.9823     191.9860     161.4190
300000132 200000033 400000525 400000526 400000527 400000528 -1242920.4416       0.0000 6248583.0214 -1266279.9131 -1266279.9131 6114140.2800       0.0000 -1242920.4416 6248583.0214  818294.0298     191.1708     151.7235
300000133 200000034 400000529 400000530 400000531 400000532 -4504977.3029       0.0000 4504977.3029 -3678298.5650 -1346350.7175 5024649.2825 -3539537.9546       0.0000 5297292.9000  853044.8645     213.0054     136.9379
300000134 200000034 400000533 400000534 400000535 400000536 -2600949.8585 -2600949.8585 5201899.7171 -2577802.4491 -1330561.6814 5672228.9398 -3678298.5650 -1346350.7175 5024649.2825  856010.4439     213.4730     124.5283
300000135 200000034 400000537 400000538 400000539 400000540 -2438076.1476       0.0000 5886036.5016 -3539537.9546       0.0000 5297292.9000 -2577802.4491 -1330561.6814 5672228.9398  843039.4974     206.2890     158.9385
300000136 200000034 400000541 400000542 400000543 400000544 -3678298.5650 -1346350.7175 5024649.2825 -2577802.4491 -1330561.6814 5672228.9398 -3539537.9546       0.0000 5297292.9000  873164.3145     209.4761     140.3712
300000137 200000035 400000545 400000546 400000547 400000548       0.0000 -4504977.3029 4504977.3029       0.0000 -3539537.9546 5297292.9000 -1346350.7175 -3678298.5650 5024649.2825  853044.8645     216.3895     128.5520
300000138 200000035 400000549 400000550 400000551 400000552       0.0000 -2438076.1476 5886036.5016 -1330561.6814 -2577802.4491 5672228.9398       0.0000 -3539537.9546 5297292.9000  843039.4974     201.0836     187.4718
300000139 200000035 400000553 400000554 400000555 400000556 -2600949.8585 -2600949.8585 5201899.7171 -1346350.7175 -3678298.5650 5024649.2825 -1330561.6814 -2577802.4491 5672228.9398  856010.4439     207.9867     127.8924
300000140 200000035 400000557 400000558 400000559 400000560       0.0000 -3539537.9546 5297292.9000 -1330561.6814 -2577802.4491 5672228.9398 -1346350.7175 -3678298.5650 5024649.2825  873164.3145     211.0667     133.7391
300000141 200000036 400000561 400000562 400000563 400000564 -2438076.1476       0.0000 5886036.5016 -2577802.4491 -1330561.6814 5672228.9398 -1266279.9131 -1266279.9131 6114140.2800  931256.6789     200.9420     160.1993
300000142 200000036 400000565 400000566 400000567 400000568 -2600949.8585 -2600949.8585 5201899.7171 -1330561.6814 -2577802.4491 5672228.9398 -2577802.4491 -1330561.6814 5672228.9398  917252.3363     205.4987     142.8939
300000143 200000036 400000569 400000570 400000571 400000572       0.0000 -2438076.1476 5886036.5016 -1266279.9131 -1266279.9131 6114140.2800 -1330561.6814 -2577802.4491 5672228.9398  931256.6789     197.9490     172.5404
300000144 200000036 400000573 400000574 400000575 400000576 -2577802.4491 -1330561.6814 5672228.9398 -1330561.6814 -2577802.4491 5672228.9398 -1266279.9131 -1266279.9131 6114140.2800  953298.7094     203.9253     146.7539
300000145 200000037 400000577 400000578 400000579 400000580 -6371000.0000       0.0000       0.0000 -6248583.0214 -1242920.4416       0.0000 -6248583.0214       0.0000 1242920.4416  787459.5150     245.5404      93.8343
300000146 200000037 400000581 400000582 400000583 400000584 -5886036.5016 -2438076.1476       0.0000 -6114140.2800 -1266279.9131 1266279.9131 -6248583.0214 -1242920.4416       0.0000  802260.9823     251.1769      92.1867
300000147 200000037 400000585 400000586 400000587 400000588 -5886036.5016       0.0000 2438076.1476 -6248583.0214       0.0000 1242920.4416 -6114140.2800 -1266279.9131 1266279.9131  802260.9823     271.7094      70.8114
300000148 200000037 400000589 400000590 400000591 400000592 -6248583.0214 -1242920.4416       0.0000 -6114140.2800 -1266279.9131 1266279.9131 -6248583.0214       0.0000 1242920.4416  818294.0298     248.2709      94.2568
300000149 200000038 400000593 400000594 400000595 400000596 -4504977.3029 -4504977.3029       0.0000 -5024649.2825 -3678298.5650 1346350.7175 -5297292.9000 -3539537.9546       0.0000  853044.8645     248.6544      91.2347
300000150 200000038 400000597 400000598 400000599 400000600 -5201899.7171 -2600949.8585 2600949.8585 -5672228.9398 -2577802.4491 1330561.6814 -5024649.2825 -3678298.5650 1346350.7175  856010.4439     254.5192      87.6997
300000151 200000038 400000601 400000602 400000603 400000604 -5886036.5016 -2438076.1476       0.0000 -5297292.9000 -3539537.9546       0.0000 -5672228.9398 -2577802.4491 1330561.6814  843039.4974     252.3270      90.9140
300000152 200000038 400000605 400000606 400000607 400000608 -5024649.2825 -3678298.5650 1346350.7175 -5672228.9398 -2577802.4491 1330561.6814 -5297292.9000 -3539537.9546       0.0000  873164.3145     248.0646      94.2305
300000153 200000039 400000609 400000610 400000611 400000612 -4504977.3029       0.0000 4504977.3029 -5297292.9000       0.0000 3539537.9546 -5024649.2825 -1346350.7175 3678298.5650  853044.8645     216.9478     145.7464
300000154 200000039 400000613 400000614 400000615 400000616 -5886036.5016       0.0000 2438076.1476 -5672228.9398 -1330561.6814 2577802.4491 -5297292.9000       0.0000 3539537.9546  843039.4974     255.6945      90.4834
300000155 200000039 400000617 400000618 400000619 400000620 -5201899.7171 -2600949.8585 2600949.8585 -5024649.2825 -1346350.7175 3678298.5650 -5672228.9398 -1330561.6814 2577802.4491  856010.4439     252.1583      94.1723
300000156 200000039 400000621 400000622 400000623 400000624 -5297292.9000       0.0000 3539537.9546 -5672228.9398 -1330561.6814 2577802.4491 -5024649.2825 -1346350.7175 3678298.5650  873164.3145     239.4340     112.7755
300000157 200000040 400000625 400000626 400000627 400000628 -5886036.5016 -2438076.1476       0.0000 -5672228.9398 -2577802.4491 1330561.6814 -6114140.2800 -1266279.9131 1266279.9131  931256.6789     249.1290      96.6131
300000158 200000040 400000629 400000630 400000631 400000632 -5201899.7171 -2600949.8585 2600949.8585 -5672228.9398 -1330561.6814 2577802.4491 -5672228.9398 -2577802.4491 1330561.6814  917252.3363     263.2082      80.3917
300000159 200000040 400000633 400000634 400000635 400000636 -5886036.5016       0.0000 2438076.1476 -6114140.2800 -1266279.9131 1266279.9131 -5672228.9398 -1330561.6814 2577802.4491  931256.6789     270.6271      72.9864
300000160 200000040 400000637 400000638 400000639 400000640 -5672228.9398 -2577802.4491 1330561.6814 -5672228.9398 -1330561.6814 2577802.4491 -6114140.2800 -1266279.9131 1266279.9131  953298.7094     261.6075      81.1565
300000161 200000041 400000641 400000642 400000643 400000644       0.0000 -6371000.0000       0.0000       0.0000 -6248583.0214 1242920.4416 -1242920.4416 -6248583.0214       0.0000  787459.5150     252.2987      87.1289
300000162 200000041 400000645 400000646 400000647 400000648       0.0000 -5886036.5016 2438076.1476 -1266279.9131 -6114140.2800 1266279.9131       0.0000 -6248583.0214 1242920.4416  802260.9823     276.2619      75.7538
300000163 200000041 400000649 400000650 400000651 400000652 -2438076.1476 -5886036.5016       0.0000 -1242920.4416 -6248583.0214       0.0000 -1266279.9131 -6114140.2800 1266279.9131  802260.9823     258.9695      83.9788
300000164 200000041 400000653 400000654 400000655 400000656       0.0000 -6248583.0214 1242920.4416 -1266279.9131 -6114140.2800 1266279.9131 -1242920.4416 -6248583.0214       0.0000  818294.0298     259.8415      83.0970
300000165 200000042 400000657 400000658 400000659 400000660       0.0000 -4504977.3029 4504977.3029 -1346350.7175 -5024649.2825 3678298.5650       0.0000 -5297292.9000 3539537.9546  853044.8645     234.6016     138.7859
300000166 200000042 400000661 400000662 400000663 400000664 -2600949.8585 -5201899.7171 2600949.8585 -1330561.6814 -5672228.9398 2577802.4491 -1346350.7175 -5024649.2825 3678298.5650  856010.4439     272.4353      86.5588
300000167 200000042 400000665 400000666 400000667 400000668       0.0000 -5886036.5016 2438076.1476       0.0000 -5297292.9000 3539537.9546 -1330561.6814 -5672228.9398 2577802.4491  843039.4974     263.2514      97.3489
300000168 200000042 400000669 400000670 400000671 400000672 -1346350.7175 -5024649.2825 3678298.5650 -1330561.6814 -5672228.9398 2577802.4491       0.0000 -5297292.9000 3539537.9546  873164.3145     259.9859     120.8822
300000169 200000043 400000673 400000674 400000675 400000676 -4504977.3029 -4504977.3029       0.0000 -3539537.9546 -5297292.9000       0.0000 -3678298.5650 -5024649.2825 1346350.7175  853044.8645     248.1292      92.0924
300000170 200000043 400000677 400000678 400000679 400000680 -2438076.1476 -5886036.5016       0.0000 -2577802.4491 -5672228.9398 1330561.6814 -3539537.9546 -5297292.9000       0.0000  843039.4974     248.8324      92.3597
300000171 200000043 400000681 400000682 400000683 400000684 -2600949.8585 -5201899.7171 2600949.8585 -3678298.5650 -5024649.2825 1346350.7175 -2577802.4491 -5672228.9398 1330561.6814  856010.4439     257.7183     104.9000
300000172 200000043 400000685 400000686 400000687 400000688 -3539537.9546 -5297292.9000       0.0000 -2577802.4491 -5672228.9398 1330561.6814 -3678298.5650 -5024649.2825 1346350.7175  873164.3145     242.2934     106.5848
300000173 200000044 400000689 400000690 400000691 400000692       0.0000 -5886036.5016 2438076.1476 -1330561.6814 -5672228.9398 2577802.4491 -1266279.9131 -6114140.2800 1266279.9131  931256.6789     273.7583      83.9449
300000174 200000044 400000693 400000694 400000695 400000696 -2600949.8585 -5201899.7171 2600949.8585 -2577802.4491 -5672228.9398 1330561.6814 -1330561.6814 -5672228.9398 2577802.4491  917252.3363     267.8105      76.2385
300000175 200000044 400000697 400000698 400000699 400000700 -2438076.1476 -5886036.5016       0.0000 -1266279.9131 -6114140.2800 1266279.9131 -2577802.4491 -5672228.9398 1330561.6814  931256.6789     249.4834      92.6537
300000176 200000044 400000701 400000702 400000703 400000704 -1330561.6814 -5672228.9398 2577802.4491 -2577802.4491 -5672228.9398 1330561.6814 -1266279.9131 -6114140.2800 1266279.9131  953298.7094     274.2749      68.1631
300000177 200000045 400000705 400000706 400000707 400000708 -4504977.3029       0.0000 4504977.3029 -5024649.2825 -1346350.7175 3678298.5650 -3678298.5650 -1346350.7175 5024649.2825 1318824.6059     214.3540     143.2429
300000178 200000045 400000709 400000710 400000711 400000712 -5201899.7171 -2600949.8585 2600949.8585 -4074905.2917 -2716603.5278 4074905.2917 -5024649.2825 -1346350.7175 3678298.5650 1330535.5610     236.1803     115.6249
300000179 200000045 400000713 400000714 400000715 400000716 -2600949.8585 -2600949.8585 5201899.7171 -3678298.5650 -1346350.7175 5024649.2825 -4074905.2917 -2716603.5278 4074905.2917 1330535.5610     216.1029     134.8801
300000180 200000045 400000717 400000718 400000719 400000720 -5024649.2825 -1346350.7175 3678298.5650 -4074905.2917 -2716603.5278 4074905.2917 -3678298.5650 -1346350.7175 5024649.2825 1378948.6957     216.6947     141.1324
300000181 200000046 400000721 400000722 400000723 400000724 -4504977.3029 -4504977.3029       0.0000 -3678298.5650 -5024649.2825 1346350.7175 -5024649.2825 -3678298.5650 1346350.7175 1318824.6059     244.2632     101.4808
300000182 200000046 400000725 400000726 400000727 400000728 -2600949.8585 -5201899.7171 2600949.8585 -4074905.2917 -4074905.2917 2716603.5278 -3678298.5650 -5024649.2825 1346350.7175 1330535.5610     252.7453     120.6129
300000183 200000046 400000729 400000730 400000731 400000732 -5201899.7171 -2600949.8585 2600949.8585 -5024649.2825 -3678298.5650 1346350.7175 -4074905.2917 -4074905.2917 2716603.5278 1330535.5610     257.8285      94.3318
300000184 200000046 400000733 400000734 400000735 400000736 -3678298.5650 -5024649.2825 1346350.7175 -4074905.2917 -4074905.2917 2716603.5278 -5024649.2825 -3678298.5650 1346350.7175 1378948.6957     249.4812     104.7043
300000185 200000047 400000737 400000738 400000739 400000740       0.0000 -4504977.3029 4504977.3029 -1346350.7175 -3678298.5650 5024649.2825 -1346350.7175 -5024649.2825 3678298.5650 1318824.6059     222.0031     137.9552
300000186 200000047 400000741 400000742 400000743 400000744 -2600949.8585 -2600949.8585 5201899.7171 -2716603.5278 -4074905.2917 4074905.2917 -1346350.7175 -3678298.5650 5024649.2825 1330535.5610     211.8516     135.1571
300000187 200000047 400000745 400000746 400000747 400000748 -2600949.8585 -5201899.7171 2600949.8585 -1346350.7175 -5024649.2825 3678298.5650 -2716603.5278 -4074905.2917 4074905.2917 1330535.5610     261.0232      96.0433
300000188 200000047 400000749 400000750 400000751 400000752 -1346350.7175 -3678298.5650 5024649.2825 -2716603.5278 -4074905.2917 4074905.2917 -1346350.7175 -5024649.2825 3678298.5650 1378948.6957     219.8267     130.0001
300000189 200000048 400000753 400000754 400000755 400000756 -5201899.7171 -2600949.8585 2600949.8585 -4074905.2917 -4074905.2917 2716603.5278 -4074905.2917 -2716603.5278 4074905.2917 1557076.8123     249.7359     105.1551
300000190 200000048 400000757 400000758 400000759 400000760 -2600949.8585 -5201899.7171 2600949.8585 -2716603.5278 -4074905.2917 4074905.2917 -4074905.2917 -4074905.2917 2716603.5278 1557076.8123     254.8658     105.3014
300000191 200000048 400000761 400000762 400000763 400000764 -2600949.8585 -2600949.8585 5201899.7171 -4074905.2917 -2716603.5278 4074905.2917 -2716603.5278 -4074905.2917 4074905.2917 1557076.8123     221.3339     126.5728
300000192 200000048 400000765 400000766 400000767 400000768 -4074905.2917 -4074905.2917 2716603.5278 -2716603.5278 -4074905.2917 4074905.2917 -4074905.2917 -2716603.5278 4074905.2917 1628720.8215     239.5259     115.1774
300000193 200000049 400000769 400000770 400000771 400000772       0.0000       0.0000 6371000.0000       0.0000 -1242920.4416 6248583.0214 1242920.4416       0.0000 6248583.0214  787459.5150     187.1236     144.6263
300000194 200000049 400000773 400000774 400000775 400000776       0.0000 -2438076.1476 5886036.5016 1266279.9131 -1266279.9131 6114140.2800       0.0000 -1242920.4416 6248583.0214  802260.9823     192.5777     156.1868
300000195 200000049 400000777 400000778 400000779 400000780 2438076.1476       0.0000 5886036.5016 1242920.4416       0.0000 6248583.0214 1266279.9131 -1266279.9131 6114140.2800  802260.9823     195.7265     137.0090
300000196 200000049 400000781 400000782 400000783 400000784       0.0000 -1242920.4416 6248583.0214 1266279.9131 -1266279.9131 6114140.2800 1242920.4416       0.0000 6248583.0214  818294.0298     179.1193     154.9406
300000197 200000050 400000785 400000786 400000787 400000788       0.0000 -4504977.3029 4504977.3029 1346350.7175 -3678298.5650 5024649.2825       0.0000 -3539537.9546 5297292.9000  853044.8645     212.2597     147.6900
300000198 200000050 400000789 400000790 400000791 400000792 2600949.8585 -2600949.8585 5201899.7171 1330561.6814 -2577802.4491 5672228.9398 1346350.7175 -3678298.5650 5024649.2825  856010.4439     206.4591     164.2576
300000199 200000050 400000793 400000794 400000795 400000796       0.0000 -2438076.1476 5886036.5016       0.0000 -3539537.9546 5297292.9000 1330561.6814 -2577802.4491 5672228.9398  843039.4974     201.5695     188.6245
300000200 200000050 400000797 400000798 400000799 400000800 1346350.7175 -3678298.5650 5024649.2825 1330561.6814 -2577802.4491 5672228.9398       0.0000 -3539537.9546 5297292.9000  873164.3145     205.0612     191.9386
300000201 200000051 400000801 400000802 400000803 400000804 4504977.3029       0.0000 4504977.3029 3539537.9546       0.0000 5297292.9000 3678298.5650 -1346350.7175 5024649.2825  853044.8645     226.1330     121.1707
300000202 200000051 400000805 400000806 400000807 400000808 2438076.1476       0.0000 5886036.5016 2577802.4491 -1330561.6814 5672228.9398 3539537.9546       0.0000 5297292.9000  843039.4974     214.2917     119.2094
300000203 200000051 400000809 400000810 400000811 400000812 2600949.8585 -2600949.8585 5201899.7171 3678298.5650 -1346350.7175 5024649.2825 2577802.4491 -1330561.6814 5672228.9398  856010.4439     217.3832     124.4907
300000204 200000051 400000813 400000814 400000815 400000816 3539537.9546       0.0000 5297292.9000 2577802.4491 -1330561.6814 5672228.9398 3678298.5650 -1346350.7175 5024649.2825  873164.3145     220.0139     119.0736
300000205 200000052 400000817 400000818 400000819 400000820       0.0000 -2438076.1476 5886036.5016 1330561.6814 -2577802.4491 5672228.9398 1266279.9131 -1266279.9131 6114140.2800  931256.6789     195.5984     170.4330
300000206 200000052 400000821 400000822 400000823 400000824 2600949.8585 -2600949.8585 5201899.7171 2577802.4491 -1330561.6814 5672228.9398 1330561.6814 -2577802.4491 5672228.9398  917252.3363     207.1851     140.4397
300000207 200000052 400000825 400000826 400000827 400000828 2438076.1476       0.0000 5886036.5016 1266279.9131 -1266279.9131 6114140.2800 2577802.4491 -1330561.6814 5672228.9398  931256.6789     198.2193     144.4604
300000208 200000052 400000829 400000830 400000831 400000832 1330561.6814 -2577802.4491 5672228.9398 2577802.4491 -1330561.6814 5672228.9398 1266279.9131 -1266279.9131 6114140.2800  953298.7094     192.2275     167.7606
300000209 200000053 400000833 400000834 400000835 400000836       0.0000 -6371000.0000       0.0000 1242920.4416 -6248583.0214       0.0000       0.0000 -6248583.0214 1242920.4416  787459.5150     244.9888      97.2409
300000210 200000053 400000837 400000838 400000839 400000840 2438076.1476 -5886036.5016       0.0000 1266279.9131 -6114140.2800 1266279.9131 1242920.4416 -6248583.0214       0.0000  802260.9823     210.1630     157.5425
300000211 200000053 400000841 400000842 400000843 400000844       0.0000 -5886036.5016 2438076.1476       0.0000 -6248583.0214 1242920.4416 1266279.9131 -6114140.2800 1266279.9131  802260.9823     269.4170      91.5610
300000212 200000053 400000845 400000846 400000847 400000848 1242920.4416 -6248583.0214       0.0000 1266279.9131 -6114140.2800 1266279.9131       0.0000 -6248583.0214 1242920.4416  818294.0298     237.3017     112.7498
300000213 200000054 400000849 400000850 400000851 400000852 4504977.3029 -4504977.3029       0.0000 3678298.5650 -5024649.2825 1346350.7175 3539537.9546 -5297292.9000       0.0000  853044.8645     234.8010     117.8762
300000214 200000054 400000853 400000854 400000855 400000856 2600949.8585 -5201899.7171 2600949.8585 2577802.4491 -5672228.9398 1330561.6814 3678298.5650 -5024649.2825 1346350.7175  856010.4439     272.0951      71.3493
300000215 200000054 400000857 400000858 400000859 400000860 2438076.1476 -5886036.5016       0.0000 3539537.9546 -5297292.9000       0.0000 2577802.4491 -5672228.9398 1330561.6814  843039.4974     223.0800     137.5646
300000216 200000054 400000861 400000862 400000863 400000864 3678298.5650 -5024649.2825 1346350.7175 2577802.4491 -5672228.9398 1330561.6814 3539537.9546 -5297292.9000       0.0000  873164.3145     253.6851      99.9306
300000217 200000055 400000865 400000866 400000867 400000868       0.0000 -4504977.3029 4504977.3029       0.0000 -5297292.9000 3539537.9546 1346350.7175 -5024649.2825 3678298.5650  853044.8645     230.4350     135.2873
300000218 200000055 400000869 400000870 400000871 400000872       0.0000 -5886036.5016 2438076.1476 1330561.6814 -5672228.9398 2577802.4491       0.0000 -5297292.9000 3539537.9546  843039.4974     267.4429      81.1204
300000219 200000055 400000873 400000874 400000875 400000876 2600949.8585 -5201899.7171 2600949.8585 1346350.7175 -5024649.2825 3678298.5650 1330561.6814 -5672228.9398 2577802.4491  856010.4439     261.7136      83.1910
300000220 200000055 400000877 400000878 400000879 400000880       0.0000 -5297292.9000 3539537.9546 1330561.6814 -5672228.9398 2577802.4491 1346350.7175 -5024649.2825 3678298.5650  873164.3145     254.1175     100.9731
300000221 200000056 400000881 400000882 400000883 400000884 2438076.1476 -5886036.5016       0.0000 2577802.4491 -5672228.9398 1330561.6814 1266279.9131 -6114140.2800 1266279.9131  931256.6789     224.6017     135.3341
300000222 200000056 400000885 400000886 400000887 400000888 2600949.8585 -5201899.7171 2600949.8585 1330561.6814 -5672228.9398 2577802.4491 2577802.4491 -5672228.9398 1330561.6814  917252.3363     272.6954      75.9673
300000223 200000056 400000889 400000890 400000891 400000892       0.0000 -5886036.5016 2438076.1476 1266279.9131 -6114140.2800 1266279.9131 1330561.6814 -5672228.9398 2577802.4491  931256.6789     277.5329      68.4144
300000224 200000056 400000893 400000894 400000895 400000896 2577802.4491 -5672228.9398 1330561.6814 1330561.6814 -5672228.9398 2577802.4491 1266279.9131 -6114140.2800 1266279.9131  953298.7094     271.6656      72.4970
300000225 200000057 400000897 400000898 400000899 400000900 6371000.0000       0.0000       0.0000 6248583.0214       0.0000 1242920.4416 6248583.0214 -1242920.4416       0.0000  787459.5150     227.9060     107.2927
300000226 200000057 400000901 400000902 400000903 400000904 5886036.5016       0.0000 2438076.1476 6114140.2800 -1266279.9131 1266279.9131 6248583.0214       0.0000 1242920.4416  802260.9823     277.0802     131.2496
300000227 200000057 400000905 400000906 400000907 400000908 5886036.5016 -2438076.1476       0.0000 6248583.0214 -1242920.4416       0.0000 6114140.2800 -1266279.9131 1266279.9131  802260.9823     233.4262     108.0745
300000228 200000057 400000909 400000910 400000911 400000912 6248583.0214       0.0000 1242920.4416 6114140.2800 -1266279.9131 1266279.9131 6248583.0214 -1242920.4416       0.0000  818294.0298     229.4975     116.3349
300000229 200000058 400000913 400000914 400000915 400000916 4504977.3029       0.0000 4504977.3029 5024649.2825 -1346350.7175 3678298.5650 5297292.9000       0.0000 3539537.9546  853044.8645     241.9165     111.4306
300000230 200000058 400000917 400000918 400000919 400000920 5201899.7171 -2600949.8585 2600949.8585 5672228.9398 -1330561.6814 2577802.4491 5024649.2825 -1346350.7175 3678298.5650  856010.4439     263.3754      86.6950
300000231 200000058 400000921 400000922 400000923 400000924 5886036.5016       0.0000 2438076.1476 5297292.9000       0.0000 3539537.9546 5672228.9398 -1330561.6814 2577802.4491  843039.4974     278.5311     139.9611
300000232 200000058 400000925 400000926 400000927 400000928 5024649.2825 -1346350.7175 3678298.5650 5672228.9398 -1330561.6814 2577802.4491 5297292.9000       0.0000 3539537.9546  873164.3145     261.6866     104.0638
300000233 200000059 400000929 400000930 400000931 400000932 4504977.3029 -4504977.3029       0.0000 5297292.9000 -3539537.9546       0.0000 5024649.2825 -3678298.5650 1346350.7175  853044.8645     245.5875      98.9353
300000234 200000059 400000933 400000934 400000935 400000936 5886036.5016 -2438076.1476       0.0000 5672228.9398 -2577802.4491 1330561.6814 5297292.9000 -3539537.9546       0.0000  843039.4974     242.9991     101.5526
300000235 200000059 400000937 400000938 400000939 400000940 5201899.7171 -2600949.8585 2600949.8585 5024649.2825 -3678298.5650 1346350.7175 5672228.9398 -2577802.4491 1330561.6814  856010.4439     271.7040      77.9730
300000236 200000059 400000941 400000942 400000943 400000944 5297292.9000 -3539537.9546       0.0000 5672228.9398 -2577802.4491 1330561.6814 5024649.2825 -3678298.5650 1346350.7175  873164.3145     263.7785      83.9232
300000237 200000060 400000945 400000946 400000947 400000948 5886036.5016       0.0000 2438076.1476 5672228.9398 -1330561.6814 2577802.4491 6114140.2800 -1266279.9131 1266279.9131  931256.6789     287.6264     147.9674
300000238 200000060 400000949 400000950 400000951 400000952 5201899.7171 -2600949.8585 2600949.8585 5672228.9398 -2577802.4491 1330561.6814 5672228.9398 -1330561.6814 2577802.4491  917252.3363     271.3754      76.8604
300000239 200000060 400000953 400000954 400000955 400000956 5886036.5016 -2438076.1476       0.0000 6114140.2800 -1266279.9131 1266279.9131 5672228.9398 -2577802.4491 1330561.6814  931256.6789     259.0052      80.6220
300000240 200000060 400000957 400000958 400000959 400000960 5672228.9398 -1330561.6814 2577802.4491 5672228.9398 -2577802.4491 1330561.6814 6114140.2800 -1266279.9131 1266279.9131  953298.7094     282.2411      96.0680
300000241 200000061 400000961 400000962 400000963 400000964       0.0000 -4504977.3029 4504977.3029 1346350.7175 -5024649.2825 3678298.5650 1346350.7175 -3678298.5650 5024649.2825 1318824.6059     219.0040     136.4393
300000242 200000061 400000965 400000966 400000967 400000968 2600949.8585 -5201899.7171 2600949.8585 2716603.5278 -4074905.2917 4074905.2917 1346350.7175 -5024649.2825 3678298.5650 1330535.5610     245.6126     103.5549
300000243 200000061 400000969 400000970 400000971 400000972 2600949.8585 -2600949.8585 5201899.7171 1346350.7175 -3678298.5650 5024649.2825 2716603.5278 -4074905.2917 4074905.2917 1330535.5610     214.2816     140.9536
300000244 200000061 400000973 400000974 400000975 400000976 1346350.7175 -5024649.2825 3678298.5650 2716603.5278 -4074905.2917 4074905.2917 1346350.7175 -3678298.5650 5024649.2825 1378948.6957     223.0343     127.9865
300000245 200000062 400000977 400000978 400000979 400000980 4504977.3029 -4504977.3029       0.0000 5024649.2825 -3678298.5650 1346350.7175 3678298.5650 -5024649.2825 1346350.7175 1318824.6059     264.1709      75.7588
300000246 200000062 400000981 400000982 400000983 400000984 5201899.7171 -2600949.8585 2600949.8585 4074905.2917 -4074905.2917 2716603.5278 5024649.2825 -3678298.5650 1346350.7175 1330535.5610     270.6363      75.1734
300000247 200000062 400000985 400000986 400000987 400000988 2600949.8585 -5201899.7171 2600949.8585 3678298.5650 -5024649.2825 1346350.7175 4074905.2917 -4074905.2917 2716603.5278 1330535.5610     270.6195      72.7729
300000248 200000062 400000989 400000990 400000991 400000992 5024649.2825 -3678298.5650 1346350.7175 4074905.2917 -4074905.2917 2716603.5278 3678298.5650 -5024649.2825 1346350.7175 1378948.6957     274.6721      68.0336
300000249 200000063 400000993 400000994 400000995 400000996 4504977.3029       0.0000 4504977.3029 3678298.5650 -1346350.7175 5024649.2825 5024649.2825 -1346350.7175 3678298.5650 1318824.6059     234.5119     113.3600
300000250 200000063 400000997 400000998 400000999 400001000 2600949.8585 -2600949.8585 5201899.7171 4074905.2917 -2716603.5278 4074905.2917 3678298.5650 -1346350.7175 5024649.2825 1330535.5610     222.6569     130.5544
300000251 200000063 400001001 400001002 400001003 400001004 5201899.7171 -2600949.8585 2600949.8585 5024649.2825 -1346350.7175 3678298.5650 4074905.2917 -2716603.5278 4074905.2917 1330535.5610     248.0952      98.6652
300000252 200000063 400001005 400001006 400001007 400001008 3678298.5650 -1346350.7175 5024649.2825 4074905.2917 -2716603.5278 4074905.2917 5024649.2825 -1346350.7175 3678298.5650 1378948.6957     231.1315     123.1873
300000253 200000064 400001009 400001010 400001011 400001012 2600949.8585 -5201899.7171 2600949.8585 4074905.2917 -4074905.2917 2716603.5278 2716603.5278 -4074905.2917 4074905.2917 1557076.8123     250.7214      94.2817
300000254 200000064 400001013 400001014 400001015 400001016 5201899.7171 -2600949.8585 2600949.8585 4074905.2917 -2716603.5278 4074905.2917 4074905.2917 -4074905.2917 2716603.5278 1557076.8123     253.5264      87.6544
300000255 200000064 400001017 400001018 400001019 400001020 2600949.8585 -2600949.8585 5201899.7171 2716603.5278 -4074905.2917 4074905.2917 4074905.2917 -2716603.5278 4074905.2917 1557076.8123     222.0735     134.2920
300000256 200000064 400001021 400001022 400001023 400001024 4074905.2917 -4074905.2917 2716603.5278 4074905.2917 -2716603.5278 4074905.2917 2716603.5278 -4074905.2917 4074905.2917 1628720.8215     238.3748     106.2595
300000257 200000065 400001025 400001026 400001027 400001028 6371000.0000       0.0000       0.0000 6248583.0214       0.0000 -1242920.4416 6248583.0214 1242920.4416       0.0000  787459.5150     240.3274      89.3318
300000258 200000065 400001029 400001030 400001031 400001032 5886036.5016       0.0000 -2438076.1476 6114140.2800 1266279.9131 -1266279.9131 6248583.0214       0.0000 -1242920.4416  802260.9823     283.5769      81.7220
300000259 200000065 400001033 400001034 400001035 400001036 5886036.5016 2438076.1476       0.0000 6248583.0214 1242920.4416       0.0000 6114140.2800 1266279.9131 -1266279.9131  802260.9823     211.0995     123.2907
300000260 200000065 400001037 400001038 400001039 400001040 6248583.0214       0.0000 -1242920.4416 6114140.2800 1266279.9131 -1266279.9131 6248583.0214 1242920.4416       0.0000  818294.0298     248.7458      92.5843
300000261 200000066 400001041 400001042 400001043 400001044 4504977.3029       0.0000 -4504977.3029 5024649.2825 1346350.7175 -3678298.5650 5297292.9000       0.0000 -3539537.9546  853044.8645     241.7440      85.0566
300000262 200000066 400001045 400001046 400001047 400001048 5201899.7171 2600949.8585 -2600949.8585 5672228.9398 1330561.6814 -2577802.4491 5024649.2825 1346350.7175 -3678298.5650  856010.4439     273.0338      74.4908
300000263 200000066 400001049 400001050 400001051 400001052 5886036.5016       0.0000 -2438076.1476 5297292.9000       0.0000 -3539537.9546 5672228.9398 1330561.6814 -2577802.4491  843039.4974     273.3798      75.5394
300000264 200000066 400001053 400001054 400001055 400001056 5024649.2825 1346350.7175 -3678298.5650 5672228.9398 1330561.6814 -2577802.4491 5297292.9000       0.0000 -3539537.9546  873164.3145     266.0514      71.7992
300000265 200000067 400001057 400001058 400001059 400001060 4504977.3029 4504977.3029       0.0000 5297292.9000 3539537.9546       0.0000 5024649.2825 3678298.5650 -1346350.7175  853044.8645     254.6723     105.8188
300000266 200000067 400001061 400001062 400001063 400001064 5886036.5016 2438076.1476       0.0000 5672228.9398 2577802.4491 -1330561.6814 5297292.9000 3539537.9546       0.0000  843039.4974     218.8097     120.4749
300000267 200000067 400001065 400001066 400001067 400001068 5201899.7171 2600949.8585 -2600949.8585 5024649.2825 3678298.5650 -1346350.7175 5672228.9398 2577802.4491 -1330561.6814  856010.4439     274.3138      88.4590
300000268 200000067 400001069 400001070 400001071 400001072 5297292.9000 3539537.9546       0.0000 5672228.9398 2577802.4491 -1330561.6814 5024649.2825 3678298.5650 -1346350.7175  873164.3145     249.7501     101.7527
300000269 200000068 400001073 400001074 400001075 400001076 5886036.5016       0.0000 -2438076.1476 5672228.9398 1330561.6814 -2577802.4491 6114140.2800 1266279.9131 -1266279.9131  931256.6789     283.6123      72.1418
300000270 200000068 400001077 400001078 400001079 400001080 5201899.7171 2600949.8585 -2600949.8585 5672228.9398 2577802.4491 -1330561.6814 5672228.9398 1330561.6814 -2577802.4491  917252.3363     271.9141      84.2299
300000271 200000068 400001081 400001082 400001083 400001084 5886036.5016 2438076.1476       0.0000 6114140.2800 1266279.9131 -1266279.9131 5672228.9398 2577802.4491 -1330561.6814  931256.6789     222.6940     112.3950
300000272 200000068 400001085 400001086 400001087 400001088 5672228.9398 1330561.6814 -2577802.4491 5672228.9398 2577802.4491 -1330561.6814 6114140.2800 1266279.9131 -1266279.9131  953298.7094     264.7092      85.8380
300000273 200000069 400001089 400001090 400001091 400001092       0.0000       0.0000 -6371000.0000       0.0000 1242920.4416 -6248583.0214 1242920.4416       0.0000 -6248583.0214  787459.5150     124.6447       1.4441
300000274 200000069 400001093 400001094 400001095 400001096       0.0000 2438076.1476 -5886036.5016 1266279.9131 1266279.9131 -6114140.2800       0.0000 1242920.4416 -6248583.0214  802260.9823     146.3120      21.9025
300000275 200000069 400001097 400001098 400001099 400001100 2438076.1476       0.0000 -5886036.5016 1242920.4416       0.0000 -6248583.0214 1266279.9131 1266279.9131 -6114140.2800  802260.9823     144.6504      21.4586
300000276 200000069 400001101 400001102 400001103 400001104       0.0000 1242920.4416 -6248583.0214 1266279.9131 1266279.9131 -6114140.2800 1242920.4416       0.0000 -6248583.0214  818294.0298     121.8547       8.1081
300000277 200000070 400001105 400001106 400001107 400001108       0.0000 4504977.3029 -4504977.3029 1346350.7175 3678298.5650 -5024649.2825       0.0000 3539537.9546 -5297292.9000  853044.8645     209.4310      79.4562
300000278 200000070 400001109 400001110 400001111 400001112 2600949.8585 2600949.8585 -5201899.7171 1330561.6814 2577802.4491 -5672228.9398 1346350.7175 3678298.5650 -5024649.2825  856010.4439     203.7440      65.9161
300000279 200000070 400001113 400001114 400001115 400001116       0.0000 2438076.1476 -5886036.5016       0.0000 3539537.9546 -5297292.9000 1330561.6814 2577802.4491 -5672228.9398  843039.4974     194.3861      54.4579
300000280 200000070 400001117 400001118 400001119 400001120 1346350.7175 3678298.5650 -5024649.2825 1330561.6814 2577802.4491 -5672228.9398       0.0000 3539537.9546 -5297292.9000  873164.3145     201.8267      64.6554
300000281 200000071 400001121 400001122 400001123 400001124 4504977.3029       0.0000 -4504977.3029 3539537.9546       0.0000 -5297292.9000 3678298.5650 1346350.7175 -5024649.2825  853044.8645     209.4907      82.2092
300000282 200000071 400001125 400001126 400001127 400001128 2438076.1476       0.0000 -5886036.5016 2577802.4491 1330561.6814 -5672228.9398 3539537.9546       0.0000 -5297292.9000  843039.4974     196.2080      52.4016
300000283 200000071 400001129 400001130 400001131 400001132 2600949.8585 2600949.8585 -5201899.7171 3678298.5650 1346350.7175 -5024649.2825 2577802.4491 1330561.6814 -5672228.9398  856010.4439     203.6202      65.7772
300000284 200000071 400001133 400001134 400001135 400001136 3539537.9546       0.0000 -5297292.9000 2577802.4491 1330561.6814 -5672228.9398 3678298.5650 1346350.7175 -5024649.2825  873164.3145     202.0495      66.3522
300000285 200000072 400001137 400001138 400001139 400001140       0.0000 2438076.1476 -5886036.5016 1330561.6814 2577802.4491 -5672228.9398 1266279.9131 1266279.9131 -6114140.2800  931256.6789     170.5927      40.0932
300000286 200000072 400001141 400001142 400001143 400001144 2600949.8585 2600949.8585 -5201899.7171 2577802.4491 1330561.6814 -5672228.9398 1330561.6814 2577802.4491 -5672228.9398  917252.3363     197.2995      56.5105
300000287 200000072 400001145 400001146 400001147 400001148 2438076.1476       0.0000 -5886036.5016 1266279.9131 1266279.9131 -6114140.2800 2577802.4491 1330561.6814 -5672228.9398  931256.6789     183.1884      35.8321
300000288 200000072 400001149 400001150 400001151 400001152 1330561.6814 2577802.4491 -5672228.9398 2577802.4491 1330561.6814 -5672228.9398 1266279.9131 1266279.9131 -6114140.2800  953298.7094     178.5283      43.2052
300000289 200000073 400001153 400001154 400001155 400001156       0.0000 6371000.0000       0.0000 1242920.4416 6248583.0214       0.0000       0.0000 6248583.0214 -1242920.4416  787459.5150     241.2085      86.5972
300000290 200000073 400001157 400001158 400001159 400001160 2438076.1476 5886036.5016       0.0000 1266279.9131 6114140.2800 -1266279.9131 1242920.4416 6248583.0214       0.0000  802260.9823     252.3753      80.1087
300000291 200000073 400001161 400001162 400001163 400001164       0.0000 5886036.5016 -2438076.1476       0.0000 6248583.0214 -1242920.4416 1266279.9131 6114140.2800 -1266279.9131  802260.9823     262.2503      77.9400
300000292 200000073 400001165 400001166 400001167 400001168 1242920.4416 6248583.0214       0.0000 1266279.9131 6114140.2800 -1266279.9131       0.0000 6248583.0214 -1242920.4416  818294.0298     247.8610      83.1774
300000293 200000074 400001169 400001170 400001171 400001172 4504977.3029 4504977.3029       0.0000 3678298.5650 5024649.2825 -1346350.7175 3539537.9546 5297292.9000       0.0000  853044.8645     270.5298      58.9732
300000294 200000074 400001173 400001174 400001175 400001176 2600949.8585 5201899.7171 -2600949.8585 2577802.4491 5672228.9398 -1330561.6814 3678298.5650 5024649.2825 -1346350.7175  856010.4439     267.5199      67.0703
300000295 200000074 400001177 400001178 400001179 400001180 2438076.1476 5886036.5016       0.0000 3539537.9546 5297292.9000       0.0000 2577802.4491 5672228.9398 -1330561.6814  843039.4974     261.8231      66.7479
300000296 200000074 400001181 400001182 400001183 400001184 3678298.5650 5024649.2825 -1346350.7175 2577802.4491 5672228.9398 -1330561.6814 3539537.9546 5297292.9000       0.0000  873164.3145     261.1953      68.3111
300000297 200000075 400001185 400001186 400001187 400001188       0.0000 4504977.3029 -4504977.3029       0.0000 5297292.9000 -3539537.9546 1346350.7175 5024649.2825 -3678298.5650  853044.8645     241.8571      88.7401
300000298 200000075 400001189 400001190 400001191 400001192       0.0000 5886036.5016 -2438076.1476 1330561.6814 5672228.9398 -2577802.4491       0.0000 5297292.9000 -3539537.9546  843039.4974     268.7843      71.1698
300000299 200000075 400001193 400001194 400001195 400001196 2600949.8585 5201899.7171 -2600949.8585 1346350.7175 5024649.2825 -3678298.5650 1330561.6814 5672228.9398 -2577802.4491  856010.4439     267.1381      70.5898
300000300 200000075 400001197 400001198 400001199 400001200       0.0000 5297292.9000 -3539537.9546 1330561.6814 5672228.9398 -2577802.4491 1346350.7175 5024649.2825 -3678298.5650  873164.3145     259.0190      79.2307
300000301 200000076 400001201 400001202 400001203 400001204 2438076.1476 5886036.5016       0.0000 2577802.4491 5672228.9398 -1330561.6814 1266279.9131 6114140.2800 -1266279.9131  931256.6789     250.5169      81.7323
300000302 200000076 400001205 400001206 400001207 400001208 2600949.8585 5201899.7171 -2600949.8585 1330561.6814 5672228.9398 -2577802.4491 2577802.4491 5672228.9398 -1330561.6814  917252.3363     272.5172      66.4840
300000303 200000076 400001209 400001210 400001211 400001212       0.0000 5886036.5016 -2438076.1476 1266279.9131 6114140.2800 -1266279.9131 1330561.6814 5672228.9398 -2577802.4491  931256.6789     272.8763      72.0302
300000304 200000076 400001213 400001214 400001215 400001216 2577802.4491 5672228.9398 -1330561.6814 1330561.6814 5672228.9398 -2577802.4491 1266279.9131 6114140.2800 -1266279.9131  953298.7094     266.0864      73.6090
300000305 200000077 400001217 400001218 400001219 400001220 4504977.3029       0.0000 -4504977.3029 3678298.5650 1346350.7175 -5024649.2825 5024649.2825 1346350.7175 -3678298.5650 1318824.6059     225.1914      89.5847
300000306 200000077 400001221 400001222 400001223 400001224 2600949.8585 2600949.8585 -5201899.7171 4074905.2917 2716603.5278 -4074905.2917 3678298.5650 1346350.7175 -5024649.2825 1330535.5610     214.7315      82.3616
300000307 200000077 400001225 400001226 400001227 400001228 5201899.7171 2600949.8585 -2600949.8585 5024649.2825 1346350.7175 -3678298.5650 4074905.2917 2716603.5278 -4074905.2917 1330535.5610     256.7130      75.1122
300000308 200000077 400001229 400001230 400001231 400001232 3678298.5650 1346350.7175 -5024649.2825 4074905.2917 2716603.5278 -4074905.2917 5024649.2825 1346350.7175 -3678298.5650 1378948.6957     232.9129      85.3855
300000309 200000078 400001233 400001234 400001235 400001236       0.0000 4504977.3029 -4504977.3029 1346350.7175 5024649.2825 -3678298.5650 1346350.7175 3678298.5650 -5024649.2825 1318824.6059     226.3886      87.4982
300000310 200000078 400001237 400001238 400001239 400001240 2600949.8585 5201899.7171 -2600949.8585 2716603.5278 4074905.2917 -4074905.2917 1346350.7175 5024649.2825 -3678298.5650 1330535.5610     251.0610      80.0356
300000311 200000078 400001241 400001242 400001243 400001244 2600949.8585 2600949.8585 -5201899.7171 1346350.7175 3678298.5650 -5024649.2825 2716603.5278 4074905.2917 -4074905.2917 1330535.5610     215.3532      82.7707
300000312 200000078 400001245 400001246 400001247 400001248 1346350.7175 5024649.2825 -3678298.5650 2716603.5278 4074905.2917 -4074905.2917 1346350.7175 3678298.5650 -5024649.2825 1378948.6957     230.9235      88.6977
300000313 200000079 400001249 400001250 400001251 400001252 4504977.3029 4504977.3029       0.0000 5024649.2825 3678298.5650 -1346350.7175 3678298.5650 5024649.2825 -1346350.7175 1318824.6059     262.1795      71.7289
300000314 200000079 400001253 400001254 400001255 400001256 5201899.7171 2600949.8585 -2600949.8585 4074905.2917 4074905.2917 -2716603.5278 5024649.2825 3678298.5650 -1346350.7175 1330535.5610     277.2258      79.3392
300000315 200000079 400001257 400001258 400001259 400001260 2600949.8585 5201899.7171 -2600949.8585 3678298.5650 5024649.2825 -1346350.7175 4074905.2917 4074905.2917 -2716603.5278 1330535.5610     267.6531      67.0632
300000316 200000079 400001261 400001262 400001263 400001264 5024649.2825 3678298.5650 -1346350.7175 4074905.2917 4074905.2917 -2716603.5278 3678298.5650 5024649.2825 -1346350.7175 1378948.6957     270.4892      74.7803
300000317 200000080 400001265 400001266 400001267 400001268 2600949.8585 2600949.8585 -5201899.7171 2716603.5278 4074905.2917 -4074905.2917 4074905.2917 2716603.5278 -4074905.2917 1557076.8123     223.5198      85.3001
300000318 200000080 400001269 400001270 400001271 400001272 2600949.8585 5201899.7171 -2600949.8585 4074905.2917 4074905.2917 -2716603.5278 2716603.5278 4074905.2917 -4074905.2917 1557076.8123     253.5149      76.2363
300000319 200000080 400001273 400001274 400001275 400001276 5201899.7171 2600949.8585 -2600949.8585 4074905.2917 2716603.5278 -4074905.2917 4074905.2917 4074905.2917 -2716603.5278 1557076.8123     261.3549      74.8210
300000320 200000080 400001277 400001278 400001279 400001280 2716603.5278 4074905.2917 -4074905.2917 4074905.2917 4074905.2917 -2716603.5278 4074905.2917 2716603.5278 -4074905.2917 1628720.8215     248.8551      78.0477
300000321 200000081 400001281 400001282 400001283 400001284       0.0000 6371000.0000       0.0000       0.0000 6248583.0214 -1242920.4416 -1242920.4416 6248583.0214       0.0000  787459.5150     230.5838      98.5650
300000322 200000081 400001285 400001286 400001287 400001288       0.0000 5886036.5016 -2438076.1476 -1266279.9131 6114140.2800 -1266279.9131       0.0000 6248583.0214 -1242920.4416  802260.9823     255.9857      82.6426
300000323 200000081 400001289 400001290 400001291 400001292 -2438076.1476 5886036.5016       0.0000 -1242920.4416 6248583.0214       0.0000 -1266279.9131 6114140.2800 -1266279.9131  802260.9823     216.1429     111.8777
300000324 200000081 400001293 400001294 400001295 400001296       0.0000 6248583.0214 -1242920.4416 -1266279.9131 6114140.2800 -1266279.9131 -1242920.4416 6248583.0214       0.0000  818294.0298     230.5107      97.6714
300000325 200000082 400001297 400001298 400001299 400001300       0.0000 4504977.3029 -4504977.3029 -1346350.7175 5024649.2825 -3678298.5650       0.0000 5297292.9000 -3539537.9546  853044.8645     241.1666      90.2596
300000326 200000082 400001301 400001302 400001303 400001304 -2600949.8585 5201899.7171 -2600949.8585 -1330561.6814 5672228.9398 -2577802.4491 -1346350.7175 5024649.2825 -3678298.5650  856010.4439     266.0841      72.9478
300000327 200000082 400001305 400001306 400001307 400001308       0.0000 5886036.5016 -2438076.1476       0.0000 5297292.9000 -3539537.9546 -1330561.6814 5672228.9398 -2577802.4491  843039.4974     266.3812      74.8885
300000328 200000082 400001309 400001310 400001311 400001312 -1346350.7175 5024649.2825 -3678298.5650 -1330561.6814 5672228.9398 -2577802.4491       0.0000 5297292.9000 -3539537.9546  873164.3145     257.5733      83.7452
300000329 200000083 400001313 400001314 400001315 400001316 -4504977.3029 4504977.3029       0.0000 -3539537.9546 5297292.9000       0.0000 -3678298.5650 5024649.2825 -1346350.7175  853044.8645     225.3841     100.8905
300000330 200000083 400001317 400001318 400001319 400001320 -2438076.1476 5886036.5016       0.0000 -2577802.4491 5672228.9398 -1330561.6814 -3539537.9546 5297292.9000       0.0000  843039.4974     222.5337     108.0389
300000331 200000083 400001321 400001322 400001323 400001324 -2600949.8585 5201899.7171 -2600949.8585 -3678298.5650 5024649.2825 -1346350.7175 -2577802.4491 5672228.9398 -1330561.6814  856010.4439     275.6191      57.6800
300000332 200000083 400001325 400001326 400001327 400001328 -3539537.9546 5297292.9000       0.0000 -2577802.4491 5672228.9398 -1330561.6814 -3678298.5650 5024649.2825 -1346350.7175  873164.3145     244.0980      83.6749
300000333 200000084 400001329 400001330 400001331 400001332       0.0000 5886036.5016 -2438076.1476 -1330561.6814 5672228.9398 -2577802.4491 -1266279.9131 6114140.2800 -1266279.9131  931256.6789     267.0932      74.8381
300000334 200000084 400001333 400001334 400001335 400001336 -2600949.8585 5201899.7171 -2600949.8585 -2577802.4491 5672228.9398 -1330561.6814 -1330561.6814 5672228.9398 -2577802.4491  917252.3363     272.8385      63.4715
300000335 200000084 400001337 400001338 400001339 400001340 -2438076.1476 5886036.5016       0.0000 -1266279.9131 6114140.2800 -1266279.9131 -2577802.4491 5672228.9398 -1330561.6814  931256.6789     229.7012      96.9731
300000336 200000084 400001341 400001342 400001343 400001344 -1330561.6814 5672228.9398 -2577802.4491 -2577802.4491 5672228.9398 -1330561.6814 -1266279.9131 6114140.2800 -1266279.9131  953298.7094     261.5312      72.3834
300000337 200000085 400001345 400001346 400001347 400001348       0.0000       0.0000 -6371000.0000 -1242920.4416       0.0000 -6248583.0214       0.0000 1242920.4416 -6248583.0214  787459.5150     135.6044       1.4697
300000338 200000085 400001349 400001350 400001351 400001352 -2438076.1476       0.0000 -5886036.5016 -1266279.9131 1266279.9131 -6114140.2800 -1242920.4416       0.0000 -6248583.0214  802260.9823     165.7938      20.4769
300000339 200000085 400001353 400001354 400001355 400001356       0.0000 2438076.1476 -5886036.5016       0.0000 1242920.4416 -6248583.0214 -1266279.9131 1266279.9131 -6114140.2800  802260.9823     127.8389      22.2410
300000340 200000085 400001357 400001358 400001359 400001360 -1242920.4416       0.0000 -6248583.0214 -1266279.9131 1266279.9131 -6114140.2800       0.0000 1242920.4416 -6248583.0214  818294.0298     134.5271       8.0638
300000341 200000086 400001361 400001362 400001363 400001364 -4504977.3029       0.0000 -4504977.3029 -3678298.5650 1346350.7175 -5024649.2825 -3539537.9546       0.0000 -5297292.9000  853044.8645     221.7891      72.7898
300000342 200000086 400001365 400001366 400001367 400001368 -2600949.8585 2600949.8585 -5201899.7171 -2577802.4491 1330561.6814 -5672228.9398 -3678298.5650 1346350.7175 -5024649.2825  856010.4439     207.7100      66.1722
300000343 200000086 400001369 400001370 400001371 400001372 -2438076.1476       0.0000 -5886036.5016 -3539537.9546       0.0000 -5297292.9000 -2577802.4491 1330561.6814 -5672228.9398  843039.4974     199.6153      54.3112
300000344 200000086 400001373 400001374 400001375 400001376 -3678298.5650 1346350.7175 -5024649.2825 -2577802.4491 1330561.6814 -5672228.9398 -3539537.9546       0.0000 -5297292.9000  873164.3145     209.5341      65.4442
300000345 200000087 400001377 400001378 400001379 400001380       0.0000 4504977.3029 -4504977.3029       0.0000 3539537.9546 -5297292.9000 -1346350.7175 3678298.5650 -5024649.2825  853044.8645     210.1394      78.4122
300000346 200000087 400001381 400001382 400001383 400001384       0.0000 2438076.1476 -5886036.5016 -1330561.6814 2577802.4491 -5672228.9398       0.0000 3539537.9546 -5297292.9000  843039.4974     193.6955      55.3320
300000347 200000087 400001385 400001386 400001387 400001388 -2600949.8585 2600949.8585 -5201899.7171 -1346350.7175 3678298.5650 -5024649.2825 -1330561.6814 2577802.4491 -5672228.9398  856010.4439     204.2368      65.6721
300000348 200000087 400001389 400001390 400001391 400001392       0.0000 3539537.9546 -5297292.9000 -1330561.6814 2577802.4491 -5672228.9398 -1346350.7175 3678298.5650 -5024649.2825  873164.3145     202.5215      65.4297
300000349 200000088 400001393 400001394 400001395 400001396 -2438076.1476       0.0000 -5886036.5016 -2577802.4491 1330561.6814 -5672228.9398 -1266279.9131 1266279.9131 -6114140.2800  931256.6789     175.2521      40.2808
300000350 200000088 400001397 400001398 400001399 400001400 -2600949.8585 2600949.8585 -5201899.7171 -1330561.6814 2577802.4491 -5672228.9398 -2577802.4491 1330561.6814 -5672228.9398  917252.3363     199.6054      57.7500
300000351 200000088 400001401 400001402 400001403 400001404       0.0000 2438076.1476 -5886036.5016 -1266279.9131 1266279.9131 -6114140.2800 -1330561.6814 2577802.4491 -5672228.9398  931256.6789     160.5389      42.1796
300000352 200000088 400001405 400001406 400001407 400001408 -2577802.4491 1330561.6814 -5672228.9398 -1330561.6814 2577802.4491 -5672228.9398 -1266279.9131 1266279.9131 -6114140.2800  953298.7094     173.6399      46.3887
300000353 200000089 400001409 400001410 400001411 400001412 -6371000.0000       0.0000       0.0000 -6248583.0214 1242920.4416       0.0000 -6248583.0214       0.0000 -1242920.4416  787459.5150     250.4639      74.7450
300000354 200000089 400001413 400001414 400001415 400001416 -5886036.5016 2438076.1476       0.0000 -6114140.2800 1266279.9131 -1266279.9131 -6248583.0214 1242920.4416       0.0000  802260.9823     232.6017      92.2818
300000355 200000089 400001417 400001418 400001419 400001420 -5886036.5016       0.0000 -2438076.1476 -6248583.0214       0.0000 -1242920.4416 -6114140.2800 1266279.9131 -1266279.9131  802260.9823     238.6237      87.0979
300000356 200000089 400001421 400001422 400001423 400001424 -6248583.0214 1242920.4416       0.0000 -6114140.2800 1266279.9131 -1266279.9131 -6248583.0214       0.0000 -1242920.4416  818294.0298     239.6402      84.2049
300000357 200000090 400001425 400001426 400001427 400001428 -4504977.3029 4504977.3029       0.0000 -5024649.2825 3678298.5650 -1346350.7175 -5297292.9000 3539537.9546       0.0000  853044.8645     210.4228     123.1462
300000358 200000090 400001429 400001430 400001431 400001432 -5201899.7171 2600949.8585 -2600949.8585 -5672228.9398 2577802.4491 -1330561.6814 -5024649.2825 3678298.5650 -1346350.7175  856010.4439     252.4012      82.4595
300000359 200000090 400001433 400001434 400001435 400001436 -5886036.5016 2438076.1476       0.0000 -5297292.9000 3539537.9546       0.0000 -5672228.9398 2577802.4491 -1330561.6814  843039.4974     217.2748     107.7965
300000360 200000090 400001437 400001438 400001439 400001440 -5024649.2825 3678298.5650 -1346350.7175 -5672228.9398 2577802.4491 -1330561.6814 -5297292.9000 3539537.9546       0.0000  873164.3145     217.4358     112.6299
300000361 200000091 400001441 400001442 400001443 400001444 -4504977.3029       0.0000 -4504977.3029 -5297292.9000       0.0000 -3539537.9546 -5024649.2825 1346350.7175 -3678298.5650  853044.8645     243.9154      72.9726
300000362 200000091 400001445 400001446 400001447 400001448 -5886036.5016       0.0000 -2438076.1476 -5672228.9398 1330561.6814 -2577802.4491 -5297292.9000       0.0000 -3539537.9546  843039.4974     247.0092      84.8203
300000363 200000091 400001449 400001450 400001451 400001452 -5201899.7171 2600949.8585 -2600949.8585 -5024649.2825 1346350.7175 -3678298.5650 -5672228.9398 1330561.6814 -2577802.4491  856010.4439     257.2086      72.5464
300000364 200000091 400001453 400001454 400001455 400001456 -5297292.9000       0.0000 -3539537.9546 -5672228.9398 1330561.6814 -2577802.4491 -5024649.2825 1346350.7175 -3678298.5650  873164.3145     251.2301      74.2363
300000365 200000092 400001457 400001458 400001459 400001460 -5886036.5016 2438076.1476       0.0000 -5672228.9398 2577802.4491 -1330561.6814 -6114140.2800 1266279.9131 -1266279.9131  931256.6789     224.3029     100.3082
300000366 200000092 400001461 400001462 400001463 400001464 -5201899.7171 2600949.8585 -2600949.8585 -5672228.9398 1330561.6814 -2577802.4491 -5672228.9398 2577802.4491 -1330561.6814  917252.3363     256.8289      82.0074
300000367 200000092 400001465 400001466 400001467 400001468 -5886036.5016       0.0000 -2438076.1476 -6114140.2800 1266279.9131 -1266279.9131 -5672228.9398 1330561.6814 -2577802.4491  931256.6789     241.3834      92.1552
300000368 200000092 400001469 400001470 400001471 400001472 -5672228.9398 2577802.4491 -1330561.6814 -5672228.9398 1330561.6814 -2577802.4491 -6114140.2800 1266279.9131 -1266279.9131  953298.7094     238.7186      94.7766
300000369 200000093 400001473 400001474 400001475 400001476       0.0000 4504977.3029 -4504977.3029 -1346350.7175 3678298.5650 -5024649.2825 -1346350.7175 5024649.2825 -3678298.5650 1318824.6059     225.2551      86.5038
300000370 200000093 400001477 400001478 400001479 400001480 -2600949.8585 2600949.8585 -5201899.7171 -2716603.5278 4074905.2917 -4074905.2917 -1346350.7175 3678298.5650 -5024649.2825 1330535.5610     215.9859      80.3396
300000371 200000093 400001481 400001482 400001483 400001484 -2600949.8585 5201899.7171 -2600949.8585 -1346350.7175 5024649.2825 -3678298.5650 -2716603.5278 4074905.2917 -4074905.2917 1330535.5610     256.3707      79.2433
300000372 200000093 400001485 400001486 400001487 400001488 -1346350.7175 3678298.5650 -5024649.2825 -2716603.5278 4074905.2917 -4074905.2917 -1346350.7175 5024649.2825 -3678298.5650 1378948.6957     230.0293      87.7915
300000373 200000094 400001489 400001490 400001491 400001492 -4504977.3029       0.0000 -4504977.3029 -5024649.2825 1346350.7175 -3678298.5650 -3678298.5650 1346350.7175 -5024649.2825 1318824.6059     231.2346      75.7857
300000374 200000094 400001493 400001494 400001495 400001496 -5201899.7171 2600949.8585 -2600949.8585 -4074905.2917 2716603.5278 -4074905.2917 -5024649.2825 1346350.7175 -3678298.5650 1330535.5610     252.2126      74.0582
300000375 200000094 400001497 400001498 400001499 400001500 -2600949.8585 2600949.8585 -5201899.7171 -3678298.5650 1346350.7175 -5024649.2825 -4074905.2917 2716603.5278 -4074905.2917 1330535.5610     222.7825      76.3881
300000376 200000094 400001501 400001502 400001503 400001504 -5024649.2825 1346350.7175 -3678298.5650 -4074905.2917 2716603.5278 -4074905.2917 -3678298.5650 1346350.7175 -5024649.2825 1378948.6957     235.7495      78.3748
300000377 200000095 400001505 400001506 400001507 400001508 -4504977.3029 4504977.3029       0.0000 -3678298.5650 5024649.2825 -1346350.7175 -5024649.2825 3678298.5650 -1346350.7175 1318824.6059     226.2099     103.4331
300000378 200000095 400001509 400001510 400001511 400001512 -2600949.8585 5201899.7171 -2600949.8585 -4074905.2917 4074905.2917 -2716603.5278 -3678298.5650 5024649.2825 -1346350.7175 1330535.5610     279.0851      75.0160
300000379 200000095 400001513 400001514 400001515 400001516 -5201899.7171 2600949.8585 -2600949.8585 -5024649.2825 3678298.5650 -1346350.7175 -4074905.2917 4074905.2917 -2716603.5278 1330535.5610     272.8931      84.5469
300000380 200000095 400001517 400001518 400001519 400001520 -3678298.5650 5024649.2825 -1346350.7175 -4074905.2917 4074905.2917 -2716603.5278 -5024649.2825 3678298.5650 -1346350.7175 1378948.6957     270.0937      78.1171
300000381 200000096 400001521 400001522 400001523 400001524 -2600949.8585 2600949.8585 -5201899.7171 -4074905.2917 2716603.5278 -4074905.2917 -2716603.5278 4074905.2917 -4074905.2917 1557076.8123     227.1211      82.3249
300000382 200000096 400001525 400001526 400001527 400001528 -5201899.7171 2600949.8585 -2600949.8585 -4074905.2917 4074905.2917 -2716603.5278 -4074905.2917 2716603.5278 -4074905.2917 1557076.8123     266.0577      80.6892
300000383 200000096 400001529 400001530 400001531 400001532 -2600949.8585 5201899.7171 -2600949.8585 -2716603.5278 4074905.2917 -4074905.2917 -4074905.2917 4074905.2917 -2716603.5278 1557076.8123     260.9420      79.0823
300000384 200000096 400001533 400001534 400001535 400001536 -4074905.2917 2716603.5278 -4074905.2917 -4074905.2917 4074905.2917 -2716603.5278 -2716603.5278 4074905.2917 -4074905.2917 1628720.8215     249.4995      81.0062
300000385 200000097 400001537 400001538 400001539 400001540 -6371000.0000       0.0000       0.0000 -6248583.0214       0.0000 -1242920.4416 -6248583.0214 -1242920.4416       0.0000  787459.5150     258.2688      68.2618
300000386 200000097 400001541 400001542 400001543 400001544 -5886036.5016       0.0000 -2438076.1476 -6114140.2800 -1266279.9131 -1266279.9131 -6248583.0214       0.0000 -1242920.4416  802260.9823     244.2316      82.0107
300000387 200000097 400001545 400001546 400001547 400001548 -5886036.5016 -2438076.1476       0.0000 -6248583.0214 -1242920.4416       0.0000 -6114140.2800 -1266279.9131 -1266279.9131  802260.9823     266.2620      64.8193
300000388 200000097 400001549 400001550 400001551 400001552 -6248583.0214       0.0000 -1242920.4416 -6114140.2800 -1266279.9131 -1266279.9131 -6248583.0214 -1242920.4416       0.0000  818294.0298     253.7018      75.9063
300000389 200000098 400001553 400001554 400001555 400001556 -4504977.3029       0.0000 -4504977.3029 -5024649.2825 -1346350.7175 -3678298.5650 -5297292.9000       0.0000 -3539537.9546  853044.8645     241.4211      78.3027
300000390 200000098 400001557 400001558 400001559 400001560 -5201899.7171 -2600949.8585 -2600949.8585 -5672228.9398 -1330561.6814 -2577802.4491 -5024649.2825 -1346350.7175 -3678298.5650  856010.4439     239.8393      89.3622
300000391 200000098 400001561 400001562 400001563 400001564 -5886036.5016       0.0000 -2438076.1476 -5297292.9000       0.0000 -3539537.9546 -5672228.9398 -1330561.6814 -2577802.4491  843039.4974     242.5035      85.5087
300000392 200000098 400001565 400001566 400001567 400001568 -5024649.2825 -1346350.7175 -3678298.5650 -5672228.9398 -1330561.6814 -2577802.4491 -5297292.9000       0.0000 -3539537.9546  873164.3145     242.4087      85.0722
300000393 200000099 400001569 400001570 400001571 400001572 -4504977.3029 -4504977.3029       0.0000 -5297292.9000 -3539537.9546       0.0000 -5024649.2825 -3678298.5650 -1346350.7175  853044.8645     268.7740      63.7392
300000394 200000099 400001573 400001574 400001575 400001576 -5886036.5016 -2438076.1476       0.0000 -5672228.9398 -2577802.4491 -1330561.6814 -5297292.9000 -3539537.9546       0.0000  843039.4974     268.1508      65.2965
300000395 200000099 400001577 400001578 400001579 400001580 -5201899.7171 -2600949.8585 -2600949.8585 -5024649.2825 -3678298.5650 -1346350.7175 -5672228.9398 -2577802.4491 -1330561.6814  856010.4439     257.3749      70.1116
300000396 200000099 400001581 400001582 400001583 400001584 -5297292.9000 -3539537.9546       0.0000 -5672228.9398 -2577802.4491 -1330561.6814 -5024649.2825 -3678298.5650 -1346350.7175  873164.3145     267.8287      63.6117
300000397 200000100 400001585 400001586 400001587 400001588 -5886036.5016       0.0000 -2438076.1476 -5672228.9398 -1330561.6814 -2577802.4491 -6114140.2800 -1266279.9131 -1266279.9131  931256.6789     243.4031      85.9789
300000398 200000100 400001589 400001590 400001591 400001592 -5201899.7171 -2600949.8585 -2600949.8585 -5672228.9398 -2577802.4491 -1330561.6814 -5672228.9398 -1330561.6814 -2577802.4491  917252.3363     246.7451      82.7752
300000399 200000100 400001593 400001594 400001595 400001596 -5886036.5016 -2438076.1476       0.0000 -6114140.2800 -1266279.9131 -1266279.9131 -5672228.9398 -2577802.4491 -1330561.6814  931256.6789     260.5048      70.4146
300000400 200000100 400001597 400001598 400001599 400001600 -5672228.9398 -1330561.6814 -2577802.4491 -5672228.9398 -2577802.4491 -1330561.6814 -6114140.2800 -1266279.9131 -1266279.9131  953298.7094     249.9967      77.9678
300000401 200000101 400001601 400001602 400001603 400001604       0.0000       0.0000 -6371000.0000       0.0000 -1242920.4416 -6248583.0214 -1242920.4416       0.0000 -6248583.0214  787459.5150     157.7602       1.3646
300000402 200000101 400001605 400001606 400001607 400001608       0.0000 -2438076.1476 -5886036.5016 -1266279.9131 -1266279.9131 -6114140.2800       0.0000 -1242920.4416 -6248583.0214  802260.9823     177.6448      19.7491
300000403 200000101 400001609 400001610 400001611 400001612 -2438076.1476       0.0000 -5886036.5016 -1242920.4416       0.0000 -6248583.0214 -1266279.9131 -1266279.9131 -6114140.2800  802260.9823     182.0405      20.2896
300000404 200000101 400001613 400001614 400001615 400001616       0.0000 -1242920.4416 -6248583.0214 -1266279.9131 -1266279.9131 -6114140.2800 -1242920.4416       0.0000 -6248583.0214  818294.0298     165.2723       7.6184
300000405 200000102 400001617 400001618 400001619 400001620       0.0000 -4504977.3029 -4504977.3029 -1346350.7175 -3678298.5650 -5024649.2825       0.0000 -3539537.9546 -5297292.9000  853044.8645     215.3959      73.4024
300000406 200000102 400001621 400001622 400001623 400001624 -2600949.8585 -2600949.8585 -5201899.7171 -1330561.6814 -2577802.4491 -5672228.9398 -1346350.7175 -3678298.5650 -5024649.2825  856010.4439     209.2516      65.1592
300000407 200000102 400001625 400001626 400001627 400001628       0.0000 -2438076.1476 -5886036.5016       0.0000 -3539537.9546 -5297292.9000 -1330561.6814 -2577802.4491 -5672228.9398  843039.4974     202.8419      49.6160
300000408 200000102 400001629 400001630 400001631 400001632 -1346350.7175 -3678298.5650 -5024649.2825 -1330561.6814 -2577802.4491 -5672228.9398       0.0000 -3539537.9546 -5297292.9000  873164.3145     208.4930      62.7829
300000409 200000103 400001633 400001634 400001635 400001636 -4504977.3029       0.0000 -4504977.3029 -3539537.9546       0.0000 -5297292.9000 -3678298.5650 -1346350.7175 -5024649.2825  853044.8645     222.1738      74.9216
300000410 200000103 400001637 400001638 400001639 400001640 -2438076.1476       0.0000 -5886036.5016 -2577802.4491 -1330561.6814 -5672228.9398 -3539537.9546       0.0000 -5297292.9000  843039.4974     200.8460      53.4427
300000411 200000103 400001641 400001642 400001643 400001644 -2600949.8585 -2600949.8585 -5201899.7171 -3678298.5650 -1346350.7175 -5024649.2825 -2577802.4491 -1330561.6814 -5672228.9398  856010.4439     209.1920      66.4531
300000412 200000103 400001645 400001646 400001647 400001648 -3539537.9546       0.0000 -5297292.9000 -2577802.4491 -1330561.6814 -5672228.9398 -3678298.5650 -1346350.7175 -5024649.2825  873164.3145     210.1469      64.4355
300000413 200000104 400001649 400001650 400001651 400001652       0.0000 -2438076.1476 -5886036.5016 -1330561.6814 -2577802.4491 -5672228.9398 -1266279.9131 -1266279.9131 -6114140.2800  931256.6789     194.3490      34.1640
300000414 200000104 400001653 400001654 400001655 400001656 -2600949.8585 -2600949.8585 -5201899.7171 -2577802.4491 -1330561.6814 -5672228.9398 -1330561.6814 -2577802.4491 -5672228.9398  917252.3363     202.6802      58.0273
300000415 200000104 400001657 400001658 400001659 400001660 -2438076.1476       0.0000 -5886036.5016 -1266279.9131 -1266279.9131 -6114140.2800 -2577802.4491 -1330561.6814 -5672228.9398  931256.6789     191.4133      36.1912
300000416 200000104 400001661 400001662 400001663 400001664 -1330561.6814 -2577802.4491 -5672228.9398 -2577802.4491 -1330561.6814 -5672228.9398 -1266279.9131 -1266279.9131 -6114140.2800  953298.7094     195.4423      39.7501
300000417 200000105 400001665 400001666 400001667 400001668       0.0000 -6371000.0000       0.0000 -1242920.4416 -6248583.0214       0.0000       0.0000 -6248583.0214 -1242920.4416  787459.5150     271.1083      74.2051
300000418 200000105 400001669 400001670 400001671 400001672 -2438076.1476 -5886036.5016       0.0000 -1266279.9131 -6114140.2800 -1266279.9131 -1242920.4416 -6248583.0214       0.0000  802260.9823     272.4141      74.3889
300000419 200000105 400001673 400001674 400001675 400001676       0.0000 -5886036.5016 -2438076.1476       0.0000 -6248583.0214 -1242920.4416 -1266279.9131 -6114140.2800 -1266279.9131  802260.9823     278.9245      73.8239
300000420 200000105 400001677 400001678 400001679 400001680 -1242920.4416 -6248583.0214       0.0000 -1266279.9131 -6114140.2800 -1266279.9131       0.0000 -6248583.0214 -1242920.4416  818294.0298     274.8362      75.8458
300000421 200000106 400001681 400001682 400001683 400001684 -4504977.3029 -4504977.3029       0.0000 -3678298.5650 -5024649.2825 -1346350.7175 -3539537.9546 -5297292.9000       0.0000  853044.8645     270.3545      66.1805
300000422 200000106 400001685 400001686 400001687 400001688 -2600949.8585 -5201899.7171 -2600949.8585 -2577802.4491 -5672228.9398 -1330561.6814 -3678298.5650 -5024649.2825 -1346350.7175  856010.4439     283.6980      58.1777
300000423 200000106 400001689 400001690 400001691 400001692 -2438076.1476 -5886036.5016       0.0000 -3539537.9546 -5297292.9000       0.0000 -2577802.4491 -5672228.9398 -1330561.6814  843039.4974     271.6422      72.4480
300000424 200000106 400001693 400001694 400001695 400001696 -3678298.5650 -5024649.2825 -1346350.7175 -2577802.4491 -5672228.9398 -1330561.6814 -3539537.9546 -5297292.9000       0.0000  873164.3145     277.0765      64.7526
300000425 200000107 400001697 400001698 400001699 400001700       0.0000 -4504977.3029 -4504977.3029       0.0000 -5297292.9000 -3539537.9546 -1346350.7175 -5024649.2825 -3678298.5650  853044.8645     235.0658      84.4456
300000426 200000107 400001701 400001702 400001703 400001704       0.0000 -5886036.5016 -2438076.1476 -1330561.6814 -5672228.9398 -2577802.4491       0.0000 -5297292.9000 -3539537.9546  843039.4974     267.9860      68.8389
300000427 200000107 400001705 400001706 400001707 400001708 -2600949.8585 -5201899.7171 -2600949.8585 -1346350.7175 -5024649.2825 -3678298.5650 -1330561.6814 -5672228.9398 -2577802.4491  856010.4439     259.1736      69.8295
300000428 200000107 400001709 400001710 400001711 400001712       0.0000 -5297292.9000 -3539537.9546 -1330561.6814 -5672228.9398 -2577802.4491 -1346350.7175 -5024649.2825 -3678298.5650  873164.3145     253.0432      72.4457
300000429 200000108 400001713 400001714 400001715 400001716 -2438076.1476 -5886036.5016       0.0000 -2577802.4491 -5672228.9398 -1330561.6814 -1266279.9131 -6114140.2800 -1266279.9131  931256.6789     276.7843      71.1617
300000430 200000108 400001717 400001718 400001719 400001720 -2600949.8585 -5201899.7171 -2600949.8585 -1330561.6814 -5672228.9398 -2577802.4491 -2577802.4491 -5672228.9398 -1330561.6814  917252.3363     279.6708      61.6315
300000431 200000108 400001721 400001722 400001723 400001724       0.0000 -5886036.5016 -2438076.1476 -1266279.9131 -6114140.2800 -1266279.9131 -1330561.6814 -5672228.9398 -2577802.4491  931256.6789     278.5232      68.5844
300000432 200000108 400001725 400001726 400001727 400001728 -2577802.4491 -5672228.9398 -1330561.6814 -1330561.6814 -5672228.9398 -2577802.4491 -1266279.9131 -6114140.2800 -1266279.9131  953298.7094     282.9563      64.2066
300000433 200000109 400001729 400001730 400001731 400001732 -4504977.3029       0.0000 -4504977.3029 -3678298.5650 -1346350.7175 -5024649.2825 -5024649.2825 -1346350.7175 -3678298.5650 1318824.6059     233.2346      80.1972
300000434 200000109 400001733 400001734 400001735 400001736 -2600949.8585 -2600949.8585 -5201899.7171 -4074905.2917 -2716603.5278 -4074905.2917 -3678298.5650 -1346350.7175 -5024649.2825 1330535.5610     223.3733      76.4574
300000435 200000109 400001737 400001738 400001739 400001740 -5201899.7171 -2600949.8585 -2600949.8585 -5024649.2825 -1346350.7175 -3678298.5650 -4074905.2917 -2716603.5278 -4074905.2917 1330535.5610     236.6749      88.8538
300000436 200000109 400001741 400001742 400001743 400001744 -3678298.5650 -1346350.7175 -5024649.2825 -4074905.2917 -2716603.5278 -4074905.2917 -5024649.2825 -1346350.7175 -3678298.5650 1378948.6957     233.4395      82.3697
300000437 200000110 400001745 400001746 400001747 400001748       0.0000 -4504977.3029 -4504977.3029 -1346350.7175 -5024649.2825 -3678298.5650 -1346350.7175 -3678298.5650 -5024649.2825 1318824.6059     223.8785      85.5522
300000438 200000110 400001749 400001750 400001751 400001752 -2600949.8585 -5201899.7171 -2600949.8585 -2716603.5278 -4074905.2917 -4074905.2917 -1346350.7175 -5024649.2825 -3678298.5650 1330535.5610     237.8913      87.5669
300000439 200000110 400001753 400001754 400001755 400001756 -2600949.8585 -2600949.8585 -5201899.7171 -1346350.7175 -3678298.5650 -5024649.2825 -2716603.5278 -4074905.2917 -4074905.2917 1330535.5610     219.6565      79.2210
300000440 200000110 400001757 400001758 400001759 400001760 -1346350.7175 -5024649.2825 -3678298.5650 -2716603.5278 -4074905.2917 -4074905.2917 -1346350.7175 -3678298.5650 -5024649.2825 1378948.6957     226.0064      88.1932
300000441 200000111 400001761 400001762 400001763 400001764 -4504977.3029 -4504977.3029       0.0000 -5024649.2825 -3678298.5650 -1346350.7175 -3678298.5650 -5024649.2825 -1346350.7175 1318824.6059     273.0561      60.2055
300000442 200000111 400001765 400001766 400001767 400001768 -5201899.7171 -2600949.8585 -2600949.8585 -4074905.2917 -4074905.2917 -2716603.5278 -5024649.2825 -3678298.5650 -1346350.7175 1330535.5610     255.3181      72.1751
300000443 200000111 400001769 400001770 400001771 400001772 -2600949.8585 -5201899.7171 -2600949.8585 -3678298.5650 -5024649.2825 -1346350.7175 -4074905.2917 -4074905.2917 -2716603.5278 1330535.5610     271.9121      62.9028
300000444 200000111 400001773 400001774 400001775 400001776 -5024649.2825 -3678298.5650 -1346350.7175 -4074905.2917 -4074905.2917 -2716603.5278 -3678298.5650 -5024649.2825 -1346350.7175 1378948.6957     271.6749      60.0740
300000445 200000112 400001777 400001778 400001779 400001780 -2600949.8585 -2600949.8585 -5201899.7171 -2716603.5278 -4074905.2917 -4074905.2917 -4074905.2917 -2716603.5278 -4074905.2917 1557076.8123     227.1887      81.2763
300000446 200000112 400001781 400001782 400001783 400001784 -2600949.8585 -5201899.7171 -2600949.8585 -4074905.2917 -4074905.2917 -2716603.5278 -2716603.5278 -4074905.2917 -4074905.2917 1557076.8123     242.4351      84.5371
300000447 200000112 400001785 400001786 400001787 400001788 -5201899.7171 -2600949.8585 -2600949.8585 -4074905.2917 -2716603.5278 -4074905.2917 -4074905.2917 -4074905.2917 -2716603.5278 1557076.8123     238.2893      86.0620
300000448 200000112 400001789 400001790 400001791 400001792 -2716603.5278 -4074905.2917 -4074905.2917 -4074905.2917 -4074905.2917 -2716603.5278 -4074905.2917 -2716603.5278 -4074905.2917 1628720.8215     233.7673      88.3763
300000449 200000113 400001793 400001794 400001795 400001796       0.0000 -6371000.0000       0.0000       0.0000 -6248583.0214 -1242920.4416 1242920.4416 -6248583.0214       0.0000  787459.5150     267.8962      69.2884
300000450 200000113 400001797 400001798 400001799 400001800       0.0000 -5886036.5016 -2438076.1476 1266279.9131 -6114140.2800 -1266279.9131       0.0000 -6248583.0214 -1242920.4416  802260.9823     276.7306      83.6870
300000451 200000113 400001801 400001802 400001803 400001804 2438076.1476 -5886036.5016       0.0000 1242920.4416 -6248583.0214       0.0000 1266279.9131 -6114140.2800 -1266279.9131  802260.9823     217.7945     147.7907
300000452 200000113 400001805 400001806 400001807 400001808       0.0000 -6248583.0214 -1242920.4416 1266279.9131 -6114140.2800 -1266279.9131 1242920.4416 -6248583.0214       0.0000  818294.0298     262.2173      82.7113
300000453 200000114 400001809 400001810 400001811 400001812       0.0000 -4504977.3029 -4504977.3029 1346350.7175 -5024649.2825 -3678298.5650       0.0000 -5297292.9000 -3539537.9546  853044.8645     241.3330      81.7261
300000454 200000114 400001813 400001814 400001815 400001816 2600949.8585 -5201899.7171 -2600949.8585 1330561.6814 -5672228.9398 -2577802.4491 1346350.7175 -5024649.2825 -3678298.5650  856010.4439     269.1759      87.4667
300000455 200000114 400001817 400001818 400001819 400001820       0.0000 -5886036.5016 -2438076.1476       0.0000 -5297292.9000 -3539537.9546 1330561.6814 -5672228.9398 -2577802.4491  843039.4974     268.4325      80.2757
300000456 200000114 400001821 400001822 400001823 400001824 1346350.7175 -5024649.2825 -3678298.5650 1330561.6814 -5672228.9398 -2577802.4491       0.0000 -5297292.9000 -3539537.9546  873164.3145     263.1186      82.2780
300000457 200000115 400001825 400001826 400001827 400001828 4504977.3029 -4504977.3029       0.0000 3539537.9546 -5297292.9000       0.0000 3678298.5650 -5024649.2825 -1346350.7175  853044.8645     211.9209     134.7251
300000458 200000115 400001829 400001830 400001831 400001832 2438076.1476 -5886036.5016       0.0000 2577802.4491 -5672228.9398 -1330561.6814 3539537.9546 -5297292.9000       0.0000  843039.4974     208.6371     138.6423
300000459 200000115 400001833 400001834 400001835 400001836 2600949.8585 -5201899.7171 -2600949.8585 3678298.5650 -5024649.2825 -1346350.7175 2577802.4491 -5672228.9398 -1330561.6814  856010.4439     247.8598     105.4999
300000460 200000115 400001837 400001838 400001839 400001840 3539537.9546 -5297292.9000       0.0000 2577802.4491 -5672228.9398 -1330561.6814 3678298.5650 -5024649.2825 -1346350.7175  873164.3145     217.1461     127.9962
300000461 200000116 400001841 400001842 400001843 400001844       0.0000 -5886036.5016 -2438076.1476 1330561.6814 -5672228.9398 -2577802.4491 1266279.9131 -6114140.2800 -1266279.9131  931256.6789     274.4630      99.2235
300000462 200000116 400001845 400001846 400001847 400001848 2600949.8585 -5201899.7171 -2600949.8585 2577802.4491 -5672228.9398 -1330561.6814 1330561.6814 -5672228.9398 -2577802.4491  917252.3363     261.0894      98.9990
300000463 200000116 400001849 400001850 400001851 400001852 2438076.1476 -5886036.5016       0.0000 1266279.9131 -6114140.2800 -1266279.9131 2577802.4491 -5672228.9398 -1330561.6814  931256.6789     219.5423     131.6741
300000464 200000116 400001853 400001854 400001855 400001856 1330561.6814 -5672228.9398 -2577802.4491 2577802.4491 -5672228.9398 -1330561.6814 1266279.9131 -6114140.2800 -1266279.9131  953298.7094     252.5818     105.4111
300000465 200000117 400001857 400001858 400001859 400001860       0.0000       0.0000 -6371000.0000 1242920.4416       0.0000 -6248583.0214       0.0000 -1242920.4416 -6248583.0214  787459.5150     150.7153       1.3783
300000466 200000117 400001861 400001862 400001863 400001864 2438076.1476       0.0000 -5886036.5016 1266279.9131 -1266279.9131 -6114140.2800 1242920.4416       0.0000 -6248583.0214  802260.9823     169.6701      20.5258
300000467 200000117 400001865 400001866 400001867 400001868       0.0000 -2438076.1476 -5886036.5016       0.0000 -1242920.4416 -6248583.0214 1266279.9131 -1266279.9131 -6114140.2800  802260.9823     176.8451      19.5459
300000468 200000117 400001869 400001870 400001871 400001872 1242920.4416       0.0000 -6248583.0214 1266279.9131 -1266279.9131 -6114140.2800       0.0000 -1242920.4416 -6248583.0214  818294.0298     167.7794       7.6046
300000469 200000118 400001873 400001874 400001875 400001876 4504977.3029       0.0000 -4504977.3029 3678298.5650 -1346350.7175 -5024649.2825 3539537.9546       0.0000 -5297292.9000  853044.8645     209.9317      81.8463
300000470 200000118 400001877 400001878 400001879 400001880 2600949.8585 -2600949.8585 -5201899.7171 2577802.4491 -1330561.6814 -5672228.9398 3678298.5650 -1346350.7175 -5024649.2825  856010.4439     203.1237      70.1897
300000471 200000118 400001881 400001882 400001883 400001884 2438076.1476       0.0000 -5886036.5016 3539537.9546       0.0000 -5297292.9000 2577802.4491 -1330561.6814 -5672228.9398  843039.4974     196.7345      53.5308
300000472 200000118 400001885 400001886 400001887 400001888 3678298.5650 -1346350.7175 -5024649.2825 2577802.4491 -1330561.6814 -5672228.9398 3539537.9546       0.0000 -5297292.9000  873164.3145     203.1507      68.1536
300000473 200000119 400001889 400001890 400001891 400001892       0.0000 -4504977.3029 -4504977.3029       0.0000 -3539537.9546 -5297292.9000 1346350.7175 -3678298.5650 -5024649.2825  853044.8645     213.0129      75.5867
300000474 200000119 400001893 400001894 400001895 400001896       0.0000 -2438076.1476 -5886036.5016 1330561.6814 -2577802.4491 -5672228.9398       0.0000 -3539537.9546 -5297292.9000  843039.4974     202.5985      49.5406
300000475 200000119 400001897 400001898 400001899 400001900 2600949.8585 -2600949.8585 -5201899.7171 1346350.7175 -3678298.5650 -5024649.2825 1330561.6814 -2577802.4491 -5672228.9398  856010.4439     205.0900      62.5450
300000476 200000119 400001901 400001902 400001903 400001904       0.0000 -3539537.9546 -5297292.9000 1330561.6814 -2577802.4491 -5672228.9398 1346350.7175 -3678298.5650 -5024649.2825  873164.3145     205.4794      63.0562
300000477 200000120 400001905 400001906 400001907 400001908 2438076.1476       0.0000 -5886036.5016 2577802.4491 -1330561.6814 -5672228.9398 1266279.9131 -1266279.9131 -6114140.2800  931256.6789     189.8580      36.5950
300000478 200000120 400001909 400001910 400001911 400001912 2600949.8585 -2600949.8585 -5201899.7171 1330561.6814 -2577802.4491 -5672228.9398 2577802.4491 -1330561.6814 -5672228.9398  917252.3363     198.9648      59.6800
300000479 200000120 400001913 400001914 400001915 400001916       0.0000 -2438076.1476 -5886036.5016 1266279.9131 -1266279.9131 -6114140.2800 1330561.6814 -2577802.4491 -5672228.9398  931256.6789     185.9601      37.0714
300000480 200000120 400001917 400001918 400001919 400001920 2577802.4491 -1330561.6814 -5672228.9398 1330561.6814 -2577802.4491 -5672228.9398 1266279.9131 -1266279.9131 -6114140.2800  953298.7094     189.1036      45.0997
300000481 200000121 400001921 400001922 400001923 400001924 6371000.0000       0.0000       0.0000 6248583.0214 -1242920.4416       0.0000 6248583.0214       0.0000 -1242920.4416  787459.5150     253.8258      76.7899
300000482 200000121 400001925 400001926 400001927 400001928 5886036.5016 -2438076.1476       0.0000 6114140.2800 -1266279.9131 -1266279.9131 6248583.0214 -1242920.4416       0.0000  802260.9823     260.1710      74.7538
300000483 200000121 400001929 400001930 400001931 400001932 5886036.5016       0.0000 -2438076.1476 6248583.0214       0.0000 -1242920.4416 6114140.2800 -1266279.9131 -1266279.9131  802260.9823     286.0748      75.7578
300000484 200000121 400001933 400001934 400001935 400001936 6248583.0214 -1242920.4416       0.0000 6114140.2800 -1266279.9131 -1266279.9131 6248583.0214       0.0000 -1242920.4416  818294.0298     274.7408      67.9161
300000485 200000122 400001937 400001938 400001939 400001940 4504977.3029 -4504977.3029       0.0000 5024649.2825 -3678298.5650 -1346350.7175 5297292.9000 -3539537.9546       0.0000  853044.8645     236.6327     110.4407
300000486 200000122 400001941 400001942 400001943 400001944 5201899.7171 -2600949.8585 -2600949.8585 5672228.9398 -2577802.4491 -1330561.6814 5024649.2825 -3678298.5650 -1346350.7175  856010.4439     277.3925      58.9661
300000487 200000122 400001945 400001946 400001947 400001948 5886036.5016 -2438076.1476       0.0000 5297292.9000 -3539537.9546       0.0000 5672228.9398 -2577802.4491 -1330561.6814  843039.4974     250.1518      84.8747
300000488 200000122 400001949 400001950 400001951 400001952 5024649.2825 -3678298.5650 -1346350.7175 5672228.9398 -2577802.4491 -1330561.6814 5297292.9000 -3539537.9546       0.0000  873164.3145     263.4491      72.2640
300000489 200000123 400001953 400001954 400001955 400001956 4504977.3029       0.0000 -4504977.3029 5297292.9000       0.0000 -3539537.9546 5024649.2825 -1346350.7175 -3678298.5650  853044.8645     234.3809      89.0828
300000490 200000123 400001957 400001958 400001959 400001960 5886036.5016       0.0000 -2438076.1476 5672228.9398 -1330561.6814 -2577802.4491 5297292.9000       0.0000 -3539537.9546  843039.4974     269.0151      71.9817
300000491 200000123 400001961 400001962 400001963 400001964 5201899.7171 -2600949.8585 -2600949.8585 5024649.2825 -1346350.7175 -3678298.5650 5672228.9398 -1330561.6814 -2577802.4491  856010.4439     254.2029      76.8970
300000492 200000123 400001965 400001966 400001967 400001968 5297292.9000       0.0000 -3539537.9546 5672228.9398 -1330561.6814 -2577802.4491 5024649.2825 -1346350.7175 -3678298.5650  873164.3145     252.0379      75.6112
300000493 200000124 400001969 400001970 400001971 400001972 5886036.5016 -2438076.1476       0.0000 5672228.9398 -2577802.4491 -1330561.6814 6114140.2800 -1266279.9131 -1266279.9131  931256.6789     274.1976      65.6656
300000494 200000124 400001973 400001974 400001975 400001976 5201899.7171 -2600949.8585 -2600949.8585 5672228.9398 -1330561.6814 -2577802.4491 5672228.9398 -2577802.4491 -1330561.6814  917252.3363     276.3307      63.2029
300000495 200000124 400001977 400001978 400001979 400001980 5886036.5016       0.0000 -2438076.1476 6114140.2800 -1266279.9131 -1266279.9131 5672228.9398 -1330561.6814 -2577802.4491  931256.6789     282.5463      68.6958
300000496 200000124 400001981 400001982 400001983 400001984 5672228.9398 -2577802.4491 -1330561.6814 5672228.9398 -1330561.6814 -2577802.4491 6114140.2800 -1266279.9131 -1266279.9131  953298.7094     286.1639      59.1821
300000497 200000125 400001985 400001986 400001987 400001988       0.0000 -4504977.3029 -4504977.3029 1346350.7175 -3678298.5650 -5024649.2825 1346350.7175 -5024649.2825 -3678298.5650 1318824.6059     226.2202      82.8413
300000498 200000125 400001989 400001990 400001991 400001992 2600949.8585 -2600949.8585 -5201899.7171 2716603.5278 -4074905.2917 -4074905.2917 1346350.7175 -3678298.5650 -5024649.2825 1330535.5610     220.4182      64.7881
300000499 200000125 400001993 400001994 400001995 400001996 2600949.8585 -5201899.7171 -2600949.8585 1346350.7175 -5024649.2825 -3678298.5650 2716603.5278 -4074905.2917 -4074905.2917 1330535.5610     258.2698      79.1111
300000500 200000125 400001997 400001998 400001999 400002000 1346350.7175 -3678298.5650 -5024649.2825 2716603.5278 -4074905.2917 -4074905.2917 1346350.7175 -5024649.2825 -3678298.5650 1378948.6957     234.1559      64.6346
300000501 200000126 400002001 400002002 400002003 400002004 4504977.3029       0.0000 -4504977.3029 5024649.2825 -1346350.7175 -3678298.5650 3678298.5650 -1346350.7175 -5024649.2825 1318824.6059     221.7014      88.5106
300000502 200000126 400002005 400002006 400002007 400002008 5201899.7171 -2600949.8585 -2600949.8585 4074905.2917 -2716603.5278 -4074905.2917 5024649.2825 -1346350.7175 -3678298.5650 1330535.5610     241.5954      84.7229
300000503 200000126 400002009 400002010 400002011 400002012 2600949.8585 -2600949.8585 -5201899.7171 3678298.5650 -1346350.7175 -5024649.2825 4074905.2917 -2716603.5278 -4074905.2917 1330535.5610     216.3839      80.8357
300000504 200000126 400002013 400002014 400002015 400002016 5024649.2825 -1346350.7175 -3678298.5650 4074905.2917 -2716603.5278 -4074905.2917 3678298.5650 -1346350.7175 -5024649.2825 1378948.6957     226.7571      87.6249
300000505 200000127 400002017 400002018 400002019 400002020 4504977.3029 -4504977.3029       0.0000 3678298.5650 -5024649.2825 -1346350.7175 5024649.2825 -3678298.5650 -1346350.7175 1318824.6059     235.6134     116.3827
300000506 200000127 400002021 400002022 400002023 400002024 2600949.8585 -5201899.7171 -2600949.8585 4074905.2917 -4074905.2917 -2716603.5278 3678298.5650 -5024649.2825 -1346350.7175 1330535.5610     256.9747      94.5900
300000507 200000127 400002025 400002026 400002027 400002028 5201899.7171 -2600949.8585 -2600949.8585 5024649.2825 -3678298.5650 -1346350.7175 4074905.2917 -4074905.2917 -2716603.5278 1330535.5610     262.2693      72.5082
300000508 200000127 400002029 400002030 400002031 400002032 3678298.5650 -5024649.2825 -1346350.7175 4074905.2917 -4074905.2917 -2716603.5278 5024649.2825 -3678298.5650 -1346350.7175 1378948.6957     255.1041      98.3896
300000509 200000128 400002033 400002034 400002035 400002036 2600949.8585 -2600949.8585 -5201899.7171 4074905.2917 -2716603.5278 -4074905.2917 2716603.5278 -4074905.2917 -4074905.2917 1557076.8123     227.5923      74.1336
300000510 200000128 400002037 400002038 400002039 400002040 5201899.7171 -2600949.8585 -2600949.8585 4074905.2917 -4074905.2917 -2716603.5278 4074905.2917 -2716603.5278 -4074905.2917 1557076.8123     250.4401      77.0622
300000511 200000128 400002041 400002042 400002043 400002044 2600949.8585 -5201899.7171 -2600949.8585 2716603.5278 -4074905.2917 -4074905.2917 4074905.2917 -4074905.2917 -2716603.5278 1557076.8123     255.9647      87.7706
300000512 200000128 400002045 400002046 400002047 400002048 4074905.2917 -2716603.5278 -4074905.2917 4074905.2917 -4074905.2917 -2716603.5278 2716603.5278 -4074905.2917 -4074905.2917 1628720.8215     246.0422      73.5610
