version: 1
creator: callgrind-3.10.1
pid: 6308
cmd:  ./sgnlOPS ../analyses/gpsIIR/configOPS_gpsIIR.txt ../analyses/gpsIIR/ucl_svn46_01mar04.eci
part: 1


desc: I1 cache: 
desc: D1 cache: 
desc: LL cache: 

desc: Timerange: Basic block 0 - 4639136460
desc: Trigger: Program termination

positions: line
events: Ir
summary: 31438036001


ob=(1) /lib/x86_64-linux-gnu/ld-2.19.so
fl=(20) /build/buildd/eglibc-2.19/posix/../sysdeps/unix/syscall-template.S
fn=(58) uname
81 4
+1 1

fl=(19) /build/buildd/eglibc-2.19/elf/../sysdeps/unix/sysv/linux/dl-sysdep.c
fn=(56) _dl_discover_osversion
45 7
+2 3
+85 8
-45 3
cfi=(20)
cfn=(58)
calls=1 -6 
* 5
* 1
+15 1
-15 1
+20 1
-1 1
+3 12
+4 3
-2 6
+2 10
+2 1
+1 2
-3 4
+7 3
-1 3
+4 3
-2 3
+2 10
+5 2

fl=(32) /build/buildd/eglibc-2.19/io/../sysdeps/unix/sysv/linux/wordsize-64/fxstat.c
fn=(112) _fxstat
34 6
-1 6
+1 6
+1 36
+4 6

fl=(31) /build/buildd/eglibc-2.19/elf/dl-misc.c
fn=(100) _dl_name_match_p
288 2990
+1 1196
cfi=(17) /build/buildd/eglibc-2.19/string/../sysdeps/x86_64/multiarch/../strcmp.S
cfn=(50) strcmp
calls=598 131 
* 4193
* 598
+1 598
-1 598
+3 598
+2 1196
+4 594
-4 1188
+1 1836
cfi=(17)
cfn=(50)
calls=612 131 
* 10942
* 1224
-5 18
+11 670
-1 580
+1 2320

fn=(240) _dl_higher_prime_number
344 2
+1 4
+6 1
-4 2
+2 32
+1 12
-3 7
+3 7
-3 7
+2 42
+1 18
+1 2
-4 4
+18 2
+1 2

fn=(132) _dl_sysdep_read_whole_file
45 1
+7 1
-7 3
+7 1
-7 1
+1 1
-1 2
+7 1
cfi=(23) /build/buildd/eglibc-2.19/io/../sysdeps/unix/syscall-template.S
cfn=(104) open
calls=1 +29 
* 5
+1 1
-1 1
+1 1
+2 4
cfi=(32)
cfn=(112)
calls=1 -21 
* 10
* 2
+2 1
+3 1
-3 1
+3 1
+13 2
cfi=(23)
cfn=(118) close
calls=1 +8 
* 5
+3 7
-14 6
cfi=(25) /build/buildd/eglibc-2.19/misc/../sysdeps/unix/syscall-template.S
cfn=(68) mmap
calls=1 +19 
* 6
* 2

fl=(26) /build/buildd/eglibc-2.19/string/../sysdeps/x86_64/rtld-memset.S
fn=(70) memset
30 23
+1 23
+1 23
+1 3763
+1 23
+1 23

fl=(7) /build/buildd/eglibc-2.19/elf/../elf/dl-sysdep.c
fn=(244) _dl_sysdep_start_cleanup
256 1

fn=(12) _dl_sysdep_start
86 7
+25 1
-1 1
+1 1
-25 1
+25 213
+6 1
-3 1
+1 1
-4 1
+3 1
+3 4
+1 6
-1 3
-29 1
-1 2
+31 105
-1 82
fi=(19)
-82 2
cfi=(8) /build/buildd/eglibc-2.19/elf/../sysdeps/unix/sysv/linux/x86_64/brk.c
cfn=(14) brk
calls=1 -4 
* 12
fi=(5) /build/buildd/eglibc-2.19/elf/../sysdeps/x86_64/dl-machine.h
200 5
fe=(7)
+34 2
cfi=(10) /build/buildd/eglibc-2.19/elf/../misc/sbrk.c
cfn=(20) sbrk
calls=1 34 
* 17
* 3
+12 3
+3 6
cfi=(2) /build/buildd/eglibc-2.19/elf/rtld.c
cfn=(22) dl_main
calls=1 891 
* 1800329
+1 1
+1 8
151 1
+1 1
+27 1
+1 1
-17 1
+1 1
-7 1
+1 1
-4 1
+1 1
-25 1
+1 1
-4 1
+1 1
-7 1
+1 1
+2 1
+1 1
232 1
cfi=(9) /build/buildd/eglibc-2.19/string/../sysdeps/x86_64/multiarch/../rtld-strlen.S
cfn=(18) strlen
calls=1 26 
* 39
* 2

fl=(81) /build/buildd/eglibc-2.19/elf/dl-open.c
fn=(404) _dl_find_dso_for_object
182 5
+1 4
+1 24
+1 2
+3 2
+4 1
-9 15

fl=(50) /build/buildd/eglibc-2.19/elf/../elf/dl-runtime.c
fn=(202) _dl_fixup
66 458
+6 458
-6 687
+3 229
-1 229
+1 229
+3 229
+1 229
-1 458
+1 1145
+1 229
-1 229
+1 458
+5 458
+4 458
+4 687
+4 456
+1 912
+2 912
+7 687
-1 229
+8 458
+3 2061
cfi=(6) /build/buildd/eglibc-2.19/elf/dl-lookup.c
cfn=(164) _dl_lookup_symbol_x
calls=229 714 
* 214233
* 229
+4 687
+4 916
+6 1374
+16 229
-8 229
+8 687
+4 687
fi=(5)
+65 229
fe=(50)
-61 1145
-64 2
fi=(99) /build/buildd/eglibc-2.19/elf/../sysdeps/x86_64/dl-irel.h
-53 10
cob=(3) /lib/x86_64-linux-gnu/libc-2.19.so
cfi=(46) /build/buildd/eglibc-2.19/string/../sysdeps/x86_64/multiarch/memmove.c
cfn=(186) memcpy@GLIBC_2.2.5
calls=1 +17 
* 13
cob=(3)
cfi=(42) /build/buildd/eglibc-2.19/time/../sysdeps/unix/sysv/linux/x86_64/time.c
cfn=(174) time
calls=1 +5 
* 68
cob=(4) /lib/x86_64-linux-gnu/libm-2.19.so
cfi=(51) /build/buildd/eglibc-2.19/math/../sysdeps/x86_64/fpu/multiarch/s_sin.c
cfn=(208) cos
calls=1 -12 
* 16
cob=(4)
cfi=(51)
cfn=(236) sin
calls=1 -8 
* 16
cob=(4)
cfi=(54) /build/buildd/eglibc-2.19/math/../sysdeps/x86_64/fpu/multiarch/s_ceil.S
cfn=(214) ceil
calls=1 -7 
* 12
cob=(4)
cfi=(61) /build/buildd/eglibc-2.19/math/../sysdeps/x86_64/fpu/multiarch/s_floor.S
cfn=(228) floor
calls=1 -7 
* 12
cob=(3)
cfi=(148) /build/buildd/eglibc-2.19/string/../sysdeps/x86_64/multiarch/memcmp.S
cfn=(1436) bcmp
calls=1 -3 
* 8
cob=(3)
cfi=(140) /build/buildd/eglibc-2.19/string/../sysdeps/x86_64/multiarch/memcpy.S
cfn=(1298) memcpy@@GLIBC_2.14
calls=2 * 
* 14
cob=(3)
cfi=(40) /build/buildd/eglibc-2.19/string/../sysdeps/x86_64/multiarch/strcmp.S
cfn=(982) strcmp
calls=1 +56 
* 9
* 20
fe=(50)

fl=(21) /build/buildd/eglibc-2.19/elf/dl-load.c
fn=(74) fillin_rpath
486 8
+2 1
-2 9
+5 1
cfi=(15) /build/buildd/eglibc-2.19/elf/dl-minimal.c
cfn=(76) strsep
calls=1 338 
* 237
* 3
+4 4
cfn=(78) expand_dynamic_string_token
calls=1 -80 
* 162
+2 1
-2 1
+2 1
cfi=(9)
cfn=(18)
calls=1 26 
* 44
+4 1
-4 1
+4 1
+7 6
+34 2
+4 3
+1 3
-1 1
+1 1
-2 1
cfi=(15)
cfn=(36) malloc
calls=1 93 
* 34
* 1
+3 1
-3 1
+3 3
+5 1
+1 3
-2 1
+2 1
cfi=(24) /build/buildd/eglibc-2.19/string/../sysdeps/x86_64/memcpy.S
cfn=(66) mempcpy
calls=1 61 
* 31
+3 1
-3 1
+3 1
-2 1
+2 1
+6 4
+1 14
+1 10
+3 1
-1 2
+1 1
+7 1
+1 1
-1 1
+4 3
+2 2
cfi=(15)
cfn=(82) free
calls=1 121 
* 6
* 1
* 2
-90 1
cfi=(15)
cfn=(76)
calls=1 338 
* 6
* 2
+94 1
+3 9
-65 18
+1 8
-16 2
+5 2
+3 5
+26 2
+31 2

fn=(102) open_verify
1873 10
+36 1
-36 2
+36 2
+21 4
cfi=(23)
cfn=(104)
calls=1 81 
* 5
+1 1
-1 1
+1 1
+10 1
+1 2
+5 6
cfi=(23)
cfn=(106) read
calls=1 81 
* 5
+2 2
+2 1
+2 1
-2 2
+2 1
+6 2
+16 5
cfi=(12) /build/buildd/eglibc-2.19/string/../string/memcmp.c
cfn=(26) bcmp
calls=1 315 
* 88
* 2
+2 1
-2 2
+4 4
cfi=(12)
cfn=(26)
calls=1 315 
* 80
-4 2
+75 2
+5 2
+3 4
+5 2
+7 1
+1 1
-1 4
+1 3
+1 1
+15 61
+2 19
+4 4
+1 2
+13 1
+1 1
+2 1
-3 1
+1 1
-1 1
+1 1
-2 1
+4 2
-7 4
cfi=(12)
cfn=(26)
calls=1 315 
* 80
* 2
-97 3
2154 8

fn=(126) open_verify.constprop.6
1871 110
+38 11
-38 11
+38 22
+21 44
cfi=(23)
cfn=(104)
calls=11 81 
* 83
+1 11
-1 11
+1 11
+10 4
+1 8
+5 24
cfi=(23)
cfn=(106)
calls=4 81 
* 20
+2 8
+2 4
+2 4
-2 8
+2 4
+6 8
+16 20
cfi=(12)
cfn=(26)
calls=4 315 
* 352
* 8
+2 4
-2 8
+4 16
cfi=(12)
cfn=(26)
calls=4 315 
* 320
-4 8
+75 8
+5 8
+3 16
+5 8
+7 4
+1 4
-1 20
+1 12
+1 4
-2 4
+17 220
+2 74
+4 16
+1 8
+13 4
+1 4
+2 4
-3 4
+1 4
-1 4
+1 4
-2 4
+4 8
+5 2
+1 2
-13 8
cfi=(12)
cfn=(26)
calls=2 315 
* 146
* 16
cfi=(12)
cfn=(26)
calls=4 315 
* 320
* 12
+16 4
+6 2
-3 2
+1 2
+1 2
+1 4
+1 8
-4 2
+1 2
+1 2
-1 6
-1 2
+4 4
+5 7
+23 72
2005 4
+82 2
+67 16

fn=(98) _dl_map_object
2317 96
+7 12
-7 24
+7 12
+1 24
+3 108
+12 98
-12 147
+5 168
+1 112
+2 168
cfi=(31)
cfn=(100)
calls=56 288 
* 3547
* 119
2607 96
2362 10
+10 30
+26 10
-2 5
+2 5
cfi=(27) /build/buildd/eglibc-2.19/string/../sysdeps/x86_64/multiarch/../strchr.S
cfn=(72) index
calls=5 24 
* 115
* 10
2538 6
cfn=(78)
calls=1 415 
* 239
+1 1
-3 1
+4 1
-1 2
+4 6
cfn=(102)
calls=1 1873 
* 447
+3 1
-3 1
+3 1
+12 20
+2 10
+44 5
+1 40
-1 5
+1 15
cfn=(108) _dl_map_object_from_fd
calls=5 923 
* 10824
* 5
2402 8
cfi=(9)
cfn=(18)
calls=4 26 
* 233
* 4
+2 4
-2 4
+2 4
+7 16
+35 8
+1 60
cfn=(124) open_path
calls=4 2168 
* 1471
* 12
+6 24
691 4
2454 4
691 8
2530 8
-95 16
+21 8
+6 16
+2 12
+4 8
cfi=(35) /build/buildd/eglibc-2.19/elf/dl-cache.c
cfn=(130) _dl_load_cache_lookup
calls=4 182 
* 5068
+2 4
-2 4
+2 4
+4 12
+8 8
+22 36
cfn=(126)
calls=4 1871 
* 1964
+3 12
161 12
cfi=(9)
cfn=(18)
calls=4 26 
* 340
* 4
+1 8
cfi=(15)
cfn=(36)
calls=4 -69 
* 136
* 4
+2 12
+3 16
cfi=(16) /build/buildd/eglibc-2.19/string/../sysdeps/x86_64/multiarch/../memcpy.S
cfn=(42) memcpy
calls=4 61 
* 301
2510 4
-1 4
+1 8
-74 28
691 4
2437 4
691 8
2415 4
+8 12
-7 12
-1 4
+8 32
-3 12
691 4
2421 4
691 8
2341 147
+3 28
+2 28
-1 56
+1 28
cfi=(17)
cfn=(50)
calls=28 131 
* 637
* 56

fn=(60) _dl_init_paths
714 1
+13 2
-13 8
+13 3
cfi=(22) /build/buildd/eglibc-2.19/elf/dl-hwcaps.c
cfn=(62) _dl_important_hwcaps
calls=1 39 
* 351
+5 1
-5 1
+5 1
cfi=(15)
cfn=(36)
calls=1 93 
* 34
* 1
+1 1
-1 1
-1 1
+2 1
+8 1
-1 1
+1 4
-1 4
+5 2
cfi=(15)
cfn=(36)
calls=1 93 
* 55
* 1
+2 1
-3 1
+3 2
+29 1
-12 1
-10 1
+11 1
+3 2
+8 1
-12 1
+3 2
-14 1
+9 1
+5 3
+9 2
-7 27
cfi=(26)
cfn=(70)
calls=4 30 
* 88
+7 16
-12 3
+12 6
-14 3
+3 6
-1 3
+3 3
-5 3
+6 12
+4 3
-3 3
+3 6
-3 3
-7 6
+25 1
-11 1
+6 1
+1 1
+5 2
+2 4
+2 3
+38 4
+8 3
cfi=(27)
cfn=(72)
calls=1 24 
* 23
* 2
+2 2
cfi=(9)
cfn=(18)
calls=1 26 
* 48
* 8
cfi=(16)
cfn=(42)
calls=1 61 
* 31
* 1
+17 3
-1 2
+3 1
+1 3
+1 1
-4 3
+2 13
+1 39
+1 13
-4 40
+8 1
cfi=(15)
cfn=(36)
calls=1 93 
* 34
* 1
+1 1
-2 1
+2 1
+6 8
cfn=(74)
calls=1 486 
* 681
+4 3
+6 1
+4 8
-75 1
-2 1
+2 2
+14 2

fn=(108)
923 60
+11 5
-11 5
+11 5
-11 10
+11 5
cfi=(28) /build/buildd/eglibc-2.19/elf/dl-debug.c
cfn=(84) _dl_debug_initialize
calls=5 50 
* 40
+4 15
-4 5
+4 5
cfi=(32)
cfn=(112)
calls=5 34 
* 50
* 10
+11 35
+1 15
-1 60
+1 80
+17 10
+25 10
+10 10
+22 20
+32 10
935 5
1059 35
cfi=(13) /build/buildd/eglibc-2.19/elf/dl-object.c
cfn=(28) _dl_new_object
calls=5 61 
* 2393
+1 5
-1 5
+1 5
+11 10
+5 5
-5 5
+1 10
+1 5
+2 5
-2 5
+2 20
+1 15
+1 5
+24 10
+8 5
-8 45
+8 5
-8 5
+8 5
+89 5
-95 5
-1 5
+96 5
1092 5
1198 10
+8 25
-96 77
-1 328
+1 252
+6 10
+1 15
+1 5
+3 4
+1 2
+5 50
+6 20
+1 10
-1 40
+8 10
+2 20
-2 10
+1 10
+4 10
-5 20
+1 20
+1 10
+1 10
+3 10
+4 10
-9 10
+2 10
+1 10
+1 10
+1 10
+4 10
+1 15
+5 10
-16 5
+16 25
+10 5
-10 10
-16 5
+16 25
+10 5
+3 6
+5 2
-1 2
+3 2
-1 2
-1 2
+1 2
+3 6
+1 4
+3 4
+4 8
+6 2
cfi=(36) /build/buildd/eglibc-2.19/elf/dl-tls.c
cfn=(136) _dl_next_tls_modid
calls=2 50 
* 16
* 4
+1 2
+60 10
+1 15
+1 5
-6 10
+1 20
+8 15
+13 40
+2 10
+14 5
+5 30
cfi=(25)
cfn=(68)
calls=5 81 
* 30
+4 5
-4 5
+4 5
+7 5
+1 5
-1 5
+1 5
+2 5
-3 5
+1 5
+2 5
+10 5
+2 5
+33 30
+1 15
+2 20
+8 40
+6 5
+2 5
-2 5
+1 5
+2 5
-1 5
+1 5
-1 15
+8 10
+3 10
+11 35
cfi=(26)
cfn=(70)
calls=5 30 
* 3426
+1 25
+5 10
+15 10
-74 50
+2 20
+2 40
cfi=(25)
cfn=(68)
calls=5 81 
* 30
* 10
-30 5
-1 25
cfi=(25)
cfn=(114) mprotect
calls=5 81 
* 25
* 5
1072 5
1418 20
+9 10
fi=(3) /build/buildd/eglibc-2.19/elf/get-dynamic-info.h
38 5
fe=(21)
1427 5
fi=(3)
38 5
+6 5
-2 5
+2 10
+7 5
+5 5
+3 5
-1 5
-3 5
-3 114
+10 26
-18 78
+8 97
+10 97
-18 291
+18 5
-18 15
+2 256
+5 124
+2 20
+16 10
+20 17
+1 20
+1 20
+1 20
+2 20
+5 20
+1 19
+1 20
+6 15
+5 10
+7 10
+1 15
+16 15
+5 2
+2 2
-2 2
+2 2
+2 4
+2 4
+3 15
+10 1
-8 2
+9 2
-1 1
+5 2
+3 10
fe=(21)
1433 10
+16 15
+19 10
+2 25
+55 15
+1 4
+3 4
cfi=(23)
cfn=(118)
calls=2 81 
* 10
* 6
cfi=(23)
cfn=(118)
calls=3 81 
* 15
* 10
+8 25
+3 15
+2 5
-2 5
+2 5
+16 10
cfi=(6)
cfn=(10) _dl_setup_hash
calls=5 859 
* 125
+4 10
+1 10
+17 10
+1 1
+3 1
+5 1
-5 1
+1 2
+4 1
-5 4
+5 4
-5 4
+1 8
+4 4
+10 15
cfi=(13)
cfn=(44) _dl_add_to_namespace_list
calls=5 32 
* 240
+4 20
+20 40
fi=(3)
56 20
+3 20
+1 5
+1 20
fe=(21)
1356 15
+2 3
-1 9
+1 6
-1 3
+1 6
-1 6
+3 12
+43 16
cfi=(25)
cfn=(68)
calls=2 81 
* 12
+3 4
1537 10
474 8

fn=(124)
2168 32
+1 4
-1 20
+7 4
-7 4
+1 4
+6 4
+5 8
-7 4
+7 4
-8 4
+8 12
+74 4
-74 4
+74 4
-22 8
-52 4
+52 12
-40 4
-9 4
+9 4
+7 16
cfi=(24)
cfn=(66)
calls=4 61 
* 124
+1 4
-1 4
+1 12
-13 8
+33 8
-20 51
+3 32
+4 56
cfi=(24)
cfn=(66)
calls=7 61 
* 127
* 28
cfi=(24)
cfn=(66)
calls=7 61 
* 197
* 7
+3 7
+3 14
+3 42
cfn=(126)
calls=7 1871 
* 273
* 7
+2 21
+26 12
+2 9
-21 8
+1 36
+6 8
+2 12
-2 4
+2 4
cfi=(34) /build/buildd/eglibc-2.19/io/../sysdeps/unix/sysv/linux/wordsize-64/xstat.c
cfn=(128) _xstat
calls=4 34 
* 49
* 8
+1 1
+2 1
-2 1
+2 8
+7 2
-44 2
+37 6
+7 6
-44 7
+85 20
+7 4
-2 4
+2 12
+3 12
-13 4
+27 35
-72 6

fn=(78)
415 16
+10 6
cfi=(27)
cfn=(72)
calls=2 24 
* 70
* 4
161 4
cfi=(9)
cfn=(18)
calls=2 26 
* 125
* 2
+1 4
cfi=(15)
cfn=(36)
calls=2 -69 
* 68
* 2
+2 4
+3 6
440 10
167 2
cfi=(16)
cfn=(42)
calls=2 61 
* 78

fl=(22)
fn=(62)
39 8
+3 1
-1 1
+1 1
+9 1
-12 3
+3 1
-3 1
+3 1
+9 2
+10 4
+31 2
+23 3
cfi=(23)
cfn=(64) access
calls=1 -34 
* 9
* 2
-2 1
+17 6
+3 2
+29 2
+8 2
+2 4
+1 4
+4 2
+4 1
-3 1
-1 1
+4 1
+3 2
+4 5
+1 1
-1 7
+1 1
+18 12
+1 4
cfi=(15)
cfn=(36)
calls=1 93 
* 34
* 1
+1 1
-1 1
+1 3
+29 1
+3 1
-3 2
+3 1
+28 9
+1 2
-1 2
+1 6
-1 8
+5 6
+3 1
-3 1
+3 2
-3 1
+3 1
-3 2
+3 1
-3 1
+3 2
-3 1
+3 3
+1 12
+1 4
-1 4
+1 8
-2 4
+1 8
-1 14
+4 4
+3 1
+2 2
-1 1
-1 2
+2 10
+13 2
+1 1
-1 1
+3 2
-3 2
+1 1
-1 1
+3 2
+3 3
+3 1
-1 1
+1 7
145 2
-14 2
243 3
cfi=(24)
cfn=(66)
calls=1 61 
* 22
+1 2
-1 2
+1 1
cfi=(24)
cfn=(66)
calls=1 61 
* 22
* 4

fl=(2)
fn=(48) rtld_lock_default_unlock_recursive
844 180

fn=(92) _dl_initial_error_catch_tsd
798 26

fn=(96) map_doit
625 2
+2 7
cfi=(21)
cfn=(98)
calls=1 2317 
* 2446
* 1
+2 2

fn=(2) _dl_start
362 9
+18 4
fi=(3)
44 1
fe=(2)
380 1
fi=(5)
58 3
fi=(3)
-14 1
fe=(2)
409 1
-3 1
fi=(3)
44 1
+17 2
-3 1
-7 1
+5 1
+3 1
+2 1
-3 1
-3 1
-3 2
-5 26
+15 13
-18 39
+18 1
-18 3
+2 36
+5 20
+1 16
+10 4
-18 12
+25 2
+20 4
+1 4
+1 4
+1 4
+2 4
+5 4
+1 4
+1 4
+6 3
+5 2
+7 3
+1 3
+8 3
+2 3
+3 2
+1 2
fe=(2)
537 2
+7 1
285 2
+12 2
cfi=(6)
cfn=(10)
calls=1 859 
* 25
+1 2
+1 2
+1 2
+1 2
+21 1
+10 1
-10 3
+10 1
-6 1
-4 1
+10 1
cfi=(7)
cfn=(12)
calls=1 86 
* 1800880
* 1
+9 4
+3 1
+4 1
-4 1
+4 1
569 9
fi=(3)
53 4
+3 4
fe=(2)
542 34
fi=(4) /build/buildd/eglibc-2.19/elf/do-rel.h
84 1
+27 1
-28 1
+28 2
+1 2
fi=(5)
492 2
fi=(4)
112 18
fi=(5)
492 18
+1 20
fi=(4)
111 20
fi=(5)
493 10
fi=(4)
111 10
+5 2
+8 1
fi=(5)
287 1
fi=(4)
124 2
+13 1
+2 2
-2 1
fi=(5)
241 1
fi=(4)
137 1
fi=(5)
269 1
fi=(4)
137 2
fi=(5)
269 1
fi=(4)
137 8
+2 16
-2 8
fi=(5)
241 8
fi=(4)
137 8
fi=(5)
269 8
fi=(4)
137 16
fi=(5)
269 8
+9 18
+3 9
-3 18
+3 27
+6 54
fi=(3)
59 4
+1 1
+1 2
fe=(2)
285 73
fi=(5)
391 9
+9 9
fi=(4)
124 28
fe=(2)

fn=(88) do_preload
804 1
+12 1
-12 5
+10 1
-4 1
+1 1
+5 4
-10 1
+6 1
+4 1
cfi=(29) /build/buildd/eglibc-2.19/elf/dl-error.c
cfn=(90) _dl_catch_error
calls=1 163 
* 2519
+1 3
+8 3
+6 5

fn=(22)
891 1
+19 1
-19 9
+19 1
+3 1
2492 1
891 1
2492 1
913 1
+4 1
-26 1
+26 1
+1 2
+5 2
2485 2
+7 1
-4 1
+4 1
-5 1
+5 9
+2 2
cfi=(11) /build/buildd/eglibc-2.19/elf/dl-environ.c
cfn=(24) _dl_next_ld_env_entry
calls=1 30 
* 80
* 4
cfi=(11)
cfn=(24)
calls=2 30 
* 366
* 9
+4 48
+1 19
-1 57
+3 4
+6 16
+76 4
cfi=(12)
cfn=(26)
calls=1 315 
* 120
* 2
+2 3
-55 4
cfi=(12)
cfn=(26)
calls=1 315 
* 26
* 2
2660 3
+33 3
933 4
1132 7
cfi=(13)
cfn=(28)
calls=1 61 
* 248
+2 1
-2 1
+2 1
+1 1
+1 1
+5 2
-5 1
+1 3
+4 1
cfi=(13)
cfn=(44)
calls=1 32 
* 34
+1 2
900 1
1171 1
-3 1
-5 1
+1 1
+2 1
+5 6
+56 2
897 1
1227 2
-55 24
-1 27
+1 47
-1 2
1274 3
+3 2
+2 2
+2 2
+13 3
+1 8
cfi=(17)
cfn=(50)
calls=1 131 
* 7
* 3
+7 1
+3 1
-5 1
+3 1
+2 1
+1 2
+4 2
+2 2
fi=(3)
29 1
+9 2
+6 1
-2 1
+2 2
+7 1
+5 1
+3 1
+2 1
-3 1
-3 1
-3 14
+10 3
-18 9
+8 22
+10 22
-18 66
+18 1
-18 3
+2 52
+5 16
+2 4
+16 3
+38 3
+5 2
+7 2
+1 3
+16 3
+14 3
+18 2
fe=(2)
1317 2
cfi=(6)
cfn=(10)
calls=1 859 
* 25
+3 4
fi=(18) /build/buildd/eglibc-2.19/elf/setup-vdso.h
24 2
fe=(2)
1342 1
cfi=(19)
cfn=(56)
calls=1 45 
* 93
* 8
1176 3
+1 1
+90 2
+1 2
+1 1
-6 2
+1 1
-37 2
-1 2
+1 4
-1 2
+2 4
+1 1
+3 2
+1 2
-1 2
+1 2
+1 2
+1 6
+1 2
-43 1
-2 2
+27 1
-25 1
+7 2
-10 1
+10 1
-19 3
+1 1
fi=(3)
56 4
+3 4
+1 1
+1 3
fe=(2)
2537 4
cfi=(12)
cfn=(26)
calls=1 315 
* 80
* 2
+2 3
1347 2
cfi=(21)
cfn=(60)
calls=1 714 
* 1686
+3 3
cfi=(28)
cfn=(84)
calls=1 50 
* 17
+7 1
-7 1
+2 1
+5 1
+3 3
+1 1
+3 1
-3 3
+1 2
+3 1
+5 1
-7 1
+7 1
+1 5
+4 1
+4 1
-2 4
+1 2
+1 3
+5 2
+1 6
+2 2
+1 2
+5 2
+5 3
906 1
1579 3
+3 2
+4 3
+5 2
+1 1
cfi=(28)
cfn=(86) _dl_debug_state
calls=1 74 
* 1
+5 3
+15 3
+4 3
+31 3
cfi=(23)
cfn=(64)
calls=1 81 
* 9
* 2
+77 4
+17 3
+1 1
-1 1
+1 2
-1 1
+1 5
cfi=(33) /build/buildd/eglibc-2.19/elf/dl-deps.c
cfn=(120) _dl_map_object_deps
calls=1 147 
* 29524
+1 1
+5 1
-5 3
+2 2
+3 4
+1 4
-1 2
+1 24
-1 12
+4 3
+1 3
+1 1
+2 2
+1 5
-1 7
+1 10
-1 15
-28 1
+1 1
-1 7
+4 1
+1 1
-1 1
+2 2
+1 2
+35 1
-1 2
+1 1
+2 1
+2 3
+2 1
-4 2
+5 1
-1 2
+14 2
+1 2
+1 3
+12 1
+1 1
-2 1
+2 1
-2 1
+2 1
-2 1
+2 1
-2 1
+2 1
cfi=(29)
cfn=(138) _dl_receive_error
calls=1 205 
* 14649
+10 1
+1 1
-1 1
+1 1
+1 1
cfn=(148) init_tls
calls=1 724 
* 671
* 1
+2 2
+3 1
cfn=(154) security_init
calls=1 851 
* 22
+2 2
2054 3
+56 1
+4 1
+7 1
-11 1
+4 3
+4 2
+3 1
+8 2
+95 4
+1 1
+5 2
cfi=(36)
cfn=(242) _dl_allocate_tls_init
calls=1 376 
* 370
+4 2
+14 3
+2 2
+29 1
cfi=(7)
cfn=(244)
calls=1 256 
* 1
+4 3
+20 3
cfi=(28)
cfn=(84)
calls=1 50 
* 8
+1 1
+1 1
cfi=(28)
cfn=(86)
calls=1 74 
* 1
+5 1
cfi=(35)
cfn=(246) _dl_unload_cache
calls=1 309 
* 15
+5 8
-65 2
+15 1
+3 1
-3 1
+3 1
-3 2
+3 2
-3 1
+2 1
+1 1
cfi=(39) /build/buildd/eglibc-2.19/elf/dl-reloc.c
cfn=(158) _dl_relocate_object
calls=1 154 
* 7833
+1 4
+2 3
-96 3
+7 1
+2 11
+2 1
+2 21
+5 14
+2 14
+8 7
-2 7
+2 14
+1 48
cfi=(39)
cfn=(158)
calls=6 154 
* 1739595
+4 25
-22 18
+25 4
+2 1
+6 1
-6 1
+6 1
-22 1
+1 1
-3 2
+14 4
cfi=(36)
cfn=(190) _dl_add_to_slotinfo
calls=2 831 
* 40
* 2
-69 1
899 2
1767 2
+21 3
1623 2
cfi=(9)
cfn=(18)
calls=1 26 
* 95
* 8
cfi=(16)
cfn=(42)
calls=1 61 
* 72
* 1
+3 5
-12 1
+12 1
+3 3
cfi=(15)
cfn=(76)
calls=1 338 
* 765
* 3
cfi=(15)
cfn=(76)
calls=1 338 
* 6
* 6
+1 2
+1 3
+2 4
cfn=(88)
calls=1 804 
* 2547
* 2
1336 3
1635 1
+1 1
-1 3
+1 1
+1 3

fn=(46) rtld_lock_default_lock_recursive
838 180

fn=(154)
851 2
+2 1
fi=(38) /build/buildd/eglibc-2.19/elf/../sysdeps/unix/sysv/linux/dl-osinfo.h
61 2
+23 2
+2 1
+7 1
fe=(2)
855 1
+6 2
+2 1
fi=(38)
101 2
+11 1
fe=(2)
866 1
+2 1
+6 1
+1 3

fn=(140) version_check_doit
657 2
+2 4
cfi=(37) /build/buildd/eglibc-2.19/elf/dl-version.c
cfn=(142) _dl_check_all_versions
calls=1 380 
* 14609
* 2
+4 2

fn=(148)
724 1
-1 1
-6 1
+2 2
+4 1
+10 4
cfi=(15)
cfn=(32) calloc
calls=1 102 
* 43
* 1
+11 1
-15 1
+3 1
+6 1
+2 1
-11 1
+15 1
+2 1
-1 1
+1 16
+2 14
+4 2
+2 2
-2 4
-5 14
+9 3
+3 1
cfi=(36)
cfn=(150) _dl_determine_tlsoffset
calls=1 112 
* 107
+7 1
cfi=(36)
cfn=(152) _dl_allocate_tls_storage
calls=1 328 
* 428
+1 1
-1 1
+1 1
+6 1
+8 1
-8 1
+8 6
+4 1
+2 1
+1 2

fl=(15)
fn=(32)
102 17
+7 51
-3 17
+3 34
+4 17
cfn=(36)
calls=17 -20 
* 646
* 17

fn=(36)
93 39
+1 78
cfn=(40) __libc_memalign
calls=39 -43 
* 1259
* 39

fn=(76)
338 8
+2 4
+1 8
+4 132
+7 366
-2 244
+10 61
-15 185
+18 2
+4 4

fn=(40)
51 160
+1 198
+11 39
+1 39
-1 39
+3 39
-3 39
+3 78
-3 1
+1 1
-1 1
+3 1
-3 1
+3 142
+4 20
+1 15
+6 35
cfi=(25)
cfn=(68)
calls=5 +4 
* 30
+2 25
+4 15
+3 5
+1 5
+2 25
-3 35
+1 35
+2 280
-31 3
+1 1
-2 3

fn=(82)
121 3
-2 6
+2 3
+7 6

fl=(6)
fn=(168) check_match.9458
131 13552
+1 3872
+2 3872
+2 5808
-2 3872
+12 5805
+3 4570
cfi=(17)
cfn=(50)
calls=175 -18 
* 24773
* 350
+5 1935
-1 1935
+1 1935
-1 1935
+1 1935
+2 3866
+19 3866
+1 15464
+2 10
+1 2
+43 13538
-18 4
+2 4
+1 6
-1 4
+1 2
-1 4
+9 2
+7 12
-45 5793
cfi=(17)
cfn=(50)
calls=1931 -46 
* 177420
* 3862

fn=(10)
859 21
+4 7
+4 14
+2 7
-1 7
+3 21
+1 7
+1 14
+3 7
-1 7
-2 7
+3 7
+4 14
-2 7
+1 7
+1 14
+1 7

fn=(164)
714 23448
476 1954
714 3908
476 5862
-1 3908
+2 1954
-1 1954
+1 5862
-1 5862
+1 78644
-1 78644
+1 235932
-1 239840
716 1954
+4 1954
+4 1954
-8 1954
+1 3908
+7 5818
+5 1954
+2 3908
-2 1954
+6 15632
+2 25402
cfn=(166) do_lookup_x
calls=1954 82 
* 830220
+3 3908
+3 20
-8 80
-7 3908
+38 3908
+22 1934
+1 13538
+26 1934
+9 9670
+14 5802
+3 7736
+5 1934
+2 15632
-9 2
-71 140
+16 20
+1 40

fn=(166)
82 17586
+1 1954
-6 1954
+5 5862
-5 13678
+12 1954
229 1954
+3 3908
-3 1954
+3 3908
98 1954
-3 1954
+1 1954
+2 1954
+3 1954
-3 1954
+3 1954
-3 4394
-3 4394
+1 4394
+2 4394
+3 4394
-3 4394
+3 4394
+4 12822
+4 12660
+4 12660
+6 18990
+4 12660
+1 18990
225 6330
+1 12660
+4 12660
-2 6330
+5 25320
+4 12660
-1 12660
+1 6330
-1 12660
+21 4396
+24 8792
461 25926
+1 2415
cfi=(31)
cfn=(100)
calls=483 288 
* 23982
* 2898
+3 13242
+3 40
286 10116
+4 7598
+13 1852
+1 1852
-1 1852
+1 1852
+1 1852
469 14816
303 82
+1 82
-1 82
+1 82
+1 82
469 898
332 82
-1 574
+3 164
cfi=(2)
cfn=(46)
calls=82 838 
* 164
+2 82
+1 82
+1 82
-2 82
+2 82
+2 243
+1 324
-1 81
+1 162
+4 162
-4 567
+3 811
+20 447
+4 334
-24 528
+28 729
+5 6
+2 4
cfi=(31)
cfn=(240)
calls=2 -35 
* 144
+1 4
-1 2
+1 2
cfi=(15)
cfn=(32)
calls=2 102 
* 107
* 2
+2 2
-2 2
+2 4
+7 20
+1 276
+1 70
-75 70
+75 140
-75 210
+1 70
-1 70
+1 350
+1 300
+2 28
+1 28
-3 168
+7 70
+1 70
+1 70
+1 140
+61 140
-61 22
+61 44
+6 6
cfi=(15)
cfn=(82)
calls=2 121 
* 12
+4 2
-3 2
+2 2
+1 4
-20 2
+56 6
-1 4
+1 240
-1 160
316 2
435 1
316 3
+1 1
-1 1
+1 5
+1 4
+2 2
+1 2
-3 6
+7 1
+1 1
+1 1
+1 2
447 2
+2 2
cfi=(2)
cfn=(48)
calls=1 844 
* 2
-2 162
+2 162
cfi=(2)
cfn=(48)
calls=81 844 
* 162
* 82
+2 82
322 10
+47 138
-53 162
439 81
316 243
+1 81
-1 81
+1 405
+1 476
+2 166
+1 166
-3 492
+7 81
+1 81
+1 81
+1 81
-1 81
442 324
322 76
+84 3
+9 2
+10 3
cfi=(15)
cfn=(32)
calls=1 102 
* 43
* 1
+1 1
-1 2
+1 1
+3 1
+2 1
-7 1
+5 1
+1 2
+1 3
240 8688
-1 4344
+2 4344
+2 6417
+10 8565
-7 23945
+2 3872
+1 7744
-1 3872
+1 1936
-1 7744
+1 5808
cfn=(168)
calls=1936 131 
* 300008
+1 9688

fl=(24)
fn=(66)
61 28
+4 28
+3 26
+1 26
+2 13
+1 13
+2 13
+1 13
+5 13
+1 13
-1 13
+1 13
+2 16
+1 16
+2 16
+1 16
+5 16
+1 16
-1 10
+1 10
+2 14
+1 14
+2 14
+1 14
+5 14
+1 14
-1 12
+1 12
+2 14
+1 14
+2 14
+1 28
+5 14
+1 14
-1 12
+1 14
+5 2
+1 2
+1 2
+1 2
+2 2
+2 2
+1 2
+2 2
+6 26
+4 26
+12 5
+2 5
+1 5
+26 5
+1 5
+3 5
+1 5
+1 5
+5 5
+2 5
+1 5
+1 5
+1 5
+2 5
+1 5
+1 5
+1 5
+2 5
+1 5
+2 5
+22 5
+2 5
+2 2
+7 2

fl=(30) /build/buildd/eglibc-2.19/setjmp/../sysdeps/x86_64/setjmp.S
fn=(94) __sigsetjmp
26 12
+9 12
+1 24
+1 12
+4 12
+1 12
+1 12
+1 12
+1 12
+2 24
+2 12
+1 12
+3 24
+2 12
+4 12
+1 12

fl=(28)
fn=(84)
50 14
+5 12
+5 2
-1 1
+1 2
+1 2
-1 2
-9 7
+4 14
+4 1
-1 1
-58 7

fn=(86)
74 2

fl=(17)
fn=(50)
131 3375
+1 3375
+1 3375
+1 2451
+1 2451
+1 2451
+1 2451
cfn=(51) strcmp'2
calls=2451 -6 
* 196787
+5 924
+1 924
+1 924
+1 924

fn=(51)
131 27497
+1 27497
+1 27497
+1 27200
+1 27200
+1 27200
+1 27200
cfn=(51)
calls=25046 -6 
* 1352302

ob=(3)
fl=(134) /build/buildd/eglibc-2.19/libio/genops.c
fn=(1246) _IO_default_xsputn
447 1775
+4 1775
-1 1775
-3 8875
+3 1819
+30 1037
cfi=(133) /build/buildd/eglibc-2.19/libio/fileops.c
cfn=(1230) _IO_file_overflow@@GLIBC_2.2.5
calls=145 824 
* 5079
* 290
+2 145
-2 145
-25 624
+29 22
+1 10650

fn=(1382) _IO_no_init
643 8640
+1 960
cfn=(1384) _IO_old_init
calls=960 -18 
* 21153
+3 960
-2 960
+2 960
+2 11
+1 11
+1 11
+1 11
+1 11
+1 11
+1 11
+1 11
+1 11
+1 11
+1 11
+1 11
+2 11
+7 11
+1 66
-1 949
+1 5694
-3 1898

fn=(3062) _IO_cleanup
1010 1
+3 1
-3 2
-48 1
+48 2
+3 1
cfn=(3064) _IO_flush_all_lockp
calls=1 822 
* 107
-63 1
+63 1
-63 3
+2 12
+2 3
-1 6
+3 4
+6 16
+8 5
+10 5
cfi=(133)
cfn=(3066) _IO_file_setbuf@@GLIBC_2.2.5
calls=1 461 
* 66
+3 2
+7 4
-40 12
+75 7
-53 1
+4 1
-4 1
+2 1
+1 1
+1 1
-2 1
+3 4
+6 3
+1 8

fn=(1242) _IO_setb
399 4805
+1 3846
+3 961
+2 3844
-3 961
+3 1922
+3 3844
-7 7
cfi=(131) /build/buildd/eglibc-2.19/misc/../sysdeps/unix/syscall-template.S
cfn=(2648) munmap
calls=1 81 
* 5
* 4

fn=(1232) _IO_doallocbuf
414 9
+1 3
-1 3
+1 3
+6 12
-4 9
+1 9
cfi=(135) /build/buildd/eglibc-2.19/libio/filedoalloc.c
cfn=(1234) _IO_file_doallocate
calls=3 96 
* 260
* 6

fn=(1958) _IO_un_link
60 112
+1 56
+4 60
+1 100
+2 10
-2 10
+1 10
+1 174
+2 30
+2 20
+6 3
+1 3
+6 10
+2 10
-2 10
+2 37
+2 10
-1 10
+1 60
+1 20
+3 112
-6 54
-6 1
+1 1
-1 1
+2 1
-9 9
+1 9
-1 18
+4 2

fn=(3064)
822 3
+6 1
-6 5
+6 2
+6 1
-11 1
+10 1
+2 2
+4 2
-1 4
-1 4
+1 4
+3 12
+10 8
+4 4
-2 4
+2 8
+7 4
-27 8
+31 2
+2 2
+4 9
-31 16

fn=(3068) _IO_default_setbuf
557 5
+1 1
-1 1
+1 1
cfi=(133)
cfn=(1882) _IO_file_sync@@GLIBC_2.2.5
calls=1 886 
* 13
* 2
+9 1
-7 1
+7 1
-7 1
400 1
562 1
+1 1
-1 1
+1 1
400 4
+7 1
-5 1
+1 1
+4 1
570 2
+2 1
-2 1
+1 3
+2 4

fn=(1502) _IO_sputbackc
726 195
+3 195
-3 195
+3 390
+1 390
+9 195
+3 390
-10 195
+1 195
-1 390

fn=(1972) _IO_default_finish
686 18
+2 27
+6 27
+3 27
+6 9
+6 9
-6 9
cfn=(1958)
calls=9 60 
* 90

fn=(1864) __overflow
241 204
+2 204
cfi=(133)
cfn=(1230)
calls=68 824 
* 8908

fn=(1962) _IO_unsave_markers
1119 10
+2 10
-2 10
+2 10
+19 30
+2 20

fn=(2082) _IO_sgetn
495 4152
cfi=(133)
cfn=(2084) _IO_file_xsgetn
calls=1384 1364 
* 72895

fn=(1388) _IO_link_in
99 84
+1 63
+4 11
-2 22
+2 55
+1 110
+2 11
-2 11
+1 11
+1 11
-2 11
+2 11
-2 11
+2 154
+2 11
-2 11
+4 11
+2 11
-3 11
-1 11
+4 77
+2 11
-1 11
+1 88
+1 22
+3 84
-6 77

fn=(1504) __uflow
363 31
+2 31
-2 31
+2 62
+6 155
+3 62
+2 62
+6 62
+7 62
+1 31
-1 62
cfn=(1506) _IO_default_uflow
calls=31 +46 
* 651
-24 62
+22 93

fn=(2086) __underflow
330 5
+2 5
-2 5
+2 12
+6 25
+3 10
+2 10
+6 10
+7 10
+1 5
-1 10
cfi=(133)
cfn=(2088) _IO_file_underflow@@GLIBC_2.2.5
calls=5 552 
* 365
-24 6
+22 15

fn=(2090) _IO_switch_to_get_mode
183 10
-1 10
+1 5
+3 15
+5 5
-1 10
+1 5
+7 5
-4 5
+2 10
+2 5
+1 5
+1 10

fn=(1384)
626 960
-16 960
+1 960
+15 960
+5 960
-21 960
+2 960
+1 960
+1 960
+17 960
-16 960
+1 960
+1 960
+1 960
+1 960
+1 960
+2 960
+1 960
+1 960
+1 960
+6 960
+1 993

fn=(1506)
435 31
-1 62
+1 31
cfi=(154) /build/buildd/eglibc-2.19/libio/strops.c
cfn=(1508) _IO_str_underflow
calls=31 157 
* 403
+1 62
+3 62

fl=(78) /build/buildd/eglibc-2.19/malloc/hooks.c
fn=(392) malloc_hook_ini
30 2
fi=(79) /build/buildd/eglibc-2.19/malloc/arena.c
373 3
fe=(78)
29 3
cfi=(79)
cfn=(394) ptmalloc_init.part.7
calls=1 371 
* 58059
* 1
+4 1
-1 1
cfi=(77) /build/buildd/eglibc-2.19/malloc/malloc.c
cfn=(391) malloc'2
calls=1 2876 
* 1186

fl=(98) /build/buildd/eglibc-2.19/string/../sysdeps/x86_64/multiarch/../memcmp.S
fn=(732) __GI_memcmp
24 51
+1 51
+1 51
+1 51
+1 51
+1 51
+1 51
+1 51
+3 51
+1 51
+1 48
+1 48
+1 48
+1 48
+1 48
+1 48
+1 48
+2 13
+1 13
+1 1
+1 1
+1 1
+1 1
+1 1
+1 1
+1 1
+2 13
+1 13
+1 13
+1 13
+1 13
+1 13
+35 38
+4 13
+1 13
+1 1
+1 1
+1 1
+1 1
+1 1
+1 1
+1 1
+1 1
+1 1
+1 1
+1 1
+4 12
+1 12

fl=(167) /build/buildd/eglibc-2.19/stdlib/../sysdeps/x86_64/mul_1.S
fn=(1542) __mpn_mul_1
32 844580
+3 844580
+1 844580
+1 844580
+1 844580
+1 844580
+2 844580
+1 844580
+2 844580
+1 844580
+1 844580
+1 844580
+1 843841
+2 843841
+1 843841
+1 843841
+1 843841
+26 739
+1 739
+1 739
+1 739
+1 739
+1 739
+1 739
+1 739
+1 739
+26 739
+1 739
+1 739
+2 739
+1 739
+1 739
+1 739
+1 739
+1 739
+2 739
+3 739
-5 843841
+2 843841
+3 843841

fl=(135)
fn=(1234)
96 15
+15 18
cfi=(133)
cfn=(1236) _IO_file_stat
calls=3 1222 
* 42
* 6
+2 12
+11 15
+4 18
cfi=(131)
cfn=(1240) mmap
calls=3 -47 
* 18
* 6
+1 15
cfi=(134)
cfn=(1242)
calls=3 399 
* 63
+1 3
+1 15
-13 1
fi=(276) /build/buildd/eglibc-2.19/libio/../sysdeps/unix/sysv/linux/sys/sysmacros.h
-77 6
fe=(135)
+77 1
-2 2
+8 1
-3 1
+3 2

fl=(271) /build/buildd/eglibc-2.19/stdlib/cxa_thread_atexit_impl.c
fn=(2914) __call_tls_dtors
82 3
+1 2
cob=(1)
cfi=(36)
cfn=(2920) __tls_get_addr
calls=1 770 
* 11
cob=(1)
cfi=(49) /build/buildd/eglibc-2.19/elf/../sysdeps/x86_64/dl-trampoline.S
cfn=(200) _dl_runtime_resolve
calls=1 -49 
* 1317
* 5
* 3
+18 4

fl=(94) /build/buildd/eglibc-2.19/elf/dl-profstub.c
fn=(714) _dl_mcount_wrapper_check
38 384
+1 128

fl=(194) /build/buildd/eglibc-2.19/csu/errno-loc.c
fn=(1950) __errno_location
26 14
+1 7

fl=(42)
fn=(174)
37 2
-1 2
fi=(43) /build/buildd/eglibc-2.19/time/../sysdeps/generic/dl-hash.h
+8 2
fe=(42)
-7 4
fi=(43)
+8 2
fe=(42)
-8 2
fi=(43)
+6 2
+5 6
+1 4
+13 4
-17 6
+3 18
+1 12
+13 12
-17 18
+22 2
fe=(42)
-30 4
+3 4
-3 2
+3 2
cfi=(44) /build/buildd/eglibc-2.19/elf/../sysdeps/unix/sysv/linux/dl-vdso.c
cfn=(178) _dl_vdso_vsym
calls=2 -13 
* 14
* 6
+1 6

fl=(45) /build/buildd/eglibc-2.19/time/../sysdeps/unix/sysv/linux/x86_64/gettimeofday.c
fn=(182) gettimeofday
31 1
-1 1
fi=(43)
+14 1
fe=(45)
-13 2
fi=(43)
+14 1
fe=(45)
-14 1
fi=(43)
+12 1
+5 3
+1 2
+13 2
-17 3
+3 9
+1 6
+13 6
-17 9
+22 1
fe=(45)
-36 2
+3 2
-3 1
+3 1
cfi=(44)
cfn=(178)
calls=1 -7 
* 7
+1 3
+1 3

fl=(144) /build/buildd/eglibc-2.19/libio/iofopen.c
fn=(1398) __fopen_maybe_mmap
42 10
-2 10
+2 10
+15 10

fn=(1376) __fopen_internal
65 66
+8 11
-8 22
+8 11
cfi=(77)
cfn=(390) malloc
calls=11 2876 
* 2899
cob=(1)
cfi=(49)
cfn=(200)
calls=1 -39 
* 791
* 15
+2 11
-2 11
+2 11
+3 11
+3 55
-3 11
+3 11
cfi=(134)
cfn=(1382)
calls=11 643 
* 638
+4 11
+1 11
-1 11
+1 11
cfi=(133)
cfn=(1386) _IO_file_init@@GLIBC_2.2.5
calls=11 +57 
* 1045
+4 55
cfi=(133)
cfn=(1390) _IO_file_fopen@@GLIBC_2.2.5
calls=11 254 
* 1246
* 11
+1 11
-1 11
+6 50
-5 10
cfn=(1398)
calls=10 -49 
* 40
+2 1
cfi=(134)
cfn=(1958)
calls=1 -33 
* 80
+1 2
cfi=(77)
cfn=(1738) free
calls=1 2917 
* 352
* 1
+2 7

fn=(1374) fopen@@GLIBC_2.2.5
103 22
cfn=(1376)
calls=11 -38 
* 7540

fl=(238) /build/buildd/eglibc-2.19/time/localtime.c
fn=(2626) localtime
42 6
cfi=(239) /build/buildd/eglibc-2.19/time/tzset.c
cfn=(2628) __tz_convert
calls=2 617 
* 13411

fl=(231) /build/buildd/eglibc-2.19/libio/feof.c
fn=(2534) feof
36 1019
-3 1019
+3 19361
+1 3057
+1 10190
+2 2038

fl=(248) /build/buildd/eglibc-2.19/string/../sysdeps/x86_64/multiarch/../strcpy.S
fn=(2652) __GI_strcpy
29 4
+1 4
+1 4
+2 4
+2 2
+1 2
+3 2
+1 2
+1 2
+1 2
-3 6
+1 6
+1 6
+1 6
+1 7
+1 7
+1 7
+1 7
+3 3
+8 3
+1 3
+1 3
+1 3
+3 3
+1 2
+1 2
+1 2
+3 2
+66 5
+1 5
+1 5
+1 4
+1 4
+1 4
+1 4
+1 2
+1 2
+1 2
+6 4
+2 4

fl=(240) /build/buildd/eglibc-2.19/stdlib/getenv.c
fn=(2632) getenv
35 16
+1 2
cfi=(97) /build/buildd/eglibc-2.19/string/../sysdeps/x86_64/strlen.S
cfn=(730) strlen
calls=2 +30 
* 32
* 2
+4 14
+3 4
+49 18
-24 2
+6 2
+2 2
-3 2
+3 548
+9 272

fl=(176) /build/buildd/eglibc-2.19/stdlib/../sysdeps/ieee754/ldbl-96/mpn2ldbl.c
fn=(1712) __mpn_construct_long_double
33 6
+1 6
-1 9
+1 12
+5 6
+1 6
+6 6

fl=(177) /build/buildd/eglibc-2.19/string/../sysdeps/x86_64/memcpy.S
fn=(1756) __GI_mempcpy
61 1084
+4 1084
+3 1084
+1 1084
+2 1005
+1 1005
+2 1005
+1 1005
+5 1005
+1 1005
-1 79
+1 79
+2 105
+1 105
+2 105
+1 105
+5 105
+1 105
-1 979
+1 979
+2 77
+1 77
+2 77
+1 77
+5 77
+1 77
-1 1007
+1 1007
+2 63
+1 63
+2 63
+1 126
+5 63
+1 63
-1 1021
+1 1046
+5 25
+1 25
+1 25
+1 25
+2 25
+2 25
+1 25
+2 25
+6 1084
+4 1084
+12 7
+2 7
+1 7
+26 7
+1 7
+3 7
+1 7
+1 7
+5 7
+2 7
+1 7
+1 7
+1 7
+2 7
+1 7
+1 7
+1 7
+2 7
+1 7
+2 7
+22 7
+2 7

fl=(191) /build/buildd/eglibc-2.19/libio/iofflush.c
fn=(1880) fflush
34 74
-1 148
+1 74
+6 1184
+1 222
cfi=(133)
cfn=(1882)
calls=74 886 
* 962
* 296
fi=(138) /build/buildd/eglibc-2.19/libio/libioP.h
904 148
+1 666
fe=(191)
45 222

fl=(179) /build/buildd/eglibc-2.19/stdio-common/vfprintf.c
fn=(1792) vfprintf
235 9713
+35 2649
1295 2649
+4 4415
+11 1766
+11 883
fi=(277) /build/buildd/eglibc-2.19/stdio-common/printf-parse.h
108 1766
fe=(179)
1321 4415
fi=(277)
108 883
cfi=(180) /build/buildd/eglibc-2.19/string/../sysdeps/x86_64/strchr.S
cfn=(1794) strchrnul
calls=883 -84 
* 17684
fe=(179)
1336 883
fi=(277)
108 883
fe=(179)
1332 883
+4 1766
+4 6181
cfi=(133)
cfn=(1228) _IO_file_xsputn@@GLIBC_2.2.5
calls=1 -59 
* 240
cfi=(134)
cfn=(1246)
calls=882 447 
* 13230
* 2649
2098 1769
+1 2649
+2 883
+1 7064
1295 1766
+41 7
+1 6
+3 1766
+4 883
-4 883
+4 1766
+4 6174
283 882
-6 882
-3 882
1325 882
-8 882
240 882
1396 7056
-3 882
-1 882
-17 882
+1 882
+1 882
+1 882
+1 882
+1 882
+1 882
+1 882
+1 882
+1 882
+1 882
+3 882
+1 882
1580 1764
-21 2646
1396 7938
2091 1764
+2 1764
+2 1764
1680 1764
+8 882
fi=(277)
108 1764
fe=(179)
1688 882
fi=(277)
108 882
fe=(179)
1688 882
fi=(277)
108 882
cfi=(180)
cfn=(1794)
calls=882 -84 
* 17640
fe=(179)
1692 882
-4 882
+4 7938
cfi=(134)
cfn=(1246)
calls=882 447 
* 13230
* 882
-10 882
+10 9702
+2 882
-2 882
+2 882
1551 3528
+1 2646
+65 13230
-24 1764
-37 2646
+1 3528
+15 3528
+4 4410
-4 4410
+42 1764
+46 66876
cfi=(181) /build/buildd/eglibc-2.19/stdio-common/printf_fp.c
cfn=(1796) __printf_fp
calls=870 161 
* 1703660
* 72
cfi=(181)
cfn=(1796)
calls=12 161 
* 29528
* 1884
-20 14790
-1 870
-1 1740

fl=(76) /build/buildd/eglibc-2.19/stdlib/cxa_atexit.c
fn=(354) __cxa_atexit
57 186
-22 62
cfn=(356) __new_exitfn
calls=31 +38 
* 1358
+2 62
+4 31
+3 31
+1 31
-4 62
+2 31
+4 31
+1 31
+11 124

fn=(356)
73 31
+6 62
-6 93
+6 124
+2 124
-7 62
+9 93
+1 150
-3 1
+10 1
-10 3
+2 60
+11 60
+25 30
+1 30
-1 30
+1 30
-1 30
+7 30
+1 30
+3 60
-4 1
+1 1
+3 64
+3 155
-21 1
+1 2

fl=(82) /build/buildd/eglibc-2.19/nptl/../nptl/sysdeps/unix/sysv/linux/register-atfork.c
fn=(406) __linkin_atfork
116 2
+1 6
+2 1

fl=(136) /build/buildd/eglibc-2.19/io/../sysdeps/unix/sysv/linux/wordsize-64/fxstat.c
fn=(1238) _fxstat
34 5
-1 5
+1 5
+1 30
+4 5

fl=(70) /build/buildd/eglibc-2.19/ctype/ctype-info.c
fn=(278) __ctype_init
31 5
+2 1
-2 2
+2 3
+2 5

fl=(68) /build/buildd/eglibc-2.19/misc/init-misc.c
fn=(274) __init_misc
30 4
+1 5
+2 3
cfi=(69) /build/buildd/eglibc-2.19/string/../sysdeps/x86_64/strrchr.S
cfn=(276) rindex
calls=1 -9 
* 24
+4 5
+1 3
+2 4

fl=(79)
fn=(394)
371 6
+13 1
-8 1
+8 1
+7 2
+1 2
-1 1
+1 10
cfi=(82)
cfn=(406)
calls=1 116 
* 9
+2 5
+16 2
-74 136
+16 68
-18 207
455 2
+6 2
+1 2
+2 1
+1 7
-80 5
cfi=(80) /build/buildd/eglibc-2.19/elf/dl-addr.c
cfn=(396) _dl_addr
calls=1 126 
* 57579
* 2
+1 4
-49 2
+1 2

fl=(180)
fn=(1794)
24 1765
+1 1765
+1 1765
+1 1765
+1 1765
+1 1765
+1 1765
+1 1765
+1 1765
+1 1765
+1 1765
+1 1765
+1 1765
+1 1765
+1 1765
+1 1765
+1 1765
+1 1764
+2 1764
+7 1764
+4 1
+1 1
+1 1
+1 1
+1 1
+1 1
+1 1
+1 1
+1 1
+1 1
+1 1
+1 1
+1 1
+1 1
+1 1
+1 1
+1 1
+1 1
+1 1
+1 1
+1 1
+1 1
+1 1
+1 1
+52 1
+2 1
+7 1

fl=(209) /build/buildd/eglibc-2.19/string/../sysdeps/x86_64/memset.S
fn=(2226) memset
53 5058428
+1 5058428
+1 5058428
+1 5058428
+1 5058428
+2 5058428
+1 5058428
+1 5057447
+1 5057447
+1 3792449
+1 3792449
+1 3792449
+1 3792449
+2 3792097
+4 1260
+1 1260
+1 1260
+3 981
+1 981
+1 981
+1 981
+1 981
+1 981
+1 981
+1 981
+1 981
+1 981
+1 981
+1 981
+1 981
+1 1709
+3 728
+1 728
+1 728
+1 728
+1 728
+1 728
+1 728
-6 23927
+1 23927
+1 23927
+1 23927
+1 23927
+1 23927
+1 23927
+1 728
+3 1264998
+1 1264998
+1 1264998
+1 717
+1 717
+1 717
+1 717
+1 662
+2 662
+1 662
-1 55
+1 55
+1 62
+1 62
+6 1264281
+1 1264281
+1 1264281

fl=(69)
fn=(276)
24 1
+1 1
+1 1
+1 1
+1 1
+1 1
+1 1
+1 1
+1 1
+1 1
+1 1
+1 1
+1 1
+1 1
+1 1
+1 1
+1 1
+1 1
+1 1
+1 1
+1 1
+1 1
+1 1
+1 1

fl=(185) /build/buildd/eglibc-2.19/stdlib/cmp.c
fn=(1804) __mpn_cmp
42 2346
+2 1171
+1 1171
+1 2342
+8 5845
-5 1
+6 1

fl=(95) /build/buildd/eglibc-2.19/iconv/gconv_simple.c
fn=(716) __gconv_btwoc_ascii
52 512
+3 128

fl=(128) /build/buildd/eglibc-2.19/setjmp/sigjmp.c
fn=(1172) __sigjmp_save
29 2
-1 2
+1 2
+5 3

fl=(141) /build/buildd/eglibc-2.19/string/../sysdeps/x86_64/multiarch/memcpy-sse2-unaligned.S
fn=(1300) __memcpy_sse2_unaligned
25 8148100
+1 8148100
+1 8148100
+1 8148100
+1 8148100
+1 8148100
+1 8147328
+1 8147328
+1 8143333
+1 8143333
+1 8143333
+1 8143333
+1 8143333
+1 8143333
+2 8148100
+1 8148100
+4 8143305
+1 8143305
+1 8143305
+1 8143305
+1 8143305
+1 8143305
+1 8143279
+1 8143279
+1 8143279
+1 8143279
+1 8143279
+1 8143279
+1 8143279
+1 8143279
+1 8143279
+1 8143279
+1 8143260
+1 8143260
+1 8143260
+1 8143260
+1 8143260
+1 8143260
+1 8143260
+1 8143260
+1 8143260
+1 8143260
+1 8143260
+1 8143260
+1 8143260
+1 8143260
+4 8143260
+1 8143260
+1 8143260
+1 8143260
+1 8143260
+1 8143260
+1 8143260
+1 8143260
+1 8143260
+1 8143260
+1 8143260
-10 95753484
+1 95753484
+1 95753484
+1 95753484
+1 95753484
+1 95753484
+1 95753484
+1 95753484
+1 95753484
+1 95753484
+1 95753484
+1 8143260
+2 772
+1 772
+1 772
+2 772
+1 772
+1 772
+1 772
+1 772
+1 772
+1 772
+1 772
+1 772
+1 772
+1 772
+1 772
+1 772
+1 772
+1 772
+1 772
+1 1
+1 1
+1 1
+1 1
+2 1
+1 1
+1 1
+1 1
+1 1
+1 1
+1 1
+1 1
+2 9107
+1 9107
+1 9107
+1 9107
+1 9107
+1 771
+2 3995
+1 3995
+1 2843
+2 2843
+1 2468
+2 2468
+1 2468
+1 2468
+1 2468
+1 2468
+1 612
+1 612
+1 612
+11 1152
+1 1152
+1 1152
+1 1152
+1 1152
+2 771
+1 771
+2 375
+1 375
+1 375
+1 375
+1 375

fl=(132) /build/buildd/eglibc-2.19/libio/iofwrite.c
fn=(1226) fwrite
35 624
+1 416
-1 832
+4 416
+2 3744
+1 1038
fi=(138)
904 416
+1 624
fe=(132)
49 416
-7 1
+1 5
cfi=(133)
cfn=(1228)
calls=1 1281 
* 3247
* 1035
cfi=(133)
cfn=(1228)
calls=207 1281 
* 30300
* 832
+10 208
-3 208
+3 1040
fi=(138)
905 1248
fe=(132)

fl=(148)
fn=(1436)
29 1
+1 1
+3 1
+1 1
+4 1
+1 1
+1 1
+1 1

fl=(182) /build/buildd/eglibc-2.19/math/../sysdeps/i386/fpu/s_isnanl.c
fn=(1798) isnanl
32 3480
+5 1740
-4 870
+5 2610
-5 870
+5 1740
+1 1740
+1 870
+1 870

fl=(83) /build/buildd/eglibc-2.19/malloc/morecore.c
fn=(412) __default_morecore
46 998
+1 998
cfi=(84) /build/buildd/eglibc-2.19/misc/sbrk.c
cfn=(414) sbrk
calls=998 -13 
* 18664
+2 2994
+3 2994

fl=(97)
fn=(730)
66 529716
+1 529716
+1 529716
+1 529716
+1 529716
+1 529716
+1 529716
+2 529716
+2 529716
+30 529716
+1 529716
+1 529716
+1 529716
+1 529716
+1 529709
+1 529709
+4 7
+1 7
+1 7
+1 7
+1 7
+1 7
+1 7
+1 7
+1 7
+1 7
+1 7
+1 7
+5 54
+71 1
+1 1
+1 1
+1 1
+1 1
+1 1
+1 1
+1 1
+16 1
+2 1
+1 14
+2 1
+1 1
+1 1
+1 1

fl=(162) /build/buildd/eglibc-2.19/stdlib/../sysdeps/x86_64/lshift.S
fn=(1530) __mpn_lshift
29 1299705
+1 1299705
+2 1299705
+1 1299705
+1 1299705
+12 1299705
+1 1299705
+1 1063325
+1 1063325
+1 1063325
+1 1063325
+1 1063325
+6 1063325
+1 1063325
+1 1063325
+3 236380
+1 236380
+1 236380
+1 236380
+1 236380
+1 236380
+1 236380
+5 236380
+1 236380
+1 236380
+1 236380
+1 236380

fl=(84)
fn=(414)
34 998
+8 998
-8 2994
+8 5985
+4 1996
+4 108
+3 33
cfi=(85) /build/buildd/eglibc-2.19/misc/../sysdeps/unix/sysv/linux/x86_64/brk.c
cfn=(416) brk
calls=33 -22 
* 429
* 66
+4 4990
-14 2
cfi=(85)
cfn=(416)
calls=1 -12 
* 13
* 4
+9 16
+1 32

fl=(154)
fn=(1496) _IO_str_init_static_internal
39 7592
+4 1898
+1 201
cfi=(155) /build/buildd/eglibc-2.19/string/../sysdeps/x86_64/rawmemchr.S
cfn=(1498) rawmemchr
calls=67 -19 
* 1956
* 67
+5 335
cfi=(134)
cfn=(1242)
calls=67 399 
* 1407
* 4410
cfi=(134)
cfn=(1242)
calls=882 399 
* 18522
+5 949
-3 949
+1 949
+1 949
+1 949
+2 882
+1 882
+1 882
+9 882
+1 5292
-1 67
+1 402
-23 882
+1 3528
+16 67
+1 67
+1 134

fn=(1508)
157 124
+2 155
+6 62
+3 31
+1 31

fl=(187) /build/buildd/eglibc-2.19/stdlib/divrem.c
fn=(1810) __mpn_divrem
56 44577
+3 4953
-3 24765
+3 4953
+13 4953
+1 4953
-16 4953
+18 9906
+6 19812
+1 14130
+1 4224
-1 8448
+1 8448
-1 8448
+4 4953
-2 4953
+2 9906
+3 4953
244 4953
91 4953
244 34671
77 280
+1 560

fl=(100) /build/buildd/eglibc-2.19/string/../sysdeps/x86_64/multiarch/../strcmp.S
fn=(984) __strcmp_ssse3
180 932
+1 932
+2 932
+1 932
+21 932
+1 932
+1 932
+1 932
+1 932
+1 932
+1 932
+1 932
+21 932
+1 932
+1 932
+1 932
+1 932
+1 932
+1 932
2247 932
+6 932
+1 932
+8 932
+1 932

fn=(2654) __GI_strcmp
180 30
+1 30
+2 30
+1 30
+21 30
+1 30
+1 30
+1 30
+1 30
+1 30
+1 30
+1 30
+21 30
+1 30
+1 30
+1 30
+1 30
+1 30
+1 30
2247 30
+6 30
+1 30
+8 30
+1 30

fl=(126) /build/buildd/eglibc-2.19/setjmp/../sysdeps/x86_64/bsd-_setjmp.S
fn=(1168) _setjmp
30 1
+2 1
cfi=(127) /build/buildd/eglibc-2.19/setjmp/../sysdeps/x86_64/setjmp.S
cfn=(1170) __sigsetjmp
calls=1 -6 
* 27

fl=(151) /build/buildd/eglibc-2.19/string/../sysdeps/x86_64/memchr.S
fn=(1486) memchr
25 964
+1 964
+2 964
+1 964
+1 964
+1 964
+2 964
+1 964
+2 964
+1 964
+2 946
+1 946
+1 946
+1 946
+2 946
+1 56
+1 56
+1 50
+1 50
+1 50
+1 50
+1 50
+1 50
+1 49
+4 18
+1 18
+1 18
+2 18
+2 18
+2 18
+1 18
+1 18
+12 18
+1 18
+1 18
+1 18
+1 18
+1 35
+4 17
+1 17
+1 17
+1 17
+1 17
-4 49
+1 49
+1 49
+1 49
+1 49
+2 47
+1 47
+1 47
+1 47
+1 47
+2 39
+1 39
+1 39
+1 39
+1 39
+2 29
+1 29
+1 29
+1 29
+1 29
+1 29
+2 13
+1 13
+2 9
+1 9
+2 8
+1 8
+1 8
+1 8
+1 8
+2 1
+1 1
+1 1
+1 1
+1 1
+2 1
+1 1
+1 1
+1 1
+1 1
+2 1
+1 1
+1 1
+2 1
+1 1
+1 1
+2 1
+1 1
+1 1
+1 2
+4 1
+1 1
-1 5
+1 5
+1 4
+1 4
+1 4
+1 4
+2 4
+1 4
+1 4
+1 4
+2 4
+1 4
+1 4
+1 4
+2 4
+2 4
+1 4
+2 3
+2 3
+1 3
+1 3
+21 5
+1 5
+2 2
+1 2
+1 2
+1 2
+1 2
+2 2
+1 2
+1 2
+1 2
+1 2
+2 2
+1 2
+1 2
+1 2
+1 2
+13 3
+1 3
+1 3
+1 3
+1 3
+1 3
+1 1
+1 1
+11 16
+1 16
+1 16
+4 29
+1 29
+1 29
+4 8
+1 8
+1 8
+4 10
+1 10
+1 10
+4 892
+1 892
+1 892
+1 890
+1 890
+12 2
+1 2
+1 2
+1 2
+1 2
+12 9
+1 9

fl=(267) /build/buildd/eglibc-2.19/io/../sysdeps/unix/sysv/linux/wordsize-64/xstat.c
fn=(2860) _xstat
34 1
-1 1
+1 1
+1 6
+4 1

fl=(160) /build/buildd/eglibc-2.19/stdlib/strtod_l.c
fn=(1524) ____strtod_l_internal
494 4757427
+56 528603
-2 528603
-54 528603
+56 528603
+18 528603
-1 528603
+15 1585809
+1 1057206
cfi=(97)
cfn=(730)
calls=528603 66 
* 8457648
+1 528603
-1 528603
+1 2114412
+21 528603
-6 1057206
+9 1057206
+1 1585809
+3 528603
-4 528603
+4 528603
+5 358821
-17 358821
+17 358821
+13 1585809
+1 1057206
+75 1585809
+19 2403499
500 343357
749 686714
+1 1030071
-1 370492
+1 555738
+1 926230
+5 370492
+1 740984
-1 555738
+8 370492
+18 1057206
+10 2798847
+1 1057206
+12 1057206
+16 1057206
+42 2114412
+9 1057206
+1 2021952
-1 1447119
+7 1447119
+1 1447119
+11 1057206
+6 528603
+1 1057206
-1 528603
+1 1057206
+5 277221
+1 554442
+5 796
+3 831663
+5 554442
+34 831663
+2 830469
+2 2491407
+32 3598699
-2 553646
+2 5174
-2 3198709
+30 750471
+3 750471
-2 1500942
+2 750471
+2 2251413
+2 831663
+1 830469
639 1585809
+63 403
1778 4228824
899 1308588
1030 1057206
+2 1078254
+2 231156
-2 154104
+2 336183
-2 224122
+3 77052
-1 77052
+3 924150
+3 1191479
+19 1585809
+1 528594
+2 1057206
+3 1516984
+9 307056
+2 307056
+10 614112
+3 767640
+4 153528
-8 153528
+8 153528
+1 153528
-1 153528
-8 307056
+13 1056400
+92 528200
+2 1447796
+1 97849
+1 97849
+3 97849
-3 97849
+3 293547
-4 430351
+1 430351
+3 430351
-3 430351
+3 1291053
+3 1056400
601 528200
1203 1056400
1365 2770032
+9 923344
+3 24
+1 18
+29 24
+1 6
-1 1846670
+1 461666
-1 461666
+1 1385016
+2 1846688
+8 461672
-57 461672
+77 461672
-20 461672
+20 461672
-75 461672
+55 923344
-56 461672
+56 461672
-57 461672
+61 461672
+16 461672
-76 461672
+59 461672
+17 1385016
-6 461672
+1 2770032
cfi=(161) /build/buildd/eglibc-2.19/string/../sysdeps/x86_64/multiarch/../memcpy.S
cfn=(1528) __GI_memcpy
calls=461672 61 
* 8310096
+15 1264773
+1 1264773
+2 2529546
-26 3727266
+3 1296911
+2 1296911
+2 1296911
-2 1296911
+8 835239
+1 835239
-1 5011434
cfi=(166) /build/buildd/eglibc-2.19/stdlib/mul.c
cfn=(1540) __mpn_mul
calls=835239 57 
* 48443862
+4 835239
+1 835239
-1 835239
+1 835239
+1 1197720
+4 598860
+1 598860
+2 598860
-6 1197720
+6 598860
+2 2308360
+4 4155048
cfn=(1526) str_to_mpn.isra.0
calls=461672 348 
* 86113764
+17 1846688
+2 923344
+4 2308170
cfi=(162)
cfn=(1530)
calls=461634 29 
* 7870026
+1 2308170
cfi=(162)
cfn=(1530)
calls=461634 29 
* 6924510
+1 1148561
+11 225293
+2 225293
-2 225293
+2 225293
-2 236379
+2 236379
-2 236379
+2 709137
+68 236379
-3 236379
+1 236379
+2 236379
+55 236379
+19 472758
-19 472758
-14 945516
+18 2836548
+1 1418274
+4 1891200
+3 18
+2 36
+2 36
+3 1891032
+3 4018443
+3 472758
+1 236379
-1 236379
+1 236379
-1 1181895
cfn=(1532) round_and_return
calls=236379 212 
* 18911970
* 1126465
cfn=(1532)
calls=225293 212 
* 18059830
* 461672
1040 133076
796 404346
+22 1213038
+1 404346
615 339564
-1 432024
782 1612
-76 555738
+19 1111476
500 370492
899 1108884
1054 4
-11 40
+3 12
767 236379
1445 709137
907 553646
-1 553646
+4 796
-9 796
+58 796
1206 731874
cfn=(1526)
calls=66534 348 
* 4374603
* 66534
+6 266136
+44 66534
+1 133068
-1 133068
+1 66534
+4 66534
-4 66534
+4 66534
+6 133068
+32 133068
+3 532224
+2 133056
+8 133056
+21 465696
cfn=(1532)
calls=66528 212 
* 5322240
* 66528
500 370492
727 370492
-1 370492
+1 370492
965 796
1483 1181895
1640 2836548
cfi=(162)
cfn=(1530)
calls=236379 29 
* 3545685
* 2127411
-40 236379
+40 236379
-40 236379
-96 225293
-2 225293
+1 225293
+1 675879
+4 225293
+38 450586
-38 675879
+38 225293
-38 225293
+38 225293
-38 246432
+38 82144
-38 82144
+38 4073875
+6 143143
-1 143143
-1 143143
+2 143143
-2 143143
+1 143143
-1 286286
+2 82150
-1 82150
-1 82150
+2 82150
-2 82150
+1 82150
-1 164300
-4 164300
+2 82144
-2 82144
+2 246444
-2 1020420
cfi=(162)
cfn=(1530)
calls=72644 29 
* 1089660
* 435864
1191 860702
+1 1291053
1383 2308330
+3 4616660
+13 461666
-10 1384998
+10 461666
+5 923332
1596 236379
+1 472758
-6 709137
+52 472758
1454 1346780
cfi=(161)
cfn=(1528)
calls=336695 61 
* 7057170
* 336695
1338 30
cfi=(161)
cfn=(1528)
calls=6 61 
* 108
* 404
969 1447915
-84 12773012
+3 1071258
-7 2142516
+7 8487980
-7 23685071
1314 798336
cfi=(162)
cfn=(1530)
calls=66528 29 
* 997920
+4 199584

fn=(1526)
348 4753854
+14 528206
-1 528206
-13 1056412
+14 3697442
+34 23237395
+3 616280
+7 616280
+3 616280
+3 308140
-3 308140
+1 308140
+2 308140
-3 8678678
+3 4339339
-3 4339339
+1 4339339
+2 4339339
-47 8238546
+19 8238546
+30 2112824
+7 1584618
+2 1584618
+2 528206
+1 528206
+15 4753854

fn=(2252) strtod_l
1794 1585782
cfn=(1524)
calls=528594 494 
* 514816897

fn=(1532)
212 5810200
fi=(163) /build/buildd/eglibc-2.19/stdlib/../sysdeps/generic/get-rounding-mode.h
93 528200
+1 2641000
fe=(160)
215 1056400
+89 1056400
+35 4225600
fi=(163)
103 528200
-9 1056400
fe=(160)
339 5282000
-28 1983804
-4 66534
fi=(164) /build/buildd/eglibc-2.19/stdlib/../include/rounding-mode.h
46 133068
fe=(160)
307 461666
fi=(164)
46 1451532
fe=(160)
338 1584600
cfi=(165) /build/buildd/eglibc-2.19/stdlib/../sysdeps/ieee754/dbl-64/mpn2dbl.c
cfn=(1538) __mpn_construct_double
calls=528200 39 
* 7394800
* 528200
fi=(164)
46 1056400
+6 2286609
fe=(160)
307 468006
fi=(168) /build/buildd/eglibc-2.19/stdlib/../stdlib/gmp.h
447 234003
fe=(160)
316 468006
fi=(168)
448 234003
fe=(160)
316 234003
+10 1524406

fl=(46)
fn=(186)
49 2
-49 24

fl=(80)
fn=(396)
126 9
+5 1
-5 2
+5 2
cob=(1)
cfi=(2)
cfn=(46)
calls=1 838 
* 2
+2 2
cob=(1)
cfi=(81)
cfn=(404)
calls=1 +49 
* 53
cob=(1)
cfi=(49)
cfn=(200)
calls=1 -99 
* 1472
* 5
+2 2
30 1
+1 1
-1 1
+1 1
+3 2
+5 1
+6 1
-7 1
+2 2
+2 1
-2 1
+2 1
+3 1
+5 7
+2 1
+1 2
-1 1010
+1 2020
+2 4927
+6 11060
+2 8848
+1 16231
+7 2212
-2 2212
+2 5435
-21 2022
+49 3
+1 1
+1 3
+3 2
+37 3
cob=(1)
cfi=(2)
cfn=(48)
calls=1 844 
* 2
+3 9
-28 1
+1 1
+21 2

fl=(171) /build/buildd/eglibc-2.19/stdlib/../stdlib/strtol_l.c
fn=(1554) ____strtol_l_internal
232 104
+26 13
-12 13
-14 13
+26 13
+22 13
-1 13
+10 52
+9 78
+2 26
+5 26
+5 13
-6 13
+6 13
+4 26
+10 16
+7 39
-79 13
376 13
+3 26
+59 13
-59 13
+1 26
+4 13
-4 13
+58 13
+2 26
+16 13
-74 13
+1 13
+57 13
+38 13
-22 13
-14 39
-2 6
-2 3
+4 3
-2 3
+2 6
+28 48
+3 64
+5 16
-40 16
+41 32
-41 61
+46 26
+5 39
+6 26
+3 39
334 65
-18 10
496 39
+35 13
-18 13
+18 91

fl=(250) /build/buildd/eglibc-2.19/time/strftime.c
fn=(2664) strftime
25 6
cfi=(251) /build/buildd/eglibc-2.19/time/strftime_l.c
cfn=(2666) strftime_l
calls=2 476 
* 3336

fl=(242) /build/buildd/eglibc-2.19/time/tzfile.c
fn=(2636) __tzfile_read
104 18
+20 2
-10 2
-10 2
+13 2
+5 2
+2 2
+3 6
528 16
136 8
+10 4
+14 4
+1 4
cfi=(267)
cfn=(2860)
calls=1 34 
* 10
* 2
+1 3
+6 3
cfi=(144)
cfn=(1374)
calls=1 -65 
* 523
+1 1
-1 1
+1 1
+4 2
cfi=(150) /build/buildd/eglibc-2.19/libio/fileno.c
cfn=(1472) fileno
calls=1 36 
* 6
* 4
cfi=(136)
cfn=(1238)
calls=1 34 
* 10
* 2
+6 1
-64 2
+64 1
cfi=(77)
cfn=(1738)
calls=1 2917 
* 7
* 1
+4 1
-3 1
+3 1
+1 2
+1 1
+3 1
-3 2
fi=(244) /build/buildd/eglibc-2.19/time/../sysdeps/x86/bits/byteswap.h
47 4
fe=(242)
204 2
fi=(244)
47 6
fe=(242)
197 2
fi=(244)
47 2
fe=(242)
199 2
fi=(244)
47 4
fe=(242)
197 2
-1 2
+3 2
fi=(244)
47 2
fe=(242)
196 2
+2 2
fi=(244)
47 4
fe=(242)
201 2
fi=(244)
47 2
fe=(242)
200 2
+4 2
+1 2
+7 1
-1 1
+6 1
-4 1
+1 1
-2 1
+5 1
-2 1
-4 1
+6 1
cfi=(206) /build/buildd/eglibc-2.19/libio/fseek.c
cfn=(2124) fseek
calls=1 35 
* 131
* 2
-9 1
-17 5
cfi=(243) /build/buildd/eglibc-2.19/libio/iofread_u.c
cfn=(2638) fread_unlocked
calls=1 38 
* 227
* 5
cfi=(243)
cfn=(2638)
calls=1 38 
* 331
* 4
+2 8
cfi=(98)
cfn=(732)
calls=2 24 
* 44
* 4
-33 1
+63 8
+5 2
+4 3
-1 2
+3 3
+1 4
+2 1
+1 2
+3 2
+4 3
-1 2
+3 3
+2 2
-1 1
+25 6
+5 3
cfi=(77)
cfn=(390)
calls=1 2876 
* 1860
* 1
+1 1
-1 1
+1 1
+5 1
+2 1
-1 1
-3 1
+2 1
+2 1
-2 1
+1 1
-3 1
+3 1
+5 1
-3 1
-5 1
+4 1
+1 1
+4 3
+3 1
+2 1
-2 1
+2 3
cfi=(243)
cfn=(2638)
calls=1 38 
* 406
* 2
+16 2
+1 976
-1 486
+4 5
fi=(244)
111 3
fe=(242)
333 1
-1 2
fi=(244)
111 726
fe=(242)
333 242
-1 484
+4 7
+4 256
fi=(247) /build/buildd/eglibc-2.19/time/../libio/bits/stdio.h
65 8
fe=(242)
340 8
fi=(247)
65 32
fe=(242)
344 16
+2 32
fi=(247)
65 48
fe=(242)
348 24
+3 8
-15 16
fi=(244)
47 8
fe=(242)
352 8
-1 8
+1 8
-16 9
+19 5
cfi=(243)
cfn=(2638)
calls=1 38 
* 85
* 2
+3 2
162 3
+1 3
519 2
-1 2
+1 2
cfi=(77)
cfn=(1738)
calls=2 2917 
* 14
* 2
* 2
288 5
+86 5
fi=(247)
65 48
fe=(242)
379 40
-5 24
+7 3
+3 2
-3 1
+3 2
fi=(247)
65 48
fe=(242)
389 40
-5 25
+7 2
+4 2
fi=(247)
65 6
fe=(242)
398 2
+49 1
+3 1
-3 1
cfi=(195) /build/buildd/eglibc-2.19/libio/iofclose.c
cfn=(1956) fclose@@GLIBC_2.2.5
calls=1 40 
* 387
+3 3
+1 1
-1 1
+1 5
cfi=(239)
cfn=(2650) __tzstring
calls=1 90 
* 326
* 7
-1 7
+1 35
cfi=(239)
cfn=(2650)
calls=7 90 
* 1520
-1 16
+8 1
-2 1
+13 1
-11 1
-2 1
+1 1
+1 3
+2 4
+1 8
+2 6
+4 6
cfi=(239)
cfn=(2650)
calls=2 90 
* 250
* 2
+2 11
+4 2
+7 2
826 4
+4 16
+1 4
-1 8
+1 9
-1 26
+2 8
+1 4
+2 12
485 3
+29 1
+1 1
-1 1
+1 3
-24 3
+4 3
-5 3
+5 5
+3 1
-1 1
+8 4
+3 2
-13 4
+5 7
+3 1
-1 2
+9 8
399 7
cfi=(243)
cfn=(2638)
calls=1 38 
* 85
* 2
+4 2
+41 1
-41 1
+41 3
251 6
cfi=(245) /build/buildd/eglibc-2.19/libio/ftello.c
cfn=(2642) ftello
calls=1 36 
* 90
+1 3
+1 1
+1 1
-1 1
+1 2
+1 1
-3 2
+8 1
-3 1
+3 3
+1 2
-1 2
+3 1
+1 3
+3 5
+2 1
+1 1
-1 3
+1 8

fn=(2656) __tzfile_compute
622 18
+3 2
-3 2
+3 4
+5 2
-3 2
+3 2
-3 2
+1 2
+2 10
+30 6
+42 4
-5 2
+5 12
+1 4
+42 12
+1 2
-1 2
+1 4
cfi=(239)
cfn=(2650)
calls=2 90 
* 288
+2 2
-2 6
+2 4
+3 8
+1 2
+2 6
+2 6
cfi=(239)
cfn=(2650)
calls=2 90 
* 212
* 6
+2 10
+7 6
+3 8
+4 10
+1 2
+2 2
-3 2
+1 4
+2 2
+7 4
+3 4
+1 10
cfi=(100)
cfn=(2654)
calls=2 180 
* 48
* 4
+2 2
-1 2
+1 8
+4 2
+8 4
-7 2
+7 6
-2 4
+20 16
705 8
+1 6
+2 8
+3 2
-6 2
+6 2
-15 4

fl=(153) /build/buildd/eglibc-2.19/libio/iovsscanf.c
fn=(1494) vsscanf
35 67
+6 67
-6 67
+6 67
-6 134
+6 67
-6 134
+6 67
-6 134
+6 67
-2 67
+2 67
cfi=(134)
cfn=(1382)
calls=67 643 
* 2948
+1 67
+1 268
-1 67
+1 67
cfi=(154)
cfn=(1496)
calls=67 -4 
* 5708
+1 335
cfi=(156) /build/buildd/eglibc-2.19/stdio-common/vfscanf.c
cfn=(1500) _IO_vfscanf
calls=67 214 
* 43527
+2 402

fl=(184) /build/buildd/eglibc-2.19/stdlib/../sysdeps/x86_64/../i386/ldbl2mpn.c
fn=(1802) __mpn_extract_long_double
36 1740
+2 870
+10 870
-10 2610
+1 4350
+9 2610
+6 870
-6 870
+6 870
+66 1740
-9 1740
+4 1740

fl=(204) /build/buildd/eglibc-2.19/libio/ioftell.c
fn=(2106) ftell
35 2
+3 2
-3 2
+3 30
+1 10
cfi=(205) /build/buildd/eglibc-2.19/libio/ioseekoff.c
cfn=(2108) _IO_seekoff_unlocked
calls=2 +5 
* 158
* 2
+1 6
fi=(138)
904 4
+1 6
fe=(204)
46 4
+16 6
fi=(138)
905 12
fe=(204)

fl=(175) /build/buildd/eglibc-2.19/stdlib/../stdlib/strtod_l.c
fn=(1708) str_to_mpn.isra.0
348 27
+14 3
-1 3
-13 6
+14 21
+34 30
+13 12
+3 6
-3 6
+1 6
+2 6
-47 6
+19 6
+30 12
+7 9
+2 9
+2 3
+1 3
+15 27

fn=(1704) strtold_l
1794 9
cfn=(1706) ____strtold_l_internal
calls=3 494 
* 1243

fn=(1710) round_and_return
212 33
fi=(163)
93 3
+1 15
fe=(175)
215 6
339 24
-35 6
fi=(163)
103 3
-9 6
fe=(175)
339 30
-28 27
-4 3
fi=(164)
46 9
fe=(175)
338 9
cfi=(176)
cfn=(1712)
calls=3 33 
* 51
* 3
fi=(164)
46 6
+6 9
fe=(175)
326 6

fn=(1706)
494 27
+56 3
-2 3
-54 3
+56 3
+18 3
-1 3
+15 9
+1 6
cfi=(97)
cfn=(730)
calls=3 66 
* 48
+1 3
-1 3
+1 12
+21 3
-6 6
+9 6
+1 9
+3 3
-4 3
+4 3
+5 3
-17 3
+17 3
+13 9
+1 6
+75 9
+19 21
500 3
749 6
+1 9
+32 6
+10 27
+1 6
+12 6
+16 6
+42 12
+9 6
+1 8
-1 3
+7 3
+1 3
+11 6
+6 3
+1 6
-1 3
+1 6
639 9
1778 24
899 9
1030 6
+2 4
+2 3
-2 2
+2 3
-2 2
+3 1
-1 1
+3 2
+3 12
+19 9
+1 3
+2 6
+3 6
+33 6
+92 3
+2 18
+1 3
+1 3
+3 3
-3 3
+3 9
+3 6
+3 3
601 3
1203 3
1040 6
796 6
+22 18
+1 6
614 4
1206 33
cfn=(1708)
calls=3 348 
* 201
* 3
+6 12
+44 3
+1 6
-1 6
+1 3
+4 3
-4 3
+4 3
+6 6
+32 6
+3 21
+2 6
+10 30
cfi=(162)
cfn=(1530)
calls=3 29 
* 45
+4 9
+15 21
cfn=(1710)
calls=3 212 
* 249
* 3
1046 3
885 4
+3 4
-7 14

fl=(92) /build/buildd/eglibc-2.19/wcsmbs/btowc.c
fn=(710) btowc
34 256
+5 256
+1 256
-6 1024
+5 512
+62 1280
-62 512
+5 768
+4 384
fi=(93) /build/buildd/eglibc-2.19/wcsmbs/./wcsmbsload.h
+23 384
fe=(92)
-20 128
-2 256
+2 128
+1 256
+4 256
+3 256
cfi=(94)
cfn=(714)
calls=128 -21 
* 512
* 384
cfi=(95)
cfn=(716)
calls=128 -7 
* 640
* 128
fi=(93)
+14 384
+1 256
fe=(92)

fl=(203) /build/buildd/eglibc-2.19/libio/iofread.c
fn=(2080) fread
35 6895
+1 2758
-1 2758
+4 2758
+2 24822
+1 5516
cfi=(134)
cfn=(2082)
calls=1379 495 
* 76023
fi=(138)
904 1379
fe=(203)
42 1379
fi=(138)
904 1379
+1 12411
fe=(203)
44 4137
+1 8274

fl=(273) /build/buildd/eglibc-2.19/stdlib/cxa_finalize.c
fn=(2964) __cxa_finalize
31 12
+17 4
-17 20
+4 16
+4 77
+5 40
+2 5
+1 5
+1 20
-2 10
+5 5
+5 5
-2 10
+2 5
cob=(7) /usr/lib/x86_64-linux-gnu/libstdc++.so.6.0.21
cfi=(75) ???
cfn=(3008) 0x000000000008b790
calls=1 -56 
* 5
cob=(7)
cfi=(75)
cfn=(3000) 0x000000000008b760
calls=1 -56 
* 804
cob=(7)
cfi=(75)
cfn=(2998) 0x00000000000b5e10
calls=1 -56 
* 5
cob=(7)
cfi=(75)
cfn=(2996) 0x00000000000b7a90
calls=1 -56 
* 5
cob=(7)
cfi=(75)
cfn=(2988) 0x00000000000b7a60
calls=1 -56 
* 820
+4 10
-21 15
-4 12
+32 16
+4 24
-4 12
+12 8
+3 4
-2 4
+2 24
-2 4
cfi=(274) /build/buildd/eglibc-2.19/nptl/../nptl/sysdeps/unix/sysv/linux/unregister-atfork.c
cfn=(2966) __unregister_atfork
calls=4 -44 
* 52

fl=(170) /build/buildd/eglibc-2.19/stdlib/../stdlib/strtol.c
fn=(1552) strtol
108 52
cfi=(171)
cfn=(1554)
calls=13 232 
* 1389

fl=(40)
fn=(170) strcasecmp
114 1
+1 1
+1 1
cfi=(41) /build/buildd/eglibc-2.19/csu/../sysdeps/x86_64/multiarch/init-arch.c
cfn=(172) __init_cpu_features
calls=1 -62 
* 93
+3 1
+1 1
+1 1
+11 1

fn=(180) strncasecmp
140 1
+1 1
+4 1
+1 1
+1 1
+11 1

fn=(982)
88 1
+1 1
+4 1
+1 1
+1 1
+8 1
+1 1
+1 1
+2 1

fl=(89) /build/buildd/eglibc-2.19/locale/newlocale.c
fn=(626) newlocale
44 10
+12 1
-12 2
+12 1
+8 2
+3 4
+6 2
+1 1
+2 1
-2 4
-17 2
+17 2
279 8

fl=(133)
fn=(1386)
143 11
+4 11
-4 33
+5 11
-1 11
+3 11
cfi=(134)
cfn=(1388)
calls=11 -51 
* 902
+1 11
+1 44

fn=(3066)
461 2
+1 1
cfi=(134)
cfn=(3068)
calls=1 +95 
* 51
* 2
+4 2
-1 2
+2 3
+2 1
+1 2

fn=(1244) _IO_do_write@@GLIBC_2.2.5
509 88
+2 88
-2 440
+2 176
+1 6
+11 348
+7 348
+8 435
cfn=(1248) _IO_file_write@@GLIBC_2.2.5
calls=87 1254 
* 3741
* 87
+1 261
+6 87
-4 87
+4 87
-4 261
+1 174
+3 87
-34 174
+32 87
-32 87
+1 348
-1 87
+1 174
+32 174

fn=(1390)
254 99
+11 22
+2 57
431 1
-77 1
+77 7
276 1
-2 1
+1 3
-20 1
+37 4
-17 20
-20 10
+37 146
-2 6
+43 11
224 11
+1 22
-1 11
+4 10
cfi=(137) /build/buildd/eglibc-2.19/io/../sysdeps/unix/syscall-template.S
cfn=(1392) open
calls=10 81 
* 74
* 10
+4 22
+3 10
-1 10
+1 20
+1 20
-1 10
+1 10
+7 20
cfi=(134)
cfn=(1388)
calls=10 99 
* 110
353 30
cfi=(145) /build/buildd/eglibc-2.19/string/../string/strstr.c
cfn=(1396) __GI_strstr
calls=10 53 
* 273
+1 10
-1 10
+1 10
-62 6
+32 1
-2 1
+2 1
+1 1
-7 2
+1 1
-27 2
-21 10
-1 10
-15 20
431 10
-77 10
+77 70
225 1
cfi=(137)
cfn=(1394) __open_nocancel
calls=1 81 
* 5
* 2

fn=(1970) _IO_file_finish@@GLIBC_2.2.5
202 9
+1 9
-1 9
+1 9
+6 18
+1 9
-1 9
cfi=(134)
cfn=(1972)
calls=9 686 
* 216

fn=(2092) _IO_file_read
1204 28
cfi=(137)
cfn=(1478) read
calls=6 81 
* 42
-3 2
+2 4
cfi=(137)
cfn=(1480) __read_nocancel
calls=2 81 
* 10
+2 2
-1 2
+1 2

fn=(1230)
824 920
+1 690
+7 1606
+35 460
+3 426
+3 639
+1 639
+1 852
+4 213
+1 852
-45 2
+12 2
+9 4
+8 1
-4 1
+3 2
-2 2
-3 1
+1 2
+5 1
-1 1
+1 3
+1 2
+12 142
-1 71
+1 71
-1 71
cfn=(1244)
calls=71 509 
* 6461
* 142
-8 17
+1 17
+11 51
-12 17
cfn=(1244)
calls=17 509 
* 1471
-31 2
cfi=(134)
cfn=(1232)
calls=1 414 
* 112
+1 6

fn=(1236)
1222 4
+1 12
cfi=(136)
cfn=(1238)
calls=4 34 
* 40

fn=(1960) _IO_file_close_it@@GLIBC_2.2.5
158 27
+2 9
-2 9
+2 18
+4 9
+3 9
-3 9
-1 18
+6 9
+3 9
-3 9
cfi=(134)
cfn=(1962)
calls=9 1119 
* 81
+3 18
+4 27
+9 45
cfi=(134)
cfn=(1242)
calls=9 399 
* 207
+1 18
+3 9
-3 9
+1 27
+2 9
cfi=(134)
cfn=(1958)
calls=9 60 
* 90
+5 18
-4 9
+1 9
+1 9
+2 9
+1 36
-23 27
cfn=(1964) _IO_file_close
calls=9 1245 
* 63
* 18

fn=(2084)
1364 9688
+7 1384
-7 1384
+7 1384
+11 5536
+2 4152
+1 2768
-1 15
+1 10
+8 10
+13 10
+9 15
+1 20
-34 10
+6 1384
+69 2768
-1 2768
+1 5536
-70 4152
cfi=(161)
cfn=(1528)
calls=1384 61 
* 26348
+1 2768
+8 4
+5 2
-5 2
cfi=(177)
cfn=(1756)
calls=2 61 
* 44
+6 2
-6 4
+22 10
cfi=(134)
cfn=(2086)
calls=5 330 
* 493
* 10
-44 6
+5 4
cfi=(134)
cfn=(1232)
calls=2 414 
* 202
* 2

fn=(2088)
552 20
+8 15
+6 15
+3 10
+13 10
+20 10
cfi=(134)
cfn=(2090)
calls=5 183 
* 100
+6 5
+5 20
-5 10
+1 5
+2 5
-1 10
+3 5
cfn=(2092)
calls=5 1204 
* 59
+2 10
+10 5
-3 5
+3 10
+1 6
+1 6
+1 12
-1 4
+1 8

fn=(1964)
1245 18
cfi=(137)
cfn=(1966) __close_nocancel
calls=9 81 
* 45

fn=(1228)
1281 209
+7 209
-7 1463
+6 418
+7 1254
+17 4
+4 256
+5 832
cfi=(177)
cfn=(1756)
calls=208 61 
* 4842
* 208
+6 208
-1 208
+1 416
+2 624
+27 418
+1 1672
-45 2
+17 3
+4 68
cfn=(1230)
calls=17 824 
* 1985
* 34
+6 34
+1 102
+2 51
+11 34
+1 44
cfi=(134)
cfn=(1246)
calls=11 447 
* 7551
* 22
-57 624
+1 416
+3 624
+2 5124
-2 3764
+4 64

fn=(1248)
1254 609
+2 435
+11 87
+1 87
-12 174
+5 87
-1 261
+1 174
cfi=(137)
cfn=(1250) write
calls=87 81 
* 609
+1 174
+9 261
+3 783

fn=(1882)
886 75
+5 75
-5 75
+5 225
+2 75
+1 150
+17 150
+4 150

fn=(2112) _IO_file_seek
1214 10
cfi=(131)
cfn=(2114) lseek
calls=5 81 
* 35

fn=(2110) _IO_file_seekoff@@GLIBC_2.2.5
947 77
+7 42
+3 14
+15 8
+13 20
+43 4
cfn=(1236)
calls=1 1222 
* 14
* 2
+70 3
cfi=(134)
cfn=(1962)
calls=1 +21 
* 9
+1 5
cfn=(2112)
calls=1 1214 
* 9
+1 2
+4 1
-2 1
+3 1
-2 1
+1 3
+1 3
+13 63
957 28
+2 14
+1 3
+12 3
-12 3
+12 3
+17 16
+1 12
+10 12
+15 6
+6 3
+19 18
+4 15
+1 9
+3 9
-1 3
+2 10
-80 8
+92 6
+4 6
+1 3
-1 6
+2 3
+5 3
-7 3
+1 3
+1 3
+5 3
-5 3
+23 3
+3 3
+1 3
-1 3
-3 12
+5 3
-5 3
+2 9
+3 3
-67 4
+2 1
+1 2
+41 6
cfn=(2112)
calls=3 1214 
* 27
+1 3
-1 3
+1 3
+2 6
+4 30
cfn=(2092)
calls=3 1204 
* 33
* 3
+3 6
-80 4
+4 5
cfn=(2112)
calls=1 1214 
* 9
+1 2
+3 2

fl=(137)
fn=(1250)
81 416
cfn=(1252) __write_nocancel
calls=208 * 
* 1040

fn=(1480)
81 5365

fn=(1392)
81 20
cfn=(1394)
calls=10 * 
* 54

fn=(1252)
81 1040

fn=(1966)
81 45

fn=(1394)
81 54
+2 5

fn=(1478)
81 2142
cfn=(1480)
calls=1071 * 
* 5355

fl=(195)
fn=(1956)
40 27
+14 9
-14 9
+14 27
+3 147
+4 24
-3 16
+3 3
-3 2
fi=(138)
904 18
+1 28
fe=(195)
63 4
cfi=(133)
cfn=(1970)
calls=1 202 
* 32
* 32
cfi=(133)
cfn=(1970)
calls=8 202 
* 256
+1 27
+18 54
+2 9
+1 18
cfi=(77)
cfn=(1738)
calls=9 2917 
* 1216
cob=(1)
cfi=(49)
cfn=(200)
calls=1 -51 
* 815
* 13
+4 45
-10 18
-20 18
cfi=(133)
cfn=(1960)
calls=9 +99 
* 873
* 27
-4 9
cfi=(134)
cfn=(1958)
calls=9 +5 
* 703
* 27
fi=(138)
905 48
fe=(195)

fl=(270) /build/buildd/eglibc-2.19/stdlib/exit.c
fn=(2910) exit
104 1
-1 1
+1 2
cfn=(2912) __run_exit_handlers
calls=1 -69 
* 12933

fn=(2912)
35 8
+5 1
cfi=(271)
cfn=(2914)
calls=1 +42 
* 1345
* 1
+6 83
+4 81
+3 31
-1 31
+2 170
-4 10
+37 1
+1 1
-1 1
+1 1
+6 2
+1 5
cfi=(134)
cfn=(3062)
calls=1 1010 
* 284
* 3
+2 2
cfi=(275) /build/buildd/eglibc-2.19/posix/../sysdeps/unix/sysv/linux/_exit.c
cfn=(3070) _Exit
calls=1 -69 
* 5
-19 26
+4 52
-2 52
+2 26
cob=(1)
cfi=(272) /build/buildd/eglibc-2.19/elf/dl-fini.c
cfn=(2936) _dl_fini
calls=1 +49 
* 7911
cob=(7)
cfi=(75)
cfn=(2926) std::ios_base::Init::~Init()
calls=25 -82 
* 1632
cob=(1)
cfi=(49)
cfn=(200)
calls=1 -48 
* 1113
* 29
+1 26

fl=(197) /build/buildd/eglibc-2.19/debug/printf_chk.c
fn=(1992) __printf_chk
26 12
+4 18
+1 2
+1 2
+2 1
+1 3
-1 5
+1 1
cfi=(179)
cfn=(1792)
calls=1 235 
* 370
+3 1
-3 1
+3 1
+1 2
fi=(198) /build/buildd/eglibc-2.19/debug/../libio/libioP.h
913 1
+1 2
+1 8
fe=(197)
43 6

fl=(157) /build/buildd/eglibc-2.19/debug/../sysdeps/x86_64/strcpy_chk.S
fn=(1514) __strcpy_chk
30 4
+1 4
+2 4
+2 4
+22 4
+1 4
+2 8
+8 4
+1 4
+1 4
+1 4
+3 4
+1 4
+1 4
+1 4
+3 4
+2 1
+1 1
+3 1
+1 1
+1 1
+1 1
+3 1
+1 1
+1 1
+1 1
+3 1
+2 1
+1 1
+3 1
+1 1
+1 1
+1 1
+3 1
+63 12
+1 12
+1 12
+1 10
+1 10
+1 10
+1 10
+1 8
+1 8
+1 8
+17 4
+2 4

fl=(243)
fn=(2638)
38 5
+5 5
-5 20
+1 10
+3 10
+4 20
-2 20
cfi=(134)
cfn=(2082)
calls=5 495 
* 1024
* 5
+1 15

fl=(96) /build/buildd/eglibc-2.19/wctype/wctype_l.c
fn=(728) wctype_l
27 50
+7 10
-7 40
+3 10
cfi=(97)
cfn=(730)
calls=10 +36 
* 160
+3 10
-3 10
+3 20
+8 48
+1 96
-8 48
+2 96
cfi=(97)
cfn=(730)
calls=48 +30 
* 768
* 20
cfi=(97)
cfn=(730)
calls=10 +30 
* 160
+2 58
-2 58
+2 254
cfi=(98)
cfn=(732)
calls=49 -14 
* 1012
* 98
+8 10
+1 10
+1 80

fl=(251)
fn=(2668) __strftime_internal
502 22
+2 2
+55 2
-57 4
+2 2
+3 2
+52 2
+10 2
-62 2
+62 2
+6 2
-31 2
+31 4
1143 2
+10 6
-10 2
+5 6
675 108
+1 12
575 64
+98 64
+11 56
+24 8
587 8
708 24
+20 16
+8 8
-8 16
+14 56
-58 16
1434 16
573 10
1427 4
-2 4
575 22
1431 8
+1 6
1194 4
839 18
cfn=(2669) __strftime_internal'2
calls=2 502 
* 814
+3 2
-3 2
+3 54
cfn=(2669)
calls=2 502 
* 1088
+4 2
-4 6
+4 4
959 8
+27 4
1296 4
989 4
-3 4
+3 4
+3 4
-3 8
1296 8
992 32
+1 4
-1 4
+1 8
-1 48
+1 6
-1 6
+1 12
+4 8
+6 4
-3 4
+3 4
-3 4
+3 8
-1 4
+3 8
+2 4
+32 76
1198 2
+1 4
812 4
953 4
+1 8
1264 4
+19 4
+3 16
791 6
+3 2
-3 2
+3 2
+3 24
cfi=(97)
cfn=(730)
calls=2 66 
* 32
* 36
943 4
+3 12
+13 8
+80 28
cfi=(161)
cfn=(1528)
calls=4 61 
* 72
* 8
847 2
-5 4
1009 10
+3 4
+1 18
cfi=(209)
cfn=(2226)
calls=2 53 
* 40
* 8
+2 2
-1 2
+1 10
812 12
cfi=(161)
cfn=(1528)
calls=2 61 
* 46
* 4

fn=(2669)
502 44
+2 4
+55 4
-57 8
+2 4
+3 4
+52 4
+10 4
-62 4
+62 4
+6 4
-31 4
+31 8
1143 4
+10 12
-10 4
+5 12
675 60
+1 4
575 16
675 4
+1 4
575 16
+98 76
+11 84
+24 12
587 12
708 36
+20 24
+8 12
-8 24
+14 84
-58 24
1434 32
573 20
1427 12
-2 12
575 60
1431 12
+1 6
-9 4
959 24
+27 12
1296 12
989 12
-3 12
+3 12
+3 12
-3 24
1296 24
992 96
+1 12
-1 12
+1 24
-1 64
+1 8
-1 8
+1 16
+4 24
+6 12
-3 12
+3 12
-3 12
+3 24
-1 12
+3 24
+2 8
+12 20
+3 8
+9 12
+1 18
cfi=(209)
cfn=(2226)
calls=2 53 
* 40
* 6
+1 2
+1 2
+5 24
-6 2
+1 2
+5 174
+93 8
+3 24
-86 8
+3 24
+27 8
+3 24
959 24
+80 42
cfi=(161)
cfn=(1528)
calls=6 61 
* 112
* 12

fn=(2666)
476 2
+9 4
-1 2
+1 2
cfn=(2668)
calls=2 +17 
* 3322
+2 4

fl=(241) /build/buildd/eglibc-2.19/string/strdup.c
fn=(2634) strdup
40 8
+1 2
cfi=(97)
cfn=(730)
calls=2 +25 
* 32
* 2
+1 4
cfi=(77)
cfn=(390)
calls=2 2876 
* 194
* 2
+2 4
+4 2
-1 4
+1 4
-1 4
cfi=(161)
cfn=(1528)
calls=2 +14 
* 62

fl=(130) /build/buildd/eglibc-2.19/rt/../sysdeps/unix/clock_gettime.c
fn=(1182) clock_gettime
93 2
+22 10
cfi=(131)
cfn=(1184) __syscall_clock_gettime
calls=2 -53 
* 6
* 4
+19 4

fl=(85)
fn=(416)
31 34
-3 34
+3 238
+8 34
-6 68
+7 34

fl=(161)
fn=(1528)
61 800934
+2 800934
+2 800934
+3 800934
+1 800934
+2 14
+1 14
+2 14
+1 14
+5 14
+1 14
-1 800920
+1 800920
+2 208
+1 208
+2 208
+1 416
+5 208
+1 208
-1 800726
+1 800726
+2 165
+1 165
+2 165
+1 165
+5 165
+1 165
-1 800769
+1 800769
+2 600225
+1 600225
+2 600225
+1 600225
+5 600225
+1 600225
-1 200709
+1 401208
+5 200499
+1 200499
+1 200499
+1 200499
+2 200499
+2 200499
+1 200499
+2 200499
+8 800934
+8 6
+6 6
+2 6
+1 6
+3 3
+1 6
+5 3
+1 3
+2 3
+2 3
+1 3
+2 3
-8 14
+1 14
+2 14
+2 14
+1 14
+2 17
+9 3
+1 3
-1 3
+1 3
+3 5
+1 5
+1 5
+5 5
+2 5
+1 5
+1 5
+1 5
+2 5
+1 5
+1 5
+1 5
+2 5
+1 5
+2 5
+2 1
+2 1
+1 1
+1 1
+1 1
+2 1
+1 1
+1 1
+1 1
+2 1
+1 1
+2 2
+5 1
+6 1
+1 1
-7 4
+6 4
+1 4
+19 1
+1 1
+1 1
+5 1
+1 1
+4 1
+1 1
+2 273
+1 1
+6 1
+1 1
+1 1
+3 1
+6 1
+1 1

fl=(71) /build/buildd/eglibc-2.19/string/../sysdeps/x86_64/multiarch/../cacheinfo.c
fn=(284) intel_check_word
162 8
+6 4
-7 8
+7 8
-7 4
+7 8
-7 4
+7 4
+2 4
-2 4
+2 12
+2 4
+2 8
-2 6
+2 12
+8 20
+53 16
fi=(72) /build/buildd/eglibc-2.19/string/../bits/stdlib-bsearch.h
27 8
+1 16
+3 16
+1 8
fe=(71)
150 16
fi=(72)
31 12
+1 6
fe=(71)
150 12
+3 54
fi=(72)
29 46
+2 46
-2 46
+2 80
+1 40
fe=(71)
150 80
295 8
170 16
-6 2
300 16
fi=(72)
37 8
-8 18
fe=(71)
194 10
+5 10
-5 14
+34 3
-34 15
+5 6
+4 8
+7 8
+3 2
+2 4
-10 2
-2 2
+2 3
+12 2
+2 2
+1 2
-3 2
+2 2
-1 2
-1 2
+2 2
-1 6
+1 2
-2 4

fn=(282) handle_intel
306 4
-1 4
+17 2
-17 12
+14 2
+1 4
-3 6
+23 10
cfn=(284)
calls=2 162 
* 636
+1 4
+3 10
cfn=(284)
calls=2 162 
* 167
+1 4
-17 4
+5 2
-5 4
+5 2
+2 2
+1 2
-1 4
+27 16

fn=(280) init_cacheinfo
550 1
+13 1
-13 1
+13 1
-13 1
+13 1
+7 2
+2 3
cfn=(282)
calls=1 306 
* 431
+4 2
-4 1
+4 1
cfn=(282)
calls=1 306 
* 470
+2 1
-2 1
-1 1
+3 1
+29 1
-18 1
+18 3
+7 2
+9 20
-9 12
+6 6
-6 3
+6 2
+49 4
+75 2
+2 1
+1 1
+2 1
-3 1
+5 1
-5 1
+4 3
+4 2
+2 1
+1 1
+2 1
-3 1
+5 1
+2 1
-7 1
+4 2
+3 1
-3 1
+3 2
-93 5
-45 2
+6 5
+7 2
+4 4
+2 4
-6 4
+4 1
-2 1
+2 1
-4 3
+4 1
-2 1
+2 1
+15 2
-8 1
+2 2
+1 1
-1 2
+1 1
+1 1

fl=(65) /build/buildd/eglibc-2.19/csu/../csu/init-first.c
fn=(268) _init
52 8
+6 3
+14 1
fi=(66) /build/buildd/eglibc-2.19/csu/../sysdeps/generic/dl-hash.h
-28 1
fe=(65)
+26 1
+1 1
fi=(67) /build/buildd/eglibc-2.19/csu/../sysdeps/unix/sysv/linux/x86_64/init-first.c
-33 1
fi=(66)
+7 1
fi=(67)
-7 1
fe=(65)
+34 1
fi=(67)
-34 2
fi=(66)
+5 1
+5 3
+1 2
+13 2
-17 3
+3 9
+1 6
+13 6
-17 9
+22 1
fi=(67)
-29 2
+2 2
-2 1
+2 2
cfi=(44)
cfn=(178)
calls=1 -13 
* 7
+1 2
+5 2
-3 2
+1 1
+2 1
cfi=(44)
cfn=(178)
calls=1 -19 
* 7
fe=(65)
+40 1
fi=(67)
-36 1
fe=(65)
+36 2
fi=(67)
-36 2
+1 2
+1 1
fe=(65)
+34 1
cfi=(68)
cfn=(274)
calls=1 -56 
* 48
+8 1
cfi=(70)
cfn=(278)
calls=1 -63 
* 16
+5 6
-34 1
-7 1
+7 4
fi=(67)
-23 2
fe=(65)

fl=(200) /build/buildd/eglibc-2.19/math/../sysdeps/ieee754/dbl-64/wordsize-64/s_isnan.c
fn=(2024) isnan
27 12
-1 12
+1 12
+1 24
+1 12
+1 12

fl=(181)
fn=(1796)
161 8820
+54 882
-21 882
+2 882
+19 2646
+59 882
-59 1764
+59 882
+2 882
+24 882
-24 1764
+24 882
-24 1764
+1 882
-1 882
+1 882
+23 882
+42 882
176 882
-1 882
349 882
+2 882
-2 882
+2 870
+4 3480
cfi=(182)
cfn=(1798)
calls=870 32 
* 14790
* 2610
+41 36
+4 12
cfi=(200)
cfn=(2024)
calls=12 27 
* 84
* 24
+15 24
cfi=(201) /build/buildd/eglibc-2.19/math/../sysdeps/ieee754/dbl-64/wordsize-64/s_isinf.c
cfn=(2026) isinf
calls=12 20 
* 156
* 36
-46 3480
cfi=(183) /build/buildd/eglibc-2.19/math/../sysdeps/i386/fpu/s_isinfl.c
cfn=(1800) isinfl
calls=870 23 
* 18270
* 2610
+16 7830
cfi=(184)
cfn=(1802)
calls=870 36 
* 20880
+5 870
-5 870
+5 1740
+81 870
+12 870
-12 5220
+1 870
+1 870
+1 870
+1 3480
+1 1740
+1 870
-2 870
+1 870
-1 870
+1 870
+1 1740
+7 870
-7 870
+7 870
-13 12
+12 12
-12 72
+1 12
+1 12
+1 12
+1 48
+1 24
+1 12
-2 12
+1 12
-1 12
+1 12
+1 24
+7 12
-7 12
+7 12
+9 1524
+15 1016
-3 5080
+37 535
+1 3210
cfi=(161)
cfn=(1528)
calls=535 61 
* 12305
+15 4052
+11 542
-2 542
+2 7146
-2 6062
+2 18220
-56 6096
+4 30480
-4 508
+4 2540
+2 2340
+32 635
-2 4445
cfi=(166)
cfn=(1540)
calls=635 57 
* 44450
+4 4445
1264 7056
431 108
cfi=(202) /build/buildd/eglibc-2.19/stdlib/../sysdeps/ieee754/dbl-64/dbl2mpn.c
cfn=(2028) __mpn_extract_double
calls=12 35 
* 252
+4 12
-4 12
+4 36
+68 3048
-2 4572
cfi=(162)
cfn=(1530)
calls=508 29 
* 7620
+3 4572
+1 508
-1 508
+1 508
+1 3048
+52 4680
cfi=(185)
cfn=(1804)
calls=1170 42 
* 12877
* 2340
+3 3140
cfi=(161)
cfn=(1528)
calls=628 61 
* 14444
+1 1884
+1 1884
+1 628
-2 628
+1 628
+1 2512
+6 508
+6 2032
-6 508
+6 508
+4 3619
+4 14
+2 7
-2 7
+2 7
+17 7
-1 14
+1 21
+3 21
+9 3034
+16 1002
+2 501
-2 1002
+2 501
-2 1503
cfi=(186) /build/buildd/eglibc-2.19/stdlib/../sysdeps/x86_64/rshift.S
cfn=(1806) __mpn_rshift
calls=501 29 
* 8517
+16 1524
-1 508
+1 2032
cfi=(186)
cfn=(1806)
calls=508 29 
* 8636
+3 4572
828 508
+10 508
-10 508
+10 2032
+2 508
-2 508
+2 508
-12 374
+10 374
-10 374
+10 1496
+2 374
-2 374
+2 374
+10 1764
+20 210
+1 105
+1 12
+12 6
+1 6
+1 24
+6 18
+3 30
+3 6
-61 6
+61 12
-12 116
+6 87
+3 145
+3 29
-61 29
+61 905
-61 847
+61 1694
+14 3528
+1 882
-1 1764
+7 1764
fi=(278) /build/buildd/eglibc-2.19/stdio-common/../nptl/sysdeps/pthread/allocalim.h
28 1764
fe=(181)
929 882
-8 882
-1 882
+9 4410
+1 1764
+3 2818
+3 8756
+3 1592
cfn=(1808) hack_digit.13629
calls=796 231 
* 72551
* 3040
cfn=(1808)
calls=1520 231 
* 178061
* 4632
-3 10204
+6 1592
+1 2388
+2 1578
-4 789
+4 3414
+12 2541
+1 15488
+1 18150
+1 1694
+3 5203
-1 5203
+2 5203
-1 5203
cfn=(1808)
calls=5203 231 
* 405154
* 5203
+1 10406
+2 1491
-6 3388
+15 2646
+1 3528
cfn=(1808)
calls=882 231 
* 76968
+2 4334
+1 806
-1 806
+2 492
+3 157
-4 157
+4 157
+5 78
-1 78
+1 447
fi=(188) /build/buildd/eglibc-2.19/stdio-common/../sysdeps/generic/get-rounding-mode.h
93 2
+1 8
-1 880
+1 4402
fe=(181)
1094 2618
+3 61
-1 61
-2 298
+7 1780
+1 32
+2 1764
+13 2646
+46 4564
+1 364
+1 2184
+2 364
-2 364
+2 364
-2 3108
+2 518
-2 518
+2 4928
655 748
822 1152
cfi=(162)
cfn=(1530)
calls=288 29 
* 4320
+1 1440
+1 576
208 882
1170 1764
+1 1456
+4 364
+2 3528
+9 2646
+6 2646
+4 2646
cfi=(97)
cfn=(730)
calls=882 66 
* 14112
+2 882
-2 882
+2 2646
+5 882
+1 1764
-1 882
+2 1764
+11 4410
+1 882
+6 882
-6 882
+6 11466
+3 15586
+3 15586
-6 26001
+1 26001
+1 2622
cfi=(177)
cfn=(1756)
calls=874 61 
* 15732
* 1748
fi=(188)
94 1764
fi=(189) /build/buildd/eglibc-2.19/stdio-common/../include/rounding-mode.h
-42 1764
fe=(181)
995 968
fi=(189)
52 484
fe=(181)
995 968
+5 968
+5 2904
+2 187
-2 374
+3 187
-3 1474
+5 1337
+1 246
+1 968
+2 726
+11 2178
853 80
+2 80
-1 80
+10 80
-11 160
+91 183
+13 70
+9 245
-6 1080
+3 249
-1 249
+2 249
-1 249
cfn=(1808)
calls=249 231 
* 20183
* 249
+1 498
+2 186
+2 8
-8 214
1172 1554
871 87
+14 29
-1 29
+1 58
-32 847
-1 847
+1 2541
+3 2541
+2 767
-3 767
-1 767
+6 767
-2 767
+2 767
-7 767
+5 767
-5 1534
584 1002
+2 501
-2 501
+2 501
980 26
+2 26
-2 71
-29 86
+2 86
-1 86
832 86
951 86
+2 258
1233 1764
-1 882
+18 2646
+3 1764
+7 2646
663 344
cfi=(162)
cfn=(1530)
calls=86 29 
* 1290
+1 86
+4 86
-8 86
-1 86
-1 86
+30 86
-24 86
+4 86
-4 258
+52 86
-49 86
+1 86
+48 172
-43 86
+2 172
-2 946
+2 1892
+7 13
+2 13
-1 13
-1 52
+9 13
+13 13
-13 65
+4 13
-4 13
+4 13
+1 26
-1 13
+1 13
+1 13
-1 13
-1 13
+1 13
-1 13
+1 26
+8 39
+22 48
+8 9
+1 18
+8 9
-8 18
+5 9
-6 9
+6 27
+3 18
-9 1
+1 2
+8 1
-8 2
+5 1
-6 1
+6 3
+3 2
+1 20
+10 10
-3 10
+3 50
+12 10
+10 40
cfi=(186)
cfn=(1806)
calls=10 29 
* 170
* 10
+3 20
+7 10
-2 10
+2 1042
-2 1022
+2 3936
+24 258
-83 12
+1 4
-1 12
+2 3
-41 78
cfi=(166)
cfn=(1540)
calls=13 57 
* 910
* 13
+18 8
+4 4
-2 4
+2 20
1250 3528
-79 2548
+3 1036
+1 5292
865 266
625 14
+19 7
-1 63
cfi=(186)
cfn=(1806)
calls=7 29 
* 119
* 7
-31 1002
788 258
+4 390
cfi=(167)
cfn=(1542)
calls=78 32 
* 2496
+4 78
+1 78
-4 78
+3 78
+1 312
+2 1
+1 1
-1 1
+1 1
-1 1
cfi=(162)
cfn=(1530)
calls=1 29 
* 19
+2 2
+1 3
+4 1
+1 2
-1 77
+1 154
1250 110178
1015 484
+14 484
+2 847
+5 363
1168 242
805 308
cfi=(186)
cfn=(1806)
calls=77 29 
* 1309
* 77
-62 50
623 882
1199 1764
580 2004

fn=(1808)
231 34600
+3 27554
+2 25914
+7 14859
+20 14790
cfi=(167)
cfn=(1542)
calls=4930 32 
* 98600
+1 9860
+1 21255
+4 24650
-22 29718
cfi=(187)
cfn=(1810)
calls=4953 56 
* 237705
+1 19812
+4 4953
-4 4953
+1 4953
+2 4953
+1 29718
+1 23
-1 23
+6 23
+11 23
-10 23
+10 92
-31 7370
+1 3685
-1 3685
+1 7370
-1 3685
+1 3685
cfi=(167)
cfn=(1542)
calls=3685 32 
* 73856
* 3685
+30 22110
-35 4812
+35 9920

fl=(249) /build/buildd/eglibc-2.19/time/offtime.c
fn=(2658) __offtime
33 2
+4 2
-4 10
+4 16
+1 4
+2 4
+5 4
+5 16
+1 4
+1 16
+1 4
+2 2
-2 2
-1 2
+3 2
-2 4
+2 18
+1 4
+1 2
+1 2
+5 2
+3 2
-3 2
+3 4
+5 2
-5 22
+5 2
-5 4
+5 12
-1 2
+1 44
-1 2
+1 8
-1 4
+1 4
-1 2
+1 10
-1 68
-1 2
+1 6
-1 2
+1 2
-1 2
+3 2
-3 2
+1 2
+1 2
-2 2
-6 32
+11 2
+1 2
-1 2
+1 6
+7 4
-1 2
+1 12
+1 8
+2 2
+1 2
+2 2
-1 4
+2 12

fl=(205)
fn=(2108)
44 14
-1 21
+10 26
+16 21
+1 14
-1 7
cfi=(133)
cfn=(2110)
calls=7 947 
* 690
-16 8

fl=(150)
fn=(1472)
36 5935
+7 1187

fl=(206)
fn=(2124)
35 20
+3 51
+1 12
cfi=(205)
cfn=(2108)
calls=3 +5 
* 466
* 4
cfi=(205)
cfn=(2108)
calls=1 +5 
* 108
* 16
fi=(138)
904 8
+1 24
fe=(206)
42 20

fl=(145)
fn=(1396)
53 80
+10 35
-5 2
+5 3
+1 6
-1 2
+1 4
-1 4
+2 20
+1 10
+23 80
-26 9
-5 18

fl=(265) /build/buildd/eglibc-2.19/string/../sysdeps/x86_64/multiarch/memcpy-ssse3-back.S
fn=(2840) __memmove_ssse3_back
55 5862
+6 5862
+1 5862
+7 5862
+1 5862
+7 5862
+1 5862
+1 23448
1688 5862
+1 5862
+2 5862
+1 5862
+2 5862
+1 5862
+2 5862
+1 5862
+2 5862
+1 5862
+2 5862

fl=(77)
fn=(390)
2876 29079568
+5 14539784
+1 14539784
+3 14539782
+2 58159128
+4 21809673
cfn=(408) _int_malloc
calls=7269891 3302 
* 407264177
+1 7269891
-1 7269891
+1 7269891
+11 29079564
+1 58159128
+3 36349455
-24 1
+24 3
-24 1
cfi=(78)
cfn=(392)
calls=1 30 
* 59256

fn=(391)
2876 4
+5 2
+1 2
+3 2
+2 8
+4 3
cfn=(408)
calls=1 3302 
* 1145
+1 1
-1 1
+1 1
+11 4
+1 8
+3 5

fn=(2342) systrim.isra.1
2736 2916
+10 648
+1 972
+2 324
+1 648
+1 316
+46 2592
-37 1296
cfi=(83)
cfn=(412)
calls=324 46 
* 8424
* 324
+1 1296
-7 648
+19 324
-19 1296
+19 648
cfi=(83)
cfn=(412)
calls=324 46 
* 8608
+2 324
+1 324
-1 324
+1 648
+2 1296
cfi=(83)
cfn=(412)
calls=324 46 
* 8424
+4 648
+4 972
+4 16
-1 8
+1 16
+2 16

fn=(1740) _int_free
3814 58159072
+13 7269884
-13 7269884
+13 14539768
+6 29079536
+1 14539768
+11 29079536
+13 21809652
+11 29074364
+1 21805773
1869 7268591
3894 7268591
1869 14537182
3896 21805773
+1 14537182
+1 7268591
+3 7268591
-3 7268591
+9 21805773
-5 29074364
+14 27736300
+2 7268591
+2 43611546
+2 27736300
4087 58148728
3933 2586
+1 3879
+18 1293
-4 1293
+4 2586
+6 2586
+8 3879
+6 2586
+1 2586
+1 2586
1869 3879
3983 2586
+1 1256
+2 1256
-1 1256
+2 16277
+3 2586
+5 2564
+1 270
+1 21
+11 21
-1 21
+2 42
-1 1261
-1 1261
+2 2522
+7 1282
-2 1282
+1 1282
+1 1282
+2 1264
+1 1264
+2 1264
+1 1264
+2 3792
+1 1264
+30 2528
-34 18
+1 18
+2 54
+1 18
+30 58
+1 1966
+3 2949
3943 9051
+2 2586
4075 3879
+1 3879
+1 5172
+10 10344
-88 2522
+37 11
+1 33
+1 22
+19 16
cfn=(410) malloc_consolidate
calls=8 +47 
* 13474
* 8
+4 4915
+2 1296
cfn=(2342)
calls=324 2736 
* 44296
* 324
-67 36
-36 3879
-2 2586

fn=(408)
3302 50889244
+30 7269892
-30 7269892
+30 65429028
+8 14539784
+2 21805788
+1 7268596
+1 7268596
-1 14537192
+5 14537192
+3 36341040
+1 7268208
-1 7268208
+1 14536416
+25 3368
+2 1158
+1 1158
+2 1737
+2 2
+4 1
+1 2
+5 1
+1 1
+1 1
+2 3
1862 7268233
3743 7268233
1862 14536466
3806 65429028
3421 4478
+1 2210
+1 12
cfn=(410)
calls=4 4104 
* 3054
* 4
3790 4
4992 8
3790 12
+2 100
4990 4
+2 4
-2 12
3442 8
3790 1679
4992 3358
3790 5037
+2 41975
4990 1679
+2 1679
-2 5037
3442 3358
+66 26
+1 39
+1 13
+50 78
+7 13
-6 13
+1 13
+1 13
+1 13
+3 13
-7 84
+7 14
-6 14
+1 14
+1 14
+1 14
+3 14
3442 5130
+3 85
-1 85
+1 170
+1 170
+3 85
+10 312
+34 29
-5 29
+1 29
+4 29
+13 54
+8 84
+1 7
+1 7
+3 14
-5 56
+1 7
+1 7
+3 14
+38 56
-96 71
-1 142
+2 62
-1 124
+4 56
+1 56
+4 56
-3 112
+1 56
+1 112
+1 56
+2 37
+1 37
+3 259
+2 74
-2 37
+2 37
+1 37
+3 37
1862 111
3476 133
+2 38
-2 19
+2 19
+1 19
+3 19
1862 57
3576 3250
+73 1625
+1 1625
+1 1625
-1 1625
+1 1625
+1 3250
+1 3250
+5 9876
+4 4854
+3 6416
-3 4782
+3 2024
-3 1512
+3 1984
-3 986
3765 1603
+3 1603
-2 4809
+2 3206
+17 50
3674 381
+2 762
-4 848
+8 43
+3 86
+2 21
+1 21
+1 21
-2 84
+62 21
3496 2
-1 2
+1 6
3355 36341040
3578 2210
+3 3315
3421 2186
2721 15
3665 60
+2 15
+1 30
3421 20
3692 66
+3 44
+5 22
-3 22
+3 22
-3 22
+3 209
+3 44
+3 2
-1 2
+1 6
+12 20
-5 20
+6 40
+11 20
-6 20
+1 20
+1 20
+1 20
+3 20
+1 16
+1 40
+2 10
+1 10
+2 70
+2 20
-2 10
+2 10
+1 20
-3 70
+2 20
-2 10
+2 10
+1 20
5000 25
2271 100
+11 25
-11 25
+11 25
+87 25
-9 25
+9 169
+6 48
+3 75
2700 50
+1 18
+5 36
+3 36
-3 14
+3 14
+5 25
-3 25
+3 25
-2 25
+5 25
-3 75
+1 25
-1 25
-1 25
+1 50
+1 25
3801 50
1862 75
2272 50
3773 1578
-3 1578
+1 1578
+2 1578
-1 1578
+1 3156
+2 1578
-2 4734
1862 1578
3773 1578
+2 1578
+3 1578
1862 3156
2433 25
+19 50
-19 25
+9 25
+10 50
-10 25
+10 25
-10 75
+10 75
+8 25
-8 25
+8 25
+2 100
cfi=(83)
cfn=(412)
calls=25 46 
* 1166
* 50
+4 125
+3 50
+1 50
+19 25
+27 50
+1 1
+1 2
+6 1
-6 1
+6 1
-6 48
+6 24
-6 24
+6 72
+1 144
+2 6
+42 3
+19 1
+3 2
+1 6
+2 1
-2 1
+2 1
+1 4
cfi=(83)
cfn=(412)
calls=1 46 
* 26
+12 3
+8 2
+1 3
+39 1
+1 1
-2 1
+1 3
+12 1
-12 1
+1 1
+11 1
2527 2
+42 3
2369 2
3700 121

fn=(410)
4104 96
+22 24
+1 33
4990 11
+2 22
4129 11
+10 11
+1 11
4990 44
4142 22
+1 22
-1 198
+1 288
+22 244
-1 244
+1 2550
+4 333
+4 333
-3 333
+1 333
+2 333
+1 127
+1 127
+3 127
+1 127
+1 127
-2 127
+12 127
-12 127
+3 127
+9 127
-12 206
+1 206
+1 206
-2 206
+12 206
-12 206
+3 206
+9 565
-41 359
-3 359
+3 718
+1 359
+1 718
+2 718
-4 20
-3 20
+3 40
+1 20
+1 40
+2 40
+1 86
+2 86
-1 86
+2 893
+3 758
+3 666
+4 178
+18 46
+1 46
+4 46
-4 46
+1 46
+3 50
+3 440
+6 88
4996 1
4126 3
1785 1
+3 3
-3 128
+3 378
-3 252
+7 3
+5 1
+2 1
-2 1
4199 8
1796 3

fn=(1738)
2917 14539776
+1 14539776
+6 14539776
+5 7269884
-2 7269884
+2 14539768
+16 21809652
+1 14539768
cfn=(1740)
calls=7269884 3814 
* 535426048
2827 4

fl=(239)
fn=(2650)
90 84
+3 14
cfi=(97)
cfn=(730)
calls=14 -27 
* 224
+4 14
-4 14
+4 47
+1 93
+2 28
+1 28
-1 28
+1 56
cfi=(100)
cfn=(2654)
calls=28 +79 
* 672
* 56
-4 63
+9 8
cfi=(77)
cfn=(390)
calls=4 2876 
* 865
* 4
+1 4
-1 4
+1 4
+5 4
-2 4
+1 4
+1 12
cfi=(248)
cfn=(2652)
calls=4 -83 
* 151
+2 8
+1 3
+4 3
+1 44
-20 10
+20 40
-3 1
+2 2

fn=(2628)
617 10
+4 8
+6 12
+5 12
cfn=(2630) tzset_internal
calls=2 404 
* 12037
+2 6
+15 6
+7 8
cfi=(249)
cfn=(2658)
calls=2 33 
* 432
* 4
+1 4
+5 8
+2 2
+1 10
-30 12
cfi=(242)
cfn=(2656)
calls=2 -13 
* 828
+12 4
-15 8

fn=(2630)
404 8
+4 8
+5 2
-3 2
+3 2
cfi=(240)
cfn=(2632)
calls=2 35 
* 916
+1 2
-1 2
+1 2
+6 4
+23 2
-4 2
+1 2
+3 2
cfi=(77)
cfn=(1738)
calls=2 2917 
* 96
* 2
+1 4
cfi=(241)
cfn=(2634)
calls=2 40 
* 324
+3 6
-3 2
+3 2
cfi=(242)
cfn=(2636)
calls=2 104 
* 10621
+1 6
+18 8
-52 4
+17 2
+6 4

fl=(190) /build/buildd/eglibc-2.19/libio/putc.c
fn=(1862) putc
27 68
+3 68
-3 136
+3 1020
+1 204
fi=(138)
904 136
+1 544
fe=(190)
34 204
-3 204
cfi=(134)
cfn=(1864)
calls=68 241 
* 9316
* 136

fl=(44)
fn=(178)
27 5
-1 5
+1 5
+4 10
-3 10

fl=(127)
fn=(1170)
26 1
+9 1
+1 2
+1 1
+4 1
+1 1
+1 1
+1 1
+1 1
+2 2
+2 1
+1 1
+3 2
+2 1
+9 1
cfi=(128)
cfn=(1172)
calls=1 -35 
* 9

fl=(87) /build/buildd/eglibc-2.19/csu/libc-start.c
fn=(552) (below main)
133 7
+4 1
-4 3
+4 3
+82 1
-82 1
+82 1
+1 4
cfi=(76)
cfn=(354)
calls=1 57 
* 66
+22 6
+3 2
+1 5
cob=(8) /home/david/sgnlops/bin/sgnlOPS
cfi=(86) ???
cfn=(554) __libc_csu_init
calls=1 0 
* 109535
+4 4
+15 2
+9 2
cfi=(126)
cfn=(1168)
calls=1 30 
* 29
+1 2
+5 2
+1 2
+3 2
+3 6
cob=(8)
cfi=(88) /home/david/sgnlops/src/sgnlOPS.cpp
cfn=(1174) main
calls=1 20 
* 31436042821
+34 2
cfi=(270)
cfn=(2910)
calls=1 104 
* 12937
137 2

fl=(131)
fn=(1184)
62 4
+1 2

fn=(2116) __lseek_nocancel
81 25

fn=(1240)
81 15
+1 3

fn=(2648)
81 4
+1 1

fn=(2114)
81 10
cfn=(2116)
calls=5 * 
* 25

fl=(90) /build/buildd/eglibc-2.19/locale/uselocale.c
fn=(698) uselocale
31 1766
+2 3532
-2 1766
+2 1766
+3 3532
+1 1766
+28 5298
+1 5298
+2 5298
+4 5298
+1 1766

fl=(140)
fn=(1298)
32 2
+1 2
+2 2
+1 2
+1 2
+1 2
+1 2

fl=(91) /build/buildd/eglibc-2.19/wcsmbs/wctob.c
fn=(704) wctob
32 896
+9 256
+5 128
+1 128
-1 128
+38 896

fl=(178) /build/buildd/eglibc-2.19/libio/vsnprintf.c
fn=(1790) vsnprintf
100 7056
+9 882
-5 882
+5 3528
+6 5292
cfi=(134)
cfn=(1382)
calls=882 643 
* 38808
+1 882
+2 3528
-2 882
+1 882
+1 882
cfi=(154)
cfn=(1496)
calls=882 -79 
* 49392
+1 3528
cfi=(179)
cfn=(1792)
calls=882 235 
* 2065498
+2 2646
+1 1764
+2 6174

fl=(41)
fn=(172)
54 1
-9 1
+9 1
+3 1
-3 1
+3 5
+95 2
+1 7
+7 3
+4 2
+2 3
+18 2
+5 1
+1 1
+2 1
+1 2
-9 4
+1 5
+1 2
-16 2
+1 1
+2 2
+3 2
31 2
+6 1
-6 1
+7 1
-1 1
+28 1
-27 1
+27 1
-28 1
+2 1
-1 1
+1 1
+26 1
+1 1
-35 4
+35 1
+5 1
-12 1
+12 1
+3 12
+27 1
-42 1
+42 1
+22 1
-64 1
+68 1

fn=(206) __get_cpu_features
200 54
+4 36

fl=(166)
fn=(1540)
57 9194757
+6 835887
-6 1671774
+6 835887
+13 835887
-1 1671774
+5 835887
+1 1671774
+9 2507661
cfi=(167)
cfn=(1542)
calls=835887 -58 
* 16725516
+2 835887
+5 835887
-5 1671774
+1 835887
+4 835887
+54 6687096

fl=(155)
fn=(1498)
25 67
+1 67
+2 67
+1 67
+2 67
+1 67
+2 67
+1 67
+2 67
+1 67
+2 67
+1 67
+2 67
+1 59
+1 59
+1 59
+28 59
+1 59
+1 59
+1 59
+1 59
+2 34
+1 34
+1 34
+1 34
+1 34
+2 28
+1 28
+1 28
+1 28
+1 28
+2 17
+1 17
+1 17
+1 17
+1 17
+1 17
+80 17
+1 17
+1 17
+4 33
+1 33
+1 33
+4 6
+1 6
+1 6
+4 11
+1 11
+1 11

fl=(202)
fn=(2028)
35 24
+2 36
+1 12
+9 12
-9 12
+9 12
+9 12
-18 24
+18 12
-18 12
+9 12
+9 12
+47 36
+4 24

fl=(159) /build/buildd/eglibc-2.19/stdlib/strtod.c
fn=(1522) strtod
69 36
cfi=(160)
cfn=(1524)
calls=9 494 
* 6835

fl=(275)
fn=(3070)
28 2
+4 1
+2 2

fl=(245)
fn=(2642)
36 1
+3 1
-3 1
+3 2
+1 5
cfi=(205)
cfn=(2108)
calls=1 +4 
* 69
* 1
+1 3
fi=(246) /build/buildd/eglibc-2.19/libio/../libio/libioP.h
904 2
fe=(245)
47 2
+16 3

fl=(129) /build/buildd/eglibc-2.19/time/../sysdeps/unix/sysv/linux/clock.c
fn=(1180) clock
29 2
+6 6
cfi=(130)
cfn=(1182)
calls=2 +58 
* 26
* 4
+3 2
+1 4
-1 2
+1 10
-1 2
+2 4

fl=(165)
fn=(1538)
39 528200
-6 2112800
+6 1056400
+1 2112800
+6 1056400
+1 528200

fl=(186)
fn=(1806)
29 1103
+1 1103
+1 1103
+13 1103
+1 1103
+16 1103
+1 1103
+1 1103
+1 1103
+1 1103
+1 1103
+1 1103
+5 1103
+1 1103
+1 1103
+1 1103
+1 1103

fl=(183)
fn=(1800)
23 2610
+3 3480
+2 870
-2 870
+3 870
-3 1740
+1 2610
+2 4350
+1 870

fl=(156)
fn=(1500)
214 670
+11 67
-11 134
+11 134
+1 134
+88 402
+6 201
+3 335
+4 134
+8 134
+6 67
+2 201
+15 67
-15 67
+15 536
2590 67
363 67
-94 67
-49 67
-1 67
+56 67
2590 67
2156 67
273 67
2156 67
367 134
-95 67
-7 67
-1 67
-1 67
-1 67
-12 67
367 67
230 67
-12 67
367 134
+37 765
+25 255
+1 255
-1 255
+1 255
+3 800
+7 587
+8 390
+2 195
+1 1137
-1 189
+1 189
-1 506
+6 248
-89 84
+89 188
-89 564
223 28
2933 56
435 188
+40 380
+49 855
+80 190
+5 486
+1 201
+3 95
+1 380
-1 95
+1 190
+6 1103
+3 587
+2 285
-1 190
+1 471
cfi=(134)
cfn=(1502)
calls=94 726 
* 1316
* 188
+4 760
469 665
+24 760
+21 475
-74 3
+4 4
2943 402
+2 134
+3 201
+3 134
+17 198
+6 528
320 134
2974 1
323 1
2974 7
610 134
1011 190
524 190
1013 475
+2 754
+10 188
-10 94
+10 282
+71 846
-3 944
+3 472
-1 944
+1 944
+42 3689
1025 886
1138 443
1025 1081
+2 260
cfi=(134)
cfn=(1502)
calls=65 726 
* 910
* 94
1140 188
+42 94
-2 282
+2 94
+8 94
-10 94
+10 94
-2 188
493 95
+28 190
1095 944
-82 1330
+2 3
+2 6
620 6
cfi=(134)
cfn=(1504)
calls=1 363 
* 47
* 12
451 2
cfi=(134)
cfn=(1504)
calls=1 -88 
* 47
* 2
+1 5
1138 116
cfi=(134)
cfn=(1504)
calls=29 363 
* 1363
* 348
2953 2
458 72
+1 36
-1 36
cfi=(134)
cfn=(1502)
calls=36 726 
* 504
* 36

fl=(73) /build/buildd/eglibc-2.19/elf/dl-altinit.c
fn=(288) dlinit_alt
33 3
+1 1

fl=(274)
fn=(2966)
36 4
-8 8
+11 8
+1 12
+5 4
-6 8
+82 8

fl=(149) /build/buildd/eglibc-2.19/string/../sysdeps/x86_64/multiarch/memcmp-sse4.S
fn=(1438) __memcmp_sse4_1
47 123
+1 123
+1 123
+2 122
+1 122
+2 122
+1 122
+1 488
+13 1
+1 1
+1 1
+1 1
+1 1
+1 1
+1 1
+1 1
+1 1
+2 1
+1 1
+1 1
+1 1
+2 1
+1 1
+2 1
+2 1
+1 1
+1 1
+1 1

ob=(1)
fl=(17)
fn=(51)
139 2154
+1 2154
+2 297
+1 297
+1 297
+1 297

fl=(272)
fn=(2938) _dl_sort_fini
32 9
+2 1
-2 4
+2 1
+6 1
-1 2
+2 1
-1 1
-1 2
+1 4
+1 1
cfi=(26)
cfn=(70)
calls=1 -11 
* 20
* 1
+15 8
+62 5
+3 45
cfi=(26)
cfn=(70)
calls=5 -91 
* 60
* 20
-75 10
-1 15
+1 5
+4 15
+71 1
-75 2
-1 3
+1 1
+4 15
+6 6
+1 6
-1 6
+1 11
+2 20
+1 10
-1 40
+1 25
+3 69
-1 99
+31 45
+21 15
-57 30
+61 26
+7 8

fn=(2936)
131 3
+12 1
-12 5
+19 1
-6 1
+9 10
+3 2
cfi=(2)
cfn=(46)
calls=1 838 
* 2
+3 2
+3 2
+2 6
+7 1
+4 1
-4 1
+4 3
+2 2
+3 9
+3 2
+10 14
+2 14
+2 7
+2 7
-2 14
+6 7
-5 7
-7 21
+14 2
+5 6
cfn=(2938)
calls=1 32 
* 669
+9 2
cfi=(2)
cfn=(48)
calls=1 844 
* 2
+4 4
+2 1
+2 3
-2 6
+2 18
+3 14
+3 21
+4 10
+7 10
+4 5
+1 5
-1 5
+2 10
+1 15
+1 10
cob=(6) /lib/x86_64-linux-gnu/libgcc_s.so.1
cfi=(74) ???
cfn=(3040) 0x0000000000003030
calls=1 0 
* 1376
cob=(4)
cfi=(57) ???
cfn=(3020) 0x0000000000005990
calls=1 0 
* 1376
cob=(7)
cfi=(75)
cfn=(2978) 0x000000000008a940
calls=1 0 
* 3090
cob=(5) /usr/lib/valgrind/vgpreload_core-amd64-linux.so
cfi=(64) ???
cfn=(2952) 0x0000000000000630
calls=1 0 
* 937
cob=(8)
cfi=(86)
cfn=(2940) 0x0000000000403e70
calls=1 0 
* 16
-1 15
+5 15
+1 15
cob=(2) ???
cfi=(14) ???
cfn=(3060) 0x00000000052bb848
calls=1 0 
* 3
cob=(2)
cfi=(14)
cfn=(3038) 0x00000000050171b8
calls=1 0 
* 3
cob=(2)
cfi=(14)
cfn=(3018) 0x0000000004d570cc
calls=1 0 
* 3
cob=(2)
cfi=(14)
cfn=(2976) 0x0000000004a257e8
calls=1 0 
* 3
cob=(2)
cfi=(14)
cfn=(2950) 0x000000000043e024
calls=1 0 
* 3
+5 42
+16 14
-55 15
-70 2
283 6
-49 4
+55 2
+7 8

fl=(27)
fn=(72)
24 19
+1 19
+1 19
+1 19
+1 19
+1 19
+1 19
+1 19
+1 19
+1 19
+1 19
+1 19
+1 19
+1 19
+1 19
+1 19
+1 19
+1 16
+4 16
+1 16
+1 16
+1 16
+2 16
+4 3
+1 3
+1 3
+1 3
+1 3
+1 3
+1 3
+1 3
+1 3
+1 3
+1 3
+1 3
+1 3
+1 3
+1 3
+1 3
+1 3
+1 3
+1 3
+1 3
+1 3
+1 3
+1 3
+1 3
+52 3
+4 3
+1 3
+1 3
+1 3
+2 3

fl=(35)
fn=(130)
182 32
+8 8
+3 12
+45 12
+6 12
+9 4
+6 8
-6 12
+6 4
cfi=(23)
cfn=(64)
calls=4 81 
* 36
* 4
+4 4
-10 4
+10 12
+15 523
cfn=(134) _dl_cache_libcmp
calls=32 138 
* 2540
* 152
-82 4
cfi=(31)
cfn=(132)
calls=1 45 
* 67
+8 1
-8 1
+8 4
+1 4
cfi=(12)
cfn=(26)
calls=1 315 
* 112
* 2
+7 1
-3 1
+3 3
+3 1
+1 2
-1 1
+1 1
+1 3
cfi=(12)
cfn=(26)
calls=1 +98 
* 111
* 2
+2 2
+59 54
cfn=(134)
calls=1 138 
* 72
* 12
cfn=(134)
calls=4 138 
* 459
* 18
-14 16
+14 4
-14 8
-1 12
+15 80
cfn=(134)
calls=3 138 
* 491
* 84
+16 8
+5 36
-21 12

fn=(134)
138 120
+1 96
+2 478
+2 239
-2 239
+2 16
+6 8
+2 8
-1 8
-1 8
+1 8
-1 8
+2 24
+2 40
+2 16
+6 462
+2 860
+4 199
+1 199
-29 398
+32 16
+1 16
-8 32
+8 64

fn=(246)
309 4
-1 1
+3 2
cfi=(25)
cfn=(248) munmap
calls=1 81 
* 5
+1 1
+2 2

fl=(8)
fn=(14)
31 1
-3 1
+3 6
+8 1
-6 2
+7 1

fl=(37)
fn=(142)
380 6
+4 4
-2 2
+4 49
cfn=(144) _dl_check_map_versions
calls=7 174 
* 14492
-2 7
+2 21
-1 7
-1 14
+5 7

fn=(144)
174 63
+15 7
-15 14
+15 14
+2 7
+3 7
-3 7
+2 7
+1 7
+2 7
-3 7
+3 7
+3 20
+4 30
+17 5
56 5
220 5
56 5
220 5
56 25
220 6
56 6
220 6
56 6
220 6
56 30
+1 48
-1 96
+2 177
cfi=(31)
cfn=(100)
calls=59 288 
* 3810
* 129
228 33
+5 77
+19 19
-15 418
cfn=(146) match_symbol
calls=11 76 
* 2285
* 57
cfn=(146)
calls=19 76 
* 3445
* 30
+7 120
+3 101
+9 44
+5 6
+1 6
-79 2
-8 2
+95 21
+3 15
+10 75
-7 300
+3 225
-3 20
+3 15
+8 7
+86 7
-86 7
+87 8
-81 24
cfi=(15)
cfn=(32)
calls=6 102 
* 279
* 6
+1 6
-2 6
+2 6
+11 6
-3 6
+3 12
+2 18
+3 20
+4 33
+18 19
-15 57
+2 57
-2 33
+2 33
+2 30
+1 30
-1 60
+1 30
-1 30
+1 30
+1 30
-2 30
+2 60
+1 90
+3 90
+8 33
+5 6
+1 6
+4 18
+3 20
+20 75
-14 75
-2 75
+2 80
-2 5
+2 5
+4 75
+2 75
-1 150
+1 75
-1 225
+1 75
+1 75
+3 240
+10 6
-1 6
+1 42

fn=(146)
76 330
+9 30
-8 30
-1 60
+1 30
+8 30
+6 90
+15 30
+1 60
+2 30
+5 60
+14 560
+12 750
+4 250
-30 500
+16 30
+3 120
cfi=(17)
cfn=(50)
calls=30 -2 
* 2440
* 60
+35 240

fl=(13)
fn=(28)
61 84
+1 6
cfi=(9)
cfn=(18)
calls=6 -36 
* 324
+6 6
-6 24
+6 66
+7 24
cfi=(15)
cfn=(32)
calls=6 +27 
* 284
* 6
+3 6
-3 6
+3 6
+4 6
+5 12
-6 6
+6 6
-5 6
+4 12
+1 6
cfi=(16)
cfn=(42)
calls=6 -26 
* 169
* 6
+10 12
-8 6
+9 6
-1 12
+1 12
-1 6
+1 12
+3 6
-3 6
+3 6
+9 6
-7 6
+4 6
+3 11
+2 2
-2 2
+2 30
-2 30
+12 6
+6 6
-5 6
-1 6
+6 18
-2 6
+2 12
+2 15
+3 13
+4 15
+4 15
+2 1
+6 1
+3 2
+3 5
-3 10
+3 25
+2 5
+4 5
-4 5
cfi=(9)
cfn=(18)
calls=5 26 
* 329
* 10
+4 5
-4 5
+4 15
+64 10
+4 48
-88 15
-39 13
+39 3
+70 15
cfi=(24)
cfn=(66)
calls=5 61 
* 182
* 5
+5 79
+1 79
-1 79
+1 84
-1 5
+1 15
+5 10
-57 10
cfi=(15)
cfn=(36)
calls=5 -72 
* 170
* 5
+1 5
-1 5
+1 15

fn=(44)
32 12
+2 6
-2 18
+2 6
cfi=(2)
cfn=(46)
calls=6 838 
* 12
+2 43
+4 15
-1 60
+2 5
+2 5
+4 5
+4 5
-4 10
+1 10
+1 10
+2 5
+1 15
-1 5
cfi=(2)
cfn=(48)
calls=5 844 
* 10
-4 1
+4 1
-4 2
+1 2
+1 2
+2 1
+1 3
-1 1
cfi=(2)
cfn=(48)
calls=1 844 
* 2
-5 2

fl=(34)
fn=(128)
34 4
-1 4
+1 4
+1 24
+4 1
-4 12

fl=(49)
fn=(200)
34 229
+2 229
+1 229
+1 229
+1 229
+1 229
+1 229
+1 229
+1 229
+1 229
+1 229
cfi=(50)
cfn=(202)
calls=229 +21 
* 233430
+1 229
+1 229
+1 229
+1 229
+1 229
+1 229
+1 229
+1 229
+1 229
+2 229

fl=(63) /build/buildd/eglibc-2.19/elf/dl-init.c
fn=(254) call_init.part.0
34 56
+8 7
-8 7
+11 7
-3 14
+3 21
+5 18
+5 10
+8 10
+1 30
cob=(2)
cfi=(14)
cfn=(326) 0x0000000004cadc40
calls=1 -64 
* 6
cob=(2)
cfi=(14)
cfn=(314) 0x0000000004fa8400
calls=1 -64 
* 6
cob=(2)
cfi=(14)
cfn=(290) 0x00000000052ab7f8
calls=1 -64 
* 6
cob=(3)
cfi=(65)
cfn=(268)
calls=1 -12 
* 181
cob=(2)
cfi=(14)
cfn=(256) 0x0000000004a25560
calls=1 -64 
* 6
+3 5
+1 10
+6 5
+2 10
-2 10
+3 25
+1 20
cob=(7)
cfi=(75)
cfn=(330) 0x000000000008a980
calls=1 -78 
* 17
cob=(4)
cfi=(57)
cfn=(318) 0x00000000000059d0
calls=1 -78 
* 16
cob=(6)
cfi=(74)
cfn=(294) __cpu_indicator_init
calls=1 -78 
* 215
cob=(3)
cfi=(71)
cfn=(280)
calls=1 550 
* 1045
cob=(5)
cfi=(64)
cfn=(260) 0x0000000000000670
calls=1 -78 
* 16
* 48
cob=(7)
cfi=(75)
cfn=(516) 0x000000000008a7f0
calls=1 -78 
* 49
cob=(7)
cfi=(75)
cfn=(490) 0x000000000008a730
calls=1 -78 
* 49
cob=(7)
cfi=(75)
cfn=(472) 0x000000000008a6b0
calls=1 -78 
* 33
cob=(7)
cfi=(75)
cfn=(454) 0x000000000008a630
calls=1 -78 
* 33
cob=(7)
cfi=(75)
cfn=(450) 0x000000000008a5f0
calls=1 -78 
* 144
cob=(7)
cfi=(75)
cfn=(448) 0x000000000008a3c0
calls=1 -78 
* 54
cob=(7)
cfi=(75)
cfn=(422) 0x000000000008a2b0
calls=1 -78 
* 73
cob=(7)
cfi=(75)
cfn=(384) 0x000000000008a220
calls=1 -78 
* 60462
cob=(7)
cfi=(75)
cfn=(362) 0x000000000008a200
calls=1 -78 
* 2328
cob=(7)
cfi=(75)
cfn=(338) 0x000000000008a180
calls=1 -78 
* 2224
cob=(6)
cfi=(74)
cfn=(306) 0x0000000000003070
calls=1 -78 
* 17
cob=(3)
cfi=(73)
cfn=(288)
calls=1 -45 
* 4
* 17
-1 34
+3 36
-29 2
+29 6
-34 3

fn=(252) _dl_init
86 11
+1 1
+1 1
+3 3
+7 4
+27 24
+1 21
-90 38
cfn=(254)
calls=6 -2 
* 67318
* 6
+96 8
-96 3
cfn=(254)
calls=1 -2 
* 77
+58 2

fl=(23)
fn=(64)
81 24
+2 30

fn=(106)
81 20
+1 5

fn=(104)
81 52
+1 6
+1 35

fn=(118)
81 24
+1 6

fl=(33)
fn=(120)
147 1
+1 1
-1 2
+1 1
-1 1
+1 1
-1 1
+1 2
-1 5
+1 1
-1 1
+1 2
+14 1
-2 1
+1 1
-13 1
+14 1
+6 3
+10 1
-10 1
+10 3
-14 1
-4 1
+2 1
+17 1
-17 1
-2 2
+2 1
-2 1
+2 1
-2 1
+1 1
+1 1
+6 3
+10 1
-10 1
+10 3
-16 3
+20 1
+21 1
+1 1
-22 2
+19 1
-12 1
+15 1
-16 1
+13 1
343 9
209 1
+8 1
-4 1
+4 1
-8 6
+8 6
-4 6
+4 6
+12 14
+2 5
+11 5
-5 5
-6 10
+5 5
+2 10
+1 10
+3 20
-32 5
+32 10
+50 22
+1 21
-51 536
+1 268
+6 55
cfi=(27)
cfn=(72)
calls=11 24 
* 301
* 22
+5 55
-3 11
+3 11
cfi=(29)
cfn=(90)
calls=11 -91 
* 25967
+2 33
+15 11
+2 22
+5 5
+6 5
-6 10
+3 5
+1 5
+1 5
+1 5
+4 25
-2 20
-57 8
-19 2
471 14
+2 15
+3 10
-1 5
cfi=(15)
cfn=(36)
calls=5 93 
* 170
* 5
+2 5
-2 5
+2 5
+3 5
+1 20
+1 5
-1 10
cfi=(16)
cfn=(42)
calls=5 61 
* 129
+1 20
cfi=(16)
cfn=(42)
calls=5 61 
* 129
+4 5
-1 5
+5 28
+3 18
-1 7
+1 14
202 1
497 6
+1 2
+3 5
+11 3
-1 1
cfi=(15)
cfn=(36)
calls=1 93 
* 34
* 1
+3 1
-3 1
+3 1
+5 7
+1 4
+2 15
+6 18
+4 6
-10 6
+10 6
-10 13
+6 3
+4 1
-10 1
+10 1
-10 3
+13 2
+51 6
+2 3
+42 2
+1 1
-1 6
+1 1
cfi=(26)
cfn=(70)
calls=1 30 
* 20
* 1
-2 10
+13 1
-6 1
-1 1
+1 1
+6 2
-13 15
+13 5
-6 5
-1 5
+1 5
+6 15
+2 20
+1 10
-1 40
+1 25
+3 69
-1 99
+23 15
-28 30
+31 18
+3 50
cfi=(26)
cfn=(70)
calls=5 30 
* 60
* 33
217 14
+1 32
+2 5
+2 15
+2 26
658 2
+25 2
+2 1
+1 1
-1 1
+2 3
+7 3
+3 2
+3 8
295 369
623 7
cfi=(16)
cfn=(42)
calls=1 61 
* 51
+2 1
-38 1
+38 2

fn=(122) openaux
60 22
+7 11
-4 33
+1 11
-1 11
+1 11
-1 55
cfi=(21)
cfn=(98)
calls=11 2317 
* 25109
* 11
+5 22

fl=(39)
fn=(158)
154 70
+15 7
-15 14
+15 7
+1 28
+6 14
+6 21
-18 14
+22 14
+7 14
-32 7
+77 7
fi=(5)
71 7
fe=(39)
238 14
fi=(5)
71 21
fe=(39)
264 324
-99 30
fi=(5)
276 48
fe=(39)
-12 6
fi=(4)
48 6
fe=(39)
264 6
fi=(4)
58 6
fe=(39)
264 6
fi=(4)
47 12
+11 12
fe=(39)
264 1
-99 5
fi=(5)
276 8
fe=(39)
-12 1
fi=(4)
48 1
fe=(39)
264 1
fi=(4)
58 1
fe=(39)
264 1
fi=(4)
47 2
+11 2
fe=(39)
264 7
fi=(4)
48 7
fe=(39)
264 7
fi=(4)
58 7
fe=(39)
264 7
fi=(4)
47 14
+11 14
+3 24
fi=(5)
503 2046
+4 2046
+2 3069
+1 1023
fi=(4)
61 3120
+2 3126
+2 61
-4 6
+13 12
+1 10
+1 38
fi=(5)
503 19
+24 19
fi=(4)
75 19
fi=(5)
527 19
+2 19
cob=(4)
cfi=(51)
cfn=(236)
calls=1 24 
* 16
cob=(4)
cfi=(62) /build/buildd/eglibc-2.19/math/../sysdeps/x86_64/fpu/multiarch/e_atan2.c
cfn=(232) __atan2_finite
calls=1 15 
* 16
cob=(4)
cfi=(59) /build/buildd/eglibc-2.19/math/../sysdeps/x86_64/fpu/multiarch/e_asin.c
cfn=(230) __asin_finite
calls=1 14 
* 13
cob=(4)
cfi=(61)
cfn=(228)
calls=1 25 
* 12
cob=(4)
cfi=(60) /build/buildd/eglibc-2.19/math/../sysdeps/x86_64/fpu/multiarch/s_floorf.S
cfn=(226) floorf
calls=1 25 
* 12
cob=(4)
cfi=(59)
cfn=(224) __acos_finite
calls=1 10 
* 13
cob=(4)
cfi=(58) /build/buildd/eglibc-2.19/math/../sysdeps/x86_64/fpu/multiarch/s_rintf.S
cfn=(222) rintf
calls=1 25 
* 12
cob=(4)
cfi=(56) /build/buildd/eglibc-2.19/math/../sysdeps/x86_64/fpu/multiarch/e_log.c
cfn=(218) __log_finite
calls=1 15 
* 16
cob=(4)
cfi=(55) /build/buildd/eglibc-2.19/math/../sysdeps/x86_64/fpu/multiarch/e_pow.c
cfn=(216) __pow_finite
calls=1 8 
* 13
cob=(4)
cfi=(54)
cfn=(214)
calls=1 25 
* 12
cob=(4)
cfi=(53) /build/buildd/eglibc-2.19/math/../sysdeps/x86_64/fpu/multiarch/s_ceilf.S
cfn=(212) ceilf
calls=1 25 
* 12
cob=(4)
cfi=(52) /build/buildd/eglibc-2.19/math/../sysdeps/x86_64/fpu/multiarch/s_rint.S
cfn=(210) rint
calls=1 25 
* 12
cob=(4)
cfi=(51)
cfn=(208)
calls=1 20 
* 16
cob=(4)
cfi=(48) /build/buildd/eglibc-2.19/math/../sysdeps/x86_64/fpu/multiarch/e_exp.c
cfn=(192) __exp_finite
calls=1 15 
* 1374
cob=(3)
cfi=(46)
cfn=(186)
calls=1 49 
* 13
cob=(3)
cfi=(45)
cfn=(182)
calls=1 31 
* 68
cob=(3)
cfi=(40)
cfn=(180)
calls=1 140 
* 6
cob=(3)
cfi=(42)
cfn=(174)
calls=1 37 
* 68
cob=(3)
cfi=(40)
cfn=(170)
calls=1 114 
* 100
fi=(4)
75 19
fi=(5)
530 19
fi=(4)
75 23
fe=(39)
264 6
fi=(4)
75 12
fe=(39)
264 36
+3 21
+28 7
+3 14
+17 21
+2 56
fi=(4)
84 8
+2 16
+12 8
-15 8
+15 8
-15 8
+15 8
+10 12
+3 17
fi=(5)
487 5
fi=(4)
112 10
fi=(5)
487 1947
fi=(4)
112 3874
fi=(5)
487 3874
+5 3884
+1 3884
fi=(4)
111 3884
fi=(5)
493 1942
fi=(4)
111 1942
+7 24
+3 7
+3 7
-3 7
+3 7
fi=(5)
422 6
fi=(4)
50 6
fi=(5)
422 6
fi=(4)
51 6
fi=(5)
422 24
fi=(4)
127 12952
+9 6476
+3 6476
fi=(5)
244 3238
fi=(4)
138 3238
-2 3238
+1 12952
fi=(5)
244 3238
+21 6476
+4 6476
+7 48367
fi=(4)
137 1711
+1 1711
fi=(5)
276 3422
fi=(4)
137 1711
fi=(5)
276 5169
fi=(4)
137 9
+1 9
fi=(5)
276 18
fi=(4)
137 9
fi=(5)
276 22387
cfi=(6)
cfn=(164)
calls=1720 714 
* 1437121
* 8600
+2 9678
+3 3222
-3 6444
+3 9666
+6 22666
fe=(39)
183 14
+81 5
fi=(5)
77 12
+4 18
+14 6
-8 6
+8 12
+13 12
+3 24
410 9609
fi=(4)
124 9738
+19 12
fi=(5)
276 36
382 33
+4 55
+5 55
-63 6
+2 4
+9 4
-19 8
+1 12
449 54
+4 108
cfi=(16)
cfn=(42)
calls=18 61 
* 1015
+2 54
+1 18
fi=(4)
108 3
fe=(39)
323 14
+1 7
+1 7
-1 7
-1 14
+2 7
+3 14
+1 21
cfi=(25)
cfn=(114)
calls=7 81 
* 35
* 14
fi=(4)
160 8
+2 20
+8 10
+1 5
-1 5
+1 5
fi=(5)
+73 5
fi=(4)
-74 10
fi=(5)
+74 5
+21 10
+4 10
+7 135
cfi=(6)
cfn=(164)
calls=5 714 
* 3236
* 20
+2 15
+3 1
-3 2
+3 3
+6 35
410 15
fi=(4)
160 15
+14 5
fi=(5)
276 33146
fe=(39)

fl=(29)
fn=(138)
205 10
+1 1
cfi=(2)
cfn=(92)
calls=1 798 
* 2
+5 1
-1 1
-4 1
+9 1
+2 1
-3 1
+3 1
cfi=(2)
cfn=(140)
calls=1 657 
* 14619
+2 1
+1 1
+1 8

fn=(90)
163 24
+15 12
-3 24
+1 24
-13 24
+14 24
+1 12
+2 12
cfi=(2)
cfn=(92)
calls=12 798 
* 24
+2 12
-1 12
+4 12
-5 12
+2 12
+3 12
-4 12
+4 12
cfi=(30)
cfn=(94)
calls=12 26 
* 228
* 36
+2 36
cfi=(33)
cfn=(122)
calls=11 60 
* 25296
cfi=(2)
cfn=(96)
calls=1 625 
* 2458
+1 24
+2 12
+1 12
-3 12
+1 24
+1 12
+1 12
+8 48

fl=(36)
fn=(152)
328 1
+13 1
-13 2
+2 1
+11 2
cfi=(15)
cfn=(40)
calls=1 51 
* 51
* 1
+1 1
-1 1
+1 1
+7 1
+4 306
-58 1
+1 1
-1 1
+1 2
cfi=(15)
cfn=(32)
calls=1 102 
* 43
* 1
+1 2
+9 1
-6 1
+6 1
+64 5

fn=(242)
376 7
+1 1
-1 1
+1 1
+4 2
+3 1
-1 1
-2 1
+8 3
+5 7
+6 7
+22 4
+1 8
+2 4
+9 2
-8 2
+8 4
-8 2
+8 2
+1 2
+1 6
cfi=(24)
cfn=(66)
calls=2 61 
* 37
* 10
cfi=(26)
cfn=(70)
calls=2 30 
* 204
* 6
-42 10
+6 4
+3 2
+1 4
+6 2
+3 2
-3 4
+3 2
-1 4
+38 2
+2 1
+1 8

fn=(150)
112 7
+6 3
+3 2
+36 1
-34 1
+34 2
+2 3
-2 1
-2 1
-40 1
-1 1
-1 2
+44 12

ob=(3)
fl=(149)
fn=(1438)
94 1
+1 1
+1 1
+1 1
+2 1
+1 1
+1 1
+1 1
+2 1
+1 1
+1 1
+1 1
+1 1
+1 1
+2 1
+1 1
+1 1
+1 1
+2 1
+1 1
+1 1
+1 1
+1 1
+1 1
+1 1
+2 1
+1 1
+1 1
+1 1
+1 4
+3 1
+1 1
+1 1
+1 1
+2 1
+2 1
+1 1
+1 1
+1 1
+2 1
+1 1
+1 1
+1 1
+2 1
+1 1
+1 1
+1 1
+2 1
+1 1
+1 1
+1 1
+2 1
+1 1
+1 1
+1 1
+2 1
+1 1
+1 1
+1 1
+2 1
+1 1
+1 1
+1 1
+2 1
+1 1
+1 1
+1 1
+2 1
+1 1
+2 1
+1 1
943 1
+1 1
+1 1
+1 1
+2 1
+1 1
+1 1
+1 1
+1 1
+1 1
+1 1
+1 1
+69 121
+1 121
+1 121
+1 121

ob=(1)
fl=(36)
fn=(150)
159 2
+3 2
-1 2
+5 4
-4 2
-1 2
+7 2
-7 2
+3 4
+2 2
+2 2
-2 4
+16 10
+2 2
+1 2
-1 4
+10 2
-12 6
+15 4
+1 1
+51 1
+1 8

fn=(190)
831 6
+9 2
-9 2
+6 4
+8 10
+41 2
+1 6
+1 8

fn=(2920)
770 1
+2 3
+3 3
+2 2
+3 1
+1 1

fn=(136)
50 2
+3 6
+48 4
+4 4

fl=(10)
fn=(20)
34 4
+8 6
+4 2
+11 5

fl=(1) ???
fn=(0) 0x00000000000012d0
0 2
cfi=(2)
cfn=(2)
calls=1 362 
0 1801700
0 14
cfi=(63)
cfn=(252)
calls=1 86 
0 67517
0 3
cob=(8)
cfi=(86)
cfn=(544) 0x0000000000403dc6
calls=1 0 
0 31436166765

fl=(12)
fn=(26)
315 22
+3 22
-3 110
+4 22
-4 22
+7 44
+4 24
+2 1
+1 1
+1 1
+1 1
+2 2
-5 1
+1 1
+1 1
+1 1
+2 2
+2 2
-9 6
+16 8
+1 16
-1 16
129 35
-18 15
346 10
+4 3
+2 3
-2 6
+1 3
+5 34
+2 15
+1 15
+1 15
+3 165
-3 93
-2 93
+1 93
+4 186
-7 214
+12 16
+1 176
228 3
-7 3
+1 3
+4 3
+2 3
-6 3
+4 3
+2 15
-95 5
+1 5
+1 5
+1 5
+1 5
+48 5
-2 5
+1 5
+1 35
-80 5
+1 10
+4 10
-5 20
+1 40
+4 45
234 3
+2 3
-4 3
+1 3
+4 3
-2 3
+56 6
-2 3
+2 6
-1 3
+1 6
+1 6
+12 18
+1 6
-6 6

fl=(25)
fn=(68)
81 90
+1 18

fn=(248)
81 4
+1 1

fn=(114)
81 48
+1 12

fl=(16)
fn=(42)
61 43
+2 43
+2 43
+3 36
+1 36
+2 7
+1 7
+2 7
+1 7
+5 7
+1 7
-1 29
+1 29
+2 10
+1 10
+2 10
+1 20
+5 10
+1 10
-1 26
+1 26
+2 8
+1 8
+2 8
+1 8
+5 8
+1 8
-1 28
+1 28
+2 20
+1 20
+2 20
+1 20
+5 20
+1 20
-1 16
+1 36
+5 20
+1 20
+1 20
+1 20
+2 20
+2 20
+1 20
+2 20
+8 36
+8 25
+6 25
+2 25
+1 25
+3 5
+1 10
+5 5
+1 5
+2 5
+2 5
+1 5
+2 5
-8 13
+1 13
+2 13
+2 13
+1 13
+2 18
+9 5
+1 5
-1 20
+1 20
+3 25
+1 25
+1 25
+5 33
+2 33
+1 33
+1 33
+1 33
+2 33
+1 33
+1 33
+1 33
+2 33
+1 33
+2 33
+2 20
+2 20
+1 20
+1 20
+1 20
+2 20
+1 20
+1 20
+1 20
+2 20
+1 20
+2 29
+5 9
+6 9
+1 9
-7 16
+6 16
+1 16
+2 7

fl=(9)
fn=(18)
26 25
+1 25
+1 25
+1 25
+2 15
+1 15
+2 15
+1 15
-1 39
+1 39
+1 53
+1 53
+1 53
+2 48
+5 24
+1 24
+1 24
+1 24
+3 24
-6 7
+1 7
+1 7
+1 7
+3 7
+1 25
+1 25
+1 25
+2 25
+3 22
+1 22
+1 22
+1 22
+3 22
+1 16
+1 16
+1 16
+2 16
+3 12
+1 12
+1 12
+1 12
+3 12
+1 12
+1 12
+1 12
+2 12
+3 12
+1 12
+1 12
+1 12
+3 12
+1 10
+1 10
+1 10
+2 13
+3 3
+2 3
+1 3
-3 21
+2 21
+1 21
+1 21
+2 21
+1 21
+1 20
+2 20
+1 20

ob=(3)
fl=(149)
fn=(1438)
1029 121
+1 121
+1 121
+1 121
1249 1
+1 1
+1 1
+1 1
+1 1
+1 1
+1 1
+1 1
+1 1
+1 1
+1 1
+1 1
+1 1
+1 1

fl=(201)
fn=(2026)
20 12
+1 12
-2 12
+1 12
+3 12
-2 12
+1 36
+1 36
+1 12

ob=(1)
fl=(9)
fn=(18)
113 20
+2 20
+1 20
+1 19
+2 19
+2 19
+1 19
+1 18
+2 18
+1 18
+1 16
+2 16
+1 16
+1 9
+2 9
+1 9
-1 16
+1 16

fl=(11)
fn=(24)
30 3
+3 11
+2 136
+11 66
-13 198
-2 1
+19 1
-14 22
+5 2
-3 2
+3 2
+2 2

ob=(3)
fl=(152) /build/buildd/eglibc-2.19/stdio-common/sscanf.c
fn=(1492) sscanf
27 469
+4 67
+1 67
-1 335
+1 67
cfi=(153)
cfn=(1494)
calls=67 +3 
* 54394
+4 134

ob=(8)
fl=(121) /home/david/sgnlops/src/srp.cpp
fn=(1148) _GLOBAL__sub_I__ZN10solarArrayC2Ev
626 1
fi=(101) /usr/include/c++/4.9/iostream
74 2
cob=(7)
cfi=(75)
cfn=(574) std::ios_base::Init::Init()
calls=1 -74 
* 24
* 1
* 3
fe=(121)
626 1
fi=(101)
74 1
cob=(3)
cfi=(76)
cfn=(354)
calls=1 -17 
* 66
* 1
fe=(121)

fn=(2758) srp::computeAcceleration(probeEphemVar&)
597 280800
-2 702000
+9 140400
cfn=(2760) srp::computeSRPusingSRPgrid(probeEphemVar&)
calls=140400 374 
* 161685167
+5 421200
cfn=(2794) srp::computePanelSRP(probeEphemVar&)
calls=140400 479 
* 95868636
+3 561600
+1 561600
+1 561600
+12 561600

fn=(2788) srp::bilinearSRP(double const&, double const&, double**)
225 3790800
+2 2527200
+4 3369600
+8 842400
+1 421200
-1 842400
+5 842400
-4 421200
+4 421200
cob=(4)
cfi=(61)
cfn=(2362) __floor_sse41
calls=421200 37 
* 842400
* 421200
* 3369600
cob=(4)
cfi=(61)
cfn=(2362)
calls=421200 37 
* 842400
* 421200
* 1263600
+2 421200
-2 842400
+29 421200
-6 421200
+7 421200
+1 421200
-2 421200
+2 421200
-2 421200
-4 421200
+5 421200
+2 421200
-1 842400
+2 421200
-4 421200
+1 421200
+3 1684800
+25 842400
-25 421200
+25 1263600
-25 421200
+25 421200
-25 421200
+25 1684800

fn=(2866) srp::deallocGridFileData()
320 3
+1 1
-1 1
+1 2
cfi=(113) /home/david/sgnlops/src/matrix.cpp
cfn=(2426) free_dmatrix(double**, int)
calls=1 94 
* 36374
fi=(173) /usr/include/c++/4.9/ostream
535 4
cob=(7)
cfi=(75)
cfn=(1212) std::basic_ostream<char, std::char_traits<char> >& std::__ostream_insert<char, std::char_traits<char> >(std::basic_ostream<char, std::char_traits<char> >&, char const*, long)
calls=1 0 
* 1815
* 1
+30 1
fi=(172) /usr/include/c++/4.9/bits/basic_ios.h
444 2
48 2
fi=(147) /usr/include/c++/4.9/bits/locale_facets.h
867 3
fi=(173)
565 2
cob=(7)
cfi=(75)
cfn=(1854) std::ostream::put(char)
calls=1 0 
* 243
* 1
+22 2
cob=(7)
cfi=(75)
cfn=(1872) std::ostream::flush()
calls=1 0 
* 71
* 1
fe=(121)
324 3
cfi=(113)
cfn=(2426)
calls=1 94 
* 28948
fi=(173)
535 4
cob=(7)
cfi=(75)
cfn=(1212)
calls=1 0 
* 364
* 1
+30 1
fi=(172)
444 2
48 2
fi=(147)
867 3
fi=(173)
565 2
cob=(7)
cfi=(75)
cfn=(1854)
calls=1 0 
* 243
* 1
+22 2
cob=(7)
cfi=(75)
cfn=(1872)
calls=1 0 
* 71
* 1
fe=(121)
327 3
cfi=(113)
cfn=(2426)
calls=1 94 
* 28737
fi=(173)
535 4
cob=(7)
cfi=(75)
cfn=(1212)
calls=1 0 
* 364
* 1
+30 1
fi=(172)
444 2
48 2
fi=(147)
867 3
fi=(173)
565 2
cob=(7)
cfi=(75)
cfn=(1854)
calls=1 0 
* 243
* 1
fe=(121)
329 1
fi=(173)
587 1
fe=(121)
329 2
fi=(173)
587 1
cob=(7)
cfi=(75)
cfn=(1872)
calls=1 0 
* 71
* 1
fe=(121)

fn=(2140) srp::srp()
15 1
+71 1
-71 1
+70 1
-70 1
+71 2

fn=(2292) srp::setup(configureOPS&, solarArray&, long double, long double, long double, long double)
97 1
+4 1
-4 1
+1 2
+1 1
-1 1
-51 2
+4 2
+1 2
+1 2
+1 2
+1 2
+1 2
+1 2
+1 2
+1 2
+1 2
+1 2
+1 2
+1 2
+1 2
+1 2
+1 2
+1 2
+1 2
+1 2
+1 2
+33 1
+8 1
-8 1
+1 2
+1 2
+1 2
+5 1
+19 4
fi=(139) /usr/include/c++/4.9/bits/basic_string.h
1149 3
275 3
1149 1
cob=(7)
cfi=(75)
cfn=(1268) std::string::assign(char const*, unsigned long)
calls=1 0 
* 484
* 1
* 4
cob=(7)
cfi=(75)
cfn=(1268)
calls=1 0 
* 333
* 1
* 4
cob=(7)
cfi=(75)
cfn=(1268)
calls=1 0 
* 333
* 1
fe=(121)
125 5
cfn=(2296) srp::loadGridFileData(std::string const&, std::string const&, std::string const&)
calls=1 308 
* 668374552
fi=(139)
293 1
+8 1
-61 2
+53 1
+8 1
-61 2
+53 1
+8 1
-61 2
fi=(192) /usr/include/c++/4.9/ext/atomicity.h
81 3
fi=(139)
245 2
+4 2
cob=(7)
cfi=(75)
cfn=(1726) std::string::_Rep::_M_destroy(std::allocator<char> const&)
calls=1 0 
* 93
* 1
* 1
fi=(192)
81 3
fi=(139)
245 2
+4 2
cob=(7)
cfi=(75)
cfn=(1726)
calls=1 0 
* 93
* 1
* 1
fi=(192)
81 3
fi=(139)
245 2
+4 2
cob=(7)
cfi=(75)
cfn=(1726)
calls=1 0 
* 89
* 1
* 1
fi=(192)
67 1
+1 2
+16 2
-17 1
+1 2
+16 2
-17 1
+1 2
+16 2
fe=(121)

fn=(2794)
479 702000
+1 280800
cfi=(107) /home/david/sgnlops/src/cartesian.cpp
cfn=(2148) cartesian::cartesian()
calls=140400 17 
* 702000
+13 140400
-11 140400
+12 140400
-12 140400
+11 140400
-11 140400
+22 140400
-9 140400
+9 140400
-10 140400
-12 140400
+13 140400
-13 280800
+14 140400
+1 140400
+1 140400
+6 140400
-1 140400
+1 140400
-8 140400
+8 280800
-7 140400
+7 280800
-6 140400
+5 140400
+1 140400
cfi=(107)
cfn=(2576) dotproduct(cartesian, cartesian)
calls=140400 307 
* 1404000
* 421200
cfi=(107)
cfn=(2154) cartesian::~cartesian()
calls=140400 31 
* 140400
* 280800
cfi=(107)
cfn=(2154)
calls=140400 31 
* 140400
+3 280800
+6 140400
-6 982800
cob=(4)
cfi=(230) /build/buildd/eglibc-2.19/math/../sysdeps/ieee754/dbl-64/s_sincos.c
cfn=(2500) sincos
calls=140400 27 
* 16855751
* 140400
+16 140400
+11 140400
-11 1544400
+3 140400
-3 280800
+3 280800
+1 140400
+3 140400
-3 140400
-4 140400
+3 140400
+1 280800
-4 140400
+7 140400
-7 140400
+4 140400
+3 140400
-3 140400
+3 140400
-3 280800
+4 280800
-4 140400
+3 140400
+1 140400
-1 140400
-3 140400
+3 280800
+1 842400
+3 140400
cfi=(107)
cfn=(2148)
calls=140400 17 
* 702000
* 280800
cfi=(107)
cfn=(2148)
calls=140400 17 
* 702000
+2 2246400
cfi=(107)
cfn=(2568) crossproduct(cartesian, cartesian)
calls=140400 18 
* 3229200
* 421200
cfi=(107)
cfn=(2152) cartesian::operator=(cartesian const&)
calls=140400 36 
* 982800
* 280800
cfi=(107)
cfn=(2154)
calls=140400 31 
* 140400
* 280800
cfi=(107)
cfn=(2154)
calls=140400 31 
* 140400
* 280800
cfi=(107)
cfn=(2154)
calls=140400 31 
* 140400
+4 280800
cfi=(107)
cfn=(2796) cartesian::norm() const
calls=140400 77 
* 1684800
* 561600
+2 232400
cfi=(107)
cfn=(2804) cartesian::set(double, double, double)
calls=46480 102 
* 139440
+11 140400
+3 140400
-3 561600
+3 140400
cfi=(107)
cfn=(2148)
calls=140400 17 
* 702000
* 280800
cfi=(107)
cfn=(2148)
calls=140400 17 
* 702000
* 280800
cfi=(107)
cfn=(2148)
calls=140400 17 
* 702000
+4 1544400
cfi=(107)
cfn=(2566) operator*(double, cartesian)
calls=140400 17 
* 1965600
* 421200
cfi=(107)
cfn=(2152)
calls=140400 36 
* 982800
* 280800
cfi=(107)
cfn=(2154)
calls=140400 31 
* 140400
* 280800
cfi=(107)
cfn=(2154)
calls=140400 31 
* 140400
+4 1404000
cfi=(107)
cfn=(2566)
calls=140400 17 
* 1965600
* 421200
cfi=(107)
cfn=(2152)
calls=140400 36 
* 982800
* 280800
cfi=(107)
cfn=(2154)
calls=140400 31 
* 140400
* 280800
cfi=(107)
cfn=(2154)
calls=140400 31 
* 140400
+4 561600
cfi=(107)
cfn=(2790) operator+(cartesian const&, cartesian const&)
calls=140400 17 
* 2527200
* 421200
cfi=(107)
cfn=(2152)
calls=140400 36 
* 982800
* 280800
cfi=(107)
cfn=(2154)
calls=140400 31 
* 140400
+5 1404000
cfi=(107)
cfn=(2566)
calls=140400 17 
* 1965600
* 421200
cfi=(107)
cfn=(2152)
calls=140400 36 
* 982800
* 280800
cfi=(107)
cfn=(2154)
calls=140400 31 
* 140400
* 280800
cfi=(107)
cfn=(2154)
calls=140400 31 
* 140400
-17 280800
cfi=(107)
cfn=(2154)
calls=140400 31 
* 140400
* 280800
cfi=(107)
cfn=(2154)
calls=140400 31 
* 140400
* 280800
cfi=(107)
cfn=(2154)
calls=140400 31 
* 140400
-22 280800
cfi=(107)
cfn=(2154)
calls=140400 31 
* 140400
+39 280800
cfi=(107)
cfn=(2154)
calls=140400 31 
* 140400
+16 140400
482 140400
589 140400
+1 140400
-1 140400
+1 140400
+1 140400
-2 280800
+1 140400
-1 140400
+1 140400
+1 140400
-1 140400
+1 280800
482 140400
cfi=(107)
cfn=(2154)
calls=140400 31 
* 140400
591 280800
cfi=(107)
cfn=(2154)
calls=140400 31 
* 140400
+1 561600
-45 1502720
cfi=(107)
cfn=(2568)
calls=93920 18 
* 2160160
* 281760
cfi=(107)
cfn=(2152)
calls=93920 36 
* 657440
* 187840
cfi=(107)
cfn=(2154)
calls=93920 31 
* 93920
* 187840
cfi=(107)
cfn=(2154)
calls=93920 31 
* 93920
* 187840
cfi=(107)
cfn=(2154)
calls=93920 31 
* 93920
+1 187840
cfi=(107)
cfn=(2764) cartesian::normalise()
calls=93920 83 
* 2535840
* 93920
-38 311328
+81 103776
-78 103776
cob=(4)
cfi=(235) /build/buildd/eglibc-2.19/math/w_acos.c
cfn=(2582) acos
calls=103776 28 
* 8899173
* 103776
* 103776
+3 518880

fn=(2130) solarArray::solarArray()
15 8

fn=(2290) solarArray::operator=(solarArray const&)
47 1
-2 1
+2 1
+4 2
+1 2
+1 2
+1 2
+1 2
+1 2
+1 2
+1 2
+1 2
+1 2
+1 2
+1 2
+1 2
+1 2
+1 2
+1 2
+1 2
+1 2
+1 2
+1 2
+3 1

fn=(2760)
374 702000
+3 1544400
cfi=(107)
cfn=(2150) cartesian::cartesian(double, double, double)
calls=140400 25 
* 561600
+1 140400
+11 140400
-11 702000
+11 140400
cfi=(107)
cfn=(2148)
calls=140400 17 
* 702000
+1 421200
cfi=(115) /home/david/sgnlops/src/attitudeState.cpp
cfn=(2762) attitudeState::attitudeState(attitudeState const&)
calls=140400 22 
* 9126000
+4 280800
cfi=(107)
cfn=(2148)
calls=140400 17 
* 702000
* 280800
cfi=(107)
cfn=(2148)
calls=140400 17 
* 702000
* 280800
cfi=(107)
cfn=(2148)
calls=140400 17 
* 702000
+2 421200
cfi=(107)
cfn=(2152)
calls=140400 36 
* 982800
* 280800
cfi=(107)
cfn=(2764)
calls=140400 83 
* 3790800
+3 421200
cfi=(107)
cfn=(2152)
calls=140400 36 
* 982800
* 280800
cfi=(107)
cfn=(2764)
calls=140400 83 
* 3790800
+3 421200
cfi=(107)
cfn=(2152)
calls=140400 36 
* 982800
* 280800
cfi=(107)
cfn=(2764)
calls=140400 83 
* 3790800
+17 140400
-6 140400
+6 140400
-6 280800
-3 140400
+9 280800
-9 140400
+3 421200
+6 1123200
cfi=(107)
cfn=(2576)
calls=140400 307 
* 1404000
* 421200
cfi=(107)
cfn=(2154)
calls=140400 31 
* 140400
* 280800
cfi=(107)
cfn=(2154)
calls=140400 31 
* 140400
+2 2106000
cfi=(107)
cfn=(2576)
calls=140400 307 
* 1404000
* 421200
cfi=(107)
cfn=(2154)
calls=140400 31 
* 140400
* 280800
cfi=(107)
cfn=(2154)
calls=140400 31 
* 140400
+2 2106000
cfi=(107)
cfn=(2576)
calls=140400 307 
* 1404000
* 421200
cfi=(107)
cfn=(2154)
calls=140400 31 
* 140400
* 280800
cfi=(107)
cfn=(2154)
calls=140400 31 
* 140400
+2 702000
cfi=(107)
cfn=(2150)
calls=140400 25 
* 561600
+1 280800
cfi=(107)
cfn=(2764)
calls=140400 83 
* 3790800
+3 421200
cob=(4)
cfi=(254) /build/buildd/eglibc-2.19/math/w_atan2.c
cfn=(2770) atan2
calls=140400 30 
* 16923233
cob=(1)
cfi=(49)
cfn=(200)
calls=1 34 
* 909
* 140404
* 280800
+2 280800
cob=(4)
cfi=(257) /build/buildd/eglibc-2.19/math/w_asin.c
cfn=(2782) asin
calls=140400 28 
* 12362939
cob=(1)
cfi=(49)
cfn=(200)
calls=1 34 
* 878
* 140404
* 140400
+4 561600
-4 140400
+4 140400
cfn=(2788)
calls=140400 225 
* 11793600
+2 561600
-2 140400
+2 140400
cfn=(2788)
calls=140400 225 
* 11793600
+2 561600
-2 140400
+2 140400
cfn=(2788)
calls=140400 225 
* 11793600
+5 140400
+14 140400
-10 140400
-4 140400
+10 140400
-3 140400
-7 280800
+4 140400
+3 140400
+3 140400
-6 140400
+3 140400
+3 140400
+4 140400
cfi=(107)
cfn=(2148)
calls=140400 17 
* 702000
* 280800
cfi=(107)
cfn=(2148)
calls=140400 17 
* 702000
* 280800
cfi=(107)
cfn=(2148)
calls=140400 17 
* 702000
* 280800
cfi=(107)
cfn=(2148)
calls=140400 17 
* 702000
+2 1404000
cfi=(107)
cfn=(2566)
calls=140400 17 
* 1965600
* 421200
cfi=(107)
cfn=(2152)
calls=140400 36 
* 982800
* 280800
cfi=(107)
cfn=(2154)
calls=140400 31 
* 140400
* 280800
cfi=(107)
cfn=(2154)
calls=140400 31 
* 140400
+1 1404000
cfi=(107)
cfn=(2566)
calls=140400 17 
* 1965600
* 421200
cfi=(107)
cfn=(2152)
calls=140400 36 
* 982800
* 280800
cfi=(107)
cfn=(2154)
calls=140400 31 
* 140400
* 280800
cfi=(107)
cfn=(2154)
calls=140400 31 
* 140400
+1 1404000
cfi=(107)
cfn=(2566)
calls=140400 17 
* 1965600
* 421200
cfi=(107)
cfn=(2152)
calls=140400 36 
* 982800
* 280800
cfi=(107)
cfn=(2154)
calls=140400 31 
* 140400
* 280800
cfi=(107)
cfn=(2154)
calls=140400 31 
* 140400
+2 561600
cfi=(107)
cfn=(2790)
calls=140400 17 
* 2527200
* 561600
cfi=(107)
cfn=(2790)
calls=140400 17 
* 2527200
* 421200
cfi=(107)
cfn=(2152)
calls=140400 36 
* 982800
* 280800
cfi=(107)
cfn=(2154)
calls=140400 31 
* 140400
* 280800
cfi=(107)
cfn=(2154)
calls=140400 31 
* 140400
+2 140400
-8 140400
+8 140400
+1 140400
-1 140400
+1 140400
+1 140400
-2 280800
+1 140400
-1 140400
+1 140400
+1 140400
-1 140400
+1 280800
-10 140400
cfi=(107)
cfn=(2154)
calls=140400 31 
* 140400
* 280800
cfi=(107)
cfn=(2154)
calls=140400 31 
* 140400
* 280800
cfi=(107)
cfn=(2154)
calls=140400 31 
* 140400
* 280800
cfi=(107)
cfn=(2154)
calls=140400 31 
* 140400
-33 280800
cfi=(107)
cfn=(2154)
calls=140400 31 
* 140400
-12 280800
cfi=(107)
cfn=(2154)
calls=140400 31 
* 140400
-19 280800
cfi=(107)
cfn=(2154)
calls=140400 31 
* 140400
* 280800
cfi=(107)
cfn=(2154)
calls=140400 31 
* 140400
* 280800
cfi=(107)
cfn=(2154)
calls=140400 31 
* 140400
fi=(234) /home/david/sgnlops/src/../include/attitudeState.h
26 280800
cfi=(107)
cfn=(2154)
calls=140400 +5 
* 140400
* 280800
cfi=(107)
cfn=(2154)
calls=140400 +5 
* 140400
* 280800
cfi=(107)
cfn=(2154)
calls=140400 +5 
* 140400
fe=(121)
389 280800
cfi=(107)
cfn=(2154)
calls=140400 31 
* 140400
-11 280800
cfi=(107)
cfn=(2154)
calls=140400 31 
* 140400
+90 280800
cfi=(107)
cfn=(2154)
calls=140400 31 
* 140400
+1 561600

fn=(2296)
308 5
+1 1
-1 2
+1 1
-1 1
+1 1
-1 2
+1 1
cfi=(113)
cfn=(2298) dmatrix(double**&, int, int)
calls=1 28 
* 98974
+1 4
cfi=(113)
cfn=(2298)
calls=1 28 
* 98583
+1 4
cfi=(113)
cfn=(2298)
calls=1 28 
* 98533
+2 4
cob=(7)
cfi=(75)
cfn=(2304) std::basic_string<char, std::char_traits<char>, std::allocator<char> >::basic_string(std::string const&)
calls=1 0 
* 19
cob=(1)
cfi=(49)
cfn=(200)
calls=1 34 
* 872
* 5
* 4
cfn=(2306) srp::loadSRPgrid(std::string, double**)
calls=1 134 
* 221953715
fi=(139)
-20 1
+8 1
-61 2
fe=(121)
+74 4
cob=(7)
cfi=(75)
cfn=(2304)
calls=1 0 
* 19
* 1
* 4
cfn=(2306)
calls=1 134 
* 222128140
fi=(139)
-21 1
+8 1
-61 2
fe=(121)
+75 4
cob=(7)
cfi=(75)
cfn=(2304)
calls=1 0 
* 19
* 1
* 4
cfn=(2306)
calls=1 134 
* 223995576
fi=(139)
-22 1
+8 1
-61 2
fe=(121)
+76 7
fi=(192)
81 3
fi=(139)
245 2
fi=(192)
81 3
fi=(139)
245 2
fi=(192)
81 3
fi=(139)
245 2
fi=(192)
67 1
+1 2
+16 2
-17 1
+1 2
+16 2
-17 1
+1 2
+16 2
fe=(121)

fn=(2306)
134 6
fi=(210) /usr/include/c++/4.9/ext/new_allocator.h
-30 3
fe=(121)
+30 30
fi=(210)
-30 3
cob=(7)
cfi=(75)
cfn=(1292) operator new(unsigned long)
calls=3 0 
* 639
* 3
* 1119
cob=(7)
cfi=(75)
cfn=(1292)
calls=3 0 
* 555
* 3
* 12
fi=(211) /usr/include/c++/4.9/bits/stl_construct.h
-29 1086
fi=(207) /usr/include/c++/4.9/bits/stl_vector.h
+16 1086
fi=(210)
+13 543
fi=(207)
-13 543
fi=(210)
+13 543
cob=(7)
cfi=(75)
cfn=(1292)
calls=543 0 
* 103921
* 543
fi=(207)
+83 543
-2 543
+1 1086
+1 1086
fi=(211)
75 784092
fi=(279) /usr/include/c++/4.9/bits/stl_uninitialized.h
-1 784092
fi=(207)
321 1086
fi=(279)
200 1086
fi=(210)
-90 6
cob=(7)
cfi=(75)
cfn=(1732) operator delete(void*)
calls=3 0 
* 369
cob=(1)
cfi=(49)
cfn=(200)
calls=1 -76 
* 767
* 7
fi=(172)
456 6
cob=(7)
cfi=(75)
cfn=(930) std::ios_base::ios_base()
calls=3 0 
* 264
* 3
fi=(142) /usr/include/c++/4.9/istream
607 3
fi=(172)
456 3
fi=(142)
608 3
-1 3
fi=(172)
456 9
fi=(142)
607 3
fi=(172)
456 12
fi=(142)
607 9
+1 9
cob=(7)
cfi=(75)
cfn=(936) std::basic_ios<char, std::char_traits<char> >::init(std::basic_streambuf<char, std::char_traits<char> >*)
calls=3 0 
* 2664
* 3
fi=(143) /usr/include/c++/4.9/fstream
456 15
cob=(7)
cfi=(75)
cfn=(1326) std::basic_filebuf<char, std::char_traits<char> >::basic_filebuf()
calls=3 0 
* 945
* 3
+1 12
cob=(7)
cfi=(75)
cfn=(936)
calls=3 0 
* 2664
* 3
+86 15
cob=(7)
cfi=(75)
cfn=(1350) std::basic_filebuf<char, std::char_traits<char> >::open(char const*, std::_Ios_Openmode)
calls=3 0 
* 3509
* 3
* 3
+1 6
-1 3
+5 9
cob=(7)
cfi=(75)
cfn=(1416) std::basic_ios<char, std::char_traits<char> >::clear(std::_Ios_Iostate)
calls=3 0 
* 18
* 3
fe=(121)
143 6
fi=(139)
2814 3
275 3
fi=(172)
444 6
48 6
fi=(147)
867 9
fi=(139)
2814 9
cob=(7)
cfi=(75)
cfn=(2332) std::basic_istream<char, std::char_traits<char> >& std::getline<char, std::char_traits<char>, std::allocator<char> >(std::basic_istream<char, std::char_traits<char> >&, std::basic_string<char, std::char_traits<char>, std::allocator<char> >&, char)
calls=3 0 
* 2835
cob=(1)
cfi=(49)
cfn=(200)
calls=1 34 
* 1922
* 7
fe=(121)
157 9
cob=(7)
cfi=(75)
cfn=(2232) std::istream::operator>>(int&)
calls=3 0 
* 1302
* 3
+1 9
cob=(7)
cfi=(75)
cfn=(2232)
calls=3 0 
* 1353
* 3
+1 9
fi=(139)
293 3
+8 3
-61 6
fi=(143)
-20 3
502 6
220 6
cob=(7)
cfi=(75)
cfn=(1920) std::basic_filebuf<char, std::char_traits<char> >::close()
calls=3 0 
* 60
* 3
* 6
cob=(7)
cfi=(75)
cfn=(1982) std::__basic_file<char>::~__basic_file()
calls=3 0 
* 54
* 3
fi=(193) /usr/include/c++/4.9/streambuf
-22 9
cob=(7)
cfi=(75)
cfn=(954) std::locale::~locale()
calls=3 0 
* 36
* 3
fi=(142)
-94 6
fi=(172)
276 3
fi=(142)
104 6
fi=(172)
276 6
cob=(7)
cfi=(75)
cfn=(1902) std::ios_base::~ios_base()
calls=3 0 
* 159
* 3
* 3
fi=(207)
161 3
+16 6
-16 540
+16 1080
fi=(210)
-67 543
cob=(7)
cfi=(75)
cfn=(1732)
calls=543 0 
* 125743
* 543
* 543
fi=(211)
-8 1086
fi=(210)
+8 6
cob=(7)
cfi=(75)
cfn=(1732)
calls=3 0 
* 915
* 3
fe=(121)
219 36
-54 9
fi=(142)
+54 9
cob=(7)
cfi=(75)
cfn=(2238) std::istream& std::istream::_M_extract<double>(double&)
calls=3 0 
* 4359
* 3
* 9
cob=(7)
cfi=(75)
cfn=(2238)
calls=3 0 
* 3804
* 3
fe=(121)
-45 15
+6 15
fi=(142)
+39 9
cob=(7)
cfi=(75)
cfn=(2238)
calls=3 0 
* 3885
* 3
* 9
cob=(7)
cfi=(75)
cfn=(2238)
calls=3 0 
* 3552
* 3
fe=(121)
-31 15
+6 15
fi=(192)
81 9
fi=(139)
245 6
+4 6
cob=(7)
cfi=(75)
cfn=(1726)
calls=3 0 
* 267
* 3
* 3
fi=(192)
67 3
+1 6
+16 6
fi=(142)
219 9
cob=(7)
cfi=(75)
cfn=(2238)
calls=3 0 
* 9714
* 3
* 9
cob=(7)
cfi=(75)
cfn=(2238)
calls=3 0 
* 9246
* 3
fe=(121)
-10 18
+2 3258
+2 543
fi=(142)
+6 1086
cob=(7)
cfi=(75)
cfn=(2238)
calls=543 0 
* 1854077
* 543
fe=(121)
-6 195480
fi=(142)
+6 390960
cob=(7)
cfi=(75)
cfn=(2238)
calls=195480 0 
* 661599700
* 195480
fe=(121)
-5 1176138
-3 784635
-2 3258
fi=(143)
581 9
cob=(7)
cfi=(75)
cfn=(1920)
calls=3 0 
* 2690
* 3
* 3
fe=(121)
218 3
fi=(143)
581 3
fe=(121)

fl=(123) /home/david/sgnlops/src/drag.cpp
fn=(1156) _GLOBAL__sub_I__ZN4dragC2Ev
10218 1
fi=(101)
74 2
cob=(7)
cfi=(75)
cfn=(574)
calls=1 -74 
* 24
* 1
* 3
fe=(123)
10218 1
fi=(101)
74 1
cob=(3)
cfi=(76)
cfn=(354)
calls=1 -17 
* 66
* 1
fe=(123)

fn=(2274) drag::setup(configureOPS&, long double, long double, long double)
23 4
+1 2
+4 1
-4 1
+1 2
+1 2
fi=(207)
736 2
fe=(123)
28 1
fi=(212) /usr/include/c++/4.9/bits/vector.tcc
271 1
fe=(123)
28 5
fi=(212)
271 1
fi=(210)
104 2
cob=(7)
cfi=(75)
cfn=(1292)
calls=1 0 
* 909
cob=(1)
cfi=(49)
cfn=(200)
calls=1 -70 
* 760
* 5
* 2
fi=(279)
-33 2
fi=(211)
+4 40004
fi=(279)
-1 40004
fi=(212)
278 1
fi=(207)
177 2
fi=(212)
279 1
+1 2
+1 1
fe=(123)
31 4

fl=(124) /home/david/sgnlops/src/antennaThrust.cpp
fn=(2136) antennaThrust::antennaThrust()
12 2

fn=(2752) antennaThrust::computeAcceleration(probeEphemVar&)
26 421200
+3 421200
+3 421200
-3 421200
+3 561600
cfi=(107)
cfn=(2566)
calls=140400 -15 
* 1965600
* 280800
cfi=(107)
cfn=(2154)
calls=140400 -1 
* 140400
+2 140400
-2 140400
+2 140400
+1 140400
-1 140400
+1 140400
+1 140400
-2 280800
+1 140400
-1 140400
+1 140400
+1 140400
-1 140400
+1 280800
-4 140400
cfi=(107)
cfn=(2154)
calls=140400 -1 
* 140400
+4 280800
cfi=(107)
cfn=(2154)
calls=140400 -5 
* 140400
+1 421200

fn=(1160) _GLOBAL__sub_I__ZN13antennaThrustC2Ev
37 1
fi=(101)
+37 2
cob=(7)
cfi=(75)
cfn=(574)
calls=1 -74 
* 24
* 1
* 3
fe=(124)
-37 1
fi=(101)
+37 1
cob=(3)
cfi=(76)
cfn=(354)
calls=1 -17 
* 66
* 1
fe=(124)

fn=(2286) antennaThrust::setup(configureOPS&)
22 3

fl=(88)
fn=(1174)
20 6
+8 1
cob=(3)
cfi=(129)
cfn=(1180)
calls=1 +1 
* 31
cob=(1)
cfi=(49)
cfn=(200)
calls=1 +6 
* 1121
* 5
+2 3
-2 1
+2 1
cob=(7)
cfi=(75)
cfn=(1190) std::basic_string<char, std::char_traits<char>, std::allocator<char> >::basic_string(char const*, std::allocator<char> const&)
calls=1 -30 
* 2297
cob=(1)
cfi=(49)
cfn=(200)
calls=1 +4 
* 946
* 5
+1 4
cob=(7)
cfi=(75)
cfn=(1190)
calls=1 -31 
* 47
* 1
+6 2
+6 2
fi=(139)
301 2
-61 2
+61 2
-61 2
fe=(88)
68 6
-23 3
cob=(7)
cfi=(75)
cfn=(1206) std::basic_ostream<char, std::char_traits<char> >& std::operator<< <std::char_traits<char> >(std::basic_ostream<char, std::char_traits<char> >&, char const*)
calls=1 -45 
* 6520
cob=(1)
cfi=(49)
cfn=(200)
calls=1 -11 
* 1501
* 5
fi=(139)
563 3
cob=(7)
cfi=(75)
cfn=(1262) std::string::assign(char const*)
calls=1 0 
* 5236
cob=(1)
cfi=(49)
cfn=(200)
calls=1 34 
* 924
* 5
* 3
cob=(7)
cfi=(75)
cfn=(1262)
calls=1 0 
* 406
* 1
fe=(88)
55 4
cfi=(102) /home/david/sgnlops/src/orbit_predictor.cpp
cfn=(1302) orbit_predictor::orbit_predictor(std::string const&, std::string const&)
calls=1 -41 
* 31436009628
+6 1
cob=(3)
cfi=(129)
cfn=(1180)
calls=1 -32 
* 31
* 1
* 2
+1 2
-1 3
+1 1
cob=(7)
cfi=(75)
cfn=(1206)
calls=1 -62 
* 1056
* 1
fi=(173)
221 3
cob=(7)
cfi=(75)
cfn=(2012) std::ostream& std::ostream::_M_insert<double>(double)
calls=1 0 
* 4129
* 1
fe=(88)
62 3
cob=(7)
cfi=(75)
cfn=(1206)
calls=1 -62 
* 297
* 1
fi=(173)
+51 2
cob=(7)
cfi=(75)
cfn=(2896) std::basic_ostream<char, std::char_traits<char> >& std::endl<char, std::char_traits<char> >(std::basic_ostream<char, std::char_traits<char> >&)
calls=1 0 
* 1673
cob=(1)
cfi=(49)
cfn=(200)
calls=1 -79 
* 1562
* 5
fe=(88)
-50 6
cob=(7)
cfi=(75)
cfn=(1206)
calls=1 -63 
* 288
* 1
fi=(173)
221 3
cob=(7)
cfi=(75)
cfn=(2012)
calls=1 0 
* 3293
* 1
fe=(88)
63 3
cob=(7)
cfi=(75)
cfn=(1206)
calls=1 -63 
* 290
* 1
fi=(173)
+50 2
cob=(7)
cfi=(75)
cfn=(2896)
calls=1 0 
* 335
* 1
fe=(88)
-48 3
cob=(7)
cfi=(75)
cfn=(1206)
calls=1 -65 
* 428
* 1
+1 3
cob=(7)
cfi=(75)
cfn=(1206)
calls=1 -66 
* 450
* 1
* 1
fi=(139)
563 2
cfi=(192)
cfn=(2906) std::string::_Rep::_M_dispose(std::allocator<char> const&) [clone .part.1]
calls=1 81 
* 100
* 3
cfi=(192)
cfn=(2906)
calls=1 81 
* 104
* 1
fe=(88)

fn=(568) _GLOBAL__sub_I_main
68 1
fi=(101)
+6 2
cob=(7)
cfi=(75)
cfn=(574)
calls=1 -74 
* 104529
cob=(1)
cfi=(49)
cfn=(200)
calls=1 -40 
* 1030
* 5
* 3
fe=(88)
-6 1
fi=(101)
+6 1
cob=(3)
cfi=(76)
cfn=(354)
calls=1 -17 
* 66
cob=(1)
cfi=(49)
cfn=(200)
calls=1 -40 
* 1261
* 5
fe=(88)

fl=(106) /home/david/sgnlops/src/probeEphemVar.cpp
fn=(2430) probeEphemVar::update(stateVector&)
51 561604
+2 140401
-2 280802
+5 140401
-3 140401
-2 140401
+2 140401
cfi=(105) /home/david/sgnlops/src/stateVector.cpp
cfn=(2432) stateVector::operator=(stateVector const&)
calls=140401 +9 
* 5616007
+3 421203
cfi=(103) /home/david/sgnlops/src/timeUCL.cpp
cfn=(1744) timetag_T::timetag_T(timetag_T const&)
calls=140401 -30 
* 2106015
* 421203
cfi=(117) /home/david/sgnlops/src/ecef_eci_Tx.cpp
cfn=(2434) cel_ter_frameTx::compute_rotations(timetag_T)
calls=140401 +49 
* 5808968359
+1 702005
cfi=(105)
cfn=(2516) stateVector::stateVector(stateVector const&)
calls=140401 -36 
* 7862456
* 702005
cfi=(117)
cfn=(2518) eci2ecef(stateVector, double**, double**)
calls=140401 2283 
* 507268813
* 421203
cfi=(105)
cfn=(2432)
calls=140401 +5 
* 5616040
+3 280802
+3 561604
cfi=(103)
cfn=(1744)
calls=140401 -37 
* 2106015
* 421203
cfi=(108) /home/david/sgnlops/src/sephem.cpp
cfn=(2520) computeEphemerisDE405(timetag_T, planets&)
calls=140401 +94 
* 19218407977
+2 280802
+12 140401
+4 140401
-13 140401
+1 140401
+1 140401
-2 140401
+9 140401
-8 140401
+1 140401
+7 140401
+1 421203
+1 421203
+2 140401
cfi=(107)
cfn=(2558) cartesian::length() const
calls=140401 -10 
* 1684812
+3 140401
+6 140401
-9 140401
+9 140401
-6 280802
+1 421203
+1 421203
+4 140401
cfi=(105)
cfn=(2516)
calls=140401 -69 
* 7862456
* 702005
cfi=(110) /home/david/sgnlops/src/eclipse.cpp
cfn=(2560) eclipse(stateVector, planets&, double, double)
calls=140401 -54 
* 46191929
+4 421203
-4 140401
+4 140401
cfi=(115)
cfn=(2562) attitudeGPSIIR(stateVector const&, cartesian const&)
calls=140401 -40 
* 66128871
fi=(234)
-68 421203
cfi=(107)
cfn=(2152)
calls=140401 +10 
* 982807
* 421203
cfi=(107)
cfn=(2152)
calls=140401 +10 
* 982807
* 421203
cfi=(107)
cfn=(2152)
calls=140401 +10 
* 982807
* 280802
cfi=(107)
cfn=(2154)
calls=140401 +5 
* 140401
* 280802
cfi=(107)
cfn=(2154)
calls=140401 +5 
* 140401
* 280802
cfi=(107)
cfn=(2154)
calls=140401 +5 
* 140401
fe=(106)
+78 982807

fn=(2144) probeEphemVar::probeEphemVar()
16 7
cfi=(115)
cfn=(2146) attitudeState::attitudeState()
calls=1 -6 
* 100
* 2
cfi=(105)
cfn=(2156) stateVector::stateVector()
calls=1 -6 
* 30
* 2
cfi=(105)
cfn=(2156)
calls=1 -6 
* 30
* 2
cfi=(117)
cfn=(2158) cel_ter_frameTx::cel_ter_frameTx()
calls=1 +2 
* 1
* 2
cfi=(116) /home/david/sgnlops/src/planets.cpp
cfn=(2160) planets::planets()
calls=1 -3 
* 58
* 3
cfi=(107)
cfn=(2148)
calls=1 +1 
* 5
* 3
cfi=(107)
cfn=(2148)
calls=1 +1 
* 5
* 2
cfi=(107)
cfn=(2148)
calls=1 +1 
* 5
+2 1
+1 1
+1 6

fn=(2352) probeEphemVar::setup(configureOPS&, bool*, bool, bool)
28 6
+1 1
-1 1
+1 1
-1 2
+1 1
cfi=(116)
cfn=(2354) planets::selectPlanetsEnabled(bool*)
calls=1 +30 
* 21
+7 1
+6 1
-6 1
-5 1
+1 1
+10 1
-6 2
+1 1
-1 1
+1 1
-1 1
+1 1
+1 1
+4 1
-4 1
+4 1
-4 1
+1 1
+3 1
-3 1
+3 1
-3 1
+1 1
+2 1
-2 1
+2 1
-2 1
+1 1
+1 1
-1 1
+1 1
-1 1
+1 6
cfi=(103)
cfn=(2356) MJD2Cal(double)
calls=1 243 
* 118717
* 3
cfi=(103)
cfn=(2374) timetag_T::operator=(timetag_T const&)
calls=1 +19 
* 18
+2 3
cob=(4)
cfi=(54)
cfn=(2380) __ceil_sse41
calls=1 -7 
* 2
cob=(1)
cfi=(49)
cfn=(200)
calls=1 -10 
* 874
* 5
* 1
+1 3
-1 1
+1 1
cfi=(117)
cfn=(2382) cel_ter_frameTx::cel_ter_frameTx(timetag_T const&, int const&)
calls=1 -22 
* 441429919
* 1
+2 2
-2 21
+2 1
cfn=(2430)
calls=1 +4 
* 364749
+1 6

fn=(2600) probeEphemVar::printECI()
107 2
fi=(173)
535 2
fe=(106)
107 1
+8 2
-1 2
-1 2
-1 2
-1 2
-1 2
-1 1
fi=(173)
535 1
fe=(106)
109 1
fi=(173)
535 1
cob=(7)
cfi=(75)
cfn=(1212)
calls=1 0 
* 231
* 1
233 5
cob=(7)
cfi=(75)
cfn=(1764) std::ostream& std::ostream::_M_insert<long double>(long double)
calls=1 0 
* 4317
* 1
* 1
565 1
fi=(172)
48 2
444 2
48 2
fi=(147)
867 3
fi=(173)
565 2
cob=(7)
cfi=(75)
cfn=(1854)
calls=1 0 
* 243
* 1
+22 2
cob=(7)
cfi=(75)
cfn=(1872)
calls=1 0 
* 71
* 1
-52 3
+52 1
-52 1
cob=(7)
cfi=(75)
cfn=(1212)
calls=1 0 
* 231
* 1
233 4
cob=(7)
cfi=(75)
cfn=(1764)
calls=1 0 
* 4230
* 1
* 1
565 1
fi=(172)
444 2
48 4
fi=(147)
867 3
fi=(173)
565 2
cob=(7)
cfi=(75)
cfn=(1854)
calls=1 0 
* 243
* 1
+22 2
cob=(7)
cfi=(75)
cfn=(1872)
calls=1 0 
* 71
* 1
-52 3
+52 1
-52 1
cob=(7)
cfi=(75)
cfn=(1212)
calls=1 0 
* 231
* 1
233 4
cob=(7)
cfi=(75)
cfn=(1764)
calls=1 0 
* 4347
* 1
* 1
565 1
fi=(172)
48 1
444 2
48 3
fi=(147)
867 3
fi=(173)
565 2
cob=(7)
cfi=(75)
cfn=(1854)
calls=1 0 
* 243
* 1
+22 2
cob=(7)
cfi=(75)
cfn=(1872)
calls=1 0 
* 71
* 1
-52 3
+52 1
-52 1
cob=(7)
cfi=(75)
cfn=(1212)
calls=1 0 
* 231
* 1
233 4
cob=(7)
cfi=(75)
cfn=(1764)
calls=1 0 
* 3058
* 1
* 1
565 1
fi=(172)
48 2
444 2
48 2
fi=(147)
867 3
fi=(173)
565 2
cob=(7)
cfi=(75)
cfn=(1854)
calls=1 0 
* 243
* 1
+22 2
cob=(7)
cfi=(75)
cfn=(1872)
calls=1 0 
* 71
* 1
-52 3
+52 1
-52 1
cob=(7)
cfi=(75)
cfn=(1212)
calls=1 0 
* 231
* 1
233 4
cob=(7)
cfi=(75)
cfn=(1764)
calls=1 0 
* 2828
* 1
* 1
565 1
fi=(172)
48 2
444 2
48 2
fi=(147)
867 3
fi=(173)
565 2
cob=(7)
cfi=(75)
cfn=(1854)
calls=1 0 
* 243
* 1
+22 2
cob=(7)
cfi=(75)
cfn=(1872)
calls=1 0 
* 71
* 1
-52 3
+52 1
-52 1
cob=(7)
cfi=(75)
cfn=(1212)
calls=1 0 
* 231
* 1
233 4
cob=(7)
cfi=(75)
cfn=(1764)
calls=1 0 
* 2828
* 1
* 1
565 1
fi=(172)
48 2
444 2
48 2
fi=(147)
867 3
fi=(173)
565 2
cob=(7)
cfi=(75)
cfn=(1854)
calls=1 0 
* 243
* 1
+22 2
cob=(7)
cfi=(75)
cfn=(1872)
calls=1 0 
* 71
* 1
-52 3
+52 1
-52 1
cob=(7)
cfi=(75)
cfn=(1212)
calls=1 0 
* 252
* 1
233 4
cob=(7)
cfi=(75)
cfn=(1764)
calls=1 0 
* 4365
* 1
* 1
565 1
fi=(172)
444 2
48 4
fi=(147)
867 3
fi=(173)
565 2
cob=(7)
cfi=(75)
cfn=(1854)
calls=1 0 
* 243
* 1
fe=(106)
117 1
fi=(173)
587 1
fe=(106)
117 2
fi=(173)
587 1
cob=(7)
cfi=(75)
cfn=(1872)
calls=1 0 
* 71
* 1
fe=(106)

fn=(1088) _GLOBAL__sub_I__ZN13probeEphemVarC2Ev
117 1
fi=(101)
-43 2
cob=(7)
cfi=(75)
cfn=(574)
calls=1 -74 
* 24
* 1
* 3
fe=(106)
+43 1
fi=(101)
-43 1
cob=(3)
cfi=(76)
cfn=(354)
calls=1 -17 
* 66
* 1
fe=(106)

fl=(116)
fn=(2160)
13 3
cfi=(103)
cfn=(1306) timetag_T::timetag_T()
calls=1 +2 
* 12
+4 1
+4 5
-4 1
+4 2
-3 1
+3 1
-2 1
-2 1
+1 1
+1 1
-2 1
+1 1
+1 1
-2 1
+1 1
+1 1
-2 1
+1 1
+1 1
-2 1
+1 1
+1 1
-2 1
+1 1
+1 1
-2 1
+1 1
+1 1
-2 1
+1 1
+3 1
-2 1
+2 1
-4 1
+1 1
+1 1
+4 2

fn=(2354)
59 21

fn=(1128) _GLOBAL__sub_I__ZN7planetsC2Ev
114 1
fi=(101)
-40 2
cob=(7)
cfi=(75)
cfn=(574)
calls=1 -74 
* 24
* 1
* 3
fe=(116)
+40 1
fi=(101)
-40 1
cob=(3)
cfi=(76)
cfn=(354)
calls=1 -17 
* 66
* 1
fe=(116)

fl=(117)
fn=(2390) populate_nutations_coefficient_array(double**)
834 8
fi=(172)
456 1
fe=(117)
834 3
fi=(172)
456 1
cob=(7)
cfi=(75)
cfn=(930)
calls=1 0 
* 88
* 1
fi=(142)
94 1
fi=(172)
456 1
fi=(142)
95 1
-1 1
fi=(172)
456 1
fi=(142)
95 1
fi=(172)
456 2
fi=(142)
94 1
fi=(172)
456 4
fi=(142)
94 3
+1 2
cob=(7)
cfi=(75)
cfn=(936)
calls=1 -95 
* 888
* 1
fi=(173)
-10 8
cob=(7)
cfi=(75)
cfn=(936)
calls=1 -85 
* 888
* 1
fi=(142)
821 2
fi=(143)
* 1
fi=(142)
* 2
fi=(143)
* 4
cob=(7)
cfi=(75)
cfn=(1326)
calls=1 0 
* 315
* 1
+2 4
cob=(7)
cfi=(75)
cfn=(936)
calls=1 0 
* 888
* 1
+69 4
cob=(7)
cfi=(75)
cfn=(1350)
calls=1 0 
* 951
* 1
* 1
+1 2
-1 1
fi=(142)
428 1
fi=(172)
+16 2
48 2
fi=(147)
867 3
fi=(142)
428 4
cob=(7)
cfi=(75)
cfn=(1444) std::istream::getline(char*, long, char)
calls=1 0 
* 69
* 1
* 2
fe=(117)
846 3
cob=(7)
cfi=(75)
cfn=(2232)
calls=1 0 
* 40
* 1
* 315
cob=(7)
cfi=(75)
cfn=(2232)
calls=105 0 
* 4200
* 105
fi=(142)
219 318
cob=(7)
cfi=(75)
cfn=(2238)
calls=106 0 
* 4240
* 106
fe=(117)
848 106
fi=(142)
219 106
fe=(117)
848 106
fi=(142)
219 106
cob=(7)
cfi=(75)
cfn=(2238)
calls=106 0 
* 4240
* 106
fe=(117)
849 106
fi=(142)
219 106
fe=(117)
849 106
fi=(142)
219 106
cob=(7)
cfi=(75)
cfn=(2238)
calls=106 0 
* 4240
* 106
fe=(117)
850 106
fi=(142)
219 106
fe=(117)
850 106
fi=(142)
219 106
cob=(7)
cfi=(75)
cfn=(2238)
calls=106 0 
* 4240
* 106
fe=(117)
851 106
fi=(142)
219 106
fe=(117)
851 106
fi=(142)
219 106
cob=(7)
cfi=(75)
cfn=(2238)
calls=106 0 
* 4240
* 106
fe=(117)
852 106
fi=(142)
219 106
fe=(117)
852 106
fi=(142)
219 106
cob=(7)
cfi=(75)
cfn=(2238)
calls=106 0 
* 4240
* 106
fe=(117)
853 106
fi=(142)
219 106
fe=(117)
853 106
fi=(142)
219 106
cob=(7)
cfi=(75)
cfn=(2238)
calls=106 0 
* 4240
* 106
fe=(117)
854 106
fi=(142)
219 106
fe=(117)
854 106
fi=(142)
219 106
cob=(7)
cfi=(75)
cfn=(2238)
calls=106 0 
* 4240
* 106
fe=(117)
855 106
fi=(142)
219 106
fe=(117)
855 106
fi=(142)
219 106
cob=(7)
cfi=(75)
cfn=(2238)
calls=106 0 
* 4240
* 106
* 106
fe=(117)
844 212
fi=(143)
+87 2
cob=(7)
cfi=(75)
cfn=(1920)
calls=1 0 
* 20
* 1
* 2
220 1
850 3
220 2
cob=(7)
cfi=(75)
cfn=(1920)
calls=1 0 
* 20
* 1
* 2
cob=(7)
cfi=(75)
cfn=(1982)
calls=1 0 
* 18
* 1
fi=(193)
-22 3
cob=(7)
cfi=(75)
cfn=(954)
calls=1 0 
* 12
* 1
fi=(142)
827 2
fi=(172)
276 1
fi=(173)
93 1
fi=(142)
827 1
fi=(173)
93 3
fi=(142)
+11 3
fi=(172)
276 2
cob=(7)
cfi=(75)
cfn=(1902)
calls=1 0 
* 53
* 1
fe=(117)
860 11
fi=(143)
+72 3
fi=(280) /usr/include/c++/4.9/bits/ios_base.h
158 2
fi=(172)
-6 1
cob=(7)
cfi=(75)
cfn=(1416)
calls=1 0 
* 6
* 1
* 1
fi=(143)
893 1
fi=(280)
158 2
fi=(172)
-6 1
cob=(7)
cfi=(75)
cfn=(1416)
calls=1 0 
* 6
* 1
* 1
fe=(117)

fn=(2864) cel_ter_frameTx::mem_dealloc()
91 2
+1 3
cfi=(113)
cfn=(2426)
calls=1 +2 
* 10844
+1 4
cfi=(113)
cfn=(2426)
calls=1 +1 
* 508
+1 4
cfi=(113)
cfn=(2426)
calls=1 * 
* 516
+1 4
cfi=(113)
cfn=(2426)
calls=1 -1 
* 516
+1 4
cfi=(113)
cfn=(2426)
calls=1 -2 
* 516
+1 4
cfi=(113)
cfn=(2426)
calls=1 -3 
* 516
+1 4
cfi=(113)
cfn=(2426)
calls=1 -4 
* 516
+1 3
cfi=(113)
cfn=(2426)
calls=1 -5 
* 415
+1 2
+1 1
-1 1
cfi=(113)
cfn=(2426)
calls=1 -6 
* 415

fn=(1132) _GLOBAL__sub_I__ZN15cel_ter_frameTxC2Ev
2418 1
fi=(101)
74 2
cob=(7)
cfi=(75)
cfn=(574)
calls=1 -74 
* 24
* 1
* 3
fe=(117)
2418 1
fi=(101)
74 1
cob=(3)
cfi=(76)
cfn=(354)
calls=1 -17 
* 66
* 1
fe=(117)

fn=(2382)
23 7
+4 2
cfi=(103)
cfn=(1306)
calls=1 -12 
* 12
+1 3
cfi=(103)
cfn=(1744)
calls=1 -2 
* 15
* 3
cfi=(103)
cfn=(2384) timetag_T::set_timetag(timetag_T)
calls=1 +9 
* 15
+1 1
+1 1
-1 1
+1 1
cfi=(103)
cfn=(1306)
calls=1 -15 
* 12
* 2
cfi=(103)
cfn=(1306)
calls=1 -15 
* 12
+1 5
cfi=(103)
cfn=(2356)
calls=1 243 
* 116953
* 3
cfi=(103)
cfn=(2374)
calls=1 +30 
* 18
+2 5
cfi=(103)
cfn=(2356)
calls=1 243 
* 116953
* 3
cfi=(103)
cfn=(2374)
calls=1 +28 
* 18
+1 1
+1 6
cfi=(103)
cfn=(1744)
calls=1 -9 
* 15
* 6
cfi=(103)
cfn=(2386) step_UTC(timetag_T, long double)
calls=1 558 
* 801
* 5
cfi=(103)
cfn=(2374)
calls=1 +26 
* 18
+14 3
+3 1
-3 6
+1 5
+2 1
cfn=(2388) cel_ter_frameTx::mem_alloc()
calls=1 +22 
* 36033
+3 2
cfn=(2390)
calls=1 834 
* 52167
+8 12
cfn=(2406) populate_IERS_coefficient_tables2(int, int, int, double**, double**, double**, double**, double**, double**)
calls=1 1025 
* 441106786
+7 1
+1 5

fn=(2436) RAY(timetag_T)
1378 421203
+12 280802
cfi=(103)
cfn=(1744)
calls=140401 26 
* 2106015
* 280802
cfi=(103)
cfn=(1746) JulianDate(timetag_T)
calls=140401 207 
* 6809466
* 140401
+3 140401
-2 280802
+2 982807
cob=(4)
cfi=(216) /build/buildd/eglibc-2.19/math/w_pow.c
cfn=(2442) pow
calls=140401 26 
* 43136213
cob=(1)
cfi=(49)
cfn=(200)
calls=1 34 
* 879
* 140405
* 561604
cob=(4)
cfi=(216)
cfn=(2442)
calls=140401 26 
* 43346442
* 140401
* 140401
+2 140401
-1 140401
-1 702005
+1 140401
-1 982807
+2 421203
-1 140401
+1 280802
cob=(4)
cfi=(220) /build/buildd/eglibc-2.19/math/w_fmodl.c
cfn=(2458) fmodl
calls=140401 25 
* 6177644
cob=(1)
cfi=(49)
cfn=(200)
calls=1 34 
* 874
* 140405
* 140401
+2 561604
cob=(4)
cfi=(216)
cfn=(2442)
calls=140401 26 
* 43136213
* 140401
* 561604
cob=(4)
cfi=(216)
cfn=(2442)
calls=140401 26 
* 43344123
* 140401
+2 280802
-2 140401
+2 140401
-2 140401
+1 140401
-1 140401
+1 140401
-1 140401
+1 280802
-1 280802
+1 140401
+1 140401
-1 140401
+1 280802
cob=(4)
cfi=(220)
cfn=(2458)
calls=140401 25 
* 6177644
* 140401
* 140401
+2 561604
cob=(4)
cfi=(216)
cfn=(2442)
calls=140401 26 
* 43136213
* 140401
* 561604
cob=(4)
cfi=(216)
cfn=(2442)
calls=140401 26 
* 43344123
* 140401
* 140401
+2 140401
-2 280802
+1 140401
-1 140401
+1 421203
-1 280802
+1 140401
+1 421203
-1 140401
+1 280802
cob=(4)
cfi=(220)
cfn=(2458)
calls=140401 25 
* 6177644
* 140401
* 140401
+2 561604
cob=(4)
cfi=(216)
cfn=(2442)
calls=140401 26 
* 43136213
* 140401
* 561604
cob=(4)
cfi=(216)
cfn=(2442)
calls=140401 26 
* 43344123
* 140401
+1 140401
+1 140401
-2 421203
+1 421203
-1 421203
+1 140401
+1 421203
-1 140401
+1 280802
cob=(4)
cfi=(220)
cfn=(2458)
calls=140401 25 
* 6177644
* 140401
* 140401
+2 561604
cob=(4)
cfi=(216)
cfn=(2442)
calls=140401 26 
* 43136213
* 140401
* 561604
cob=(4)
cfi=(216)
cfn=(2442)
calls=140401 26 
* 43344123
* 140401
* 140401
+2 140401
-1 140401
-1 280802
+1 421203
-1 561604
+1 140401
+1 421203
-1 140401
+1 280802
cob=(4)
cfi=(220)
cfn=(2458)
calls=140401 25 
* 6177644
* 140401
* 140401
+3 561604
cob=(4)
cfi=(216)
cfn=(2442)
calls=140401 26 
* 43344123
* 140401
-1 140401
+4 140401
-3 421203
-1 140401
+1 140401
-1 280802
+1 702005
+2 1684812
+1 280802
-1 702005
+1 140401
-1 280802
+1 561604
cob=(4)
cfi=(220)
cfn=(2458)
calls=140401 25 
* 6177644
* 140401
* 1123208
cob=(4)
cfi=(223) /build/buildd/eglibc-2.19/math/../sysdeps/ieee754/ldbl-96/s_sincosl.c
cfn=(2468) sincosl
calls=140401 27 
* 135772311
cob=(1)
cfi=(49)
cfn=(200)
calls=1 34 
* 904
* 140405
+3 702005
-1 982807
+1 421203
-1 842406
+1 561604
cob=(4)
cfi=(220)
cfn=(2458)
calls=140401 25 
* 6177644
* 140401
* 982807
cob=(4)
cfi=(223)
cfn=(2468)
calls=140401 27 
* 130628808
* 140401
+3 702005
-1 702005
+1 280802
-1 561604
+1 140401
-1 421203
+1 561604
cob=(4)
cfi=(220)
cfn=(2458)
calls=140401 25 
* 6177644
* 140401
* 982807
cob=(4)
cfi=(223)
cfn=(2468)
calls=140401 27 
* 134724220
* 140401
+2 2106015
cob=(4)
cfi=(220)
cfn=(2458)
calls=140401 25 
* 6177644
* 140401
+1 982807
cob=(4)
cfi=(223)
cfn=(2468)
calls=140401 27 
* 166293728
* 140401
+3 702005
-1 140401
+1 280802
-1 702005
+1 140401
-1 421203
+1 561604
cob=(4)
cfi=(220)
cfn=(2458)
calls=140401 25 
* 6177644
* 140401
* 702005
cob=(4)
cfi=(223)
cfn=(2468)
calls=140401 27 
* 152487491
* 140401
+3 982807
-1 280802
+1 140401
-1 421203
+1 561604
cob=(4)
cfi=(220)
cfn=(2458)
calls=140401 25 
* 6177644
* 140401
* 702005
cob=(4)
cfi=(223)
cfn=(2468)
calls=140401 27 
* 152717826
* 140401
+3 2386817
cob=(4)
cfi=(220)
cfn=(2458)
calls=140401 25 
* 6177644
* 140401
* 702005
cob=(4)
cfi=(223)
cfn=(2468)
calls=140401 27 
* 146347792
* 140401
+2 2106015
cob=(4)
cfi=(220)
cfn=(2458)
calls=140401 25 
* 6177644
* 140401
* 702005
cob=(4)
cfi=(223)
cfn=(2468)
calls=140401 27 
* 146446144
* 140401
+33 140401
-31 702005
+1 1123208
+1 1123208
+1 1123208
+1 842406
+1 842406
+1 842406
+1 1263609
+1 140401
+17 280802
-17 140401
+17 140401
-17 421203
+1 982807
+1 842406
+1 982807
+1 982807
+1 982807
+1 1123208
+1 1263609
+1 140401
+10 280802
-10 561604
+1 842406
+1 842406
+1 842406
+1 842406
+1 842406
+1 702005
+1 1123208
+4 280802
+4 421203

fn=(2158)
18 1

fn=(2388)
74 1
+2 1
-2 1
+2 4
cfi=(113)
cfn=(2298)
calls=1 -48 
* 1283
+1 5
cfi=(113)
cfn=(2298)
calls=1 -49 
* 1491
+1 5
cfi=(113)
cfn=(2298)
calls=1 -50 
* 1211
+1 5
cfi=(113)
cfn=(2298)
calls=1 -51 
* 1211
+1 5
cfi=(113)
cfn=(2298)
calls=1 -52 
* 1211
+1 5
cfi=(113)
cfn=(2298)
calls=1 -53 
* 1215
+1 4
cfi=(113)
cfn=(2298)
calls=1 -54 
* 972
+1 4
cfi=(113)
cfn=(2298)
calls=1 -55 
* 972
+3 3
+1 1
-1 1
cfi=(113)
cfn=(2298)
calls=1 -58 
* 26422

fn=(2434)
105 1123208
+1 280802
cfi=(103)
cfn=(1306)
calls=140401 -91 
* 1684812
* 280802
cfi=(103)
cfn=(1306)
calls=140401 -91 
* 1684812
+31 280802
-11 140401
+11 140401
cfi=(103)
cfn=(1744)
calls=140401 26 
* 2106015
* 421203
cfn=(2436)
calls=140401 1378 
* 1812388148
+4 561604
cfi=(113)
cfn=(2298)
calls=140401 28 
* 82556172
+1 561604
cfi=(113)
cfn=(2298)
calls=140401 28 
* 82556172
+1 561604
cfi=(113)
cfn=(2298)
calls=140401 28 
* 82556172
+1 561604
cfi=(113)
cfn=(2298)
calls=140401 28 
* 82556172
+1 561604
cfi=(113)
cfn=(2298)
calls=140401 28 
* 82556172
+3 561604
cfi=(113)
cfn=(2298)
calls=140401 28 
* 82556511
+1 561604
cfi=(113)
cfn=(2298)
calls=140401 28 
* 82556476
+1 561604
cfi=(113)
cfn=(2298)
calls=140401 28 
* 82556476
+1 561604
cfi=(113)
cfn=(2298)
calls=140401 28 
* 82556476
+8 421203
cfi=(103)
cfn=(2482) compute_TDT(timetag_T&)
calls=140401 453 
* 44309843
* 421203
cfi=(103)
cfn=(2374)
calls=140401 -98 
* 2527218
+2 421203
cfi=(103)
cfn=(1744)
calls=140401 26 
* 2106015
* 421203
cfi=(103)
cfn=(2484) compute_TDB(timetag_T)
calls=140401 480 
* 70222853
* 421203
cfi=(103)
cfn=(2374)
calls=140401 61 
* 2527218
+3 421203
cfi=(103)
cfn=(1744)
calls=140401 26 
* 2106015
* 280802
cfi=(103)
cfn=(1746)
calls=140401 +43 
* 6809380
+3 421203
cfi=(103)
cfn=(2494) JulianCentury(long double)
calls=140401 339 
* 842406
* 421203
426 140401
167 140401
425 140401
+1 140401
+1 140401
-2 140401
-48 140401
+49 140401
-49 140401
+49 140401
+1 140401
-50 140401
+50 702005
cob=(4)
cfi=(230)
cfn=(2500)
calls=140401 27 
* 24677089
cob=(1)
cfi=(49)
cfn=(200)
calls=1 34 
* 889
* 140405
-25 140401
180 140401
402 1544411
+1 702005
180 280802
cob=(4)
cfi=(230)
cfn=(2500)
calls=140401 27 
* 25106483
* 140401
1353 421203
+3 140401
-16 140401
181 140401
1354 140401
+2 140401
-3 140401
+2 280802
+6 280802
-23 140401
+2 140401
+16 140401
+1 140401
+2 140401
-1 140401
-1 140401
-16 140401
+20 140401
-2 140401
+1 140401
-22 280802
+1 140401
+1 140401
+1 140401
+2 140401
-1 140401
+2 561604
+1 140401
182 140401
1346 140401
378 140401
1346 140401
378 421203
+1 140401
-1 280802
+1 702005
182 280802
cob=(4)
cfi=(230)
cfn=(2500)
calls=140401 27 
* 25112877
* 140401
1353 421203
+3 140401
+5 140401
184 140401
1354 140401
+2 140401
-3 140401
+2 140401
184 421203
1356 140401
+1 140401
+2 140401
-1 140401
-1 140401
184 140401
1359 140401
+2 140401
-1 140401
184 561604
cfi=(113)
cfn=(2424) mmult(double**, int, int, double**, int, double**)
calls=140401 335 
* 48999949
+1 982807
cfi=(113)
cfn=(2424)
calls=140401 335 
* 48999949
+5 842406
cfn=(2510) compute_nutations(double, double**, double&)
calls=140401 457 
* 1775791848
+13 140401
-13 561604
+13 140401
-13 280802
+13 140401
+20 842406
cob=(4)
cfi=(230)
cfn=(2500)
calls=140401 27 
* 31041404
* 140401
+19 1544411
cob=(4)
cfi=(230)
cfn=(2500)
calls=140401 27 
* 31940121
* 140401
1323 421203
+6 280802
243 140401
1323 140401
+1 140401
+1 140401
+1 421203
+2 140401
-2 140401
+1 140401
+2 140401
+1 421203
+1 280802
243 421203
cob=(4)
cfi=(230)
cfn=(2500)
calls=140401 27 
* 24833458
* 140401
1353 421203
+3 140401
+5 140401
246 140401
1354 140401
+2 140401
-3 140401
+2 140401
246 140401
1328 140401
246 140401
1327 140401
246 140401
1356 140401
+1 140401
+1 140401
+1 140401
-2 140401
244 140401
1361 140401
-2 140401
+1 140401
-37 280802
+2 140401
-1 140401
+2 140401
+3 140401
-1 140401
-2 140401
+1 140401
+2 140401
+1 421203
+1 140401
246 140401
1331 140401
246 280802
cfi=(113)
cfn=(2424)
calls=140401 +89 
* 48999949
+1 982807
cfi=(113)
cfn=(2424)
calls=140401 +88 
* 48999949
+6 561604
+42 421203
cfi=(103)
cfn=(1744)
calls=140401 26 
* 2106015
1499 140401
+4 280802
-4 280802
+1 280802
+1 140401
+2 140401
cfi=(103)
cfn=(1744)
calls=140401 26 
* 2106015
* 280802
cfi=(103)
cfn=(1746)
calls=140401 207 
* 6739248
+1 421203
cfi=(103)
cfn=(2494)
calls=140401 339 
* 842406
* 140401
298 140401
1506 140401
-2 140401
298 140401
1506 280802
298 140401
1506 140401
+1 140401
-1 140401
+1 280802
+1 140401
-1 140401
+1 280802
+3 421203
+1 280802
1297 280802
1512 561604
298 140401
1299 140401
-8 140401
+8 800232
+2 126343
+1 252686
-1 126343
-2 252686
+2 14023
+1 28046
-1 14023
-2 280732
+8 126343
303 252686
1307 758058
301 252686
+2 126343
cfi=(103)
cfn=(1744)
calls=126343 26 
* 1895145
1307 14058
303 28116
1307 84348
301 28116
+2 14058
cfi=(103)
cfn=(1744)
calls=14058 26 
* 210870
1532 421203
cfi=(103)
cfn=(1744)
calls=140401 26 
* 2106015
* 280802
cfi=(103)
cfn=(1746)
calls=140401 207 
* 6809466
+1 421203
cfi=(103)
cfn=(2494)
calls=140401 339 
* 842406
* 140401
+8 140401
+2 140401
-2 140401
+2 140401
-2 140401
+2 140401
-10 140401
+3 140401
+7 140401
-2 140401
-5 280802
+1 280802
+6 140401
-5 140401
+5 280802
-5 140401
304 140401
1544 842406
+1 982807
304 140401
1546 140401
304 140401
1547 140401
304 140401
1568 140401
-21 140401
+21 421203
+10 421203
cob=(4)
cfi=(230)
cfn=(2500)
calls=140401 27 
* 42732194
* 140401
* 140401
305 280802
+8 140401
1356 140401
313 140401
1353 140401
+3 140401
313 140401
1356 140401
313 140401
1353 280802
+2 140401
-1 140401
+7 140401
-5 280802
+1 140401
+2 140401
-2 140401
+1 140401
313 140401
1361 140401
-2 140401
+1 140401
313 140401
cfi=(113)
cfn=(2424)
calls=140401 +22 
* 48999949
+1 982807
cfi=(113)
cfn=(2424)
calls=140401 +21 
* 48999949
+1 982807
cfi=(113)
cfn=(2424)
calls=140401 +20 
* 48999949
+5 280802
1605 280802
320 140401
1603 140401
320 140401
1603 140401
-6 140401
+8 659831
+2 126343
+1 252686
-1 126343
-2 252686
+2 14023
+1 28046
-1 14023
-2 280732
+6 126343
322 126343
+4 126343
+3 126343
+12 379029
-19 126343
+19 126343
-12 126343
+3 126343
-1 126343
-5 505372
+3 126343
+1 126343
-1 126343
+1 126343
+2 126343
-3 252686
+3 126343
+1 126343
+2 126343
-1 126343
-1 126343
+8 126343
-6 126343
+1 126343
+1 126343
+4 126343
cfi=(113)
cfn=(2424)
calls=126343 -6 
* 44093707
1611 14058
322 14058
+4 14058
+3 14058
+12 42174
-19 14058
+19 14058
-12 14058
+3 14058
-1 14058
-5 56232
+3 14058
+1 14058
-1 14058
+1 14058
+2 14058
-3 28116
+3 14058
+1 14058
+2 14058
-1 14058
-1 14058
+8 14058
-6 14058
+1 14058
+1 14058
+4 14058
cfi=(113)
cfn=(2424)
calls=14058 -6 
* 4906242
+1 982807
cfi=(113)
cfn=(2424)
calls=140401 -7 
* 48999949
+7 421203
cfi=(113)
cfn=(2426)
calls=140401 94 
* 57704811
+1 421203
cfi=(113)
cfn=(2426)
calls=140401 94 
* 58266415
+1 421203
cfi=(113)
cfn=(2426)
calls=140401 94 
* 58266415
+1 421203
cfi=(113)
cfn=(2426)
calls=140401 94 
* 58266415
+1 421203
cfi=(113)
cfn=(2426)
calls=140401 94 
* 58266415
+1 421203
cfi=(113)
cfn=(2426)
calls=140401 94 
* 58266415
+1 421203
cfi=(113)
cfn=(2426)
calls=140401 94 
* 58266415
+1 421203
cfi=(113)
cfn=(2426)
calls=140401 94 
* 58266415
+1 421203
cfi=(113)
cfn=(2426)
calls=140401 94 
* 58266415
+2 982807
225 421203
1297 140401
225 140401
1297 140401
-6 140401
+8 659831
+2 126343
+1 252686
-1 126343
-2 252686
+2 14023
+1 28046
-1 14023
-2 280732
+8 126343
226 126343
1307 884401
-10 252686
+2 252686
+8 14058
226 14058
1307 98406
-10 28116
+2 407145
+2 126343
+1 252686
-1 126343
-2 252686
+2 14023
+1 28046
-1 14023
-2 280732
+8 758058
232 126343
1307 126343
232 126343
-1 126343
+5 126343
+1 126343
-1 126343
+1 252686
1307 84348
232 14058
1307 14058
232 14058
-1 14058
+5 14058
+1 14058
-1 14058
+1 28116
1570 561604
cob=(4)
cfi=(229) /build/buildd/eglibc-2.19/math/../sysdeps/ieee754/dbl-64/s_sin.c
cfn=(2490) __sin_avx
calls=140401 284 
* 14743625
* 140401
* 140401
+1 140401
-1 140401
+1 140401
-1 421203
+1 140401
cob=(4)
cfi=(229)
cfn=(2490)
calls=140401 284 
* 14922512
* 140401
* 140401
+1 280802
-1 561604
+1 280802
cob=(4)
cfi=(229)
cfn=(2506) __cos_avx
calls=140401 513 
* 12624926
cob=(1)
cfi=(49)
cfn=(200)
calls=1 34 
* 890
* 140405
* 280802
+1 280802
256 421203
1297 140401
256 140401
1297 140401
-6 140401
+8 659831
+2 126343
+1 252686
-1 126343
-2 252686
+2 14023
+1 28046
-1 14023
-2 280732
+8 126343
257 126343
1307 884401
-10 252686
+2 252686
+8 14058
257 14058
1307 98406
-10 28116
+2 407145
+2 126343
+1 252686
-1 126343
-2 252686
+2 14023
+1 28046
-1 14023
-2 280732
+8 126343
260 126343
+7 126343
1307 631715
264 252686
1307 126343
267 252686
-6 126343
+8 126343
-1 126343
+5 126343
-6 126343
+3 126343
+3 126343
-3 126343
+1 126343
-6 126343
+7 379029
+1 126343
+1 126343
+1 252686
1307 14058
260 14058
+7 14058
1307 70290
264 28116
1307 14058
267 28116
-6 14058
+8 14058
-1 14058
+5 14058
-6 14058
+3 14058
+3 14058
-3 14058
+1 14058
-6 14058
+7 42174
+1 14058
+1 14058
+1 28116
1299 28116
1605 28116
1299 112464

fn=(2406)
1025 10
fi=(172)
456 1
fe=(117)
1025 10
fi=(172)
456 1
cob=(7)
cfi=(75)
cfn=(930)
calls=1 0 
* 88
* 1
fi=(142)
94 1
fi=(172)
456 1
fi=(142)
95 1
-1 1
fi=(172)
456 1
fi=(142)
95 1
fi=(172)
456 2
fi=(142)
94 2
fi=(172)
456 4
fi=(142)
94 1
+1 1
-1 1
+1 2
cob=(7)
cfi=(75)
cfn=(936)
calls=1 -95 
* 888
* 1
fi=(173)
-10 8
cob=(7)
cfi=(75)
cfn=(936)
calls=1 -85 
* 888
* 1
fi=(142)
821 2
fi=(143)
* 1
fi=(142)
* 2
fi=(143)
* 4
cob=(7)
cfi=(75)
cfn=(1326)
calls=1 0 
* 315
* 1
+2 4
cob=(7)
cfi=(75)
cfn=(936)
calls=1 0 
* 888
* 1
+69 4
cob=(7)
cfi=(75)
cfn=(1350)
calls=1 0 
* 829
* 1
* 1
+1 2
-1 1
+5 3
cob=(7)
cfi=(75)
cfn=(1416)
calls=1 0 
* 6
* 1
fe=(117)
1043 17
fi=(142)
428 56
cob=(7)
cfi=(75)
cfn=(1444)
calls=14 0 
* 2750
* 14
fe=(117)
1049 28
fi=(142)
428 14
fi=(172)
+16 28
48 28
fi=(147)
867 28
fi=(142)
219 3
cob=(7)
cfi=(75)
cfn=(2238)
calls=1 0 
* 1498
* 1
* 3
cob=(7)
cfi=(75)
cfn=(2238)
calls=1 0 
* 1126
* 1
* 3
cob=(7)
cfi=(75)
cfn=(2238)
calls=1 0 
* 1126
* 1
fe=(117)
1057 3
cob=(7)
cfi=(75)
cfn=(2232)
calls=1 0 
* 558
* 1
* 1
+6 61594
fi=(142)
219 46194
cob=(7)
cfi=(75)
cfn=(2238)
calls=15398 0 
* 31199301
* 15398
* 508134
cob=(7)
cfi=(75)
cfn=(2238)
calls=169378 0 
* 343001834
* 169378
fe=(117)
1066 369552
fi=(142)
219 46194
cob=(7)
cfi=(75)
cfn=(2238)
calls=15398 0 
* 20819170
* 15398
* 46194
cob=(7)
cfi=(75)
cfn=(2238)
calls=15398 0 
* 17613142
* 15398
* 46194
cob=(7)
cfi=(75)
cfn=(2238)
calls=15398 0 
* 18108791
* 15398
fe=(117)
1071 46194
cob=(7)
cfi=(75)
cfn=(2232)
calls=15398 0 
* 8593267
* 15398
+2 30796
+85 4
+2 3
-2 2
+2 5
cfn=(2416) compute_IERS_coefficients(double, double, double, double, double&, double&, double&)
calls=1 +90 
* 8930
+1 4
+2 8
cfn=(2416)
calls=1 +87 
* 6890
+1 3
+2 8
cfn=(2416)
calls=1 +84 
* 6794
+1 4
+2 8
cfn=(2416)
calls=1 +81 
* 6794
+1 4
+2 8
cfn=(2416)
calls=1 +78 
* 6794
+6 4
fi=(142)
219 1
fe=(117)
1178 3
fi=(142)
219 5
fe=(117)
1190 1
fi=(142)
219 2
fe=(117)
1190 11
fi=(142)
219 1
cob=(7)
cfi=(75)
cfn=(2238)
calls=1 0 
* 1352
* 1
fe=(117)
1190 2
fi=(142)
219 4
fe=(117)
1190 22
fi=(142)
219 2
cob=(7)
cfi=(75)
cfn=(2238)
calls=2 0 
* 2704
* 2
* 9
cob=(7)
cfi=(75)
cfn=(2238)
calls=3 0 
* 3378
* 3
* 9
cob=(7)
cfi=(75)
cfn=(2238)
calls=3 0 
* 3378
* 3
* 9
cob=(7)
cfi=(75)
cfn=(2238)
calls=3 0 
* 4347
* 3
* 9
cob=(7)
cfi=(75)
cfn=(2238)
calls=3 0 
* 6228
* 3
* 9
cob=(7)
cfi=(75)
cfn=(2238)
calls=3 0 
* 5949
* 3
* 9
cob=(7)
cfi=(75)
cfn=(2238)
calls=3 0 
* 6624
* 3
* 9
cob=(7)
cfi=(75)
cfn=(2238)
calls=3 0 
* 6635
* 3
* 3
fe=(117)
1201 9
+2 6
+1 4
fi=(142)
219 6
cob=(7)
cfi=(75)
cfn=(2238)
calls=2 0 
* 4150
* 2
* 3
cob=(7)
cfi=(75)
cfn=(2238)
calls=1 0 
* 2087
* 1
* 9
cob=(7)
cfi=(75)
cfn=(2238)
calls=3 0 
* 6210
* 3
* 9
cob=(7)
cfi=(75)
cfn=(2238)
calls=3 0 
* 6054
* 3
* 9
cob=(7)
cfi=(75)
cfn=(2238)
calls=3 0 
* 6042
* 3
* 9
cob=(7)
cfi=(75)
cfn=(2238)
calls=3 0 
* 6339
* 3
* 9
cob=(7)
cfi=(75)
cfn=(2238)
calls=3 0 
* 6408
* 3
* 9
cob=(7)
cfi=(75)
cfn=(2238)
calls=3 0 
* 5976
* 3
* 9
cob=(7)
cfi=(75)
cfn=(2238)
calls=3 0 
* 6066
* 3
fe=(117)
1212 15
+2 9
-2 6
+2 15
cfn=(2416)
calls=3 +36 
* 20382
+1 12
+2 24
cfn=(2416)
calls=3 +33 
* 20382
+1 9
+2 24
cfn=(2416)
calls=3 +30 
* 20382
+1 12
+2 24
cfn=(2416)
calls=3 +27 
* 20382
+1 12
+2 24
cfn=(2416)
calls=3 +24 
* 20382
* 3
-48 6
fi=(143)
931 2
cob=(7)
cfi=(75)
cfn=(1920)
calls=1 0 
* 672
* 1
* 2
220 1
850 3
220 2
cob=(7)
cfi=(75)
cfn=(1920)
calls=1 0 
* 20
* 1
* 2
cob=(7)
cfi=(75)
cfn=(1982)
calls=1 0 
* 18
* 1
fi=(193)
-22 3
cob=(7)
cfi=(75)
cfn=(954)
calls=1 0 
* 12
* 1
fi=(142)
827 2
fi=(172)
276 1
fi=(142)
827 2
fi=(173)
93 5
fi=(142)
+11 5
fi=(172)
276 2
cob=(7)
cfi=(75)
cfn=(1902)
calls=1 0 
* 53
* 1
fe=(117)
1235 11
1091 1
fi=(142)
219 2
fe=(117)
1091 2
fi=(142)
219 1
cob=(7)
cfi=(75)
cfn=(2238)
calls=1 0 
* 2070
* 1
* 3
cob=(7)
cfi=(75)
cfn=(2238)
calls=1 0 
* 1991
* 1
* 3
cob=(7)
cfi=(75)
cfn=(2238)
calls=1 0 
* 2204
* 1
* 3
cob=(7)
cfi=(75)
cfn=(2238)
calls=1 0 
* 2124
* 1
* 3
cob=(7)
cfi=(75)
cfn=(2238)
calls=1 0 
* 2087
* 1
* 3
cob=(7)
cfi=(75)
cfn=(2238)
calls=1 0 
* 2060
* 1
* 3
cob=(7)
cfi=(75)
cfn=(2238)
calls=1 0 
* 2010
* 1
* 3
cob=(7)
cfi=(75)
cfn=(2238)
calls=1 0 
* 2016
* 1
* 3
cob=(7)
cfi=(75)
cfn=(2238)
calls=1 0 
* 2067
* 1
* 3
cob=(7)
cfi=(75)
cfn=(2238)
calls=1 0 
* 2140
* 1
* 3
cob=(7)
cfi=(75)
cfn=(2238)
calls=1 0 
* 2023
* 1
* 3
cob=(7)
cfi=(75)
cfn=(2238)
calls=1 0 
* 2020
* 1
* 3
cob=(7)
cfi=(75)
cfn=(2238)
calls=1 0 
* 1352
* 1
* 3
cob=(7)
cfi=(75)
cfn=(2238)
calls=1 0 
* 1126
* 1
* 3
cob=(7)
cfi=(75)
cfn=(2238)
calls=1 0 
* 1197
* 1
fe=(117)
1106 3
cob=(7)
cfi=(75)
cfn=(2232)
calls=1 0 
* 558
* 1
+1 1
fi=(142)
219 2
fe=(117)
1107 2
fi=(142)
219 1
cob=(7)
cfi=(75)
cfn=(2238)
calls=1 0 
* 2064
* 1
* 3
cob=(7)
cfi=(75)
cfn=(2238)
calls=1 0 
* 1979
* 1
* 3
cob=(7)
cfi=(75)
cfn=(2238)
calls=1 0 
* 2216
* 1
fe=(117)
1113 1
fi=(142)
219 1
fe=(117)
1113 1
fi=(142)
219 1
cob=(7)
cfi=(75)
cfn=(2238)
calls=1 0 
* 2141
* 1
fe=(117)
1113 2
fi=(142)
219 2
fe=(117)
1113 1
fi=(142)
219 1
cob=(7)
cfi=(75)
cfn=(2238)
calls=1 0 
* 2075
* 1
* 3
cob=(7)
cfi=(75)
cfn=(2238)
calls=1 0 
* 2078
* 1
* 3
cob=(7)
cfi=(75)
cfn=(2238)
calls=1 0 
* 2022
* 1
* 3
cob=(7)
cfi=(75)
cfn=(2238)
calls=1 0 
* 2022
* 1
* 3
cob=(7)
cfi=(75)
cfn=(2238)
calls=1 0 
* 2128
* 1
* 3
cob=(7)
cfi=(75)
cfn=(2238)
calls=1 0 
* 2128
* 1
* 3
cob=(7)
cfi=(75)
cfn=(2238)
calls=1 0 
* 2023
* 1
* 3
cob=(7)
cfi=(75)
cfn=(2238)
calls=1 0 
* 2014
* 1
* 3
cob=(7)
cfi=(75)
cfn=(2238)
calls=1 0 
* 1352
* 1
* 3
cob=(7)
cfi=(75)
cfn=(2238)
calls=1 0 
* 1126
* 1
* 3
cob=(7)
cfi=(75)
cfn=(2238)
calls=1 0 
* 1126
* 1
fe=(117)
1132 3
cob=(7)
cfi=(75)
cfn=(2232)
calls=1 0 
* 558
* 1
+1 1
fi=(142)
219 2
fe=(117)
1133 2
fi=(142)
219 1
cob=(7)
cfi=(75)
cfn=(2238)
calls=1 0 
* 2076
* 1
* 3
cob=(7)
cfi=(75)
cfn=(2238)
calls=1 0 
* 1973
* 1
* 3
cob=(7)
cfi=(75)
cfn=(2238)
calls=1 0 
* 2204
* 1
fe=(117)
1140 1
fi=(142)
219 1
fe=(117)
1140 1
fi=(142)
219 1
cob=(7)
cfi=(75)
cfn=(2238)
calls=1 0 
* 2247
* 1
fe=(117)
1140 2
fi=(142)
219 2
fe=(117)
1140 1
fi=(142)
219 1
cob=(7)
cfi=(75)
cfn=(2238)
calls=1 0 
* 2087
* 1
* 3
cob=(7)
cfi=(75)
cfn=(2238)
calls=1 0 
* 2078
* 1
* 3
cob=(7)
cfi=(75)
cfn=(2238)
calls=1 0 
* 2010
* 1
* 3
cob=(7)
cfi=(75)
cfn=(2238)
calls=1 0 
* 2010
* 1
* 3
cob=(7)
cfi=(75)
cfn=(2238)
calls=1 0 
* 2069
* 1
* 3
cob=(7)
cfi=(75)
cfn=(2238)
calls=1 0 
* 2128
* 1
* 3
cob=(7)
cfi=(75)
cfn=(2238)
calls=1 0 
* 2017
* 1
* 3
cob=(7)
cfi=(75)
cfn=(2238)
calls=1 0 
* 2026
* 1
* 1
fe=(117)

fn=(2510)
457 842406
+22 280802
-22 280802
+26 140401
-4 140401
+1 140401
+3 280802
+5 140401
-8 140401
+3 140401
+1 140401
+4 140401
-4 140401
+12 140401
+11 140401
-19 140401
-4 280802
+23 140401
-23 280802
+9 280802
-9 140401
+5 842406
+3 421203
+1 561604
+3 421203
+1 702005
+2 280802
-2 140401
+6 280802
-4 140401
+1 140401
+3 140401
-3 561604
+5 280802
-5 140401
+4 140401
+1 140401
-1 842406
+2 982807
+1 140401
+1 140401
-1 140401
+1 421203
+8 140401
-8 140401
+3 140401
+5 140401
-5 140401
+5 140401
-5 140401
+1 842406
+1 421203
+1 842406
+1 421203
+1 982807
+11 421203
+10 2386817
cob=(4)
cfi=(230)
cfn=(2500)
calls=140401 27 
* 11512882
* 140401
-10 44226315
+10 250615785
cob=(4)
cfi=(230)
cfn=(2500)
calls=14742105 27 
* 1208852610
* 14742105
+1 14882506
-14 14882506
+14 89295036
+1 89295036
-15 14882506
+20 140401
+8 140401
-8 140401
+2 140401
-2 140401
+2 421203
-1 280802
+2 421203
+5 842406

fn=(2518)
2283 1263609
+1 140401
cfi=(105)
cfn=(2156)
calls=140401 10 
* 4212030
+4 561604
cfi=(113)
cfn=(2298)
calls=140401 28 
* 82976991
+1 561604
cfi=(113)
cfn=(2298)
calls=140401 28 
* 82976991
+1 561604
cfi=(113)
cfn=(2298)
calls=140401 28 
* 82976991
+3 421203
cfi=(103)
cfn=(2374)
calls=140401 61 
* 2527218
+2 280802
+8 561604
-8 280802
+1 421203
+1 421203
+1 561604
+1 140401
+1 140401
-1 280802
+1 280802
+3 280802
cfi=(113)
cfn=(2424)
calls=140401 335 
* 20358145
+3 140401
+7 702005
-7 280802
+1 140401
-1 140401
+1 140401
+1 140401
-1 140401
+1 280802
+5 140401
cfi=(113)
cfn=(2424)
calls=140401 335 
* 20358145
+2 140401
+4 702005
-4 280802
+1 140401
-1 140401
+1 140401
+1 140401
-1 140401
+1 280802
+2 140401
cfi=(113)
cfn=(2424)
calls=140401 335 
* 20358145
+2 280802
+7 280802
-7 280802
+1 140401
+1 140401
-2 140401
+1 421203
+1 421203
+5 140401
cfi=(113)
cfn=(2426)
calls=140401 94 
* 58266415
+1 421203
cfi=(113)
cfn=(2426)
calls=140401 94 
* 58266415
+1 421203
cfi=(113)
cfn=(2426)
calls=140401 94 
* 58266415
+3 982807

fn=(2416)
1250 120
+5 40
-5 20
+5 20
-5 80
+5 20
cfi=(113)
cfn=(2298)
calls=20 28 
* 12056
+1 80
cfi=(113)
cfn=(2298)
calls=20 28 
* 12260
+1 80
cfi=(113)
cfn=(2298)
calls=20 28 
* 12204
+1 80
cfi=(113)
cfn=(2298)
calls=20 28 
* 12204
+2 20
+3 20
-3 20
+11 20
-11 20
+3 40
-3 20
+7 20
-4 60
-2 20
+3 20
-1 20
+1 20
-3 20
+3 20
+4 20
-4 60
+1 60
+4 20
-4 60
+2 60
+1 40
+1 40
+2 40
cfi=(113)
cfn=(2418) invert(double**, int, double**)
calls=20 283 
* 51312
+1 140
cfi=(113)
cfn=(2424)
calls=20 335 
* 2900
+2 20
+4 40
-4 40
+1 20
+1 20
-2 20
+1 40
+1 40
+2 20
cfi=(113)
cfn=(2426)
calls=20 94 
* 8300
+1 60
cfi=(113)
cfn=(2426)
calls=20 94 
* 8296
+1 60
cfi=(113)
cfn=(2426)
calls=20 94 
* 8300
+1 60
cfi=(113)
cfn=(2426)
calls=20 94 
* 8300
+3 100

fl=(111) /home/david/sgnlops/src/rso.cpp
fn=(2750) rso::computeAcceleration()
198 280800
+14 140400
-14 280800
+10 140400
-8 280800
+1 280800
+1 280800
+2 280800
+1 280800
+1 280800
+2 140400
+2 280800
+26 280800
+8 280800
+8 421200
cfi=(119) /home/david/sgnlops/src/earthGravity2.cpp
cfn=(2800) earthGravity2::computeAcceleration(probeEphemVar&)
calls=140400 759 
* 2646820800
-73 140400
+74 140400
-74 140400
+1 140400
+1 140400
+72 280800
+1 421200
+1 421200
-76 280800
+1 421200
+1 842400
+2 280800
+1 421200
+1 982800
+2 280800
+1 421200
+1 702000
+2 421200
+1 280800
+1 140400
+66 561600
-21 421200
cfi=(120) /home/david/sgnlops/src/tbGravity.cpp
cfn=(2798) tbGravity::computeAcceleration(probeEphemVar&)
calls=140400 106 
* 56160000
+1 561600
+1 561600
+1 702000
-13 421200
cfi=(121)
cfn=(2758)
calls=140400 597 
* 261344603
+1 561600
+1 561600
+1 702000
-19 421200
cfi=(124)
cfn=(2752)
calls=140400 26 
* 8002800
+1 140400
+5 140400
-5 421200
+1 561600
+1 561600
+3 140400
+2 421200
cfi=(122) /home/david/sgnlops/src/trr.cpp
cfn=(2754) trr::computeAcceleration(probeEphemVar&)
calls=140400 -59 
* 1285642800
+6 140400
-5 561600
+1 561600
+1 561600
+3 280800

fn=(2590) rso::printProperties()
274 2
fi=(173)
535 1
fe=(111)
274 1
fi=(173)
535 1
fe=(111)
274 1
+6 1
+1 2
-1 1
-1 2
-1 2
-1 1
fi=(173)
535 1
fe=(111)
277 1
fi=(173)
535 1
cob=(7)
cfi=(75)
cfn=(1212)
calls=1 0 
* 245
* 1
fi=(139)
2777 1
293 1
2777 2
cob=(7)
cfi=(75)
cfn=(1212)
calls=1 0 
* 245
* 1
* 1
fi=(173)
565 1
fi=(172)
444 2
48 2
fi=(147)
867 3
fi=(173)
565 2
cob=(7)
cfi=(75)
cfn=(1854)
calls=1 0 
* 243
* 1
+22 2
cob=(7)
cfi=(75)
cfn=(1872)
calls=1 0 
* 71
* 1
-52 3
+52 1
-52 1
cob=(7)
cfi=(75)
cfn=(1212)
calls=1 0 
* 254
* 1
233 4
cob=(7)
cfi=(75)
cfn=(1764)
calls=1 0 
* 2800
* 1
535 2
233 1
535 4
cob=(7)
cfi=(75)
cfn=(1212)
calls=1 0 
* 230
* 1
+30 1
fi=(172)
444 2
48 2
fi=(147)
867 3
fi=(173)
565 2
cob=(7)
cfi=(75)
cfn=(1854)
calls=1 0 
* 243
* 1
+22 2
cob=(7)
cfi=(75)
cfn=(1872)
calls=1 0 
* 71
* 1
-52 3
+52 1
-52 1
cob=(7)
cfi=(75)
cfn=(1212)
calls=1 0 
* 254
* 1
233 4
cob=(7)
cfi=(75)
cfn=(1764)
calls=1 0 
* 4173
* 1
535 2
233 1
535 4
cob=(7)
cfi=(75)
cfn=(1212)
calls=1 0 
* 231
* 1
+30 1
fi=(172)
444 2
48 2
fi=(147)
867 3
fi=(173)
565 2
cob=(7)
cfi=(75)
cfn=(1854)
calls=1 0 
* 243
* 1
+22 2
cob=(7)
cfi=(75)
cfn=(1872)
calls=1 0 
* 71
* 1
-52 3
+52 1
-52 1
cob=(7)
cfi=(75)
cfn=(1212)
calls=1 0 
* 299
* 1
233 4
cob=(7)
cfi=(75)
cfn=(1764)
calls=1 0 
* 2555
* 1
* 1
565 1
fi=(172)
48 2
444 2
48 2
fi=(147)
867 3
fi=(173)
565 2
cob=(7)
cfi=(75)
cfn=(1854)
calls=1 0 
* 243
* 1
+22 2
cob=(7)
cfi=(75)
cfn=(1872)
calls=1 0 
* 71
* 1
-52 3
+52 1
-52 1
cob=(7)
cfi=(75)
cfn=(1212)
calls=1 0 
* 290
* 1
233 4
cob=(7)
cfi=(75)
cfn=(1764)
calls=1 0 
* 3078
* 1
* 1
565 1
fi=(172)
444 2
48 4
fi=(147)
867 3
fi=(173)
565 2
cob=(7)
cfi=(75)
cfn=(1854)
calls=1 0 
* 243
* 1
+22 2
cob=(7)
cfi=(75)
cfn=(1872)
calls=1 0 
* 71
* 1
-52 3
+52 1
-52 1
cob=(7)
cfi=(75)
cfn=(1212)
calls=1 0 
* 319
* 1
221 3
cob=(7)
cfi=(75)
cfn=(2012)
calls=1 0 
* 3879
* 1
* 1
565 1
fi=(172)
444 2
48 2
fi=(147)
867 3
fi=(173)
565 2
cob=(7)
cfi=(75)
cfn=(1854)
calls=1 0 
* 243
* 1
fe=(111)
283 1
fi=(173)
587 1
fe=(111)
283 2
fi=(173)
587 1
cob=(7)
cfi=(75)
cfn=(1872)
calls=1 0 
* 71
* 1
fe=(111)

fn=(2862) rso::deallocateMemory()
261 2
+2 2
cfi=(117)
cfn=(2864)
calls=1 91 
* 14798
+2 2
+1 2
cfi=(121)
cfn=(2866)
calls=1 +54 
* 97617
+3 1
+2 1
-2 1
cfi=(119)
cfn=(2872) earthGravity2::deallocateMemory()
calls=1 55 
* 16845

fn=(1108) _GLOBAL__sub_I__ZN3rsoC2Ev
467 1
fi=(101)
74 2
cob=(7)
cfi=(75)
cfn=(574)
calls=1 -74 
* 24
* 1
* 3
fe=(111)
467 1
fi=(101)
74 1
cob=(3)
cfi=(76)
cfn=(354)
calls=1 -17 
* 66
* 1
fe=(111)

fn=(2128) rso::rso()
12 6
fi=(139)
275 1
fe=(111)
12 1
cfi=(121)
cfn=(2130)
calls=1 +3 
* 4
* 2
cfi=(119)
cfn=(2132) earthGravity2::earthGravity2()
calls=1 +12 
* 9
* 2
cfi=(207)
cfn=(2134) drag::drag()
calls=1 +75 
* 7
* 2
cfi=(124)
cfn=(2136)
calls=1 * 
* 2
* 2
cfi=(122)
cfn=(2138) trr::trr()
calls=1 -1 
* 11
* 2
cfi=(121)
cfn=(2140)
calls=1 +3 
* 7
* 2
cfi=(120)
cfn=(2142) tbGravity::tbGravity()
calls=1 +1 
* 2
* 3
cfi=(106)
cfn=(2144)
calls=1 +4 
* 265
+3 1
+6 1
fi=(139)
1149 2
fe=(111)
15 1
+1 2
+1 2
+1 2
+1 2
fi=(139)
1149 1
cob=(7)
cfi=(75)
cfn=(1268)
calls=1 0 
* 81
cob=(1)
cfi=(49)
cfn=(200)
calls=1 34 
* 931
* 5
fe=(111)
23 3
+1 2
+1 2
+2 2
+1 2
+1 1
+1 5

fn=(2606) rso::printSwitches()
286 6
+7 1
-7 1
+7 1
+2 1
-1 1
-2 1
+1 5
-5 1
fi=(173)
535 1
fe=(111)
289 1
fi=(173)
535 3
cob=(7)
cfi=(75)
cfn=(1212)
calls=1 0 
* 379
* 1
175 3
cob=(7)
cfi=(75)
cfn=(2044) std::ostream& std::ostream::_M_insert<bool>(bool)
calls=1 0 
* 394
* 1
* 1
565 1
fi=(172)
444 2
48 2
fi=(147)
867 3
fi=(173)
565 2
cob=(7)
cfi=(75)
cfn=(1854)
calls=1 0 
* 243
* 1
+22 2
cob=(7)
cfi=(75)
cfn=(1872)
calls=1 0 
* 71
* 1
-52 1
+52 1
-52 3
cob=(7)
cfi=(75)
cfn=(1212)
calls=1 0 
* 379
* 1
175 3
cob=(7)
cfi=(75)
cfn=(2044)
calls=1 0 
* 397
* 1
* 1
565 1
fi=(172)
444 2
48 2
fi=(147)
867 3
fi=(173)
565 2
cob=(7)
cfi=(75)
cfn=(1854)
calls=1 0 
* 243
* 1
+22 2
cob=(7)
cfi=(75)
cfn=(1872)
calls=1 0 
* 71
* 1
-52 1
+52 1
-52 3
cob=(7)
cfi=(75)
cfn=(1212)
calls=1 0 
* 379
* 1
fe=(111)
290 3
cob=(7)
cfi=(75)
cfn=(2052) std::ostream::operator<<(short)
calls=1 0 
* 374
* 1
fi=(199) /usr/include/c++/4.9/bits/char_traits.h
-27 1
fe=(111)
+27 1
fi=(199)
-27 1
cob=(3)
cfi=(97)
cfn=(730)
calls=1 66 
* 16
* 1
fi=(173)
535 4
cob=(7)
cfi=(75)
cfn=(1212)
calls=1 0 
* 276
* 1
+30 1
fi=(172)
444 2
48 2
fi=(147)
867 3
fi=(173)
565 2
cob=(7)
cfi=(75)
cfn=(1854)
calls=1 0 
* 243
* 1
+22 2
cob=(7)
cfi=(75)
cfn=(1872)
calls=1 0 
* 71
* 1
-52 1
+52 1
-52 3
cob=(7)
cfi=(75)
cfn=(1212)
calls=1 0 
* 379
* 1
175 3
cob=(7)
cfi=(75)
cfn=(2044)
calls=1 0 
* 394
* 1
* 1
565 1
fi=(172)
444 2
48 2
fi=(147)
867 3
fi=(173)
565 2
cob=(7)
cfi=(75)
cfn=(1854)
calls=1 0 
* 243
* 1
+22 2
cob=(7)
cfi=(75)
cfn=(1872)
calls=1 0 
* 71
* 1
-52 1
+52 1
-52 3
cob=(7)
cfi=(75)
cfn=(1212)
calls=1 0 
* 379
* 1
175 3
cob=(7)
cfi=(75)
cfn=(2044)
calls=1 0 
* 394
* 1
* 1
565 1
fi=(172)
444 2
48 2
fi=(147)
867 3
fi=(173)
565 2
cob=(7)
cfi=(75)
cfn=(1854)
calls=1 0 
* 243
* 1
+22 2
cob=(7)
cfi=(75)
cfn=(1872)
calls=1 0 
* 71
* 1
-52 1
+52 1
-52 3
cob=(7)
cfi=(75)
cfn=(1212)
calls=1 0 
* 379
* 1
175 3
cob=(7)
cfi=(75)
cfn=(2044)
calls=1 0 
* 397
* 1
* 1
565 1
fi=(172)
444 2
48 2
fi=(147)
867 3
fi=(173)
565 2
cob=(7)
cfi=(75)
cfn=(1854)
calls=1 0 
* 243
* 1
+22 2
cob=(7)
cfi=(75)
cfn=(1872)
calls=1 0 
* 71
* 1
-52 1
+52 1
-52 3
cob=(7)
cfi=(75)
cfn=(1212)
calls=1 0 
* 379
* 1
175 3
cob=(7)
cfi=(75)
cfn=(2044)
calls=1 0 
* 397
* 1
* 1
565 1
fi=(172)
444 2
48 2
fi=(147)
867 3
fi=(173)
565 2
cob=(7)
cfi=(75)
cfn=(1854)
calls=1 0 
* 243
* 1
+22 2
cob=(7)
cfi=(75)
cfn=(1872)
calls=1 0 
* 71
* 1
-52 1
+52 1
-52 3
cob=(7)
cfi=(75)
cfn=(1212)
calls=1 0 
* 379
* 1
175 3
cob=(7)
cfi=(75)
cfn=(2044)
calls=1 0 
* 397
* 1
* 1
565 1
fi=(172)
444 2
48 2
fi=(147)
867 3
fi=(173)
565 2
cob=(7)
cfi=(75)
cfn=(1854)
calls=1 0 
* 243
* 1
fe=(111)
300 1
fi=(173)
587 1
fe=(111)
300 6
fi=(173)
587 1
cob=(7)
cfi=(75)
cfn=(1872)
calls=1 0 
* 71
* 1
fe=(111)

fn=(2166) rso::setup(configureOPS&)
104 1
+1 1
-1 4
fi=(199)
263 1
fe=(111)
104 1
fi=(199)
263 1
cob=(3)
cfi=(97)
cfn=(730)
calls=1 66 
* 16
* 1
fe=(111)
105 1
fi=(139)
1149 2
fe=(111)
113 1
fi=(139)
1149 1
cob=(7)
cfi=(75)
cfn=(1268)
calls=1 0 
* 353
* 1
fe=(111)
107 2
cfn=(2168) rso::setNameSpecificProperties()
calls=1 303 
* 1076
+3 3
cfi=(119)
cfn=(2176) earthGravity2::setup(configureOPS&)
calls=1 -68 
* 271893863
+1 9
cfi=(123)
cfn=(2274)
calls=1 -88 
* 81721
+1 4
cfi=(124)
cfn=(2286)
calls=1 -90 
* 3
+1 4
cfi=(122)
cfn=(2288) trr::setup(configureOPS&, solarArray&)
calls=1 -90 
* 49
+1 12
cfi=(121)
cfn=(2292)
calls=1 -17 
* 668376117
+1 4
cfi=(120)
cfn=(2350) tbGravity::setup(configureOPS&)
calls=1 -73 
* 33
+4 1
+5 1
-5 2
+5 5
+7 2
+6 2
+1 3
+5 4
cfi=(106)
cfn=(2352)
calls=1 28 
* 441914399
+2 5

fn=(2168)
303 1
+5 1
-5 1
fi=(139)
2540 1
fe=(111)
303 2
fi=(139)
2540 2
cob=(7)
cfi=(75)
cfn=(2174) std::string::compare(char const*) const
calls=1 0 
* 73
cob=(1)
cfi=(49)
cfn=(200)
calls=1 34 
* 954
* 5
fe=(111)
308 2
+2 1
+26 1
-20 1
-6 1
+11 1
-8 1
+4 1
+13 1
-17 1
+2 1
+9 1
-8 1
+1 1
+1 1
+1 1
+2 1
+1 1
+5 1
+1 1
+5 1
+2 1
-20 1
+9 1
+1 1
+2 1
+1 1
+2 1
+1 1
+2 1
+2 1
467 4

fl=(103)
fn=(1744)
26 1825216
-3 3650432
+1 3650432
+1 3650432
+1 1825216
+1 3650432
+1 3650432
+1 5475648

fn=(1306)
15 702019
-3 702019
+1 702019
+1 702019
+1 1404038
+1 1404038
+1 1404038
+1 1404038

fn=(1746)
207 2808024
+2 421305
+4 421305
+4 842610
-1 421305
+1 421305
-1 421305
+1 2106525
-4 421305
+4 2527830
+1 842610
-1 842610
+1 1263915
+1 421305
-6 421305
+5 421305
-5 421305
+5 421305
+1 421305
+5 421305
-11 1263915
+9 421305
+2 1263915
+2 1263915
+2 421305
-15 280701
+4 561402
-1 280701
+1 280701
-1 280701
+1 1403505
-4 280701
+4 1684206
+1 561402
-1 561402
+1 842103
+1 280701
-6 280701
+5 280701
-5 280701
+5 280701
+1 280701
+5 280701
-11 842103
+9 280701
+2 842103
+2 842103
+2 280701
-15 561402

fn=(2494)
339 842406
+1 1263609
+1 421203

fn=(2356)
243 4
15 4
243 28
12 4
+1 4
+2 8
-1 4
252 4
16 8
+1 8
+1 12
252 4
cob=(4)
cfi=(61)
cfn=(2362)
calls=4 37 
* 8
cob=(1)
cfi=(49)
cfn=(200)
calls=1 34 
* 889
* 8
* 4
+4 4
+4 4
-4 8
-2 8
+11 4
-5 4
-4 4
+4 4
+1 20
+1 28
+7 8
+1 4
-1 16
+1 8
+1 4
-1 4
+1 20
+2 36
+4 8
+2 8
+5 36
+1 8
+2 8
+2 4
+13 4
565 4
306 4
-89 4
-1 4
+1 4
+85 8
-85 24
+1 4
+6 4
+2 4
565 4
226 4
565 8
226 4
+14 4
+62 12
+4 8
568 4
306 4
565 24
+1 4
+2 4
-2 8
+2 8
-2 24
+1 4
+1 4
-1 52
+1 40
+2 16
+1 8
+8 8
+4 20
+13 20
+1 20
+5 4
+3 28
+9 20
+1 28
+4 24
24 8
633 1472
-1 2944
+1 2944
-1 11776
+1 4640
+2 4864
+2 3336
+5 2704
+20 4
+10 20
-48 8
+48 7340
-48 2944
+82 1472
-80 2944
+80 1472
-80 2944
+80 5888
cob=(4)
cfi=(213) /build/buildd/eglibc-2.19/math/../sysdeps/ieee754/dbl-64/wordsize-64/math_private.h
cfn=(2368) fmod
calls=1472 22 
* 179584
cob=(1)
cfi=(49)
cfn=(200)
calls=1 34 
* 867
* 1476
* 7360
+6 4416
cob=(4)
cfi=(213)
cfn=(2368)
calls=1472 22 
* 192808
* 1472
* 8832
-62 2936
+3 156
-1 156
+1 200
+2 192
+2 104
+6 44
-1 44
+1 44
+2 4
-1 8
-29 872
-1 872
+1 2616
+2 480
-1 480
+1 1200
+5 240
+2 8
+14 8
+4 8
-4 24
-2 32
-2 56
207 20
+19 4
61 4
226 4
61 4
226 4
+14 4
61 4
+7 4
-3 4
+1 4
+1 4
+1 4
+1 8
+1 8
+1 8
315 48
+2 4
+1 4
-1 8
+7 40
213 4
+4 8
-1 4
+1 28
-4 4
+4 4
-4 4
+4 12
+1 4
-1 4
+1 4
-1 4
-4 4
+4 4
+1 20
+1 4
-6 28
+9 12
584 4
+2 8
-2 4
+2 4
+3 4
-2 4
+2 8
+1 4
+1 112

fn=(1748) ModifiedJulianDate(long double)
240 2
+1 1

fn=(2384)
37 1
-3 2
+1 2
+1 2
+1 1
+1 2
+1 2
+1 3

fn=(2386)
558 842412
+10 140402
-10 280804
+7 561608
+3 140402
-3 842412
+1 140402
+2 140402
-2 280804
+2 280804
-2 842412
+1 140402
+1 140402
-1 561608
+1 140402
-1 140402
+1 280804
-1 1123216
+1 982814
+2 280804
+1 405006
-1 248404
+13 842412
+13 561608
+1 702010
-1 280264
+9 702010
+9 561608
+1 702010
-1 701915
+5 561570
+17 38
-17 140383
+17 280766
-4 242
+1 77
+2 88
+2 44
+5 44
+3 11
+27 55
-48 22
+48 55
-48 280826
+1 22
+1 22
+80 132
cob=(4)
cfi=(213)
cfn=(2368)
calls=22 22 
* 2684
* 22
* 110
+6 66
cob=(4)
cfi=(213)
cfn=(2368)
calls=22 22 
* 2816
* 22
* 132
-62 33
-13 11
+5 11
-5 55
+5 22
+1 11
+1 22
-10 22
26 140402
-2 140402
+1 140402
+2 140402
+1 140402
207 421206
+2 70184
+8 140368
-1 70184
+1 210552
-8 70184
+8 70184
-8 70184
+8 561472
+1 140368
-1 140368
-8 70184
+9 210552
-9 140368
+9 140368
+1 70184
-10 140368
+15 70184
+2 70184
681 70184
226 140368
+14 70184
678 210552
23 70184
+1 70184
+1 70184
+1 140368
+1 70184
+1 70184
+1 70184
681 421104
226 70218
681 70218
226 140436
+14 70218
678 210654
23 70218
+1 70218
+1 70218
+1 140436
+1 70218
+1 70218
+1 70218
681 421308
572 16200
+1 16200
+1 16200
-2 32400
+2 16200
213 70218
+4 140436
-1 70218
-3 70218
+4 210654
-4 70218
+4 70218
-4 70218
+4 561744
+1 140436
-1 140436
-4 70218
+5 210654
-5 140436
+5 140436
+1 70218
-6 210654
+9 140436
616 19
+1 19
-1 95
+3 38
-21 270
+1 270
+1 270
-2 540
+2 270
+8 32940

fn=(1076) _GLOBAL__sub_I__ZN9timetag_TC2Ev
1473 1
fi=(101)
74 2
cob=(7)
cfi=(75)
cfn=(574)
calls=1 -74 
* 24
* 1
* 3
fe=(103)
1473 1
fi=(101)
74 1
cob=(3)
cfi=(76)
cfn=(354)
calls=1 -17 
* 66
* 1
fe=(103)

fn=(2482)
453 280802
15 280802
453 1965614
12 280802
+1 280802
+2 561604
-1 280802
+9 280802
+1 280802
+1 280802
-9 561604
+1 561604
+1 561604
+8 280802
+1 280802
+1 280802
207 842406
+2 421098
+8 280732
-8 280732
+8 280732
-8 140366
+8 140366
-8 280732
+7 140366
-7 140366
+8 1263294
+1 280732
-1 280732
-8 140366
+9 421098
-9 280732
+9 280732
+1 140366
-10 280732
+15 140366
+2 140366
410 140366
226 140366
410 561464
226 140366
410 561464
240 140366
410 842196
+51 140366
226 140436
410 140436
226 140436
410 561744
226 140436
410 561744
240 140436
410 842616
+51 280872
-51 280872
+4 140436
-4 140436
+4 140436
-4 140436
+11 140436
-11 983052
+11 140436
+40 140366
-51 280732
+4 140366
-4 140366
+4 140366
-4 140366
+11 140366
-11 982562
+11 701970
+42 280802
565 561604
463 280802
568 280802
-3 561604
463 280802
568 280802
465 280802
565 1684812
+1 280802
+2 280802
-2 561604
+2 561604
-2 1684812
+1 280802
+1 280802
-1 1123208
+1 280802
-1 280802
+1 561604
-1 2246416
+1 1965614
+2 1123208
+1 561604
+1 28800
+1 28800
+1 28800
-2 57600
+2 28800
+5 252002
+4 1821614
+13 144000
+1 144000
-1 1260010
+1 1260010
+1 5162
+1 5162
+1 5162
-2 5162
+2 5162
+2 275640
+3 1939804
+9 25810
+1 25810
-1 1378200
+1 1378200
+1 344
+1 344
-1 281146
+3 1404010
+37 561604
-23 344
-1 688
+1 688
-1 2752
+1 1032
+2 1376
+2 860
+5 344
+20 172
+10 860
-48 344
+48 860
-48 561948
+82 344
-80 688
+80 344
-80 688
+80 1376
cob=(4)
cfi=(213)
cfn=(2368)
calls=344 22 
* 41968
* 344
* 1720
+6 1032
cob=(4)
cfi=(213)
cfn=(2368)
calls=344 22 
* 44032
* 344
* 2064
421 280802
-2 280802
+1 280802
+1 1123208
-2 280802
+1 280802
+1 1123208
-2 280802
+1 280802
+1 1123208
-2 280802
+1 280802
+1 1123208
-2 280802
+2 1123208
-2 561604
650 344
-15 172
-1 172
+1 516
+2 1032
+5 344
+2 344
207 1404010
+2 140538
+8 281076
-1 140538
+1 421614
-8 140538
+8 1124304
+1 140538
-1 140538
-8 140538
+8 140538
+1 140538
-1 140538
+1 702690
+1 140538
-10 702690
+15 140538
+2 140538
61 140538
226 140538
61 140538
226 140538
+14 140538
61 140538
226 140264
61 140264
226 140264
61 140264
226 140264
+14 140264
61 140264
+7 280802
-3 280802
+1 280802
+1 280802
+1 280802
+1 561604
+1 561604
+1 561604
469 2667482
213 140264
+4 280528
-1 140264
+1 981848
-4 140264
+4 140264
-4 140264
+4 420792
+1 140264
-1 140264
+1 140264
-1 140264
-4 140264
+4 140264
+1 701320
+1 140264
-6 981848
+9 420792
-9 421308
+4 280872
-4 421308
+4 421308
-4 561744
+4 421308
-1 140436
+1 842616
+1 280872
-1 280872
-4 140436
+5 421308
-5 280872
+5 280872
+1 140436
-6 421308
+9 280872
605 5162
-5 5162
+5 20648
-22 28800
-9 28800
+9 115200

fn=(1750) timetag_T::print()
78 2
fi=(173)
535 1
fe=(103)
78 2
fi=(173)
535 1
fe=(103)
78 1
+6 1
-1 1
+4 1
-5 1
+5 1
-1 2
-1 2
-4 1
fi=(173)
535 1
fe=(103)
81 1
fi=(173)
535 1
cob=(7)
cfi=(75)
cfn=(1212)
calls=1 0 
* 254
cob=(1)
cfi=(49)
cfn=(200)
calls=1 34 
* 1853
* 5
233 5
cob=(7)
cfi=(75)
cfn=(1764)
calls=1 0 
* 6945
cob=(1)
cfi=(49)
cfn=(200)
calls=1 34 
* 1058
* 5
* 1
535 6
cob=(7)
cfi=(75)
cfn=(1212)
calls=1 0 
* 437
* 1
167 3
cob=(7)
cfi=(75)
cfn=(1830) std::ostream& std::ostream::_M_insert<long>(long)
calls=1 0 
* 1749
cob=(1)
cfi=(49)
cfn=(200)
calls=1 34 
* 1050
* 5
535 1
167 1
535 3
cob=(7)
cfi=(75)
cfn=(1212)
calls=1 0 
* 216
* 1
167 3
cob=(7)
cfi=(75)
cfn=(1830)
calls=1 0 
* 363
* 1
535 1
167 1
535 3
cob=(7)
cfi=(75)
cfn=(1212)
calls=1 0 
* 216
* 1
167 3
cob=(7)
cfi=(75)
cfn=(1830)
calls=1 0 
* 414
* 1
535 3
167 1
535 1
cob=(7)
cfi=(75)
cfn=(1212)
calls=1 0 
* 221
* 1
233 5
cob=(7)
cfi=(75)
cfn=(1764)
calls=1 0 
* 2398
* 1
535 2
233 1
535 4
cob=(7)
cfi=(75)
cfn=(1212)
calls=1 0 
* 216
* 1
233 5
cob=(7)
cfi=(75)
cfn=(1764)
calls=1 0 
* 2434
* 1
535 2
233 1
535 4
cob=(7)
cfi=(75)
cfn=(1212)
calls=1 0 
* 216
* 1
233 5
cob=(7)
cfi=(75)
cfn=(1764)
calls=1 0 
* 2434
* 1
535 1
233 1
535 5
cob=(7)
cfi=(75)
cfn=(1212)
calls=1 0 
* 352
* 1
+30 1
fi=(172)
444 2
48 2
fi=(147)
867 3
fi=(173)
565 2
cob=(7)
cfi=(75)
cfn=(1854)
calls=1 0 
* 1376
cob=(1)
cfi=(49)
cfn=(200)
calls=1 34 
* 841
* 5
fe=(103)
89 1
fi=(173)
587 1
fe=(103)
89 4
fi=(173)
587 1
cob=(7)
cfi=(75)
cfn=(1872)
calls=1 0 
* 1210
cob=(1)
cfi=(49)
cfn=(200)
calls=1 34 
* 895
* 5
fe=(103)

fn=(2374)
61 1414814
-2 1414814
+2 1414814
+7 1414814
-3 2829628
+1 2829628
+1 2829628
+1 1414814
+1 2829628
+1 2829628
+1 2829628
+3 1414814

fn=(2484)
480 280802
15 280802
480 1965614
12 280802
+1 280802
+2 561604
-1 280802
+9 280802
+1 280802
+1 280802
-9 561604
+1 561604
+1 561604
+8 280802
+1 280802
+1 280802
207 842406
+2 421614
+8 281076
-8 281076
+8 281076
-8 140538
+8 140538
-8 281076
+7 140538
-7 140538
+8 1124304
+1 140538
-1 140538
+1 140538
-1 281076
-8 140538
+9 421614
-9 281076
+9 281076
+1 140538
-10 421614
+15 561604
+2 140264
495 280528
+1 420792
226 280528
339 140264
+1 420792
493 280528
+2 420792
+1 420792
+2 280528
+2 420792
cob=(4)
cfi=(229)
cfn=(2490)
calls=140264 284 
* 14737800
cob=(1)
cfi=(49)
cfn=(200)
calls=1 34 
* 898
* 140268
224 140538
+2 140538
495 281076
+1 421614
226 281076
339 140538
+1 421614
493 281076
+2 421614
+1 421614
+2 281076
+2 421614
cob=(4)
cfi=(229)
cfn=(2490)
calls=140538 284 
* 14768270
* 140538
* 1404010
cob=(4)
cfi=(229)
cfn=(2490)
calls=280802 284 
* 30067952
* 280802
+65 280802
-65 280802
+65 280802
-65 561604
+65 561604
-65 280802
+68 280802
-68 280802
+2 280802
+63 1684812
+1 280802
+2 280802
-2 2246416
+1 1404010
+1 842406
-1 280802
+1 280802
-1 842406
+1 280802
-1 1404010
+1 2527218
+2 1123208
+1 1404010
+8 842406
+4 1965614
+13 1684812
+1 1404010
+5 280802
+3 1965614
+9 1684812
+1 1404010
+1 280802
+3 1404010
+37 561604
-32 561604
207 1404010
+2 140538
+8 281076
-1 140538
+1 421614
-8 140538
+8 1124304
+1 140538
-1 140538
-8 140538
+8 140538
+1 140538
-1 140538
+1 702690
+1 140538
-10 702690
+15 140538
+2 140538
61 140538
226 140538
61 140538
226 140538
+14 140538
61 140538
226 140264
61 140264
226 140264
61 140264
226 140264
+14 140264
61 140264
+7 280802
-3 280802
+1 280802
+1 280802
+1 280802
+1 561604
+1 561604
+1 561604
506 2667482
213 140264
+4 280528
-1 140264
+1 981848
-4 140264
+4 140264
-4 140264
+4 420792
+1 140264
-1 140264
+1 140264
-1 140264
-4 140264
+4 140264
+1 701320
+1 140264
-6 981848
+9 420792
-9 420792
+4 280528
-4 420792
+4 420792
-4 561056
+4 420792
-1 140264
+1 701320
+1 140264
-1 140264
+1 140264
-1 280528
-4 140264
+5 420792
-5 280528
+5 280528
+1 140264
-6 420792
+9 280528

fl=(109) /home/david/sgnlops/src/orbit_utilities.cpp
fn=(2572) cart2kep(stateVector)
22 5
+2 2
cfi=(107)
cfn=(2148)
calls=1 -7 
* 5
* 2
cfi=(107)
cfn=(2148)
calls=1 -7 
* 5
* 2
cfi=(107)
cfn=(2148)
calls=1 -7 
* 5
* 2
cfi=(107)
cfn=(2148)
calls=1 -7 
* 5
* 2
cfi=(107)
cfn=(2148)
calls=1 -7 
* 5
* 2
cfi=(107)
cfn=(2148)
calls=1 -7 
* 5
+14 1
+7 1
-7 1
+7 1
-6 1
+6 1
-6 1
+6 1
-5 1
+5 1
-5 1
+5 1
-4 1
+4 1
-4 1
+1 2
+1 2
+2 1
cfi=(107)
cfn=(2574) modulus(cartesian)
calls=1 312 
* 12
* 3
cfi=(107)
cfn=(2154)
calls=1 -14 
* 1
+1 8
cfi=(107)
cfn=(2574)
calls=1 312 
* 12
* 3
cfi=(107)
cfn=(2154)
calls=1 -15 
* 1
+8 1
-3 1
+3 3
-5 1
+1 1
+1 1
+3 12
cfi=(107)
cfn=(2568)
calls=1 -36 
* 23
* 3
cfi=(107)
cfn=(2152)
calls=1 -18 
* 7
* 2
cfi=(107)
cfn=(2154)
calls=1 -23 
* 1
* 2
cfi=(107)
cfn=(2154)
calls=1 -23 
* 1
* 2
cfi=(107)
cfn=(2154)
calls=1 -23 
* 1
+1 8
cfi=(107)
cfn=(2574)
calls=1 312 
* 12
* 3
cfi=(107)
cfn=(2154)
calls=1 -24 
* 1
+3 16
cfi=(107)
cfn=(2568)
calls=1 -40 
* 23
* 3
cfi=(107)
cfn=(2152)
calls=1 -22 
* 7
* 2
cfi=(107)
cfn=(2154)
calls=1 -27 
* 1
* 2
cfi=(107)
cfn=(2154)
calls=1 -27 
* 1
* 2
cfi=(107)
cfn=(2154)
calls=1 -27 
* 1
+1 8
cfi=(107)
cfn=(2574)
calls=1 312 
* 12
* 3
cfi=(107)
cfn=(2154)
calls=1 -28 
* 1
+3 1
+1 1
-1 1
+1 1
-1 1
+1 3
-1 1
+1 9
-1 5
+1 1
cfi=(107)
cfn=(2576)
calls=1 307 
* 10
* 3
cfi=(107)
cfn=(2154)
calls=1 -32 
* 1
* 2
cfi=(107)
cfn=(2154)
calls=1 -32 
* 1
+1 1
+3 1
-3 6
+1 2
+1 1
-2 2
+3 1
-2 2
+2 1
-2 3
+2 1
-1 2
+1 1
-1 4
+1 3
cfi=(107)
cfn=(2574)
calls=1 312 
* 12
* 3
cfi=(107)
cfn=(2154)
calls=1 -36 
* 1
+7 1
-6 1
+6 1
-6 1
+6 2
+13 3
cob=(4)
cfi=(235)
cfn=(2582)
calls=1 -59 
* 102
cob=(1)
cfi=(49)
cfn=(200)
calls=1 -53 
* 859
* 5
* 1
+3 1
-3 1
+3 1
-3 1
+3 1
cob=(4)
cfi=(235)
cfn=(2582)
calls=1 -62 
* 98
* 1
+1 1
-1 2
+1 1
-1 2
+1 1
+6 15
cfi=(107)
cfn=(2576)
calls=1 307 
* 10
* 4
cob=(4)
cfi=(235)
cfn=(2582)
calls=1 -69 
* 123
* 1
* 7
cfi=(107)
cfn=(2154)
calls=1 -66 
* 1
* 2
cfi=(107)
cfn=(2154)
calls=1 -66 
* 1
+1 3
+6 15
cfi=(107)
cfn=(2576)
calls=1 307 
* 10
* 4
cob=(4)
cfi=(235)
cfn=(2582)
calls=1 -76 
* 101
* 1
* 7
cfi=(107)
cfn=(2154)
calls=1 -73 
* 1
* 2
cfi=(107)
cfn=(2154)
calls=1 -73 
* 1
+1 15
cfi=(107)
cfn=(2576)
calls=1 307 
* 10
* 3
cfi=(107)
cfn=(2154)
calls=1 -74 
* 1
* 2
cfi=(107)
cfn=(2154)
calls=1 -74 
* 1
* 4
+2 3
-83 2
cfi=(107)
cfn=(2154)
calls=1 +7 
* 1
* 2
cfi=(107)
cfn=(2154)
calls=1 +7 
* 1
* 2
cfi=(107)
cfn=(2154)
calls=1 +7 
* 1
* 2
cfi=(107)
cfn=(2154)
calls=1 +7 
* 1
* 2
cfi=(107)
cfn=(2154)
calls=1 +7 
* 1
+86 2
cfi=(107)
cfn=(2154)
calls=1 -79 
* 1
+1 5
-40 1
+5 1
-5 2
+5 6
+17 3

fn=(1100) _GLOBAL__sub_I__Z8cart2kep11stateVector
1215 1
fi=(101)
74 2
cob=(7)
cfi=(75)
cfn=(574)
calls=1 -74 
* 24
* 1
* 3
fe=(109)
1215 1
fi=(101)
74 1
cob=(3)
cfi=(76)
cfn=(354)
calls=1 -17 
* 66
* 1
fe=(109)

fl=(125) /home/david/sgnlops/src/astrocon.cpp
fn=(1164) _GLOBAL__sub_I_StateVector
9 1
fi=(101)
+65 2
cob=(7)
cfi=(75)
cfn=(574)
calls=1 -74 
* 24
* 1
* 3
fe=(125)
-65 1
fi=(101)
+65 1
cob=(3)
cfi=(76)
cfn=(354)
calls=1 -17 
* 66
* 1
fe=(125)

fl=(107)
fn=(2154)
31 10952217

fn=(2790)
17 421200
220 421200
17 421200
+1 421200
+1 421200
+17 421200
+1 421200
+1 421200
-2 421200
+1 421200
+1 421200
+5 421200
+1 421200
+1 421200
-2 421200
+1 421200
+1 421200
227 421200

fn=(2148)
17 6458436
+1 3229218
+1 6458436

fn=(2796)
77 1544400
+1 140400

fn=(2804)
102 46480
+2 92960

fn=(2152)
36 7207868
+1 7207868
+1 10811802

fn=(2564) normalise(cartesian const&)
159 421203
17 421203
+1 421203
+59 421203
-58 421203
+58 421203
+82 421203
-82 3790827
+86 1684812
+2 1263609
+1 1263609
+1 1263609
+10 842406

fn=(2566)
17 1263601
251 1263601
17 1263601
+1 1263601
+1 1263601
255 3790803
+1 2527202
+1 1263601
-1 1263601
+1 1263601
+4 1263601

fn=(2574)
312 55
+1 5

fn=(2764)
83 655520
-6 7210720
+8 2622080
+2 1966560
+1 1966560
+1 1966560
+8 1311040

fn=(1092) _GLOBAL__sub_I__ZN9cartesianC2Ev
313 1
fi=(101)
74 2
cob=(7)
cfi=(75)
cfn=(574)
calls=1 -74 
* 24
* 1
* 3
fe=(107)
313 1
fi=(101)
74 1
cob=(3)
cfi=(76)
cfn=(354)
calls=1 -17 
* 66
* 1
fe=(107)

fn=(2150)
25 842407
+1 842407
+1 1684814

fn=(2568)
18 655525
296 655525
18 655525
+1 655525
298 5244200
+1 3933150
+1 2622100
+3 655525

fn=(2558)
71 1544411
+1 140401

fn=(2576)
307 5054436
+1 561604

fl=(118) /home/david/sgnlops/src/astrolib.cpp
fn=(2074) ephopn(char*)
494 9
-7 4
+9 2
+8 2
cob=(3)
cfi=(144)
cfn=(1374)
calls=1 103 
* 502
* 1
* 5
fi=(196) /usr/include/x86_64-linux-gnu/bits/stdio2.h
295 4
cob=(3)
cfi=(203)
cfn=(2080)
calls=1 35 
* 370
cob=(1)
cfi=(49)
cfn=(200)
calls=1 34 
* 1136
* 5
* 8
cob=(3)
cfi=(203)
cfn=(2080)
calls=2 35 
* 382
* 2
fe=(118)
514 6
+5 9
-7 6
fi=(196)
295 4
cob=(3)
cfi=(203)
cfn=(2080)
calls=1 35 
* 109
* 1
fe=(118)
523 2
+6 3
cfi=(114) /home/david/sgnlops/src/support.cpp
cfn=(2098) convert_little_endian(char*, int)
calls=1 48 
* 1
+1 1
+3 1
-3 1
+3 4
+7 156
-7 624
fi=(196)
295 780
cob=(3)
cfi=(203)
cfn=(2080)
calls=156 35 
* 17628
* 156
fe=(118)
535 312
658 6
-1 2
+1 4
fi=(146) /usr/include/x86_64-linux-gnu/bits/string3.h
104 1
fi=(196)
295 5
cob=(3)
cfi=(203)
cfn=(2080)
calls=1 35 
* 108
* 1
* 10
cob=(3)
cfi=(203)
cfn=(2080)
calls=2 35 
* 216
* 2
fe=(118)
546 6
+5 12
cfi=(114)
cfn=(2098)
calls=3 48 
* 3
+1 6
-8 6
fi=(196)
295 5
cob=(3)
cfi=(203)
cfn=(2080)
calls=1 35 
* 108
* 1
fe=(118)
556 2
+5 3
cfi=(114)
cfn=(2098)
calls=1 48 
* 1
fi=(196)
295 1
fe=(118)
562 1
fi=(196)
295 3
fe=(118)
562 1
fi=(196)
295 1
cob=(3)
cfi=(203)
cfn=(2080)
calls=1 35 
* 108
* 1
fe=(118)
564 2
+5 4
cfi=(114)
cfn=(2098)
calls=1 48 
* 1
+1 5
fi=(196)
295 5
cob=(3)
cfi=(203)
cfn=(2080)
calls=1 35 
* 109
* 1
fe=(118)
570 4
fi=(196)
295 10
cob=(3)
cfi=(203)
cfn=(2080)
calls=2 35 
* 218
* 2
* 165
cob=(3)
cfi=(203)
cfn=(2080)
calls=33 35 
* 3597
* 33
fe=(118)
576 72
+5 144
cfi=(114)
cfn=(2098)
calls=36 48 
* 36
+1 72
-7 72
-2 6
fi=(196)
295 5
cob=(3)
cfi=(203)
cfn=(2080)
calls=1 35 
* 109
* 1
fe=(118)
587 2
+5 4
cfi=(114)
cfn=(2098)
calls=1 48 
* 1
+1 2
fi=(196)
295 5
cob=(3)
cfi=(203)
cfn=(2080)
calls=1 35 
* 109
* 1
* 10
cob=(3)
cfi=(203)
cfn=(2080)
calls=2 35 
* 218
* 2
fe=(118)
597 6
+5 12
cfi=(114)
cfn=(2098)
calls=3 48 
* 3
+1 6
-7 6
+11 4
+6 468
cfi=(114)
cfn=(2098)
calls=156 48 
* 156
+1 624
-7 312
fi=(196)
295 780
cob=(3)
cfi=(203)
cfn=(2080)
calls=156 35 
* 16848
* 156
fe=(118)
608 312
+12 2
cob=(3)
cfi=(204)
cfn=(2106)
calls=1 35 
* 132
cob=(1)
cfi=(49)
cfn=(200)
calls=1 34 
* 1120
* 5
* 3
+5 4
cob=(3)
cfi=(206)
cfn=(2124)
calls=1 35 
* 218
cob=(1)
cfi=(49)
cfn=(200)
calls=1 34 
* 1121
* 5
* 2
+5 2
cob=(3)
cfi=(204)
cfn=(2106)
calls=1 35 
* 112
* 1
+2 3
-2 1
+2 1
cob=(3)
cfi=(206)
cfn=(2124)
calls=1 35 
* 189
* 1
* 2
+16 3
-2 1
+2 7
-2 1
+2 2
+6 1
-6 11
-2 1
+2 22
-10 1
+10 21
-10 1
+10 1
-10 1
+10 1
+5 1
-5 43
-2 1
+5 5
+2 1
-2 1
+1 1
+1 1
-1 1
+1 2
+4 1
-4 1
+4 1

fn=(2544) RayBend(double*, double*, double*, double*)
2855 561604
3457 1123208
3921 561604
3457 561604
3921 1684812
3457 1684812
3921 1123208
3457 561604
3921 561604
3457 1123208
3921 2808020
+2 2246416
-2 7300852
+2 1684812
-2 6739248
+2 2246416
+3 140401
+56 2808020
-17 15163308
2879 561604
3965 6739248
2879 4492832
+1 1684812
-1 561604
+3 1123208
+1 1123208
-4 2246416
+1 561604
-1 561604
+3 1123208
+1 1123208
+2 1123208
3924 9687669

fn=(2524) pleph(double, int, int, double*, int*)
2487 33696240
+27 12636090
+31 4212030
-1 4212030
+3 4212030
-2 4212030
+4 4212030
-2 4212030
+2 16848120
+7 4212030
-50 4212030
+44 4212030
+9 4212030
-3 8424060
+3 4212030
+13 8424060
-65 4212030
+81 8424060
+8 4212030
+9 4212030
-8 4212030
+12 4212030
-9 4212030
+9 4212030
-8 4212030
-5 4212030
+9 8424060
+4 12636090
+4 4212030
-7 4212030
-1 4212030
+1 6598847
+1 8424060
+4 6177644
+4 8002857
-10 8002857
+1 2667619
-1 2667619
+1 2667619
-1 4633233
+1 1544411
-1 1544411
+1 1544411
+1 8424060
+4 8424060
+4 12636090
+5 21060150
+3 25272180
cfn=(2526) state(double*, int*, double (*) [13], double*)
calls=4212030 3526 
* 17696310003
+3 13478496
+31 4212030
-1 4212030
+1 4212030
+1 8424060
+1 8424060
+1 25272180
2517 3
-2 1
+1 1
+1 1
cfn=(2074)
calls=1 494 
* 6
+1 9
+6 1
+1 1
+4 1
+1 1
-6 1
+7 1
+1 8
-14 1
+14 3
-14 2
+1 27
+16 12
-1 12
+1 13
-1 1
+1 1
+1 24
+1 22
-4 22
+6 1
+1 2
+93 10670476
+7 16848120
+7 16848120
+3 12636090
-2 1544411
+3 1544411
-4 1544411
+2 1544411
-1 1544411
+2 1544411
-1 1544411
+1 4633233
+1 4633233
-4 1544411
+1 1544411
-1 1544411
+2 1544411
-1 1544411
+2 1544411
-1 1544411
+1 4633233
+1 4633233
-4 1544411
+1 1544411
-1 1544411
+2 1544411
-1 1544411
+2 1544411
-1 1544411
+1 4633233
+1 4633233
-4 1544411
+1 1544411
-1 1544411
+2 1544411
-1 1544411
+2 1544411
-1 1544411
+1 4633233
+1 4633233
-4 1544411
+1 1544411
-1 1544411
+2 1544411
-1 1544411
+2 1544411
-1 1544411
+1 4633233
+1 4633233
-4 1544411
+3 1544411
-2 3088822
+1 1544411
+1 1544411
-1 1544411
+1 1544411
+1 6177644
-31 9266466
-11 2246416
+4 842406
+35 2667619
+3 2667619
-4 2667619
+1 2667619
+1 5335238
+2 8002857
-4 2667619
+1 2667619
-1 2667619
+1 2667619
+1 5335238
+2 8002857
-4 2667619
+1 2667619
-1 2667619
+1 2667619
+1 5335238
+2 8002857
-4 2667619
+1 2667619
-1 2667619
+1 2667619
+1 5335238
+2 8002857
-4 2667619
+1 2667619
-1 2667619
+1 2667619
+1 5335238
+2 8002857
-4 2667619
+1 5335238
+1 5335238
+2 10670476
2535 2
+1 2
+1 2

fn=(2542) LightTime(double, int, double*, double*, double*, double*, double*, double*)
1920 6739248
3457 1123208
3982 1123208
3457 561604
3982 4492832
1933 3369624
+30 1123208
+5 1544411
+1 1544411
-1 1544411
+1 6177644
-1 982807
-29 9828070
cfn=(2524)
calls=982807 2487 
* 4321120545
* 5616040
cfn=(2524)
calls=561604 2487 
* 2302997055
+3 10810877
cfn=(2524)
calls=1544411 2487 
* 3133609919
+4 6177644
+2 1544411
-2 7722055
3982 1544411
1946 3088822
+2 3088822
-2 3088822
+2 1544411
-2 1544411
+2 1544411
-2 3088822
3982 1544411
1948 1544411
-2 1544411
3982 1544411
1946 1544411
+2 1544411
-2 1544411
3982 1544411
1948 1544411
3982 1544411
1948 3088822
-2 3088822
3982 1544411
1946 1544411
+2 1544411
-2 1544411
+2 1544411
3982 4633233
1946 1544411
3982 15444110
1957 7722055
+2 561604
-1 561604
+4 4633233
+1 1544411
-1 3088822
+3 10108872
+1 3790827
cob=(4)
cfi=(232) /build/buildd/eglibc-2.19/math/w_log.c
cfn=(2552) log
calls=1263609 28 
* 177582256
cob=(1)
cfi=(49)
cfn=(200)
calls=1 34 
* 844
* 1263613
* 6177644
+81 6177644
+5 1123208
+1 1123208
-1 1123208
+1 1123208
-1 1123208
+1 1123208
3921 6177644
+2 2106015
+1 3369624
-3 4633233
+3 140401
-3 1544411
+2 2246416
+1 12355288
2066 3369624
+1 1684812
-1 2246416
+1 2246416
-1 561604
+1 561604
+2 4071629
3926 421203

fn=(1136) _GLOBAL__sub_I_ttl
3985 1
fi=(101)
74 2
cob=(7)
cfi=(75)
cfn=(574)
calls=1 -74 
* 24
* 1
* 3
fe=(118)
3985 1
fi=(101)
74 1
cob=(3)
cfi=(76)
cfn=(354)
calls=1 -17 
* 66
* 1
fe=(118)

fn=(2536) interp(int, double*, int, int, int, int, double (*) [2]) [clone .constprop.7]
1578 65146064
+11 8143258
-11 16286516
+9 8143258
+1 8143258
+2 8143258
-12 8143258
+23 8143258
-11 8143258
+2 8143258
+8 8143258
+1 8143258
-12 8143258
+2 8143258
+9 8143258
-9 8143258
+10 8143258
-1 16286516
+1 8143258
cob=(4)
cfi=(61)
cfn=(2362)
calls=8143258 37 
* 16286516
* 8143258
+1 8143258
-1 16286516
+1 8143258
+1 16286516
-1 8143258
+1 32573032
cob=(4)
cfi=(61)
cfn=(2362)
calls=8143258 37 
* 16286516
* 8143258
+3 8143258
-3 16286516
+3 24429774
cob=(4)
cfi=(213)
cfn=(2368)
calls=8143258 22 
* 645417433
* 8143258
* 8143258
+9 8143258
-9 8143258
+9 8143258
-9 16286516
+9 8143258
-9 8143258
+9 16286516
+3 8143258
+1 16286516
+8 48859548
+2 388910770
-1 17971328
+1 35942656
-1 8985664
+3 8143258
+6 24429774
+4 8143258
-4 8143258
+4 8143258
+1 65146064
cob=(3)
cfi=(141)
cfn=(1300)
calls=8143258 25 
* 1525597266
cob=(1)
cfi=(49)
cfn=(200)
calls=1 34 
* 1193
* 8143262
* 24429774
+7 65146064
+6 16286516
-2 16286516
-4 16988521
+6 33977042
-2 134504158
+1 75395337
-1 75395337
+1 75395337
+1 75395337
-1 75395337
-1 75395337
+1 75395337
-1 75395337
+1 75395337
+1 75395337
-1 75395337
-1 75395337
+1 75395337
-1 75395337
+1 75395337
+1 75395337
-1 75395337
-1 75395337
+1 75395337
-1 75395337
+1 75395337
+1 75395337
-1 75395337
-1 75395337
+1 75395337
-1 75395337
+1 75395337
+1 75395337
-1 75395337
-1 75395337
+1 75395337
-1 75395337
+1 75395337
+1 75395337
-1 75395337
-1 75395337
+1 75395337
-1 75395337
+1 75395337
+1 75395337
-1 75395337
-1 75395337
+1 75395337
-1 75395337
+1 75395337
+1 75395337
-1 75395337
-1 75395337
+1 74131728
-1 74131728
+1 74131728
+1 74131728
-1 74131728
-1 74131728
+1 74131728
-1 74131728
+1 74131728
+1 74131728
-1 74131728
-1 74131728
+1 71604510
-1 71604510
+1 71604510
+1 71604510
-1 71604510
-1 71604510
+1 46332330
-1 46332330
+1 46332330
+1 46332330
-1 46332330
-1 46332330
+1 46332330
-1 46332330
+1 46332330
+1 46332330
-1 46332330
-1 46332330
+1 75395337
-3 175922453
-2 50263558
+13 40716290
+1 8143258
-1 16286516
+1 16286516
-1 16286516
+1 8143258
-1 8143258
+1 16286516
-1 8143258
-1 8143258
+1 24429774
-1 16286516
+1 40716290
+1 146578644
-1 24429774
+1 97719096
-1 24429774
+1 97719096
-1 24429774
+1 73289322
-1 24429774
+1 48859548
-1 24429774
+1 73289322
-1 24429774
+1 48859548
-1 24429774
+1 73289322
-1 24429774
+1 122148870
-1 48859548
+1 24429774
-1 24429774
+1 73289322
-1 24429774
+1 48859548
-1 24429774
+1 48859548
-1 24429774
+1 73289322
-1 24429774
+1 48859548
-1 24429774
+1 48859548
-1 24429774
+1 73289322
-1 24429774
+1 48859548
-1 24429774
+1 48859548
-1 24429774
+1 69498495
-1 23166165
+1 46332330
-1 23166165
+1 46332330
-1 23166165
+1 69498495
-1 23166165
+1 46332330
-1 23166165
+1 46332330
-1 23166165
+1 65707668
-1 21902556
+1 43805112
-1 21902556
+1 43805112
-1 21902556
+1 27799398
-1 9266466
+1 18532932
-1 9266466
+1 18532932
-1 9266466
+1 27799398
-1 9266466
+1 18532932
-1 9266466
+1 18532932
-1 9266466
+1 24429774
-3 97719096
+6 16286516
+7 8143258
+1 8143258
+1 8143258
-2 8143258
+1 8143258
-1 8143258
+1 8143258
-1 16286516
+2 24429774
+2 526222948
-1 15444110
+1 15444110
-1 15444110
+1 77220550
-1 15444110
+3 8143258
+7 24429774
-10 8143258
+11 48859548
-1 8143258
-1 8143258
+1 24429774
-1 16286516
+1 40716290
+1 146578644
-1 24429774
+1 97719096
-1 24429774
+1 97719096
-1 24429774
+1 73289322
-1 24429774
+1 48859548
-1 24429774
+1 73289322
-1 24429774
+1 48859548
-1 24429774
+1 97719096
-1 24429774
+1 122148870
-1 48859548
+1 24429774
-1 24429774
+1 73289322
-1 24429774
+1 24429774
-1 24429774
+1 73289322
-1 24429774
+1 73289322
-1 24429774
+1 24429774
-1 24429774
+1 73289322
-1 24429774
+1 69498495
-1 23166165
+1 23166165
-1 23166165
+1 69498495
-1 23166165
+1 69498495
-1 23166165
+1 23166165
-1 23166165
+1 69498495
-1 23166165
+1 65707668
-1 21902556
+1 21902556
-1 21902556
+1 65707668
-1 21902556
+1 27799398
-1 9266466
+1 9266466
-1 9266466
+1 27799398
-1 9266466
+1 27799398
-1 9266466
+1 9266466
-1 9266466
+1 27799398
-1 9266466
+3 24429774
-5 48859548
+5 24429774
-5 48859548
+7 65146064
-36 150790674
-27 16286516
+48 16286516

fn=(2522) Reduce(double, int, int, double*, double*)
2968 561604
+11 561604
-11 2808020
+11 561604
-11 561604
+11 2246416
1448 4492832
cfn=(2524)
calls=561604 2487 
* 4338001215
+2 6177644
-2 8985664
cfn=(2524)
calls=561604 2487 
* 4337827104
+2 6177644
2998 7300852
+14 6177644
cfn=(2542)
calls=561604 1920 
* 10176940744
+2 2246416
+7 1123208
+2 2808020
cfn=(2544)
calls=561604 2855 
* 83398194
3458 561604
3027 1684812
3458 2808020
3027 561604
cfn=(2546) Aberrate(double*, double*, double*)
calls=561604 47 
* 58406816
+2 7862456
+25 3369624

fn=(2546)
47 561604
3457 1123208
3982 561604
3457 561604
3982 6177644
-61 1684812
+2 2246416
60 3369624
3965 561604
60 561604
3982 561604
-17 2246416
+17 1123208
-17 561604
+17 561604
-17 561604
+17 561604
-17 561604
+17 1684812
66 5616040
+4 561604
-4 3369624
+3 1684812
+1 561604
-1 561604
+1 1684812
+2 1123208
+1 1123208
-4 1684812
+1 1684812
+2 1123208
+1 1123208
-4 2246416
+1 561604
+2 1123208
+1 1123208
+4 1123208
3924 4492832

fn=(2526)
3526 42120300
+32 4212030
-32 4212030
+32 8424060
+14 8424060
3432 4212030
3572 4212030
3432 8424060
cob=(4)
cfi=(61)
cfn=(2362)
calls=4212030 37 
* 8424060
* 4212030
+1 4212030
+2 8424060
-3 4212030
+1 4212030
-1 4212030
+1 4212030
+2 4212030
-2 4212030
+2 25272180
3576 4212030
-2 4212030
3432 4212030
3574 4212030
+1 8424060
3432 8424060
cob=(4)
cfi=(61)
cfn=(2362)
calls=4212030 37 
* 8424060
* 4212030
+1 4212030
+2 8424060
-2 4212030
-1 4212030
+3 4212030
-2 4212030
+2 25272180
3579 4212030
+1 4212030
-1 4212030
3432 4212030
3580 4212030
3432 4212030
3579 4212030
3432 4212030
cob=(4)
cfi=(61)
cfn=(2362)
calls=4212030 37 
* 8424060
* 4212030
+1 4212030
+2 8424060
-3 4212030
+1 8424060
+2 4212030
-2 4212030
+2 25272180
3584 4212030
+3 4212030
-3 4212030
-2 4212030
+1 4212030
+4 4212030
-3 4212030
+3 25272180
+6 42120300
cob=(4)
cfi=(61)
cfn=(2362)
calls=4212030 37 
* 8424060
* 4212030
* 4212030
+1 8424060
+2 16848120
-2 4212030
+2 4212030
-2 8424060
+2 12636090
+2 4212030
-1 4212030
+1 4212030
+6 8424060
+2 4212030
-2 25272180
+1 8424060
-1 8424060
+1 8424060
+1 8424060
+4 4212030
-3 4212030
+3 4212030
+2 2
-1 1
+1 1
cob=(3)
cfi=(206)
cfn=(2124)
calls=1 35 
* 191
* 1
* 4
+6 2038
+6 2038
cob=(3)
cfi=(231)
cfn=(2534)
calls=1019 36 
* 36684
cob=(1)
cfi=(49)
cfn=(200)
calls=1 34 
* 1129
* 1023
* 6114
+4 4212030
+1 4212030
+3 4212030
-2 12636090
+7 4212030
-9 4212030
+1 4212030
-1 4212030
+2 4212030
+2 4212030
cfn=(2536)
calls=4212030 1578 
* 6680280777
+5 80028570
+7 126360900
+2 11793684
+3 3931228
+2 7862456
-1 3931228
-1 3931228
+2 3931228
-2 3931228
+4 3931228
cfn=(2536)
calls=3931228 1578 
* 9597244792
+11 3931228
-5 15724912
+5 3931228
-5 31449824
+5 7862456
+1 3931228
+1 3931228
-1 11091679
+1 15724912
-23 7862456
+23 114567216
-23 76378144
+31 16848120
+20 25272180
+14 33696240
-43 4773634
-1 2386817
+1 4773634
+3 2386817
-3 9547268
+3 2386817
-4 7160451
+1 7160451
+3 3931228
-4 11793684
+1 15022907
+3 2386817
-4 7160451
+1 7160451
+3 7862456
fi=(196)
295 5090
cob=(3)
cfi=(203)
cfn=(2080)
calls=1018 35 
* 110252
* 1018
fe=(118)
3620 3054
cfi=(114)
cfn=(2098)
calls=1018 48 
* 1018
+1 3054
+47 1544411
-4 3088822
+4 1544411
-4 6177644
+4 1544411
-4 4633233
3560 1
+2 1
-3 1
+2 1
-1 1
+2 1
cfn=(2074)
calls=1 494 
* 6
+4 2
+1 4

fl=(119)
fn=(2802) earthGravity2::populate_VW_prime(probeEphemVar&)
706 982800
+11 140400
-7 140400
-4 140400
+11 140400
-6 140400
+1 280800
-2 280800
+1 421200
+1 280800
+1 421200
+4 1263600
+4 280800
-4 140400
+4 702000
+4 1684800
+2 982800
-2 140400
+2 982800
-2 140400
+2 18673200
-2 2667600
+2 18673200
-2 2667600
+7 1965600
+2 982800
+1 140400
-1 1123200
+1 842400
+3 140400
-3 561600
+3 140400
-4 19656000
+1 2808000
-1 22464000
+1 16848000
+3 2808000
-3 11232000
+3 2808000
+2 16848000
+1 19656000
+4 8424000
-4 140400
+4 29764800
+2 45349200
+1 18673200
-3 2667600
+3 13338000
-3 2667600
+2 408142800
+1 168058800
-3 24008400
+3 120042000
-3 29905200
-13 12074400
+22 1123200

fn=(2262) earthGravity2::generate_denorm_factors(long double**&, int, int)
540 2
+8 1
-8 2
+8 1
-8 2
+8 1
-8 1
+5 1
+3 1
-3 1
-5 1
+5 2
+1 4
+4 1
-2 2
+5 123
+1 40
-1 80
+1 6090
-1 210
+1 420
-1 230
-5 42
+1 40
+1 421
+4 2
+4 8

fn=(1140) _GLOBAL__sub_I__ZN13earthGravity2C2Ev
801 1
fi=(101)
74 2
cob=(7)
cfi=(75)
cfn=(574)
calls=1 -74 
* 24
* 1
* 3
fe=(119)
801 1
fi=(101)
74 1
cob=(3)
cfi=(76)
cfn=(354)
calls=1 -17 
* 66
* 1
fe=(119)

fn=(2176)
42 1
-2 2
+2 1
+1 1
+1 2
+2 1
cfn=(2178) earthGravity2::populate_coef_arrays()
calls=1 +23 
* 271893846
+2 7
+2 2

fn=(2800)
759 1123200
+4 140400
cfn=(2802)
calls=140400 -57 
* 1057773600
+2 140400
+6 140400
-6 280800
+6 140400
-5 280800
+1 280800
+4 22183200
+2 19656000
-2 702000
+2 64162800
+2 240084000
+1 133380000
-1 26676000
+1 106704000
+2 133380000
+1 133380000
-1 26676000
+1 106704000
+2 133380000
-8 26676000
+8 160056000
-8 26676000
+2 25272000
+1 14040000
-1 2808000
+1 11232000
+2 14040000
+1 14040000
-1 2808000
+1 11232000
+2 14040000
-8 2808000
+8 16848000
-8 5896800
+12 140400
-14 421200
+14 140400
+2 842400
+2 982800
+2 1544400
-20 140400
+14 2808000
-14 8424000
+14 2808000
+2 16848000
+2 19656000
+2 30888000
-20 2948400
+26 702000
+1 280800
+1 280800
+2 1123200

fn=(2178)
69 2
fi=(139)
1149 1
fe=(119)
69 2
fi=(139)
1149 1
fe=(119)
69 5
fi=(139)
1149 1
275 2
fe=(119)
69 3
fi=(139)
275 4
1149 1
cob=(7)
cfi=(75)
cfn=(1268)
calls=1 0 
* 350
* 1
* 5
cob=(7)
cfi=(75)
cfn=(1268)
calls=1 0 
* 348
* 1
* 5
cob=(7)
cfi=(75)
cfn=(1268)
calls=1 0 
* 348
* 1
* 5
cob=(7)
cfi=(75)
cfn=(1268)
calls=1 0 
* 348
* 1
* 5
cob=(7)
cfi=(75)
cfn=(1268)
calls=1 0 
* 348
* 1
* 5
cob=(7)
cfi=(75)
cfn=(1268)
calls=1 0 
* 348
* 1
* 5
cob=(7)
cfi=(75)
cfn=(1268)
calls=1 0 
* 348
* 1
* 5
cob=(7)
cfi=(75)
cfn=(1268)
calls=1 0 
* 348
* 1
fe=(119)
97 1
fi=(208) /usr/include/c++/4.9/bits/basic_string.tcc
700 1
fi=(139)
275 1
fe=(119)
97 1
fi=(139)
725 1
fi=(208)
-25 3
cob=(7)
cfi=(75)
cfn=(1674) std::string::reserve(unsigned long)
calls=1 0 
* 276
cob=(1)
cfi=(49)
cfn=(200)
calls=1 34 
* 901
* 5
+1 4
cob=(7)
cfi=(75)
cfn=(2192) std::string::append(char const*, unsigned long)
calls=1 0 
* 57
cob=(1)
cfi=(49)
cfn=(200)
calls=1 34 
* 939
* 5
+1 3
cob=(7)
cfi=(75)
cfn=(2198) std::string::append(std::string const&)
calls=1 0 
* 58
cob=(1)
cfi=(49)
cfn=(200)
calls=1 34 
* 939
* 5
fi=(139)
592 3
cob=(7)
cfi=(75)
cfn=(2204) std::string::swap(std::string&)
calls=1 0 
* 11
cob=(1)
cfi=(49)
cfn=(200)
calls=1 34 
* 886
* 5
293 1
+8 1
-61 2
fi=(172)
456 1
fi=(139)
293 1
fi=(172)
456 1
cob=(7)
cfi=(75)
cfn=(930)
calls=1 0 
* 88
* 1
fi=(142)
607 1
fi=(172)
456 1
fi=(142)
608 1
-1 1
fi=(172)
456 1
fi=(142)
608 1
fi=(172)
456 2
fi=(142)
607 1
fi=(172)
456 4
fi=(142)
607 3
+1 2
cob=(7)
cfi=(75)
cfn=(936)
calls=1 0 
* 888
* 1
fi=(143)
471 5
cob=(7)
cfi=(75)
cfn=(1326)
calls=1 0 
* 315
* 1
+2 4
cob=(7)
cfi=(75)
cfn=(936)
calls=1 0 
* 888
* 1
+70 5
cob=(7)
cfi=(75)
cfn=(1350)
calls=1 0 
* 788
* 1
* 1
+1 2
-1 1
+5 3
cob=(7)
cfi=(75)
cfn=(1416)
calls=1 0 
* 6
* 1
fe=(119)
100 2
fi=(173)
535 3
fe=(119)
106 1
fi=(173)
535 1
cob=(7)
cfi=(75)
cfn=(1212)
calls=1 0 
* 276
* 1
fe=(119)
105 3
cob=(7)
cfi=(75)
cfn=(2034) std::ostream::operator<<(int)
calls=1 0 
* 374
* 1
fi=(173)
535 3
fe=(119)
105 1
fi=(173)
535 1
cob=(7)
cfi=(75)
cfn=(1212)
calls=1 0 
* 221
* 1
fi=(139)
293 1
2777 3
cob=(7)
cfi=(75)
cfn=(1212)
calls=1 0 
* 266
* 1
* 1
fi=(173)
565 1
fi=(172)
444 2
48 2
fi=(147)
867 3
fi=(173)
565 2
cob=(7)
cfi=(75)
cfn=(1854)
calls=1 0 
* 243
* 1
+22 2
cob=(7)
cfi=(75)
cfn=(1872)
calls=1 0 
* 71
* 1
fe=(119)
108 6
cfi=(113)
cfn=(2216) dmatrix(long double**&, int, int)
calls=1 -99 
* 8112
+1 6
cfi=(113)
cfn=(2216)
calls=1 9 
* 6206
+2 6
cfi=(113)
cfn=(2216)
calls=1 9 
* 5855
+1 6
cfi=(113)
cfn=(2216)
calls=1 9 
* 5925
+2 6
cfi=(113)
cfn=(2216)
calls=1 9 
* 6206
+2 6
cfi=(113)
cfn=(2216)
calls=1 9 
* 5855
+1 6
cfi=(113)
cfn=(2216)
calls=1 9 
* 5925
+2 4
+1 4
+6 3
+46 2
+63 2
+73 2
+64 2
+47 2
+53 2
fi=(143)
581 3
cob=(7)
cfi=(75)
cfn=(1920)
calls=1 0 
* 672
* 1
* 2
fe=(119)
-62 4
cfn=(2260) earthGravity2::denorm_coef(long double**&, long double**&)
calls=1 683 
* 23083
+47 10
+2 144
+2 40
-2 80
+2 300
-2 20
+2 100
-2 400
+2 2850
-2 190
+2 950
-2 270
-2 40
+2 6
-2 4
-44 2
cfi=(113)
cfn=(2264) free_dmatrix(long double**, int)
calls=1 83 
* 3259
+1 4
cfi=(113)
cfn=(2264)
calls=1 83 
* 3275
fi=(143)
220 1
502 2
220 2
cob=(7)
cfi=(75)
cfn=(1920)
calls=1 0 
* 20
* 1
* 2
cob=(7)
cfi=(75)
cfn=(1982)
calls=1 0 
* 18
* 1
fi=(193)
-22 3
cob=(7)
cfi=(75)
cfn=(954)
calls=1 0 
* 12
* 1
fi=(142)
-94 1
fi=(172)
276 1
fi=(142)
104 2
fi=(172)
276 2
cob=(7)
cfi=(75)
cfn=(1902)
calls=1 0 
* 53
* 1
* 2
fi=(139)
+17 1
+8 2
fe=(119)
525 11
fi=(139)
240 2
+53 1
+8 1
-61 2
+53 1
+8 1
-61 2
+53 1
+8 1
-61 2
+53 1
+8 1
-61 2
+53 1
+8 1
-61 2
+53 1
+8 1
-61 2
+53 1
+8 1
-61 2
+53 1
+8 1
-61 2
fi=(192)
67 1
+1 3
fe=(119)
375 1
+1 1
-1 1
+1 2
fi=(142)
+52 1
fi=(172)
+16 2
48 2
fi=(142)
428 2
fi=(172)
+16 4
48 4
fi=(147)
867 9
fi=(142)
428 12
cob=(7)
cfi=(75)
cfn=(1444)
calls=3 0 
* 715
* 3
fe=(119)
-49 7
+4 80742
+3 60897
cob=(7)
cfi=(75)
cfn=(1654) std::basic_istream<char, std::char_traits<char> >& std::operator>><char, std::char_traits<char> >(std::basic_istream<char, std::char_traits<char> >&, char&)
calls=20299 0 
* 1888214
* 20299
* 304485
cob=(7)
cfi=(75)
cfn=(1654)
calls=101495 0 
* 7715007
* 101495
* 243588
+1 60897
cob=(7)
cfi=(75)
cfn=(2232)
calls=20299 0 
* 9383781
cob=(1)
cfi=(49)
cfn=(200)
calls=1 34 
* 858
* 20303
+2 60897
+3 41208
+1 15453
fi=(142)
219 15453
cob=(7)
cfi=(75)
cfn=(2238)
calls=5151 0 
* 16338033
* 5151
* 45444
cob=(7)
cfi=(75)
cfn=(2238)
calls=15148 0 
* 47813152
cob=(1)
cfi=(49)
cfn=(200)
calls=1 34 
* 1103
* 15152
* 60897
cob=(7)
cfi=(75)
cfn=(2238)
calls=20299 0 
* 63991535
* 20299
* 81196
cob=(7)
cfi=(75)
cfn=(2238)
calls=20299 0 
* 45558275
* 20299
* 60897
cob=(7)
cfi=(75)
cfn=(2238)
calls=20299 0 
* 45450569
* 20299
* 60897
cob=(7)
cfi=(75)
cfn=(2238)
calls=20299 0 
* 26022940
* 20299
fe=(119)
404 61581
+2 684
-23 228
+23 456
+1 912
-24 230
+14 45444
cob=(7)
cfi=(75)
cfn=(2232)
calls=15148 0 
* 6060819
* 15148
* 15148
fi=(139)
245 2
+4 2
cob=(7)
cfi=(75)
cfn=(1726)
calls=1 0 
* 93
* 1
* 1
fi=(192)
67 1
+1 1
fi=(139)
245 1
fi=(192)
68 1
fi=(139)
245 1
+4 2
cob=(7)
cfi=(75)
cfn=(1726)
calls=1 0 
* 89
* 1
* 1
fi=(192)
67 1
+1 1
fi=(139)
245 1
fi=(192)
68 1
fi=(139)
245 1
+4 2
cob=(7)
cfi=(75)
cfn=(1726)
calls=1 0 
* 93
* 1
* 1
fi=(192)
67 1
+1 1
fi=(139)
245 1
fi=(192)
68 1
fi=(139)
245 1
+4 2
cob=(7)
cfi=(75)
cfn=(1726)
calls=1 0 
* 93
* 1
* 1
fi=(192)
67 1
+1 1
fi=(139)
245 1
fi=(192)
68 1
fi=(139)
245 1
+4 2
cob=(7)
cfi=(75)
cfn=(1726)
calls=1 0 
* 93
* 1
* 1
fi=(192)
67 1
+1 1
fi=(139)
245 1
fi=(192)
68 1
fi=(139)
245 1
+4 2
cob=(7)
cfi=(75)
cfn=(1726)
calls=1 0 
* 93
* 1
* 1
fi=(192)
67 1
+1 1
fi=(139)
245 1
fi=(192)
68 1
fi=(139)
245 1
+4 2
cob=(7)
cfi=(75)
cfn=(1726)
calls=1 0 
* 93
* 1
* 1
fi=(192)
67 1
+1 1
fi=(139)
245 1
fi=(192)
68 1
fi=(139)
245 1
+4 2
cob=(7)
cfi=(75)
cfn=(1726)
calls=1 0 
* 93
* 1
* 1
fi=(192)
67 1
+1 1
fi=(139)
245 1
fi=(192)
68 1
fi=(139)
245 1
+4 2
cob=(7)
cfi=(75)
cfn=(1726)
calls=1 0 
* 93
* 1
* 1
fe=(119)

fn=(2132)
24 1
-5 1
+1 1
+4 2
+1 2
+1 2

fn=(2260)
683 8
+4 1
-4 2
+4 5
cfi=(113)
cfn=(2216)
calls=1 9 
* 5679
+2 5
cfn=(2262)
calls=1 540 
* 7729
+2 14
+1 378
+1 252
+1 105
-2 21
+2 63
-2 21
+1 2520
+1 1050
-2 210
+2 630
-2 231
-1 105
+8 4
cfi=(113)
cfn=(2264)
calls=1 83 
* 4042
+2 8

fn=(2872)
55 1
+2 1
-2 1
+2 3
cfi=(113)
cfn=(2264)
calls=1 +26 
* 3424
+1 4
cfi=(113)
cfn=(2264)
calls=1 +25 
* 3424
+2 4
cfi=(113)
cfn=(2264)
calls=1 +23 
* 3275
+1 4
cfi=(113)
cfn=(2264)
calls=1 +22 
* 3275
+2 2
+2 1
-2 2
cfi=(113)
cfn=(2264)
calls=1 +20 
* 3424

fl=(104) /home/david/sgnlops/src/configureOPS.cpp
fn=(1080) _GLOBAL__sub_I__ZN12configureOPSC2Ev
185 1
fi=(101)
74 2
cob=(7)
cfi=(75)
cfn=(574)
calls=1 -74 
* 24
* 1
* 3
fe=(104)
185 1
fi=(101)
74 1
cob=(3)
cfi=(76)
cfn=(354)
calls=1 -17 
* 66
* 1
fe=(104)

fn=(1304) configureOPS::configureOPS(std::string const&)
22 6
fi=(139)
275 1
fe=(104)
22 1
cfi=(103)
cfn=(1306)
calls=1 -7 
* 12
+2 3
cfn=(1308) configureOPS::load(std::string const&)
calls=1 +11 
* 198295
+1 1
-1 1
+1 1
fi=(196)
+79 4
cob=(3)
cfi=(197)
cfn=(1992)
calls=1 -78 
* 436
cob=(1)
cfi=(49)
cfn=(200)
calls=1 -70 
* 1226
* 5
fe=(104)
-73 2
cfn=(1996) configureOPS::print()
calls=1 +86 
* 72411
+1 4

fn=(1308)
35 2
+2 1
-2 2
+2 1
-2 3
+3 1
+1 1
-4 1
fi=(139)
293 1
fe=(104)
35 3
+2 2
+1 1
+1 1
-2 33
+1 1
-1 1
+1 34
+1 1
-1 1
+1 35
fi=(172)
456 2
cob=(7)
cfi=(75)
cfn=(930)
calls=1 0 
* 88
cob=(1)
cfi=(49)
cfn=(200)
calls=1 34 
* 947
* 5
fi=(142)
607 1
fi=(172)
456 1
fi=(142)
608 1
-1 1
fi=(172)
456 1
fi=(142)
608 1
fi=(172)
456 2
fi=(142)
607 1
fi=(172)
456 4
fi=(142)
607 3
+1 2
cob=(7)
cfi=(75)
cfn=(936)
calls=1 0 
* 888
cob=(1)
cfi=(49)
cfn=(200)
calls=1 34 
* 1720
* 5
fi=(143)
471 5
cob=(7)
cfi=(75)
cfn=(1326)
calls=1 0 
* 3290
cob=(1)
cfi=(49)
cfn=(200)
calls=1 34 
* 1359
* 5
+2 4
cob=(7)
cfi=(75)
cfn=(936)
calls=1 0 
* 888
* 1
+70 5
cob=(7)
cfi=(75)
cfn=(1350)
calls=1 0 
* 6312
cob=(1)
cfi=(49)
cfn=(200)
calls=1 34 
* 1681
* 5
* 1
+1 2
-1 1
+5 3
cob=(7)
cfi=(75)
cfn=(1416)
calls=1 0 
* 6
cob=(1)
cfi=(49)
cfn=(200)
calls=1 34 
* 1569
* 5
* 1
fe=(104)
45 2
fi=(143)
228 1
fe=(104)
57 1
fi=(143)
228 1
cob=(7)
cfi=(75)
cfn=(1356) std::__basic_file<char>::is_open() const
calls=1 0 
* 3
cob=(1)
cfi=(49)
cfn=(200)
calls=1 34 
* 1196
* 5
fe=(104)
45 1
fi=(143)
228 1
fe=(104)
45 1
fi=(146)
+59 70
fi=(142)
428 264
cob=(7)
cfi=(75)
cfn=(1444)
calls=66 0 
* 14544
* 66
* 4
cob=(7)
cfi=(75)
cfn=(1444)
calls=1 0 
* 6092
cob=(1)
cfi=(49)
cfn=(200)
calls=1 34 
* 955
* 5
fe=(104)
57 402
cob=(3)
cfi=(152)
cfn=(1492)
calls=67 -30 
* 55533
cob=(1)
cfi=(49)
cfn=(200)
calls=1 -23 
* 1198
* 71
+3 341
+1 338
+1 338
+1 338
+1 338
+1 338
+1 338
+1 342
+1 358
+2 359
+1 365
+2 351
+2 348
+1 352
+2 349
+1 354
+2 348
+1 341
+1 342
+1 339
+1 350
+2 340
+5 335
+1 335
+2 348
+1 370
+1 431
-42 136
fi=(142)
428 67
fi=(172)
+16 134
48 134
fi=(147)
867 134
+2 2
cob=(7)
cfi=(75)
cfn=(1430) std::ctype<char>::_M_widen_init() const
calls=1 0 
* 2362
cob=(1)
cfi=(49)
cfn=(200)
calls=1 34 
* 1178
* 5
+1 5
fi=(143)
220 1
502 2
220 2
cob=(7)
cfi=(75)
cfn=(1920)
calls=1 0 
* 20
* 1
* 2
cob=(7)
cfi=(75)
cfn=(1982)
calls=1 0 
* 18
cob=(1)
cfi=(49)
cfn=(200)
calls=1 34 
* 1075
* 5
fi=(193)
-22 3
cob=(7)
cfi=(75)
cfn=(954)
calls=1 0 
* 12
* 1
fi=(142)
-94 2
fi=(172)
276 1
fi=(142)
104 2
fi=(172)
276 2
cob=(7)
cfi=(75)
cfn=(1902)
calls=1 0 
* 53
* 1
fe=(104)
110 12
fi=(146)
-6 8
cob=(3)
cfi=(157)
cfn=(1514)
calls=2 -74 
* 72
* 2
* 6
cob=(3)
cfi=(157)
cfn=(1514)
calls=1 -74 
* 52
* 1
* 1
fi=(169) /usr/include/stdlib.h
280 4
cob=(3)
cfi=(170)
cfn=(1552)
calls=1 108 
* 106
* 1
fe=(104)
87 3
fi=(169)
280 4
cob=(3)
cfi=(170)
cfn=(1552)
calls=1 108 
* 106
* 1
fe=(104)
86 3
fi=(169)
280 4
cob=(3)
cfi=(170)
cfn=(1552)
calls=1 108 
* 106
* 1
fe=(104)
84 3
fi=(169)
280 4
cob=(3)
cfi=(170)
cfn=(1552)
calls=1 108 
* 106
* 1
fe=(104)
83 3
fi=(169)
280 4
cob=(3)
cfi=(170)
cfn=(1552)
calls=1 108 
* 106
* 1
fe=(104)
82 2
fi=(169)
280 4
cob=(3)
cfi=(170)
cfn=(1552)
calls=1 108 
* 106
* 1
fe=(104)
81 3
fi=(169)
280 4
cob=(3)
cfi=(170)
cfn=(1552)
calls=1 108 
* 106
* 1
fe=(104)
80 3
fi=(169)
280 4
cob=(3)
cfi=(170)
cfn=(1552)
calls=1 108 
* 106
* 1
fe=(104)
78 3
fi=(169)
280 4
cob=(3)
cfi=(170)
cfn=(1552)
calls=1 108 
* 106
* 1
fe=(104)
77 3
fi=(169)
280 4
cob=(3)
cfi=(170)
cfn=(1552)
calls=1 108 
* 127
* 1
* 6
cob=(3)
cfi=(170)
cfn=(1552)
calls=1 108 
* 106
* 1
* 2
fi=(158) /usr/include/x86_64-linux-gnu/bits/stdlib-float.h
28 3
cob=(3)
cfi=(159)
cfn=(1522)
calls=1 +41 
* 402
* 1
fe=(104)
+44 2
fi=(169)
280 4
cob=(3)
cfi=(170)
cfn=(1552)
calls=1 108 
* 106
cob=(1)
cfi=(49)
cfn=(200)
calls=1 34 
* 1160
* 5
* 2
fi=(158)
28 3
cob=(3)
cfi=(159)
cfn=(1522)
calls=1 +41 
* 494
* 1
fe=(104)
+41 2
fi=(158)
-41 3
cob=(3)
cfi=(159)
cfn=(1522)
calls=1 +41 
* 448
* 1
fe=(104)
+39 2
fi=(158)
-39 3
cob=(3)
cfi=(159)
cfn=(1522)
calls=1 +41 
* 934
* 1
fe=(104)
+38 2
fi=(158)
-38 3
cob=(3)
cfi=(159)
cfn=(1522)
calls=1 +41 
* 934
* 1
fe=(104)
+37 2
fi=(158)
-37 3
cob=(3)
cfi=(159)
cfn=(1522)
calls=1 +41 
* 898
* 1
fe=(104)
+36 2
fi=(158)
-36 3
cob=(3)
cfi=(159)
cfn=(1522)
calls=1 +41 
* 960
* 1
fe=(104)
+35 2
fi=(158)
-35 3
cob=(3)
cfi=(159)
cfn=(1522)
calls=1 +41 
* 948
* 1
fe=(104)
+34 2
fi=(158)
-34 3
cob=(3)
cfi=(159)
cfn=(1522)
calls=1 +41 
* 853
cob=(1)
cfi=(49)
cfn=(200)
calls=1 +6 
* 1176
* 5
fe=(104)
+33 2
fi=(146)
+43 4
cob=(3)
cfi=(157)
cfn=(1514)
calls=1 -74 
* 70
cob=(1)
cfi=(49)
cfn=(200)
calls=1 -70 
* 1250
* 5
* 1
fe=(104)
+1 2
cfn=(1560) configureOPS::setTimetagT0()
calls=1 +51 
* 62803
fi=(143)
581 3
cob=(7)
cfi=(75)
cfn=(1920)
calls=1 0 
* 7607
cob=(1)
cfi=(49)
cfn=(200)
calls=1 34 
* 1435
* 5
* 2
fi=(169)
280 4
cob=(3)
cfi=(170)
cfn=(1552)
calls=1 108 
* 148
* 1
* 3
fe=(104)

fn=(1996)
117 2
fi=(173)
535 1
fe=(104)
117 1
fi=(173)
535 1
fe=(104)
117 1
fi=(173)
535 1
fe=(104)
117 1
fi=(280)
633 1
fi=(173)
-98 1
cob=(7)
cfi=(75)
cfn=(1212)
calls=1 0 
* 467
* 1
+30 1
fi=(172)
444 2
48 2
fi=(147)
867 3
fi=(173)
565 1
fe=(104)
121 1
fi=(173)
565 1
cob=(7)
cfi=(75)
cfn=(1854)
calls=1 0 
* 243
* 1
+22 2
cob=(7)
cfi=(75)
cfn=(1872)
calls=1 0 
* 71
* 1
-52 4
cob=(7)
cfi=(75)
cfn=(1212)
calls=1 0 
* 230
* 1
* 4
cob=(7)
cfi=(75)
cfn=(1212)
calls=1 0 
* 230
* 1
-3 2
fi=(199)
263 2
cob=(3)
cfi=(97)
cfn=(730)
calls=1 66 
* 34
cob=(1)
cfi=(49)
cfn=(200)
calls=1 34 
* 1136
* 5
fi=(173)
535 4
cob=(7)
cfi=(75)
cfn=(1212)
calls=1 0 
* 334
* 1
* 4
cob=(7)
cfi=(75)
cfn=(1212)
calls=1 0 
* 254
* 1
+30 1
fi=(172)
444 2
48 2
fi=(147)
867 3
fi=(173)
565 2
cob=(7)
cfi=(75)
cfn=(1854)
calls=1 0 
* 243
* 1
+22 2
cob=(7)
cfi=(75)
cfn=(1872)
calls=1 0 
* 71
* 1
fe=(104)
122 1
fi=(173)
535 3
fe=(104)
122 1
fi=(173)
535 1
cob=(7)
cfi=(75)
cfn=(1212)
calls=1 0 
* 230
* 1
* 4
cob=(7)
cfi=(75)
cfn=(1212)
calls=1 0 
* 230
* 1
221 3
cob=(7)
cfi=(75)
cfn=(2012)
calls=1 0 
* 5816
cob=(1)
cfi=(49)
cfn=(200)
calls=1 34 
* 1074
* 5
535 1
221 1
535 3
cob=(7)
cfi=(75)
cfn=(1212)
calls=1 0 
* 221
* 1
+30 1
fi=(172)
444 2
48 2
fi=(147)
867 3
fi=(173)
565 2
cob=(7)
cfi=(75)
cfn=(1854)
calls=1 0 
* 243
* 1
+22 2
cob=(7)
cfi=(75)
cfn=(1872)
calls=1 0 
* 71
* 1
fe=(104)
123 1
fi=(173)
535 3
fe=(104)
123 1
fi=(173)
535 1
cob=(7)
cfi=(75)
cfn=(1212)
calls=1 0 
* 230
* 1
* 4
cob=(7)
cfi=(75)
cfn=(1212)
calls=1 0 
* 230
* 1
221 3
cob=(7)
cfi=(75)
cfn=(2012)
calls=1 0 
* 4276
* 1
535 1
221 1
535 3
cob=(7)
cfi=(75)
cfn=(1212)
calls=1 0 
* 221
* 1
+30 1
fi=(172)
444 2
48 2
fi=(147)
867 3
fi=(173)
565 2
cob=(7)
cfi=(75)
cfn=(1854)
calls=1 0 
* 243
* 1
+22 2
cob=(7)
cfi=(75)
cfn=(1872)
calls=1 0 
* 71
* 1
fe=(104)
124 1
fi=(173)
535 3
fe=(104)
124 1
fi=(173)
535 1
cob=(7)
cfi=(75)
cfn=(1212)
calls=1 0 
* 230
* 1
* 4
cob=(7)
cfi=(75)
cfn=(1212)
calls=1 0 
* 230
* 1
221 3
cob=(7)
cfi=(75)
cfn=(2012)
calls=1 0 
* 4413
* 1
535 1
221 1
535 3
cob=(7)
cfi=(75)
cfn=(1212)
calls=1 0 
* 221
* 1
+30 1
fi=(172)
444 2
48 2
fi=(147)
867 3
fi=(173)
565 2
cob=(7)
cfi=(75)
cfn=(1854)
calls=1 0 
* 243
* 1
+22 2
cob=(7)
cfi=(75)
cfn=(1872)
calls=1 0 
* 71
* 1
fe=(104)
125 1
fi=(173)
535 3
fe=(104)
125 1
fi=(173)
535 1
cob=(7)
cfi=(75)
cfn=(1212)
calls=1 0 
* 230
* 1
* 4
cob=(7)
cfi=(75)
cfn=(1212)
calls=1 0 
* 230
* 1
221 3
cob=(7)
cfi=(75)
cfn=(2012)
calls=1 0 
* 4120
* 1
535 1
221 1
535 3
cob=(7)
cfi=(75)
cfn=(1212)
calls=1 0 
* 240
* 1
+30 1
fi=(172)
444 2
48 2
fi=(147)
867 3
fi=(173)
565 2
cob=(7)
cfi=(75)
cfn=(1854)
calls=1 0 
* 243
* 1
+22 2
cob=(7)
cfi=(75)
cfn=(1872)
calls=1 0 
* 71
* 1
fe=(104)
126 1
fi=(173)
535 3
fe=(104)
126 1
fi=(173)
535 1
cob=(7)
cfi=(75)
cfn=(1212)
calls=1 0 
* 230
* 1
* 4
cob=(7)
cfi=(75)
cfn=(1212)
calls=1 0 
* 230
* 1
221 3
cob=(7)
cfi=(75)
cfn=(2012)
calls=1 0 
* 4182
* 1
535 1
221 1
535 3
cob=(7)
cfi=(75)
cfn=(1212)
calls=1 0 
* 231
* 1
+30 1
fi=(172)
444 2
48 2
fi=(147)
867 3
fi=(173)
565 2
cob=(7)
cfi=(75)
cfn=(1854)
calls=1 0 
* 243
* 1
+22 2
cob=(7)
cfi=(75)
cfn=(1872)
calls=1 0 
* 71
* 1
fe=(104)
127 1
fi=(173)
535 3
fe=(104)
127 1
fi=(173)
535 1
cob=(7)
cfi=(75)
cfn=(1212)
calls=1 0 
* 230
* 1
* 4
cob=(7)
cfi=(75)
cfn=(1212)
calls=1 0 
* 230
* 1
221 3
cob=(7)
cfi=(75)
cfn=(2012)
calls=1 0 
* 4175
* 1
535 1
221 1
535 3
cob=(7)
cfi=(75)
cfn=(1212)
calls=1 0 
* 240
* 1
+30 1
fi=(172)
444 2
48 2
fi=(147)
867 3
fi=(173)
565 2
cob=(7)
cfi=(75)
cfn=(1854)
calls=1 0 
* 243
* 1
+22 2
cob=(7)
cfi=(75)
cfn=(1872)
calls=1 0 
* 71
* 1
fe=(104)
128 1
fi=(173)
535 3
fe=(104)
128 1
fi=(173)
535 1
cob=(7)
cfi=(75)
cfn=(1212)
calls=1 0 
* 240
* 1
* 4
cob=(7)
cfi=(75)
cfn=(1212)
calls=1 0 
* 230
* 1
221 3
cob=(7)
cfi=(75)
cfn=(2012)
calls=1 0 
* 2757
* 1
535 1
221 1
535 3
cob=(7)
cfi=(75)
cfn=(1212)
calls=1 0 
* 231
* 1
+30 1
fi=(172)
444 2
48 2
fi=(147)
867 3
fi=(173)
565 2
cob=(7)
cfi=(75)
cfn=(1854)
calls=1 0 
* 243
* 1
+22 2
cob=(7)
cfi=(75)
cfn=(1872)
calls=1 0 
* 71
* 1
fe=(104)
129 1
fi=(173)
535 3
fe=(104)
129 1
fi=(173)
535 1
cob=(7)
cfi=(75)
cfn=(1212)
calls=1 0 
* 310
* 1
* 4
cob=(7)
cfi=(75)
cfn=(1212)
calls=1 0 
* 216
* 1
221 3
cob=(7)
cfi=(75)
cfn=(2012)
calls=1 0 
* 3128
* 1
535 1
221 1
535 3
cob=(7)
cfi=(75)
cfn=(1212)
calls=1 0 
* 245
* 1
+30 1
fi=(172)
444 2
48 2
fi=(147)
867 3
fi=(173)
565 2
cob=(7)
cfi=(75)
cfn=(1854)
calls=1 0 
* 243
* 1
+22 2
cob=(7)
cfi=(75)
cfn=(1872)
calls=1 0 
* 71
* 1
fe=(104)
130 1
fi=(173)
535 4
cob=(7)
cfi=(75)
cfn=(1212)
calls=1 0 
* 275
* 1
* 4
cob=(7)
cfi=(75)
cfn=(1212)
calls=1 0 
* 221
* 1
fe=(104)
130 3
cob=(7)
cfi=(75)
cfn=(2034)
calls=1 0 
* 1141
cob=(1)
cfi=(49)
cfn=(200)
calls=1 -96 
* 835
* 5
* 1
fi=(173)
565 1
fi=(172)
444 2
48 2
fi=(147)
867 3
fi=(173)
565 2
cob=(7)
cfi=(75)
cfn=(1854)
calls=1 0 
* 243
* 1
+22 2
cob=(7)
cfi=(75)
cfn=(1872)
calls=1 0 
* 71
* 1
fe=(104)
131 1
fi=(173)
535 3
fe=(104)
131 1
fi=(173)
535 1
cob=(7)
cfi=(75)
cfn=(1212)
calls=1 0 
* 305
* 1
* 4
cob=(7)
cfi=(75)
cfn=(1212)
calls=1 0 
* 216
* 1
221 3
cob=(7)
cfi=(75)
cfn=(2012)
calls=1 0 
* 2356
* 1
535 1
221 1
535 3
cob=(7)
cfi=(75)
cfn=(1212)
calls=1 0 
* 245
* 1
+30 1
fi=(172)
444 2
48 2
fi=(147)
867 3
fi=(173)
565 2
cob=(7)
cfi=(75)
cfn=(1854)
calls=1 0 
* 243
* 1
+22 2
cob=(7)
cfi=(75)
cfn=(1872)
calls=1 0 
* 71
* 1
fe=(104)
132 1
fi=(173)
535 4
cob=(7)
cfi=(75)
cfn=(1212)
calls=1 0 
* 290
* 1
* 4
cob=(7)
cfi=(75)
cfn=(1212)
calls=1 0 
* 221
* 1
fe=(104)
132 3
cob=(7)
cfi=(75)
cfn=(2034)
calls=1 0 
* 374
* 1
* 1
fi=(173)
565 1
fi=(172)
444 2
48 2
fi=(147)
867 3
fi=(173)
565 2
cob=(7)
cfi=(75)
cfn=(1854)
calls=1 0 
* 243
* 1
+22 2
cob=(7)
cfi=(75)
cfn=(1872)
calls=1 0 
* 71
* 1
fe=(104)
133 1
fi=(173)
535 4
cob=(7)
cfi=(75)
cfn=(1212)
calls=1 0 
* 275
* 1
* 4
cob=(7)
cfi=(75)
cfn=(1212)
calls=1 0 
* 221
* 1
fe=(104)
133 3
cob=(7)
cfi=(75)
cfn=(2034)
calls=1 0 
* 391
* 1
* 1
fi=(173)
565 1
fi=(172)
444 2
48 2
fi=(147)
867 3
fi=(173)
565 1
fe=(104)
134 1
fi=(173)
565 1
cob=(7)
cfi=(75)
cfn=(1854)
calls=1 0 
* 243
* 1
+22 2
cob=(7)
cfi=(75)
cfn=(1872)
calls=1 0 
* 71
* 1
-52 4
cob=(7)
cfi=(75)
cfn=(1212)
calls=1 0 
* 275
* 1
* 4
cob=(7)
cfi=(75)
cfn=(1212)
calls=1 0 
* 221
* 1
fi=(199)
263 2
cob=(3)
cfi=(97)
cfn=(730)
calls=1 66 
* 16
* 1
fi=(173)
535 4
cob=(7)
cfi=(75)
cfn=(1212)
calls=1 0 
* 245
* 1
+30 1
fi=(172)
444 2
48 2
fi=(147)
867 3
fi=(173)
565 1
fe=(104)
135 1
fi=(173)
565 1
cob=(7)
cfi=(75)
cfn=(1854)
calls=1 0 
* 243
* 1
+22 2
cob=(7)
cfi=(75)
cfn=(1872)
calls=1 0 
* 71
* 1
-52 4
cob=(7)
cfi=(75)
cfn=(1212)
calls=1 0 
* 290
* 1
* 4
cob=(7)
cfi=(75)
cfn=(1212)
calls=1 0 
* 221
* 1
fi=(199)
263 2
cob=(3)
cfi=(97)
cfn=(730)
calls=1 66 
* 16
* 1
fi=(173)
535 4
cob=(7)
cfi=(75)
cfn=(1212)
calls=1 0 
* 230
* 1
+30 1
fi=(172)
444 2
48 2
fi=(147)
867 3
fi=(173)
565 2
cob=(7)
cfi=(75)
cfn=(1854)
calls=1 0 
* 243
* 1
+22 2
cob=(7)
cfi=(75)
cfn=(1872)
calls=1 0 
* 71
* 1
fe=(104)
136 1
fi=(173)
535 4
cob=(7)
cfi=(75)
cfn=(1212)
calls=1 0 
* 275
* 1
* 4
cob=(7)
cfi=(75)
cfn=(1212)
calls=1 0 
* 221
* 1
175 3
cob=(7)
cfi=(75)
cfn=(2044)
calls=1 0 
* 394
cob=(1)
cfi=(49)
cfn=(200)
calls=1 34 
* 1074
* 5
* 1
565 1
fi=(172)
444 2
48 2
fi=(147)
867 3
fi=(173)
565 2
cob=(7)
cfi=(75)
cfn=(1854)
calls=1 0 
* 243
* 1
+22 2
cob=(7)
cfi=(75)
cfn=(1872)
calls=1 0 
* 71
* 1
fe=(104)
137 1
fi=(173)
535 4
cob=(7)
cfi=(75)
cfn=(1212)
calls=1 0 
* 305
* 1
* 4
cob=(7)
cfi=(75)
cfn=(1212)
calls=1 0 
* 216
* 1
175 3
cob=(7)
cfi=(75)
cfn=(2044)
calls=1 0 
* 397
* 1
* 1
565 1
fi=(172)
444 2
48 2
fi=(147)
867 3
fi=(173)
565 2
cob=(7)
cfi=(75)
cfn=(1854)
calls=1 0 
* 243
* 1
+22 2
cob=(7)
cfi=(75)
cfn=(1872)
calls=1 0 
* 71
* 1
fe=(104)
138 1
fi=(173)
535 4
cob=(7)
cfi=(75)
cfn=(1212)
calls=1 0 
* 266
* 1
* 4
cob=(7)
cfi=(75)
cfn=(1212)
calls=1 0 
* 221
* 1
175 3
cob=(7)
cfi=(75)
cfn=(2044)
calls=1 0 
* 397
* 1
* 1
565 1
fi=(172)
444 2
48 2
fi=(147)
867 3
fi=(173)
565 2
cob=(7)
cfi=(75)
cfn=(1854)
calls=1 0 
* 243
* 1
+22 2
cob=(7)
cfi=(75)
cfn=(1872)
calls=1 0 
* 71
* 1
fe=(104)
139 1
fi=(173)
535 4
cob=(7)
cfi=(75)
cfn=(1212)
calls=1 0 
* 231
* 1
* 4
cob=(7)
cfi=(75)
cfn=(1212)
calls=1 0 
* 230
* 1
fe=(104)
139 3
cob=(7)
cfi=(75)
cfn=(2052)
calls=1 0 
* 374
cob=(1)
cfi=(49)
cfn=(200)
calls=1 34 
* 827
* 5
* 1
fi=(173)
565 1
fi=(172)
444 2
48 2
fi=(147)
867 3
fi=(173)
565 2
cob=(7)
cfi=(75)
cfn=(1854)
calls=1 0 
* 243
* 1
+22 2
cob=(7)
cfi=(75)
cfn=(1872)
calls=1 0 
* 71
* 1
fe=(104)
140 1
fi=(173)
535 4
cob=(7)
cfi=(75)
cfn=(1212)
calls=1 0 
* 231
* 1
* 4
cob=(7)
cfi=(75)
cfn=(1212)
calls=1 0 
* 230
* 1
175 3
cob=(7)
cfi=(75)
cfn=(2044)
calls=1 0 
* 394
* 1
* 1
565 1
fi=(172)
444 2
48 2
fi=(147)
867 3
fi=(173)
565 2
cob=(7)
cfi=(75)
cfn=(1854)
calls=1 0 
* 243
* 1
+22 2
cob=(7)
cfi=(75)
cfn=(1872)
calls=1 0 
* 71
* 1
fe=(104)
141 1
fi=(173)
535 4
cob=(7)
cfi=(75)
cfn=(1212)
calls=1 0 
* 231
* 1
* 4
cob=(7)
cfi=(75)
cfn=(1212)
calls=1 0 
* 230
* 1
175 3
cob=(7)
cfi=(75)
cfn=(2044)
calls=1 0 
* 397
* 1
* 1
565 1
fi=(172)
444 2
48 2
fi=(147)
867 3
fi=(173)
565 2
cob=(7)
cfi=(75)
cfn=(1854)
calls=1 0 
* 243
* 1
+22 2
cob=(7)
cfi=(75)
cfn=(1872)
calls=1 0 
* 71
* 1
fe=(104)
142 1
fi=(173)
535 4
cob=(7)
cfi=(75)
cfn=(1212)
calls=1 0 
* 299
* 1
* 4
cob=(7)
cfi=(75)
cfn=(1212)
calls=1 0 
* 221
* 1
175 3
cob=(7)
cfi=(75)
cfn=(2044)
calls=1 0 
* 394
* 1
* 1
565 1
fi=(172)
444 2
48 2
fi=(147)
867 3
fi=(173)
565 2
cob=(7)
cfi=(75)
cfn=(1854)
calls=1 0 
* 243
* 1
+22 2
cob=(7)
cfi=(75)
cfn=(1872)
calls=1 0 
* 71
* 1
fe=(104)
143 1
fi=(173)
535 4
cob=(7)
cfi=(75)
cfn=(1212)
calls=1 0 
* 240
* 1
* 4
cob=(7)
cfi=(75)
cfn=(1212)
calls=1 0 
* 230
* 1
175 3
cob=(7)
cfi=(75)
cfn=(2044)
calls=1 0 
* 397
* 1
* 1
565 1
fi=(172)
444 2
48 2
fi=(147)
867 3
fi=(173)
565 2
cob=(7)
cfi=(75)
cfn=(1854)
calls=1 0 
* 243
* 1
+22 2
cob=(7)
cfi=(75)
cfn=(1872)
calls=1 0 
* 71
* 1
fe=(104)
144 1
fi=(173)
535 4
cob=(7)
cfi=(75)
cfn=(1212)
calls=1 0 
* 261
* 1
* 4
cob=(7)
cfi=(75)
cfn=(1212)
calls=1 0 
* 221
* 1
fe=(104)
144 3
cob=(7)
cfi=(75)
cfn=(2034)
calls=1 0 
* 377
* 1
* 1
fi=(173)
565 1
fi=(172)
444 2
48 2
fi=(147)
867 3
fi=(173)
565 2
cob=(7)
cfi=(75)
cfn=(1854)
calls=1 0 
* 243
* 1
+22 2
cob=(7)
cfi=(75)
cfn=(1872)
calls=1 0 
* 71
* 1
fe=(104)
145 1
fi=(173)
535 4
cob=(7)
cfi=(75)
cfn=(1212)
calls=1 0 
* 252
* 1
* 4
cob=(7)
cfi=(75)
cfn=(1212)
calls=1 0 
* 221
* 1
fe=(104)
145 3
cob=(7)
cfi=(75)
cfn=(2034)
calls=1 0 
* 494
* 1
* 1
fi=(173)
565 1
fi=(172)
444 2
48 2
fi=(147)
867 3
fi=(173)
565 2
cob=(7)
cfi=(75)
cfn=(1854)
calls=1 0 
* 243
* 1
+22 2
cob=(7)
cfi=(75)
cfn=(1872)
calls=1 0 
* 71
* 1
fe=(104)
146 1
fi=(173)
535 4
cob=(7)
cfi=(75)
cfn=(1212)
calls=1 0 
* 296
* 1
* 4
cob=(7)
cfi=(75)
cfn=(1212)
calls=1 0 
* 216
* 1
fe=(104)
146 3
cob=(7)
cfi=(75)
cfn=(2034)
calls=1 0 
* 412
* 1
fi=(173)
535 1
fe=(104)
146 1
fi=(173)
535 3
cob=(7)
cfi=(75)
cfn=(1212)
calls=1 0 
* 245
* 1
+30 1
fi=(172)
444 2
48 2
fi=(147)
867 3
fi=(173)
565 2
cob=(7)
cfi=(75)
cfn=(1854)
calls=1 0 
* 243
* 1
fe=(104)
150 1
fi=(173)
587 1
fe=(104)
150 3
fi=(173)
587 1
cob=(7)
cfi=(75)
cfn=(1872)
calls=1 0 
* 71
* 1
fe=(104)

fn=(1560)
156 1
+1 1
-1 5
+1 1
-1 2
+1 1
-1 1
+1 1
cob=(7)
cfi=(75)
cfn=(1190)
calls=1 0 
* 339
* 1
fi=(139)
293 1
+23 3
+1 2
cob=(7)
cfi=(75)
cfn=(1578) std::string::_M_leak_hard()
calls=1 0 
* 9
cob=(1)
cfi=(49)
cfn=(200)
calls=1 34 
* 991
* 5
* 1
fe=(104)
159 3
fi=(139)
316 3
fe=(104)
165 4
fi=(172)
456 3
cob=(7)
cfi=(75)
cfn=(930)
calls=1 0 
* 88
* 1
fi=(142)
607 1
fi=(172)
456 1
fi=(142)
608 1
-1 1
fi=(172)
456 1
fi=(142)
608 1
fi=(172)
456 2
fi=(142)
607 1
fi=(172)
456 4
fi=(142)
607 3
+1 2
cob=(7)
cfi=(75)
cfn=(936)
calls=1 0 
* 888
* 1
fi=(173)
385 8
cob=(7)
cfi=(75)
cfn=(936)
calls=1 0 
* 888
* 1
fi=(142)
831 4
fi=(193)
466 1
fi=(174) /usr/include/c++/4.9/sstream
+89 3
fi=(193)
-89 9
cob=(7)
cfi=(75)
cfn=(580) std::locale::locale()
calls=1 0 
* 28
cob=(1)
cfi=(49)
cfn=(200)
calls=1 34 
* 925
* 5
fi=(139)
293 1
fi=(174)
113 7
cob=(7)
cfi=(75)
cfn=(1594) std::basic_string<char, std::char_traits<char>, std::allocator<char> >::basic_string(char const*, unsigned long, std::allocator<char> const&)
calls=1 0 
* 294
cob=(1)
cfi=(49)
cfn=(200)
calls=1 -79 
* 961
* 5
+53 4
-4 1
+4 2
cob=(7)
cfi=(75)
cfn=(1602) std::basic_stringbuf<char, std::char_traits<char>, std::allocator<char> >::_M_sync(char*, unsigned long, unsigned long)
calls=1 0 
* 1135
cob=(1)
cfi=(49)
cfn=(200)
calls=1 34 
* 1599
* 5
556 4
cob=(7)
cfi=(75)
cfn=(936)
calls=1 0 
* 888
* 1
fe=(104)
172 2
+2 1
-1 2
-1 2
fi=(142)
+15 2
fe=(104)
-13 1
-1 2
fi=(142)
+14 1
cob=(7)
cfi=(75)
cfn=(1614) std::istream& std::istream::_M_extract<long>(long&)
calls=1 0 
* 2010
cob=(1)
cfi=(49)
cfn=(200)
calls=1 34 
* 1111
* 5
fe=(104)
-15 4
cob=(7)
cfi=(75)
cfn=(1654)
calls=1 0 
* 76
cob=(1)
cfi=(49)
cfn=(200)
calls=1 34 
* 1561
* 5
fi=(142)
+15 3
cob=(7)
cfi=(75)
cfn=(1614)
calls=1 0 
* 1899
* 1
fe=(104)
-15 4
cob=(7)
cfi=(75)
cfn=(1654)
calls=1 0 
* 76
* 1
fi=(142)
+15 3
cob=(7)
cfi=(75)
cfn=(1614)
calls=1 0 
* 379
* 1
fe=(104)
-14 4
cob=(7)
cfi=(75)
cfn=(1654)
calls=1 0 
* 76
* 1
fi=(142)
+50 3
cob=(7)
cfi=(75)
cfn=(1666) std::istream& std::istream::_M_extract<long double>(long double&)
calls=1 0 
* 9921
cob=(1)
cfi=(49)
cfn=(200)
calls=1 34 
* 1111
* 5
fe=(104)
-50 4
cob=(7)
cfi=(75)
cfn=(1654)
calls=1 0 
* 76
* 1
fi=(142)
+50 3
cob=(7)
cfi=(75)
cfn=(1666)
calls=1 0 
* 1170
* 1
fe=(104)
-50 4
cob=(7)
cfi=(75)
cfn=(1654)
calls=1 0 
* 76
* 1
fi=(142)
+50 3
cob=(7)
cfi=(75)
cfn=(1666)
calls=1 0 
* 1420
* 1
fe=(104)
-47 3
cfi=(103)
cfn=(1744)
calls=1 26 
* 15
* 2
cfi=(103)
cfn=(1746)
calls=1 +31 
* 49
* 3
cfi=(103)
cfn=(1748)
calls=1 +64 
* 3
* 3
+1 2
cfi=(103)
cfn=(1750)
calls=1 -99 
* 27294
fi=(139)
293 1
fi=(174)
565 3
64 1
fi=(139)
301 1
-61 2
fi=(193)
-42 4
cob=(7)
cfi=(75)
cfn=(954)
calls=1 0 
* 12
cob=(1)
cfi=(49)
cfn=(200)
calls=1 34 
* 957
* 5
fi=(142)
827 2
fi=(173)
93 1
fi=(142)
827 1
fi=(173)
93 1
fi=(142)
+11 1
fi=(173)
-11 3
fi=(142)
+11 3
fi=(172)
276 4
cob=(7)
cfi=(75)
cfn=(1902)
calls=1 0 
* 1888
cob=(1)
cfi=(49)
cfn=(200)
calls=1 34 
* 987
* 5
* 1
fi=(139)
+17 1
+8 1
-61 2
fe=(104)
-55 8
fi=(192)
81 3
fi=(139)
245 2
+4 2
cob=(7)
cfi=(75)
cfn=(1726)
calls=1 0 
* 93
* 1
* 1
fi=(192)
81 3
fi=(139)
245 2
+4 2
cob=(7)
cfi=(75)
cfn=(1726)
calls=1 0 
* 89
cob=(1)
cfi=(49)
cfn=(200)
calls=1 34 
* 1134
* 5
* 1
fi=(192)
67 1
+1 2
+16 2
-17 1
+1 2
+16 2
fe=(104)

fl=(112) /home/david/sgnlops/src/erk87.cpp
fn=(2742) erk87::erk87(double)
17 8
cfi=(105)
cfn=(2156)
calls=1 -7 
* 30
* 2
cfi=(105)
cfn=(2156)
calls=1 -7 
* 30
* 2
cfi=(105)
cfn=(2156)
calls=1 -7 
* 30
* 2
cfi=(105)
cfn=(2156)
calls=1 -7 
* 30
* 2
cfi=(107)
cfn=(2148)
calls=1 * 
* 5
+2 2
cfn=(2744) erk87::populate_erk87_coefficient_arrays()
calls=1 197 
* 34538
+1 1
+1 1
-1 1
+1 2
-1 1
cfn=(2746) erk87::setStepSize(double)
calls=1 +4 
* 698

fn=(2744)
197 1
+2 1
-2 1
+2 2
cfi=(113)
cfn=(2298)
calls=1 28 
* 3871
+1 4
cfi=(113)
cfn=(2298)
calls=1 28 
* 3285
+1 4
cfi=(113)
cfn=(2298)
calls=1 28 
* 3375
+1 4
cfi=(113)
cfn=(2298)
calls=1 28 
* 3375
+2 4
cfi=(113)
cfn=(2298)
calls=1 28 
* 3522
+1 4
cfi=(113)
cfn=(2298)
calls=1 28 
* 3375
+1 4
cfi=(113)
cfn=(2298)
calls=1 28 
* 3375
+1 4
cfi=(113)
cfn=(2298)
calls=1 28 
* 3375
+2 4
cfi=(113)
cfn=(2298)
calls=1 28 
* 3362
+1 4
cfi=(113)
cfn=(2298)
calls=1 28 
* 3362
+2 2
+2 1
+1 1
-3 1
+5 1
+1 1
+2 1
-8 1
+2 1
+7 1
+1 1
-8 1
+1 1
+2 1
+7 1
+1 1
-8 1
+1 1
+2 1
+6 1
+2 1
-8 1
+2 1
-1 1
+3 1
+5 1
-5 1
+1 1
+1 1
+2 2
+1 1
+1 1
+1 1
-1 1
+1 1
+2 2
+1 1
+1 1
+1 1
+1 1
-4 1
+1 1
+1 1
+1 1
+1 1
+2 2
+1 1
+2 1
+1 1
+1 1
-3 1
-2 1
+1 1
+2 1
+1 1
+1 1
-3 1
+5 2
+1 1
-1 1
+1 1
+1 1
+1 1
+1 1
+1 1
+1 1
-4 1
+1 1
+1 1
+1 1
+1 1
+2 2
+1 1
-1 1
+1 1
+1 1
+1 1
+1 1
+1 1
+1 1
+1 1
-5 1
+1 1
+1 1
+1 1
+1 1
+1 1
+2 2
+1 1
+1 1
-2 1
+1 1
+1 1
+8 1
-7 1
+1 1
+1 1
-2 1
+1 1
+1 1
+1 1
+1 1
+1 1
+2 1
+1 1
+1 1
-6 1
+1 1
+1 1
+5 1
-3 1
+1 1
+1 1
+2 1
+1 1
+1 1
+1 1
+1 1
-5 1
+1 1
+1 1
+1 1
+1 1
+1 1
+2 3
+1 3
+1 3
+1 1
+2 1
-2 1
+1 3
+1 1
+1 1
-1 1
+1 1
+1 1
-1 1
+1 1
+1 1
-1 1
+1 1
+1 1
-1 1
+1 1
+1 1
-1 1
+1 1
+1 1
-1 1
+1 1
+2 3
+1 1
+6 1
-7 1
+1 1
+1 1
+6 1
-7 1
+1 1
+1 1
+7 1
-8 1
+1 1
+1 1
-1 1
+1 1
+1 1
-1 1
+1 1
+1 1
-1 1
+1 1
+5 1
-5 1
+1 1
+1 1
-1 1
+1 1
+2 3
+1 2
+1 2
+1 1
-1 1
+1 1
+1 1
+1 1
-2 1
+1 1
+2 1
+1 1
-3 1
+1 2
+1 1
+1 1
-1 1
+1 1
+1 2

fn=(2746)
24 1
+1 1
-1 3
+1 2
+2 17
+3 24
-1 36
+1 24
-1 12
+1 11
-1 11
+1 22
-1 11
+1 10
-1 10
+1 20
-1 10
+1 9
-1 9
+1 18
-1 9
+1 8
-1 8
+1 16
-1 8
+1 7
-1 7
+1 14
-1 7
+1 6
-1 6
+1 12
-1 6
+1 5
-1 5
+1 10
-1 5
+1 4
-1 4
+1 8
-1 4
+1 3
-1 3
+1 6
-1 3
+1 2
-1 2
+1 4
-1 2
+1 1
-1 1
+1 2
-1 1
+1 24
+2 12
-5 24
+5 24
+1 12
-1 12
+1 36
+1 12
-1 12
+1 48
-7 12
+5 1
-5 2
+5 2
+1 1
-1 1
+1 3
+1 1
-1 1
+1 4
-7 1
+9 3

fn=(2874) erk87::deallocateMemory()
179 2
+2 3
cfi=(113)
cfn=(2426)
calls=1 -87 
* 1421
+1 3
cfi=(113)
cfn=(2426)
calls=1 -88 
* 1421
+1 3
cfi=(113)
cfn=(2426)
calls=1 -89 
* 1425
+1 3
cfi=(113)
cfn=(2426)
calls=1 -90 
* 1425
+2 3
cfi=(113)
cfn=(2426)
calls=1 -92 
* 1425
+1 3
cfi=(113)
cfn=(2426)
calls=1 -93 
* 1425
+1 3
cfi=(113)
cfn=(2426)
calls=1 -94 
* 1425
+1 3
cfi=(113)
cfn=(2426)
calls=1 -95 
* 1425
+2 3
cfi=(113)
cfn=(2426)
calls=1 -97 
* 1425
+1 2
+1 1
-1 1
cfi=(113)
cfn=(2426)
calls=1 -98 
* 1425

fn=(1112) _GLOBAL__sub_I__ZN5erk87C2Ev
314 1
fi=(101)
74 2
cob=(7)
cfi=(75)
cfn=(574)
calls=1 -74 
* 24
* 1
* 3
fe=(112)
314 1
fi=(101)
74 1
cob=(3)
cfi=(76)
cfn=(354)
calls=1 -17 
* 66
* 1
fe=(112)

fn=(2748) erk87::propagate(rso&)
44 10800
+4 10800
-4 64800
+4 10800
-4 10800
+4 21600
-4 10800
+24 10800
+13 10800
-33 21600
cfi=(105)
cfn=(2432)
calls=10800 +14 
* 432000
+2 64800
cfi=(105)
cfn=(2432)
calls=10800 +12 
* 432000
+3 21600
+4 10800
-4 21600
+1 21600
+1 21600
+2 10800
cfi=(111)
cfn=(2750)
calls=10800 198 
* 329163958
+2 54000
+1 10800
-1 10800
+1 21600
+1 10800
-1 10800
+1 21600
+2 10800
-2 10800
+2 43200
+3 10800
-3 10800
+4 10800
+1 10800
-5 32400
+1 10800
-1 10800
+1 21600
-1 10800
+2 21600
-1 10800
+1 10800
-1 10800
+1 10800
-1 10800
+1 86400
+1 32400
+1 10800
-1 10800
+1 21600
+1 10800
-1 10800
+1 32400
+15 118800
cfi=(105)
cfn=(2432)
calls=32400 -21 
* 1296000
* 10800
cfi=(105)
cfn=(2432)
calls=10800 -21 
* 432000
* 86400
+2 43200
+2 259200
+2 43200
-2 43200
+2 43200
-2 43200
+1 43200
+2 43200
-3 43200
+1 129600
+2 86400
-2 43200
+1 43200
+2 86400
+1 43200
-3 86400
+1 129600
+1 129600
+1 129600
-7 75600
+2 64800
-2 32400
+2 32400
+1 32400
-1 32400
+1 32400
-1 32400
+2 32400
+1 32400
-3 64800
+1 32400
+1 32400
+1 64800
-2 64800
+1 32400
+2 64800
+1 32400
-3 64800
+1 97200
+1 97200
+1 64800
-7 54000
+2 43200
-2 21600
+2 21600
+1 21600
-1 21600
+1 21600
-1 21600
+2 21600
+1 21600
-3 43200
+1 21600
+1 21600
+1 43200
-2 43200
+1 21600
+2 43200
+1 21600
-3 43200
+1 64800
+1 64800
+1 43200
-7 32400
+2 21600
+3 10800
-3 10800
+1 10800
-1 10800
+1 10800
-1 10800
+2 10800
-2 21600
+1 10800
+1 10800
+1 21600
-2 21600
+1 10800
+2 21600
+1 10800
-3 21600
+1 32400
+1 32400
+1 248400
+4 32400
-15 10800
+15 118800
cfi=(103)
cfn=(1744)
calls=10800 -70 
* 162000
-4 32400
+4 97200
-15 32400
+15 356400
cfi=(103)
cfn=(1744)
calls=32400 -70 
* 486000
* 259200
cfi=(103)
cfn=(2386)
calls=43200 558 
* 7548228
* 216000
cfi=(103)
cfn=(2374)
calls=43200 -35 
* 777600
+2 86400
+4 86400
-4 86400
+1 86400
+1 86400
+2 43200
cfi=(106)
cfn=(2430)
calls=43200 -51 
* 7906025853
+1 86400
cfi=(111)
cfn=(2750)
calls=43200 +95 
* 1316684046
+2 172800
-24 43200
+24 43200
+1 86400
+1 86400
-26 64800
+36 32400
+7 10800
-7 10800
cfi=(105)
cfn=(2432)
calls=10800 -55 
* 432000
* 226800
+7 75600
-7 75600
cfi=(105)
cfn=(2432)
calls=75600 -55 
* 3024000
+2 259200
+3 86400
-3 345600
+1 86400
-1 86400
+1 86400
-1 86400
+2 86400
+1 86400
-3 86400
+1 86400
+1 86400
+1 172800
-2 172800
+1 86400
+2 172800
+1 86400
-3 172800
+1 259200
+1 259200
+1 2376000
+5 1166400
+1 388800
-1 388800
+1 388800
+1 388800
+1 777600
-5 388800
+2 388800
+2 388800
+1 388800
-3 777600
+1 388800
+2 388800
+1 777600
+1 388800
-4 777600
+1 1166400
+1 1166400
+1 1166400
+1 777600
-7 388800
+2 259200
+1 86400
-1 86400
+1 86400
+1 86400
+1 172800
-5 86400
+2 86400
+2 86400
+1 86400
-3 172800
+1 86400
+2 86400
+1 172800
+1 86400
-4 172800
+1 259200
+1 259200
+1 259200
+1 172800
-7 345600
+11 1209600
cfi=(103)
cfn=(1744)
calls=86400 26 
* 1296000
* 518400
cfi=(103)
cfn=(2386)
calls=86400 558 
* 15145476
* 432000
cfi=(103)
cfn=(2374)
calls=86400 -77 
* 1555200
+2 172800
+4 172800
-4 172800
+1 172800
+1 172800
+2 86400
cfi=(106)
cfn=(2430)
calls=86400 -93 
* 15813756433
+1 172800
cfi=(111)
cfn=(2750)
calls=86400 +53 
* 2633323399
+2 172800
-32 86400
+32 259200
+1 86400
-1 86400
+1 172800
+1 86400
-1 86400
+1 172800
+2 86400
-2 86400
+2 345600
+3 86400
-3 86400
+4 86400
+1 86400
-5 86400
+1 86400
-1 86400
+1 86400
+1 86400
-2 86400
+2 86400
-2 86400
+1 86400
-1 86400
+1 172800
+1 86400
-1 86400
+1 259200
+1 259200
+1 86400
-1 86400
+1 172800
+1 86400
-1 86400
+1 259200
-41 86400
+52 54000
cfi=(103)
cfn=(1744)
calls=10800 26 
* 162000
* 64800
cfi=(103)
cfn=(2386)
calls=10800 558 
* 1894410
* 54000
cfi=(103)
cfn=(2374)
calls=10800 61 
* 194400
+7 32400
cfi=(106)
cfn=(2430)
calls=10800 51 
* 1977503642
+2 86400

fl=(113)
fn=(2298)
28 11794398
+1 1684914
-1 1684914
+1 1684914
-1 1684914
+1 8424570
cob=(7)
cfi=(75)
cfn=(1410) operator new[](unsigned long)
calls=1684914 -29 
* 192084285
* 1684914
+3 1684914
-3 1684914
+3 1684914
+1 21903882
cob=(7)
cfi=(75)
cfn=(1410)
calls=1684914 -33 
* 192083779
* 1684914
* 10111713
cob=(7)
cfi=(75)
cfn=(1410)
calls=3370571 -33 
* 384317482
* 3370571
* 5055485
-1 10110970
+2 5054742
+6 15164226
cob=(3)
cfi=(209)
cfn=(2226)
calls=1684914 +13 
* 24011037
* 1684914
* 16852855
cob=(3)
cfi=(209)
cfn=(2226)
calls=3370571 +13 
* 48202863
* 3370571
-4 10110970
+7 13479312

fn=(2422) lubksb(double**, int, int**, double**)
245 60
-15 180
+15 240
+8 60
-8 180
+3 60
+1 60
+1 60
-2 120
+1 60
+1 60
-2 120
+1 120
+1 120
-2 240
+1 120
+1 120
+1 780
+1 180
-1 60
+1 60
-1 60
+1 60
-1 20
+1 20
-1 200
+4 540
-10 360
+12 540
+2 180
+1 120
-3 120
+2 360
+1 1080
+1 360
-1 120
+1 120
-1 120
+1 180
-1 60
+1 60
-1 60
+2 720
-5 360
+7 240
-11 360
+1 120

fn=(1116) _GLOBAL__sub_I__Z7dmatrixRPPeii
485 1
fi=(101)
74 2
cob=(7)
cfi=(75)
cfn=(574)
calls=1 -74 
* 24
* 1
* 3
fe=(113)
485 1
fi=(101)
74 1
cob=(3)
cfi=(76)
cfn=(354)
calls=1 -17 
* 66
* 1
fe=(113)

fn=(2216)
9 64
+1 8
-1 8
+1 8
-1 8
+1 32
cob=(7)
cfi=(75)
cfn=(1410)
calls=8 -10 
* 1775
cob=(1)
cfi=(49)
cfn=(200)
calls=1 +24 
* 768
* 12
+3 8
-3 8
+3 8
+1 112
cob=(7)
cfi=(75)
cfn=(1410)
calls=8 -14 
* 1588
* 8
* 489
cob=(7)
cfi=(75)
cfn=(1410)
calls=163 -14 
* 32363
* 163
* 171
-1 342
+8 8
-6 8
+6 24
-6 64
cob=(3)
cfi=(209)
cfn=(2226)
calls=8 +38 
* 429
cob=(1)
cfi=(49)
cfn=(200)
calls=1 +19 
* 1144
* 12
* 815
cob=(3)
cfi=(209)
cfn=(2226)
calls=163 +38 
* 8747
* 163
+2 342
+7 64

fn=(2264)
83 8
-1 32
+1 48
+2 684
cob=(7)
cfi=(75)
cfn=(1938) operator delete[](void*)
calls=171 -85 
* 23915
cob=(1)
cfi=(49)
cfn=(200)
calls=1 -51 
* 767
* 175
* 171
-2 342
+4 16
+2 8
-2 8
+2 16
-2 8
cob=(7)
cfi=(75)
cfn=(1938)
calls=8 -87 
* 1192
* 8

fn=(2426)
94 1684914
-1 6739656
+1 10109484
+2 20221940
cob=(7)
cfi=(75)
cfn=(1938)
calls=5055485 -96 
* 469637186
* 5055485
* 5055485
-2 10110970
+4 3369828
+2 1684914
-2 1684914
+2 3369828
-2 1684914
cob=(7)
cfi=(75)
cfn=(1938)
calls=1684914 -98 
* 156697203
* 1684914

fn=(2418)
283 200
48 40
cob=(7)
cfi=(75)
cfn=(1410)
calls=20 -48 
* 2376
* 20
* 40
+4 120
cob=(7)
cfi=(75)
cfn=(1410)
calls=20 -52 
* 2376
* 20
+5 20
-5 20
+5 20
+2 120
cob=(3)
cfi=(209)
cfn=(2226)
calls=20 -6 
* 300
* 20
-30 40
cob=(7)
cfi=(75)
cfn=(1410)
calls=20 -29 
* 2376
* 20
+4 20
-4 20
+4 20
cob=(7)
cfi=(75)
cfn=(1410)
calls=20 -33 
* 2376
* 20
+7 60
-7 20
296 40
40 40
cob=(3)
cfi=(209)
cfn=(2226)
calls=20 +13 
* 280
* 20
292 80
cfn=(2420) ludcmp(double**, int, int**)
calls=20 143 
* 19608
* 140
cob=(3)
cfi=(209)
cfn=(2226)
calls=20 53 
* 280
* 20
* 200
cob=(3)
cfi=(209)
cfn=(2226)
calls=40 53 
* 560
* 40
+5 60
+1 240
-1 60
+1 60
cfn=(2422)
calls=60 -53 
* 9600
* 180
+2 180
-1 60
+1 60
-1 60
+1 360
-1 120
+1 120
-1 180
-6 120
96 40
cob=(7)
cfi=(75)
cfn=(1938)
calls=20 -96 
* 1860
* 20
+2 40
cob=(7)
cfi=(75)
cfn=(1938)
calls=20 -98 
* 1860
* 20
+9 100
cob=(7)
cfi=(75)
cfn=(1938)
calls=20 0 
* 1860
* 20
+2 20
308 140
109 20
cob=(7)
cfi=(75)
cfn=(1938)
calls=20 0 
* 1860
* 20

fn=(2420)
143 180
29 20
143 20
29 20
cob=(7)
cfi=(75)
cfn=(1410)
calls=20 -29 
* 2376
* 20
+4 20
-4 40
+4 100
cob=(7)
cfi=(75)
cfn=(1410)
calls=20 -33 
* 2472
* 20
+5 20
-5 40
+5 40
+2 140
cob=(3)
cfi=(209)
cfn=(2226)
calls=20 +13 
* 280
* 20
* 100
143 100
+25 40
-1 20
+1 60
-1 20
-24 160
+25 80
-1 40
+1 120
-1 40
+1 240
-1 120
+1 360
-1 120
+4 240
-7 200
+14 20
+30 20
-44 100
+12 180
+2 120
-2 40
+2 40
-2 40
+2 40
+3 40
-5 60
+2 20
+1 20
-1 40
+1 60
+1 60
-1 20
+1 40
-1 20
-3 40
+5 20
-5 40
+8 80
-6 300
+8 60
+1 60
-1 120
+1 60
-1 60
+1 60
-1 120
+1 180
+1 180
-1 60
+1 120
-1 60
+1 60
-1 20
+1 40
-1 20
+2 120
+1 480
+2 120
-2 120
-6 480
+12 800
+8 160
+3 40
-1 40
+1 80
-1 40
+1 60
-1 20
+1 40
-1 20
+1 80
+2 120
+3 40
-1 80
+1 360
+1 120
-1 40
+1 120
-1 40
+1 60
-1 20
+1 60
-1 260
-38 100
+22 80
+4 40
+1 80
+1 80
-4 80
+2 80
+1 160
+1 160
-4 200
96 40
cob=(7)
cfi=(75)
cfn=(1938)
calls=20 -96 
* 1780
* 20
+2 20
218 140
98 20
cob=(7)
cfi=(75)
cfn=(1938)
calls=20 -98 
* 1860
* 20

fn=(2424)
335 1684832
-7 8424160
+7 13478656
+2 25272480
+3 5054496
-1 5054496
+1 12636150
-1 7581654
+1 58126254
+1 37908450
-1 12636150
+1 37908450
-1 12636150
+1 75816900
-1 25272300
+1 75816900
-1 37908450
-3 30326796
-2 10108992
+11 8424160

fl=(114)
fn=(2098)
48 1220

fn=(2064) fexist(char*)
217 1
+4 2
cob=(3)
cfi=(144)
cfn=(1374)
calls=1 103 
* 489
cob=(1)
cfi=(49)
cfn=(200)
calls=1 34 
* 1121
* 5
* 1
+2 1
-2 2
+5 1
cob=(3)
cfi=(195)
cfn=(1956)
calls=1 40 
* 399
cob=(1)
cfi=(49)
cfn=(200)
calls=1 34 
* 1168
* 5
+1 1
+2 2

fn=(1120) _GLOBAL__sub_I__Z18make_little_endianPci
299 1
fi=(101)
74 2
cob=(7)
cfi=(75)
cfn=(574)
calls=1 -74 
* 24
* 1
* 3
fe=(114)
299 1
fi=(101)
74 1
cob=(3)
cfi=(76)
cfn=(354)
calls=1 -17 
* 66
* 1
fe=(114)

fl=(110)
fn=(1104) _GLOBAL__sub_I__Z7eclipse11stateVectorR7planetsdd
187 1
fi=(101)
74 2
cob=(7)
cfi=(75)
cfn=(574)
calls=1 -74 
* 24
* 1
* 3
fe=(110)
187 1
fi=(101)
74 1
cob=(3)
cfi=(76)
cfn=(354)
calls=1 -17 
* 66
* 1
fe=(110)

fn=(2560)
36 280802
+23 140401
182 140401
59 280802
+1 140401
+6 140401
-7 140401
+1 280802
+1 140401
+3 140401
-4 140401
+1 280802
+3 421203
+1 140401
-1 140401
+4 140401
-4 140401
-3 140401
+5 140401
-2 140401
+1 280802
-1 140401
+1 140401
+4 140401
-4 280802
+1 280802
+2 140401
+2 140401
-4 140401
+2 280802
+1 140401
-1 140401
+1 140401
+1 280802
-2 140401
182 140401
69 140401
+1 140401
182 421203
70 140401
182 702005
+2 421203
73 421203
+93 280802
-90 280802
+1 140401
+1 140401
-2 140401
+1 140401
-1 140401
+12 140401
-10 140401
-1 140401
+5 561604
+1 140401
-1 140401
+1 140401
-1 140401
-4 140401
+4 280802
+1 140401
+5 140401
+4 140401
-4 140401
-6 140401
+1 140401
+9 140401
-4 280802
+94 140401
-94 140401
+4 140401
+90 280802
-94 140401
+94 280802
-90 140401
+90 421203
-94 140401
+94 140401
-94 140401
+94 561604
+2 280802
-2 140401
+2 561604
-86 842406
+84 280802
-84 140401
+84 1825213
+2 280802
-2 140401
+2 561604
-83 140401
+5 421203
-5 140401
+5 280802
-5 140401
+5 140401
+1 140401
-6 280802
+5 280802
-5 140401
+5 561604
+1 140401
-1 140401
+1 140401
-1 140401
+1 140401
-1 140401
+1 280802
-1 140401
+1 280802
-1 702005
+1 1404010
+3 140401
-3 1263609
+3 140401
-3 140401
+3 280802
-3 140401
+3 421203
+1 140401
-4 140401
+3 421203
+1 140401
-1 702005
+1 140401
-1 140401
+1 561604
-1 140401
+1 842406
-1 140401
+1 982807
+3 140401
-3 280802
+3 140401
-3 140401
-3 140401
+4 140401
-1 140401
-3 140401
+3 140401
+1 140401
-1 140401
+3 280802
-3 140401
-3 140401
+6 140401
-6 702005
+4 280802
-4 2386817
+7 140401
-7 140401
+4 421203
+2 140401
-2 280802
+2 140401
+1 140401
-3 140401
+3 280802
+3 140401
-3 140401
-3 140401
+3 140401
-3 1123208
+3 280802
+3 140401
-75 140401
+87 280802
+10 280802
+5 280802
+1 982807

fl=(122)
fn=(2756) trr::panelSurfaceTemps()
30 280800
+50 140400
-50 280800
+18 140400
+7 140400
+4 140400
+15 140400
-16 140400
+1 280800
+5 140400
+10 140400
-22 140400
+22 140400
-10 280800
+1 140400
+5 140400
-5 280800
+9 280800
-7 140400
+7 280800
-16 140400
+16 140400
+1 140400
-5 140400
+1 140400
+1 140400
+2 421200
+1 140400
-1 421200
+1 140400
-1 140400
+1 140400
-26 140400
+25 140400
-18 140400
+18 280800
+1 140400
-1 280800
+1 140400
+1 140400
-2 140400
+1 140400
+1 140400
-2 1123200
+2 140400
-1 280800
+12 140400
-11 140400
+8 140400
-8 280800
+8 140400
+3 140400
-11 280800
+8 140400
-8 1825200
+4 140400
+3 5054400
cob=(4)
cfi=(216)
cfn=(2442)
calls=842400 -57 
* 257212800
* 842400
* 5054400
+3 842400
-3 842400
+3 1684800
-3 1684800
+6 1684800
-6 842400
+3 1684800
-3 842400
+3 842400
-3 3369600
+6 842400
cob=(4)
cfi=(216)
cfn=(2442)
calls=842400 -63 
* 257212800
* 842400
* 842400
+3 842400
-3 842400
+3 842400
-3 842400
+2 842400
+1 842400
-1 1684800
+2 842400
-2 842400
+1 842400
-3 842400
+7 842400
-4 842400
-1 842400
+5 842400
-5 842400
+9 842400
-11 842400
+7 842400
-4 842400
+1 842400
-4 842400
+13 842400
-6 842400
+4 842400
+2 842400
-13 842400
+13 842400
-3 842400
+3 1684800
-13 1684800
+2 842400
+1 842400
+3 842400
-4 842400
+9 1684800
+2 842400
-2 842400
+2 2527200
+4 842400
-4 1684800
+4 842400
-3 842400
-8 842400
+8 3369600
+3 842400
-2 842400
-1 1684800
+4 842400
-4 842400
+4 1684800
-3 3369600
-5 2527200
+5 1684800
+4 842400
-4 1684800
+4 1684800
+3 1684800
cob=(4)
cfi=(216)
cfn=(2442)
calls=842400 -85 
* 257072400
* 842400
* 6739200
+1 842400
-1 1684800
+1 842400
-1 842400
+1 842400
-1 1684800
+1 3369600
-1 842400
+1 1684800
-1 4212000
+1 842400
+1 842400
-1 842400
+1 842400
cob=(4)
cfi=(216)
cfn=(2442)
calls=842400 -87 
* 257072400
* 842400
* 13478400
-33 6739200
+37 561600

fn=(1152) _GLOBAL__sub_I__ZN3trrC2Ev
169 1
fi=(101)
-95 2
cob=(7)
cfi=(75)
cfn=(574)
calls=1 -74 
* 24
* 1
* 3
fe=(122)
+95 1
fi=(101)
-95 1
cob=(3)
cfi=(76)
cfn=(354)
calls=1 -17 
* 66
* 1
fe=(122)

fn=(2754)
161 702000
+2 140400
cfn=(2756)
calls=140400 30 
* 1185116400
-36 280800
cfi=(107)
cfn=(2148)
calls=140400 17 
* 702000
+1 140400
+6 140400
+1 140400
+2 140400
+5 280800
-14 140400
+6 140400
+1 140400
+2 140400
+5 140400
cob=(4)
cfi=(216)
cfn=(2442)
calls=140400 26 
* 42822000
* 140400
+1 140400
-1 140400
+1 421200
cob=(4)
cfi=(216)
cfn=(2442)
calls=140400 26 
* 42822000
* 140400
+3 140400
+7 140400
-11 140400
+11 140400
-7 140400
-3 140400
+10 140400
-11 140400
+11 280800
-7 140400
+7 280800
-10 140400
+10 140400
-10 140400
-1 280800
+1 280800
+3 140400
+2 140400
+5 140400
cfi=(107)
cfn=(2566)
calls=140400 17 
* 1965600
* 421200
cfi=(107)
cfn=(2152)
calls=140400 36 
* 982800
* 280800
cfi=(107)
cfn=(2154)
calls=140400 31 
* 140400
* 280800
cfi=(107)
cfn=(2154)
calls=140400 31 
* 140400
+2 140400
+2 140400
-2 140400
+1 140400
-1 140400
+1 140400
+1 140400
-2 280800
+1 140400
-1 140400
+1 140400
+1 140400
-1 140400
+1 421200
cfi=(107)
cfn=(2154)
calls=140400 31 
* 140400
+12 561600

fn=(2138)
11 4
cfi=(121)
cfn=(2130)
calls=1 +4 
* 4
+2 1
+1 2

fn=(2288)
23 1
+2 2
-2 1
+2 1
cfi=(121)
cfn=(2290)
calls=1 +22 
* 44

fl=(86)
fn=(560) 0x0000000000403e90
0 16

fn=(2944) 0x0000000000403df0
0 8

fn=(544)
0 11
cob=(3)
cfi=(87)
cfn=(552)
calls=1 133 
0 31436165448
cob=(1)
cfi=(49)
cfn=(200)
calls=1 34 
0 1301
0 5

fn=(2940)
0 5
cfn=(2944)
calls=1 0 
0 8
0 3

fn=(554)
0 16
cob=(2)
cfi=(14)
cfn=(556) 0x0000000000402e18
calls=1 0 
0 6
0 7
cfn=(560)
calls=1 0 
0 16
0 100
cfi=(125)
cfn=(1164)
calls=1 9 
0 100
cfi=(124)
cfn=(1160)
calls=1 37 
0 100
cfi=(123)
cfn=(1156)
calls=1 10218 
0 100
cfi=(122)
cfn=(1152)
calls=1 169 
0 100
cfi=(121)
cfn=(1148)
calls=1 626 
0 100
cfi=(120)
cfn=(1144) _GLOBAL__sub_I__ZN9tbGravityC2Ev
calls=1 159 
0 100
cfi=(119)
cfn=(1140)
calls=1 801 
0 100
cfi=(118)
cfn=(1136)
calls=1 3985 
0 100
cfi=(117)
cfn=(1132)
calls=1 2418 
0 100
cfi=(116)
cfn=(1128)
calls=1 114 
0 100
cfi=(115)
cfn=(1124) _GLOBAL__sub_I__ZN13attitudeStateC2Ev
calls=1 90 
0 100
cfi=(114)
cfn=(1120)
calls=1 299 
0 100
cfi=(113)
cfn=(1116)
calls=1 485 
0 100
cfi=(112)
cfn=(1112)
calls=1 314 
0 100
cfi=(111)
cfn=(1108)
calls=1 467 
0 100
cfi=(110)
cfn=(1104)
calls=1 187 
0 100
cfi=(109)
cfn=(1100)
calls=1 1215 
0 100
cfi=(108)
cfn=(1096) _GLOBAL__sub_I__Z15Ephem_generator9timetag_TR7planets
calls=1 194 
0 100
cfi=(107)
cfn=(1092)
calls=1 313 
0 100
cfi=(106)
cfn=(1088)
calls=1 117 
0 100
cfi=(105)
cfn=(1084) _GLOBAL__sub_I__ZN11stateVectorC2Ev
calls=1 89 
0 100
cfi=(104)
cfn=(1080)
calls=1 185 
0 100
cfi=(103)
cfn=(1076)
calls=1 1473 
0 100
cfi=(102)
cfn=(1072) _GLOBAL__sub_I__ZN15orbit_predictorC2ERKSsS1_
calls=1 197 
0 100
cfi=(88)
cfn=(568)
calls=1 68 
0 106904
0 86

fl=(192)
fn=(2906)
81 6
fi=(139)
245 4
fe=(192)
67 2
+1 6
fi=(139)
249 2
cob=(7)
cfi=(75)
cfn=(1726)
calls=2 0 
* 182
* 2
fe=(192)

fl=(108)
fn=(2520)
157 702005
+7 140401
-7 280802
+24 140401
-24 140401
+7 280802
cfi=(103)
cfn=(2482)
calls=140401 453 
* 44309843
+1 421203
cfi=(103)
cfn=(1744)
calls=140401 26 
* 2106015
* 421203
cfi=(103)
cfn=(2484)
calls=140401 480 
* 70221951
+3 421203
cfi=(103)
cfn=(1744)
calls=140401 26 
* 2106015
* 280802
cfi=(103)
cfn=(1746)
calls=140401 +39 
* 6809380
+3 280802
-3 140401
+3 140401
cfi=(103)
cfn=(2374)
calls=140401 61 
* 2527218
+15 140401
-15 280802
+5 4212030
+4 1123208
+1 842406
+2 2527218
cfi=(118)
cfn=(2522)
calls=421203 2968 
* 15657630892
* 842406
cfi=(118)
cfn=(2522)
calls=140401 2968 
* 3406582077
+3 2246416
+1 1684812
+1 2808020
-15 1123208
+15 1684812
-15 1684812
+21 842406
-14 280802

fn=(1096)
194 1
fi=(101)
74 2
cob=(7)
cfi=(75)
cfn=(574)
calls=1 -74 
* 24
* 1
* 3
fe=(108)
194 1
fi=(101)
74 1
cob=(3)
cfi=(76)
cfn=(354)
calls=1 -17 
* 66
* 1
fe=(108)

fn=(2062) loadJPLDE405()
127 1
+2 1
-2 3
+2 37
+2 2
cfi=(114)
cfn=(2064)
calls=1 +86 
* 3198
* 2
+13 2
cfi=(118)
cfn=(2074)
calls=1 494 
* 50627
* 2
+7 5

fl=(120)
fn=(1144)
159 1
fi=(101)
-85 2
cob=(7)
cfi=(75)
cfn=(574)
calls=1 -74 
* 24
* 1
* 3
fe=(120)
+85 1
fi=(101)
-85 1
cob=(3)
cfi=(76)
cfn=(354)
calls=1 -17 
* 66
* 1
fe=(120)

fn=(2350)
42 1
-18 1
+3 1
+1 1
+14 1
-13 1
+1 1
-6 1
+7 1
+1 1
+1 1
+1 1
+1 1
+1 1
+7 2
+1 2
+1 2
+1 2
+1 2
+1 2
+1 2
+1 2
+1 3

fn=(2798)
106 140400
+23 140400
-23 982800
+25 140400
-2 280800
+1 280800
+1 4492800
+2 2808000
+2 2808000
+6 561600
-4 561600
+1 561600
+3 561600
+5 561600
-7 561600
+2 561600
+5 561600
-4 561600
+4 561600
-5 561600
+5 561600
-5 1123200
+1 561600
+3 1123200
-3 561600
+1 561600
-1 1684800
+1 561600
+2 1123200
-2 1123200
+2 561600
-2 1123200
+5 561600
-3 1123200
+3 561600
-3 561600
+1 1684800
+2 1123200
-2 561600
+2 1684800
+1 1123200
-1 1684800
+1 1123200
+2 561600
+1 561600
+1 561600
-4 2246400
+2 1123200
+1 561600
+1 561600
-2 561600
+1 561600
+1 561600
-2 1123200
+1 561600
-1 561600
+1 1123200
+1 561600
-1 561600
+1 2246400
+6 842400

fn=(2142)
13 2

fl=(105)
fn=(1084)
89 1
fi=(101)
-15 2
cob=(7)
cfi=(75)
cfn=(574)
calls=1 -74 
* 24
* 1
* 3
fe=(105)
+15 1
fi=(101)
-15 1
cob=(3)
cfi=(76)
cfn=(354)
calls=1 -17 
* 66
* 1
fe=(105)

fn=(2156)
10 561628
cfi=(103)
cfn=(1306)
calls=140407 +5 
* 1684884
+2 421221
+1 280814
+1 280814
+1 280814
+1 280814
+1 140407
+1 280814

fn=(2432)
62 432002
-2 864004
+2 432002
+4 432001
+6 864002
-6 432001
+1 864002
+1 864002
+1 864002
+1 864002
+1 864002
+1 432001
cfi=(103)
cfn=(2374)
calls=432001 -11 
* 7776018
+3 1296006

fn=(2516)
21 2246424
cfi=(103)
cfn=(1306)
calls=280803 -6 
* 3369636
+2 280803
+6 561606
-6 280803
+1 561606
+1 561606
+1 561606
+1 561606
+1 561606
+2 842409
-1 280803
cfi=(103)
cfn=(2374)
calls=280803 +32 
* 5054454

fl=(115)
fn=(1124)
90 1
fi=(101)
-16 2
cob=(7)
cfi=(75)
cfn=(574)
calls=1 -74 
* 24
* 1
* 3
fe=(115)
+16 1
fi=(101)
-16 1
cob=(3)
cfi=(76)
cfn=(354)
calls=1 -17 
* 66
* 1
fe=(115)

fn=(2146)
10 1123216
cfi=(107)
cfn=(2148)
calls=140402 +7 
* 702010
* 280804
cfi=(107)
cfn=(2148)
calls=140402 +7 
* 702010
* 421206
cfi=(107)
cfn=(2148)
calls=140402 +7 
* 702010
+2 702010
cfi=(107)
cfn=(2150)
calls=140402 +13 
* 561608
+1 702010
cfi=(107)
cfn=(2150)
calls=140402 +12 
* 561608
+1 702010
cfi=(107)
cfn=(2150)
calls=140402 +11 
* 561608
+2 421206
cfi=(107)
cfn=(2152)
calls=140402 +20 
* 982814
+1 421206
cfi=(107)
cfn=(2152)
calls=140402 +19 
* 982814
+1 421206
cfi=(107)
cfn=(2152)
calls=140402 +18 
* 982814
-4 280804
cfi=(107)
cfn=(2154)
calls=140402 +17 
* 140402
-1 280804
cfi=(107)
cfn=(2154)
calls=140402 +18 
* 140402
+5 280804
cfi=(107)
cfn=(2154)
calls=140402 +13 
* 140402
+1 842412

fn=(2762)
22 1263600
cfi=(107)
cfn=(2148)
calls=140400 -5 
* 702000
* 280800
cfi=(107)
cfn=(2148)
calls=140400 -5 
* 702000
* 421200
cfi=(107)
cfn=(2148)
calls=140400 -5 
* 702000
+2 421200
cfi=(107)
cfn=(2152)
calls=140400 +12 
* 982800
+1 421200
cfi=(107)
cfn=(2152)
calls=140400 +11 
* 982800
+1 421200
cfi=(107)
cfn=(2152)
calls=140400 +10 
* 982800
+1 842400

fn=(2562)
54 1123208
+1 140401
cfn=(2146)
calls=140401 -45 
* 14040100
+2 280802
cfi=(107)
cfn=(2148)
calls=140401 -40 
* 702005
+1 1544411
cfi=(107)
cfn=(2150)
calls=140401 -33 
* 561604
+2 140401
+4 280802
-4 280802
+1 421203
+1 421203
+2 140401
cfi=(107)
cfn=(2564)
calls=140401 +95 
* 4352431
+6 421203
cfi=(107)
cfn=(2564)
calls=140401 +89 
* 4352431
* 561604
cfi=(107)
cfn=(2566)
calls=140401 -53 
* 1965614
* 561604
cfi=(107)
cfn=(2152)
calls=140401 -34 
* 982807
* 280802
cfi=(107)
cfn=(2154)
calls=140401 -39 
* 140401
* 280802
cfi=(107)
cfn=(2154)
calls=140401 -39 
* 140401
+3 2246416
cfi=(107)
cfn=(2568)
calls=140401 -55 
* 3229223
* 280802
cfi=(107)
cfn=(2154)
calls=140401 -42 
* 140401
* 280802
cfi=(107)
cfn=(2154)
calls=140401 -42 
* 140401
+3 280802
cfi=(107)
cfn=(2148)
calls=140401 -59 
* 702005
+2 2246416
cfi=(107)
cfn=(2568)
calls=140401 -60 
* 3229223
* 421203
cfi=(107)
cfn=(2564)
calls=140401 +81 
* 4352431
* 561604
cfi=(107)
cfn=(2152)
calls=140401 -42 
* 982807
* 280802
cfi=(107)
cfn=(2154)
calls=140401 -47 
* 140401
* 280802
cfi=(107)
cfn=(2154)
calls=140401 -47 
* 140401
* 280802
cfi=(107)
cfn=(2154)
calls=140401 -47 
* 140401
* 280802
cfi=(107)
cfn=(2154)
calls=140401 -47 
* 140401
+1 2246416
cfi=(107)
cfn=(2568)
calls=140401 -61 
* 3229223
* 421203
cfi=(107)
cfn=(2152)
calls=140401 -43 
* 982807
* 280802
cfi=(107)
cfn=(2154)
calls=140401 -48 
* 140401
* 280802
cfi=(107)
cfn=(2154)
calls=140401 -48 
* 140401
* 280802
cfi=(107)
cfn=(2154)
calls=140401 -48 
* 140401
-3 280802
cfi=(107)
cfn=(2154)
calls=140401 -45 
* 140401
-3 280802
cfi=(107)
cfn=(2154)
calls=140401 -42 
* 140401
-9 280802
cfi=(107)
cfn=(2154)
calls=140401 -33 
* 140401
-6 280802
cfi=(107)
cfn=(2154)
calls=140401 -27 
* 140401
-1 280802
cfi=(107)
cfn=(2154)
calls=140401 -26 
* 140401
+33 982807

fl=(102)
fn=(1072)
197 1
fi=(101)
74 2
cob=(7)
cfi=(75)
cfn=(574)
calls=1 -74 
* 24
* 1
* 3
fe=(102)
197 1
fi=(101)
74 1
cob=(3)
cfi=(76)
cfn=(354)
calls=1 -17 
* 66
* 1
fe=(102)

fn=(1302)
14 8
+3 1
-3 5
+3 1
cfi=(104)
cfn=(1304)
calls=1 +5 
* 272409
fi=(172)
456 1
fi=(139)
293 1
fi=(172)
456 2
cob=(7)
cfi=(75)
cfn=(930)
calls=1 0 
* 88
* 1
fi=(173)
-71 1
fi=(172)
+71 1
fi=(173)
-71 1
fi=(172)
+71 2
fi=(173)
-71 1
fi=(172)
+71 2
fi=(173)
-71 3
fi=(172)
+71 3
fi=(173)
-71 2
cob=(7)
cfi=(75)
cfn=(936)
calls=1 0 
* 888
* 1
fi=(143)
645 5
cob=(7)
cfi=(75)
cfn=(1326)
calls=1 0 
* 315
* 1
+2 4
cob=(7)
cfi=(75)
cfn=(936)
calls=1 0 
* 888
* 1
+72 5
cob=(7)
cfi=(75)
cfn=(1350)
calls=1 0 
* 1224
* 1
* 1
+1 2
-1 1
+5 3
cob=(7)
cfi=(75)
cfn=(1416)
calls=1 0 
* 6
* 1
fe=(102)
22 3
fi=(280)
633 1
fe=(102)
22 2
cob=(7)
cfi=(75)
cfn=(1190)
calls=1 -22 
* 328
* 1
+4 1
cfi=(108)
cfn=(2062)
calls=1 127 
* 53880
+3 2
cfi=(111)
cfn=(2128)
calls=1 -17 
* 1378
+1 3
cfi=(111)
cfn=(2166)
calls=1 +74 
* 1382267709
+2 4
cfi=(105)
cfn=(2516)
calls=1 -11 
* 56
* 3
cfi=(109)
cfn=(2572)
calls=1 -10 
* 1834
+4 1
+1 1
-1 1
+1 2
cob=(4)
cfi=(54)
cfn=(2380)
calls=1 * 
* 2
* 1
* 1
+2 1
-2 1
+2 1
cfi=(103)
cfn=(1306)
calls=1 -24 
* 12
* 2
cfi=(103)
cfn=(1306)
calls=1 -24 
* 12
+1 5
cfi=(103)
cfn=(2356)
calls=1 243 
* 116953
* 3
cfi=(103)
cfn=(2374)
calls=1 +21 
* 18
+1 5
cfi=(103)
cfn=(1744)
calls=1 -15 
* 15
* 5
cfi=(103)
cfn=(2386)
calls=1 558 
* 799
* 5
cfi=(103)
cfn=(2374)
calls=1 +20 
* 18
fi=(173)
565 1
fi=(172)
444 2
48 2
fi=(147)
867 3
fi=(173)
565 2
cob=(7)
cfi=(75)
cfn=(1854)
calls=1 0 
* 243
* 1
+22 2
cob=(7)
cfi=(75)
cfn=(1872)
calls=1 0 
* 71
* 1
* 2
-22 1
fi=(172)
444 2
48 2
fi=(147)
867 3
fi=(173)
565 2
cob=(7)
cfi=(75)
cfn=(1854)
calls=1 0 
* 243
* 1
+22 2
cob=(7)
cfi=(75)
cfn=(1872)
calls=1 0 
* 71
* 1
-52 3
+52 1
-52 1
cob=(7)
cfi=(75)
cfn=(1212)
calls=1 0 
* 305
* 1
+30 1
fi=(172)
444 2
48 1
444 1
48 1
fi=(147)
867 3
fi=(173)
565 2
cob=(7)
cfi=(75)
cfn=(1854)
calls=1 0 
* 243
* 1
+22 2
cob=(7)
cfi=(75)
cfn=(1872)
calls=1 0 
* 71
* 1
fe=(102)
48 2
cfi=(111)
cfn=(2590)
calls=1 274 
* 20925
+4 1
+1 1
fi=(173)
535 3
fe=(102)
53 1
-2 2
+2 3
-2 2
+1 1
-2 2
fi=(173)
535 1
cob=(7)
cfi=(75)
cfn=(1212)
calls=1 0 
* 361
* 1
233 4
cob=(7)
cfi=(75)
cfn=(1764)
calls=1 0 
* 4365
* 1
* 2
535 3
233 1
535 1
cob=(7)
cfi=(75)
cfn=(1212)
calls=1 0 
* 261
* 1
fi=(199)
263 46
fi=(173)
535 1
fi=(199)
263 6
fi=(173)
535 1
fi=(199)
263 2
fi=(173)
535 2
cob=(7)
cfi=(75)
cfn=(1212)
calls=1 0 
* 334
* 1
* 4
cob=(7)
cfi=(75)
cfn=(1212)
calls=1 0 
* 275
* 1
167 3
cob=(7)
cfi=(75)
cfn=(1830)
calls=1 0 
* 380
* 1
535 3
167 1
535 1
cob=(7)
cfi=(75)
cfn=(1212)
calls=1 0 
* 216
* 1
167 3
cob=(7)
cfi=(75)
cfn=(1830)
calls=1 0 
* 363
* 1
535 3
167 1
535 1
cob=(7)
cfi=(75)
cfn=(1212)
calls=1 0 
* 216
* 1
167 3
cob=(7)
cfi=(75)
cfn=(1830)
calls=1 0 
* 414
* 1
535 3
167 1
535 1
cob=(7)
cfi=(75)
cfn=(1212)
calls=1 0 
* 299
* 1
233 4
cob=(7)
cfi=(75)
cfn=(1764)
calls=1 0 
* 4361
* 1
* 2
535 3
233 1
535 1
cob=(7)
cfi=(75)
cfn=(1212)
calls=1 0 
* 296
* 1
167 3
cob=(7)
cfi=(75)
cfn=(1830)
calls=1 0 
* 363
* 1
535 3
167 1
535 1
cob=(7)
cfi=(75)
cfn=(1212)
calls=1 0 
* 216
* 1
167 3
cob=(7)
cfi=(75)
cfn=(1830)
calls=1 0 
* 363
* 1
535 3
167 1
535 1
cob=(7)
cfi=(75)
cfn=(1212)
calls=1 0 
* 216
* 1
167 3
cob=(7)
cfi=(75)
cfn=(1830)
calls=1 0 
* 414
* 1
535 3
167 1
535 1
cob=(7)
cfi=(75)
cfn=(1212)
calls=1 0 
* 216
* 1
+30 1
fi=(172)
444 2
48 1
444 1
48 1
fi=(147)
867 3
fi=(173)
565 2
cob=(7)
cfi=(75)
cfn=(1854)
calls=1 0 
* 243
* 1
+22 2
cob=(7)
cfi=(75)
cfn=(1872)
calls=1 0 
* 71
* 1
-52 4
cob=(7)
cfi=(75)
cfn=(1212)
calls=1 0 
* 1391
* 1
fe=(102)
55 3
cob=(7)
cfi=(75)
cfn=(2034)
calls=1 -55 
* 374
* 1
* 2
fi=(173)
565 1
fi=(172)
444 2
48 2
fi=(147)
867 3
fi=(173)
565 2
cob=(7)
cfi=(75)
cfn=(1854)
calls=1 0 
* 243
* 1
+22 2
cob=(7)
cfi=(75)
cfn=(1872)
calls=1 0 
* 71
* 1
* 2
-22 1
fi=(172)
444 2
48 2
fi=(147)
867 3
fi=(173)
565 2
cob=(7)
cfi=(75)
cfn=(1854)
calls=1 0 
* 243
* 1
+22 2
cob=(7)
cfi=(75)
cfn=(1872)
calls=1 0 
* 71
* 1
-52 4
cob=(7)
cfi=(75)
cfn=(1212)
calls=1 0 
* 481
* 1
+30 1
fi=(172)
444 2
48 2
fi=(147)
867 3
fi=(173)
565 2
cob=(7)
cfi=(75)
cfn=(1854)
calls=1 0 
* 243
* 1
+22 2
cob=(7)
cfi=(75)
cfn=(1872)
calls=1 0 
* 71
* 1
fe=(102)
58 3
cfi=(106)
cfn=(2600)
calls=1 +49 
* 30025
+8 1
fi=(173)
565 1
fi=(172)
444 2
48 1
fe=(102)
+18 1
-1 2
-1 2
-1 2
-1 2
-1 2
fi=(172)
-13 1
fi=(147)
867 3
fi=(173)
565 2
cob=(7)
cfi=(75)
cfn=(1854)
calls=1 0 
* 243
* 1
+22 2
cob=(7)
cfi=(75)
cfn=(1872)
calls=1 0 
* 71
* 1
-52 3
+52 1
-52 1
cob=(7)
cfi=(75)
cfn=(1212)
calls=1 0 
* 467
* 1
* 4
cob=(7)
cfi=(75)
cfn=(1212)
calls=1 0 
* 649
* 1
233 4
cob=(7)
cfi=(75)
cfn=(1764)
calls=1 0 
* 4361
* 1
* 1
535 1
233 2
535 3
cob=(7)
cfi=(75)
cfn=(1212)
calls=1 0 
* 649
* 1
233 4
cob=(7)
cfi=(75)
cfn=(1764)
calls=1 0 
* 3399
* 1
* 2
535 3
233 1
535 1
cob=(7)
cfi=(75)
cfn=(1212)
calls=1 0 
* 649
* 1
233 4
cob=(7)
cfi=(75)
cfn=(1764)
calls=1 0 
* 3177
* 1
* 2
535 3
233 1
535 1
cob=(7)
cfi=(75)
cfn=(1212)
calls=1 0 
* 649
* 1
233 4
cob=(7)
cfi=(75)
cfn=(1764)
calls=1 0 
* 3340
* 1
* 2
535 3
233 1
535 1
cob=(7)
cfi=(75)
cfn=(1212)
calls=1 0 
* 649
* 1
233 4
cob=(7)
cfi=(75)
cfn=(1764)
calls=1 0 
* 2872
* 1
* 2
535 3
233 1
535 1
cob=(7)
cfi=(75)
cfn=(1212)
calls=1 0 
* 649
* 1
233 4
cob=(7)
cfi=(75)
cfn=(1764)
calls=1 0 
* 2894
* 1
* 2
535 3
233 1
535 1
cob=(7)
cfi=(75)
cfn=(1212)
calls=1 0 
* 352
* 1
+30 1
fi=(172)
444 2
48 1
444 1
48 1
fi=(147)
867 3
fi=(173)
565 2
cob=(7)
cfi=(75)
cfn=(1854)
calls=1 0 
* 243
* 1
+22 2
cob=(7)
cfi=(75)
cfn=(1872)
calls=1 0 
* 71
* 1
-52 4
cob=(7)
cfi=(75)
cfn=(1212)
calls=1 0 
* 427
* 1
+30 1
fi=(172)
444 2
48 2
fi=(147)
867 3
fi=(173)
565 2
cob=(7)
cfi=(75)
cfn=(1854)
calls=1 0 
* 243
* 1
+22 2
cob=(7)
cfi=(75)
cfn=(1872)
calls=1 0 
* 71
* 1
fe=(102)
70 2
cfi=(111)
cfn=(2606)
calls=1 286 
* 9213
+5 2
cob=(9) /usr/lib/valgrind/callgrind-amd64-linux
cfi=(237) ???
cfn=(2618) 0x000000003805d55d
calls=1 -75 
* 3
cob=(1)
cfi=(49)
cfn=(200)
calls=1 -41 
* 1177
* 5
+3 1
-3 1
+3 1
cob=(3)
cfi=(238)
cfn=(2626)
calls=1 -36 
* 11906
cob=(1)
cfi=(49)
cfn=(200)
calls=1 -44 
* 1189
* 5
+1 5
cob=(3)
cfi=(250)
cfn=(2664)
calls=1 -54 
* 1671
cob=(1)
cfi=(49)
cfn=(200)
calls=1 -45 
* 1174
* 5
fi=(173)
565 1
fi=(172)
444 2
48 2
fi=(147)
867 3
fi=(173)
565 2
cob=(7)
cfi=(75)
cfn=(1854)
calls=1 0 
* 243
* 1
+22 2
cob=(7)
cfi=(75)
cfn=(1872)
calls=1 0 
* 71
* 1
-52 3
+52 1
-52 1
cob=(7)
cfi=(75)
cfn=(1212)
calls=1 0 
* 350
* 1
fi=(199)
263 44
fi=(173)
535 1
fi=(199)
263 9
fi=(173)
535 2
cob=(7)
cfi=(75)
cfn=(1212)
calls=1 0 
* 343
* 1
+30 1
fi=(172)
444 2
48 1
444 1
48 1
fi=(147)
867 3
fi=(173)
565 2
cob=(7)
cfi=(75)
cfn=(1854)
calls=1 0 
* 243
* 1
+22 2
cob=(7)
cfi=(75)
cfn=(1872)
calls=1 0 
* 71
* 1
fe=(102)
87 1
fi=(139)
2540 2
fe=(102)
87 3
+1 2
+2 2
fi=(139)
2540 1
cob=(7)
cfi=(75)
cfn=(2174)
calls=1 0 
* 69
* 1
fe=(102)
94 1
+1 1
-1 1
+1 7
cfn=(2670) orbit_predictor::printRecord(std::basic_ofstream<char, std::char_traits<char> >&, long double const&, stateVector const&)
calls=1 +86 
* 34175
+7 6
cob=(4)
cfi=(61)
cfn=(2362)
calls=1 -65 
* 2
* 1
+3 1
-2 1
-1 1
+3 1
-2 2
+2 4
cob=(4)
cfi=(253) /build/buildd/eglibc-2.19/math/../sysdeps/ieee754/dbl-64/wordsize-64/s_llround.c
cfn=(2740) lround
calls=1 -69 
* 27
cob=(1)
cfi=(49)
cfn=(200)
calls=1 -71 
* 889
* 5
+2 2
-2 1
+2 1
cfi=(112)
cfn=(2742)
calls=1 -90 
* 35385
+3 2
+17 1
-17 2
+17 2
+6 21600
-23 43200
+3 10800
+2 21600
-2 32400
+2 10800
cfi=(112)
cfn=(2748)
calls=10800 -71 
* 30049418645
+2 10800
+2 21600
fi=(139)
2540 360
cob=(7)
cfi=(75)
cfn=(2174)
calls=120 0 
* 8280
* 120
fe=(102)
124 240
+1 600
cfn=(2670)
calls=120 +56 
* 3341024
-4 240
fi=(143)
758 3
cob=(7)
cfi=(75)
cfn=(1920)
calls=1 0 
* 689
* 1
* 2
fe=(102)
146 1
+4 1
-4 1
cob=(9)
cfi=(237)
cfn=(2618)
calls=1 0 
* 3
* 1
+3 1
-3 1
+3 1
cob=(3)
cfi=(238)
cfn=(2626)
calls=1 42 
* 1511
* 1
+1 5
cob=(3)
cfi=(250)
cfn=(2664)
calls=1 25 
* 1671
* 1
fi=(173)
535 4
cob=(7)
cfi=(75)
cfn=(1212)
calls=1 0 
* 350
* 1
fi=(199)
263 44
fi=(173)
535 2
fi=(199)
263 8
fi=(173)
535 1
cob=(7)
cfi=(75)
cfn=(1212)
calls=1 0 
* 343
* 1
+30 1
fi=(172)
444 2
48 2
fi=(147)
867 3
fi=(173)
565 2
cob=(7)
cfi=(75)
cfn=(1854)
calls=1 0 
* 243
* 1
+22 2
cob=(7)
cfi=(75)
cfn=(1872)
calls=1 0 
* 71
* 1
fe=(102)
154 2
cfi=(111)
cfn=(2862)
calls=1 261 
* 129271
+1 2
cfi=(112)
cfn=(2874)
calls=1 +24 
* 14275
fi=(268) /home/david/sgnlops/src/../include/erk87.h
33 3
cfi=(107)
cfn=(2154)
calls=1 -2 
* 1
fi=(269) /home/david/sgnlops/src/../include/probeEphemVar.h
-2 3
cfi=(107)
cfn=(2154)
calls=1 * 
* 1
* 3
cfi=(107)
cfn=(2154)
calls=1 * 
* 1
* 3
cfi=(107)
cfn=(2154)
calls=1 * 
* 1
fi=(234)
-5 3
cfi=(107)
cfn=(2154)
calls=1 +5 
* 1
* 3
cfi=(107)
cfn=(2154)
calls=1 +5 
* 1
* 3
cfi=(107)
cfn=(2154)
calls=1 +5 
* 1
fi=(207)
161 1
+16 2
fi=(210)
-67 1
cob=(7)
cfi=(75)
cfn=(1732)
calls=1 0 
* 4873
* 1
fi=(139)
293 1
+8 1
-61 2
+53 1
+8 1
-61 2
fi=(143)
-20 1
677 2
220 3
cob=(7)
cfi=(75)
cfn=(1920)
calls=1 0 
* 20
* 1
* 3
cob=(7)
cfi=(75)
cfn=(1982)
calls=1 0 
* 18
* 1
fi=(193)
-22 4
cob=(7)
cfi=(75)
cfn=(954)
calls=1 0 
* 12
* 1
fi=(173)
93 5
fi=(172)
276 4
cob=(7)
cfi=(75)
cfn=(1902)
calls=1 0 
* 53
* 1
fi=(139)
+17 1
+8 1
-61 2
fe=(102)
-83 11
fi=(192)
-76 3
fi=(139)
245 2
+4 2
cob=(7)
cfi=(75)
cfn=(1726)
calls=1 0 
* 89
* 1
* 1
fi=(192)
81 3
fi=(139)
245 2
+4 2
cob=(7)
cfi=(75)
cfn=(1726)
calls=1 0 
* 93
* 1
* 1
fi=(192)
67 1
+1 2
+16 2
-17 1
+1 2
+16 2
fe=(102)

fn=(2670)
181 847
+8 121
-8 121
+8 121
+6 121
-6 121
fi=(172)
366 121
fe=(102)
195 121
-1 242
-1 242
-1 242
-1 242
-1 242
fi=(172)
366 241
+21 120
fe=(102)
182 240
+6 240
-1 960
-1 480
-3 120
+2 120
-1 120
+2 120
-4 120
cob=(7)
cfi=(75)
cfn=(2034)
calls=120 0 
* 41400
* 120
fi=(172)
387 1
fe=(102)
182 2
+6 2
-1 8
-1 4
-3 1
+2 1
-1 1
+2 1
-4 1
cob=(7)
cfi=(75)
cfn=(2034)
calls=1 0 
* 1409
* 1
fi=(173)
535 121
fe=(102)
182 121
fi=(173)
535 363
cob=(7)
cfi=(75)
cfn=(1212)
calls=121 0 
* 20812
* 121
fi=(252) /usr/include/c++/4.9/iomanip
240 121
fi=(173)
-73 242
fi=(280)
656 242
fi=(173)
167 121
cob=(7)
cfi=(75)
cfn=(1830)
calls=121 0 
* 42834
* 121
535 121
167 121
535 363
cob=(7)
cfi=(75)
cfn=(1212)
calls=121 0 
* 20812
* 121
fi=(252)
240 121
fi=(280)
656 242
fi=(252)
180 242
fi=(172)
366 242
fi=(173)
167 242
fi=(172)
387 121
fi=(173)
167 121
cob=(7)
cfi=(75)
cfn=(1830)
calls=121 0 
* 55209
* 121
535 121
167 121
535 363
cob=(7)
cfi=(75)
cfn=(1212)
calls=121 0 
* 20812
* 121
fi=(252)
240 121
fi=(173)
-73 242
fi=(280)
656 242
fi=(173)
167 121
cob=(7)
cfi=(75)
cfn=(1830)
calls=121 0 
* 51430
* 121
535 121
167 121
535 363
cob=(7)
cfi=(75)
cfn=(1212)
calls=121 0 
* 20812
* 121
fi=(252)
240 121
fe=(102)
-54 242
fi=(280)
656 242
fe=(102)
186 121
cob=(7)
cfi=(75)
cfn=(2034)
calls=121 0 
* 47073
* 121
fi=(173)
535 121
fe=(102)
186 121
fi=(173)
535 363
cob=(7)
cfi=(75)
cfn=(1212)
calls=121 0 
* 20812
* 121
fi=(252)
240 121
fe=(102)
-53 242
fi=(280)
656 242
fe=(102)
187 121
cob=(7)
cfi=(75)
cfn=(2034)
calls=121 0 
* 41745
* 121
fi=(173)
535 121
fe=(102)
187 121
fi=(173)
535 363
cob=(7)
cfi=(75)
cfn=(1212)
calls=121 0 
* 20812
* 121
fi=(252)
240 121
fi=(173)
132 121
233 121
fi=(280)
656 242
-23 242
fi=(173)
132 121
fi=(280)
-56 242
+4 242
fi=(173)
233 363
cob=(7)
cfi=(75)
cfn=(1764)
calls=121 0 
* 320892
* 121
* 121
483 726
cob=(7)
cfi=(75)
cfn=(1212)
calls=121 0 
* 20812
* 121
+52 121
-52 121
+52 363
cob=(7)
cfi=(75)
cfn=(1212)
calls=121 0 
* 20812
* 121
fi=(252)
240 121
fi=(173)
-7 121
fi=(280)
656 242
-23 242
fi=(173)
132 242
fi=(280)
-56 242
+4 242
fi=(173)
233 363
cob=(7)
cfi=(75)
cfn=(1764)
calls=121 0 
* 499972
* 121
535 242
233 121
535 484
cob=(7)
cfi=(75)
cfn=(1212)
calls=121 0 
* 20812
* 121
fi=(252)
240 121
fi=(173)
-7 121
fi=(280)
656 242
fi=(173)
132 242
fi=(280)
-56 242
+4 242
fi=(173)
233 363
cob=(7)
cfi=(75)
cfn=(1764)
calls=121 0 
* 499710
* 121
535 242
233 121
535 484
cob=(7)
cfi=(75)
cfn=(1212)
calls=121 0 
* 20812
* 121
fi=(252)
240 121
fi=(173)
-7 121
fi=(280)
656 242
fi=(173)
132 242
fi=(280)
-56 242
+4 242
fi=(173)
233 363
cob=(7)
cfi=(75)
cfn=(1764)
calls=121 0 
* 500146
* 121
535 242
233 121
535 484
cob=(7)
cfi=(75)
cfn=(1212)
calls=121 0 
* 20812
* 121
fi=(252)
240 121
fi=(173)
-7 121
fi=(280)
656 242
-23 242
fi=(173)
132 242
fi=(280)
-56 242
+4 242
fi=(173)
233 363
cob=(7)
cfi=(75)
cfn=(1764)
calls=121 0 
* 312261
* 121
535 242
233 121
535 484
cob=(7)
cfi=(75)
cfn=(1212)
calls=121 0 
* 20812
* 121
fi=(252)
240 121
fi=(173)
-7 121
fi=(280)
656 242
-23 242
fi=(173)
132 242
fi=(280)
-56 242
+4 242
fi=(173)
233 363
cob=(7)
cfi=(75)
cfn=(1764)
calls=121 0 
* 310812
* 121
535 242
233 121
535 484
cob=(7)
cfi=(75)
cfn=(1212)
calls=121 0 
* 20812
* 121
fi=(252)
240 121
fi=(173)
-7 121
fi=(280)
656 242
-23 242
fi=(173)
132 242
fi=(280)
-56 242
+4 242
fi=(173)
233 363
cob=(7)
cfi=(75)
cfn=(1764)
calls=121 0 
* 311905
* 121
* 121
565 121
fi=(172)
48 121
444 242
48 363
fi=(147)
867 363
fi=(173)
565 242
cob=(7)
cfi=(75)
cfn=(1854)
calls=121 0 
* 6655
* 121
+22 242
cob=(7)
cfi=(75)
cfn=(1872)
calls=121 0 
* 23431
* 121
fe=(102)
197 968
fi=(172)
444 1
48 2
fi=(147)
867 2
+1 1
fi=(172)
369 2
fe=(102)

fl=(207)
fn=(2134)
87 3
fi=(123)
-75 1
+1 1
+1 2
fe=(207)

ob=(5)
fl=(64)
fn=(2952)
0 8
cob=(3)
cfi=(273)
cfn=(2964)
calls=1 31 
0 86
cob=(1)
cfi=(49)
cfn=(200)
calls=1 34 
0 825
0 5
0 1
cfn=(2970) 0x00000000000005c0
calls=1 0 
0 9
0 3

fn=(2970)
0 9

fn=(260)
0 16

ob=(7)
fl=(75)
fn=(362)
0 2
cfn=(368) std::future_category()
calls=1 0 
0 1546
cob=(1)
cfi=(49)
cfn=(200)
calls=1 34 
0 771
0 5
0 4

fn=(374) __cxa_guard_acquire
0 26

fn=(448)
0 54

fn=(644) std::codecvt<char, char, __mbstate_t>::codecvt(unsigned long)
0 12
cfn=(612) std::locale::facet::_S_get_c_locale()
calls=1 0 
0 9
0 1
0 5

fn=(674) std::__timepunct<char>::_M_initialize_timepunct(__locale_struct*)
0 10
cfn=(612)
calls=1 0 
0 9
0 1
0 97

fn=(756) std::__cxx11::moneypunct<wchar_t, true>::_M_initialize_moneypunct(__locale_struct*, char const*)
0 108

fn=(948) std::locale::operator=(std::locale const&)
0 609

fn=(966) bool std::has_facet<std::ctype<char> >(std::locale const&)
0 100
cfn=(638) std::locale::id::_M_id() const
calls=25 0 
0 125
0 25
0 325
cfn=(972) __dynamic_cast
calls=25 0 
0 4410
cob=(1)
cfi=(49)
cfn=(200)
calls=1 34 
0 679
0 29
0 100

fn=(1220) __gnu_cxx::stdio_sync_filebuf<char, std::char_traits<char> >::xsputn(char const*, long)
0 1040
cob=(3)
cfi=(132)
cfn=(1226)
calls=208 35 
0 46650
cob=(1)
cfi=(49)
cfn=(200)
calls=1 34 
0 1143
0 212

fn=(1350)
0 88
cfn=(1356)
calls=8 0 
0 24
cob=(1)
cfi=(49)
cfn=(200)
calls=1 34 
0 846
0 12
0 56
cfn=(1362) std::__basic_file<char>::open(char const*, std::_Ios_Openmode, int)
calls=8 0 
0 7529
cob=(1)
cfi=(49)
cfn=(200)
calls=1 34 
0 958
0 12
0 16
cfn=(1356)
calls=8 0 
0 24
0 8
0 30
cfn=(1404) std::basic_filebuf<char, std::char_traits<char> >::_M_allocate_internal_buffer()
calls=7 0 
0 2705
cob=(1)
cfi=(49)
cfn=(200)
calls=1 34 
0 1133
0 11
0 161

fn=(1594)
0 9
cfn=(1200) char* std::string::_S_construct<char const*>(char const*, char const*, std::allocator<char> const&, std::forward_iterator_tag)
calls=1 0 
0 279
0 1
0 5

fn=(1674)
0 8457616
cfn=(1680) std::string::_Rep::_M_clone(std::allocator<char> const&, unsigned long)
calls=528601 0 
0 81405716
cob=(1)
cfi=(49)
cfn=(200)
calls=1 34 
0 789
0 528605
0 4757409

fn=(1742) std::basic_stringbuf<char, std::char_traits<char>, std::allocator<char> >::underflow()
0 13

fn=(1772) std::ostreambuf_iterator<char, std::char_traits<char> > std::num_put<char, std::ostreambuf_iterator<char, std::char_traits<char> > >::_M_insert_float<long double>(std::ostreambuf_iterator<char, std::char_traits<char> >, std::ios_base&, char, char, long double) const
0 20010
cfn=(1624) 0x00000000000d9d20
calls=870 0 
0 23490
0 8700
cfn=(1778) std::__num_base::_S_format_float(std::ios_base const&, char*, char)
calls=870 0 
0 21087
cob=(1)
cfi=(49)
cfn=(200)
calls=1 34 
0 974
0 874
0 6960
cfn=(612)
calls=870 0 
0 7830
0 870
0 10440
cfn=(1780) 0x00000000000d2a80
calls=870 0 
0 2228584
0 6090
cfn=(990) std::ctype<char> const& std::use_facet<std::ctype<char> >(std::locale const&)
calls=870 0 
0 135720
0 870
0 11310
cfn=(1820) 0x00000000000d2b40
calls=870 0 
0 68399
0 5220
cob=(3)
cfi=(151)
cfn=(1486)
calls=870 25 
0 17396
0 870
0 20850
cfn=(2676) std::basic_filebuf<char, std::char_traits<char> >::xsputn(char const*, long)
calls=847 0 
0 80707
cfn=(1220)
calls=23 0 
0 4424
0 20406
cfn=(2694) std::num_put<char, std::ostreambuf_iterator<char, std::char_traits<char> > >::_M_pad(char, long, std::ios_base&, char*, char const*, int&) const
calls=432 0 
0 56342
0 432
0 2170

fn=(1932) std::basic_filebuf<char, std::char_traits<char> >::_M_destroy_internal_buffer()
0 56
cfn=(1938)
calls=7 0 
0 1513
cob=(1)
cfi=(49)
cfn=(200)
calls=1 34 
0 606
0 11
0 77

fn=(2034)
0 3710
cfn=(1830)
calls=371 0 
0 130716
cob=(1)
cfi=(49)
cfn=(200)
calls=1 34 
0 763
0 375

fn=(2246) void std::__convert_to_v<double>(char const*, double&, std::_Ios_Iostate&, __locale_struct* const&)
0 5285940
cob=(3)
cfi=(160)
cfn=(2252)
calls=528594 1794 
0 516402679
cob=(1)
cfi=(49)
cfn=(200)
calls=1 34 
0 1212
0 528598
0 8986098

fn=(2332)
0 48
cfn=(1450) std::istream::sentry::sentry(std::istream&, bool)
calls=3 0 
0 84
0 3
0 51
cfn=(1280) std::string::_M_mutate(unsigned long, unsigned long, unsigned long)
calls=3 0 
0 117
0 3
0 54
cob=(3)
cfi=(151)
cfn=(1486)
calls=3 25 
0 60
0 3
0 24
cfn=(2192)
calls=3 0 
0 1239
cob=(1)
cfi=(49)
cfn=(200)
calls=1 34 
0 701
0 7
0 126
cfn=(1452) std::basic_filebuf<char, std::char_traits<char> >::underflow()
calls=3 0 
0 312
0 3

fn=(2994) std::_V2::error_category::~error_category()
0 3

fn=(3000)
0 3
cfn=(3006) std::error_category::~error_category()
calls=1 0 
0 1
cob=(1)
cfi=(49)
cfn=(200)
calls=1 34 
0 795
0 5

fn=(3008)
0 3
cfn=(3006)
calls=1 0 
0 1
0 1

fn=(346) std::error_category::error_category()
0 8

fn=(384)
0 9
cob=(3)
cfi=(77)
cfn=(390)
calls=1 2876 
0 59269
cob=(1)
cfi=(49)
cfn=(200)
calls=1 34 
0 1171
0 5
0 8

fn=(490)
0 49

fn=(582) 0x00000000000a0c50
0 4
cfn=(594) std::locale::_Impl::_Impl(unsigned long)
calls=1 0 
0 72301
cob=(1)
cfi=(49)
cfn=(200)
calls=1 34 
0 742
0 5
0 495

fn=(620) std::locale::facet::_S_create_c_locale(__locale_struct*&, char const*, __locale_struct*)
0 4
cob=(3)
cfi=(89)
cfn=(626)
calls=1 44 
0 40
cob=(1)
cfi=(49)
cfn=(200)
calls=1 34 
0 1227
0 5
0 5

fn=(774) std::__cxx11::messages<wchar_t>::messages(unsigned long)
0 12
cfn=(612)
calls=1 0 
0 9
0 1
0 2
cfn=(600) std::locale::facet::_S_get_c_name()
calls=1 0 
0 2
0 1
0 5

fn=(804) std::moneypunct<char, false>::_M_initialize_moneypunct(__locale_struct*, char const*)
0 112

fn=(818) std::moneypunct<char, true>::_M_initialize_moneypunct(__locale_struct*, char const*)
0 112

fn=(974) __cxxabiv1::__vmi_class_type_info::__do_dyncast(long, __cxxabiv1::__class_type_info::__sub_kind, __cxxabiv1::__class_type_info const*, void const*, __cxxabiv1::__class_type_info const*, void const*, __cxxabiv1::__class_type_info::__dyncast_result&) const
0 27960
cob=(3)
cfi=(100)
cfn=(984)
calls=932 180 
0 22368
cob=(1)
cfi=(49)
cfn=(200)
calls=1 34 
0 1156
0 936
0 26096

fn=(1028) std::basic_ios<wchar_t, std::char_traits<wchar_t> >::_M_cache_locale(std::locale const&)
0 28
cfn=(1034) bool std::has_facet<std::ctype<wchar_t> >(std::locale const&)
calls=4 0 
0 436
cob=(1)
cfi=(49)
cfn=(200)
calls=1 34 
0 869
0 8
0 16
cfn=(1040) std::ctype<wchar_t> const& std::use_facet<std::ctype<wchar_t> >(std::locale const&)
calls=4 0 
0 428
cob=(1)
cfi=(49)
cfn=(200)
calls=1 34 
0 893
0 8
0 12
cfn=(1046) bool std::has_facet<std::num_put<wchar_t, std::ostreambuf_iterator<wchar_t, std::char_traits<wchar_t> > > >(std::locale const&)
calls=4 0 
0 436
cob=(1)
cfi=(49)
cfn=(200)
calls=1 34 
0 1256
0 8
0 16
cfn=(1052) std::num_put<wchar_t, std::ostreambuf_iterator<wchar_t, std::char_traits<wchar_t> > > const& std::use_facet<std::num_put<wchar_t, std::ostreambuf_iterator<wchar_t, std::char_traits<wchar_t> > > >(std::locale const&)
calls=4 0 
0 428
cob=(1)
cfi=(49)
cfn=(200)
calls=1 34 
0 1285
0 8
0 12
cfn=(1058) bool std::has_facet<std::num_get<wchar_t, std::istreambuf_iterator<wchar_t, std::char_traits<wchar_t> > > >(std::locale const&)
calls=4 0 
0 436
cob=(1)
cfi=(49)
cfn=(200)
calls=1 34 
0 1237
0 8
0 16
cfn=(1064) std::num_get<wchar_t, std::istreambuf_iterator<wchar_t, std::char_traits<wchar_t> > > const& std::use_facet<std::num_get<wchar_t, std::istreambuf_iterator<wchar_t, std::char_traits<wchar_t> > > >(std::locale const&)
calls=4 0 
0 428
cob=(1)
cfi=(49)
cfn=(200)
calls=1 34 
0 1277
0 8
0 20

fn=(1190)
0 44
cob=(3)
cfi=(97)
cfn=(730)
calls=4 66 
0 82
cob=(1)
cfi=(49)
cfn=(200)
calls=1 34 
0 1136
0 8
0 24
cfn=(1200)
calls=4 0 
0 575
cob=(1)
cfi=(49)
cfn=(200)
calls=1 34 
0 1106
0 8
0 28

fn=(1286) std::string::_Rep::_S_create(unsigned long, unsigned long, std::allocator<char> const&)
0 8457888
cfn=(1292)
calls=528618 0 
0 57622247
cob=(1)
cfi=(49)
cfn=(200)
calls=1 34 
0 606
0 528622
0 2114472

fn=(1326)
0 152
cfn=(580)
calls=8 0 
0 224
0 8
0 88
cfn=(1332) std::__basic_file<char>::__basic_file(pthread_mutex_t*)
calls=8 0 
0 24
cob=(1)
cfi=(49)
cfn=(200)
calls=1 34 
0 910
0 12
0 184
cfn=(1338) bool std::has_facet<std::codecvt<char, char, __mbstate_t> >(std::locale const&)
calls=8 0 
0 872
cob=(1)
cfi=(49)
cfn=(200)
calls=1 34 
0 997
0 12
0 32
cfn=(1344) std::codecvt<char, char, __mbstate_t> const& std::use_facet<std::codecvt<char, char, __mbstate_t> >(std::locale const&)
calls=8 0 
0 856
cob=(1)
cfi=(49)
cfn=(200)
calls=1 34 
0 1056
0 12
0 56

fn=(1362)
0 48
cfn=(1364) 0x00000000000af8e0
calls=8 0 
0 72
0 48
cfn=(1356)
calls=8 0 
0 24
0 8
0 40
cob=(3)
cfi=(144)
cfn=(1374)
calls=8 103 
0 6048
cob=(1)
cfi=(49)
cfn=(200)
calls=1 34 
0 1158
0 12
0 71

fn=(1602)
0 29
cfn=(1608) std::basic_stringbuf<char, std::char_traits<char>, std::allocator<char> >::_M_pbump(char*, char*, long)
calls=1 0 
0 11
cob=(1)
cfi=(49)
cfn=(200)
calls=1 34 
0 1090
0 5

fn=(1616) std::num_get<char, std::istreambuf_iterator<char, std::char_traits<char> > >::do_get(std::istreambuf_iterator<char, std::char_traits<char> >, std::istreambuf_iterator<char, std::char_traits<char> >, std::ios_base&, std::_Ios_Iostate&, long&) const
0 203420
cfn=(1622) std::istreambuf_iterator<char, std::char_traits<char> > std::num_get<char, std::istreambuf_iterator<char, std::char_traits<char> > >::_M_extract_int<long>(std::istreambuf_iterator<char, std::char_traits<char> >, std::istreambuf_iterator<char, std::char_traits<char> >, std::ios_base&, std::_Ios_Iostate&, long&) const
calls=50855 0 
0 17872893
cob=(1)
cfi=(49)
cfn=(200)
calls=1 34 
0 1533
0 50859
0 101710

fn=(1686) std::num_get<char, std::istreambuf_iterator<char, std::char_traits<char> > >::_M_extract_float(std::istreambuf_iterator<char, std::char_traits<char> >, std::istreambuf_iterator<char, std::char_traits<char> >, std::ios_base&, std::_Ios_Iostate&, std::string&) const
0 8457552
cfn=(1624)
calls=528597 0 
0 14272119
0 3700179
cfn=(1630) 0x00000000000d9e30
calls=528597 0 
0 14800716
0 47928351
cfn=(1692) std::string::push_back(char)
calls=5934374 0 
0 148359350
cob=(1)
cfi=(49)
cfn=(200)
calls=1 34 
0 709
0 5934378
0 134150502
cfn=(1692)
calls=277221 0 
0 6930525
0 277221
0 831663
cfn=(1660) std::istreambuf_iterator<char, std::char_traits<char> >::operator++()
calls=277221 0 
0 3881094
0 277221
0 831663
cfn=(1630)
calls=277221 0 
0 7765567
0 1108884
cfn=(1644) 0x00000000000d9f30
calls=277221 0 
0 1940547
0 2493397
cfn=(1692)
calls=277221 0 
0 6930525
0 277221
0 14496811
cfn=(1644)
calls=6693962 0 
0 46857734
0 16764500
cfn=(1692)
calls=482368 0 
0 12059200
0 482368
0 967182
cfn=(1452)
calls=824 0 
0 85696
cfn=(1742)
calls=1 0 
0 13
0 1587443
cfn=(1644)
calls=528597 0 
0 3700179
0 14558604
cfn=(1692)
calls=169778 0 
0 4244450
0 169778
0 339556
cfn=(1660)
calls=169778 0 
0 2376892
0 169778
0 509334
cfn=(1630)
calls=169778 0 
0 4756182
0 679112
cfn=(1644)
calls=169778 0 
0 1188446
0 725516
cfn=(1644)
calls=185246 0 
0 1296722
0 1111476
cfn=(1692)
calls=185246 0 
0 4631150
0 185246
0 555784
cfn=(1452)
calls=23 0 
0 2392
0 1057240

fn=(1938)
0 6740705
cfn=(1732)
calls=6740705 0 
0 612890679
0 6740705

fn=(2052)
0 20
cfn=(1830)
calls=2 0 
0 726
0 2

fn=(2198)
0 21
cob=(3)
cfi=(141)
cfn=(1300)
calls=1 25 
0 17
0 1
0 19

fn=(2694)
0 8556
cfn=(2696) 0x00000000000fd970
calls=713 0 
0 72064
0 3565

fn=(2932) std::basic_ostream<wchar_t, std::char_traits<wchar_t> >::flush()
0 27
cfn=(2934) __gnu_cxx::stdio_sync_filebuf<wchar_t, std::char_traits<wchar_t> >::sync()
calls=3 0 
0 171
0 15

fn=(338)
0 5
cfn=(346)
calls=1 0 
0 4
cob=(1)
cfi=(49)
cfn=(200)
calls=1 34 
0 795
0 5
0 7
cob=(3)
cfi=(76)
cfn=(354)
calls=1 57 
0 60
cob=(1)
cfi=(49)
cfn=(200)
calls=1 34 
0 1261
0 5
0 3
cfn=(346)
calls=1 0 
0 4
0 1
0 7
cob=(3)
cfi=(76)
cfn=(354)
calls=1 57 
0 66
0 1

fn=(450)
0 5
cob=(3)
cfi=(76)
cfn=(354)
calls=1 57 
0 66
0 1
0 5
cob=(3)
cfi=(76)
cfn=(354)
calls=1 57 
0 66
0 1

fn=(454)
0 33

fn=(600)
0 14

fn=(614) 0x000000000009e830
0 4
cfn=(620)
calls=1 0 
0 1281
cob=(1)
cfi=(49)
cfn=(200)
calls=1 34 
0 1078
0 5

fn=(638)
0 2911539

fn=(668) std::__timepunct<char>::__timepunct(std::__timepunct_cache<char>*, unsigned long)
0 14
cfn=(600)
calls=1 0 
0 2
0 1
0 4
cfn=(674)
calls=1 0 
0 117
cob=(1)
cfi=(49)
cfn=(200)
calls=1 34 
0 1094
0 5
0 4

fn=(738) std::codecvt<wchar_t, char, __mbstate_t>::codecvt(unsigned long)
0 12
cfn=(612)
calls=1 0 
0 9
0 1
0 5

fn=(750) std::__cxx11::moneypunct<wchar_t, false>::_M_initialize_moneypunct(__locale_struct*, char const*)
0 108

fn=(884) std::moneypunct<wchar_t, true>::_M_initialize_moneypunct(__locale_struct*, char const*)
0 108

fn=(972)
0 39664
cfn=(998) __cxxabiv1::__si_class_type_info::__do_dyncast(long, __cxxabiv1::__class_type_info::__sub_kind, __cxxabiv1::__class_type_info const*, void const*, __cxxabiv1::__class_type_info const*, void const*, __cxxabiv1::__class_type_info::__dyncast_result&) const
calls=140 0 
0 4760
cfn=(974)
calls=932 0 
0 78516
0 10720

fn=(990)
0 3628
cfn=(638)
calls=907 0 
0 4535
0 907
0 9977
cfn=(972)
calls=907 0 
0 117910
0 907
0 3628

fn=(1292)
0 50889111
cob=(3)
cfi=(77)
cfn=(390)
calls=7269873 2876 
0 705323890
0 7269873
0 29079492

fn=(1344)
0 32
cfn=(638)
calls=8 0 
0 40
0 8
0 88
cfn=(972)
calls=8 0 
0 648
0 8
0 32

fn=(1622)
0 813680
cfn=(1624)
calls=50855 0 
0 1373085
0 864535
cfn=(1630)
calls=50855 0 
0 1423940
0 254275
cfn=(1644)
calls=50855 0 
0 355985
0 10619431
cfn=(1644)
calls=176411 0 
0 1234877
0 352866
cfn=(1452)
calls=22 0 
0 2288
0 563849
cfn=(1660)
calls=200 0 
0 2800
cob=(1)
cfi=(49)
cfn=(200)
calls=1 34 
0 1478
0 204
0 600
cfn=(1630)
calls=200 0 
0 5600
0 800
cfn=(1644)
calls=200 0 
0 1400
0 1200

fn=(1698) void std::__convert_to_v<long double>(char const*, long double&, std::_Ios_Iostate&, __locale_struct* const&)
0 30
cob=(3)
cfi=(175)
cfn=(1704)
calls=3 1794 
0 1252
cob=(1)
cfi=(49)
cfn=(200)
calls=1 34 
0 1209
0 7
0 66

fn=(1726)
0 528618
cfn=(1732)
calls=528618 0 
0 45991003
cob=(1)
cfi=(49)
cfn=(200)
calls=1 34 
0 606
0 528622

fn=(1764)
0 12180
cfn=(1218) std::ostream::sentry::sentry(std::ostream&)
calls=870 0 
0 20010
0 870
0 17402
cfn=(1766) std::num_put<char, std::ostreambuf_iterator<char, std::char_traits<char> > >::do_put(std::ostreambuf_iterator<char, std::char_traits<char> >, std::ios_base&, char, long double) const
calls=869 0 
0 2763399
0 9
cfn=(1766)
calls=1 0 
0 6857
0 16530

fn=(1766)
0 5220
cfn=(1772)
calls=870 0 
0 2761025
cob=(1)
cfi=(49)
cfn=(200)
calls=1 34 
0 1397
0 874
0 1740

fn=(1854)
0 1701
cfn=(1218)
calls=189 0 
0 4347
0 189
0 4294
cfn=(1856) __gnu_cxx::stdio_sync_filebuf<char, std::char_traits<char> >::overflow(int)
calls=68 0 
0 13645
0 136

fn=(1902)
0 63
cfn=(1908) std::ios_base::_M_call_callbacks(std::ios_base::event)
calls=9 0 
0 90
cob=(1)
cfi=(49)
cfn=(200)
calls=1 34 
0 932
0 13
0 18
cfn=(1914) std::ios_base::_M_dispose_callbacks()
calls=9 0 
0 108
cob=(1)
cfi=(49)
cfn=(200)
calls=1 34 
0 895
0 13
0 63
cfn=(954)
calls=9 0 
0 108
0 9

fn=(1982)
0 8
cfn=(1944) std::__basic_file<char>::close()
calls=8 0 
0 128
0 8

fn=(2014) std::num_put<char, std::ostreambuf_iterator<char, std::char_traits<char> > >::do_put(std::ostreambuf_iterator<char, std::char_traits<char> >, std::ios_base&, char, double) const
0 48
cfn=(2020) std::ostreambuf_iterator<char, std::char_traits<char> > std::num_put<char, std::ostreambuf_iterator<char, std::char_traits<char> > >::_M_insert_float<double>(std::ostreambuf_iterator<char, std::char_traits<char> >, std::ios_base&, char, char, double) const
calls=12 0 
0 44148
cob=(1)
cfi=(49)
cfn=(200)
calls=1 34 
0 1424
0 16
0 24

fn=(2046) std::num_put<char, std::ostreambuf_iterator<char, std::char_traits<char> > >::do_put(std::ostreambuf_iterator<char, std::char_traits<char> >, std::ios_base&, char, bool) const
0 280
cfn=(1838) std::ostreambuf_iterator<char, std::char_traits<char> > std::num_put<char, std::ostreambuf_iterator<char, std::char_traits<char> > >::_M_insert_int<long>(std::ostreambuf_iterator<char, std::char_traits<char> >, std::ios_base&, char, long) const
calls=14 0 
0 3986
0 14
0 224

fn=(422)
0 73

fn=(594)
0 444
cfn=(600)
calls=1 0 
0 2
cob=(1)
cfi=(49)
cfn=(200)
calls=1 34 
0 860
0 5
0 7
cfn=(606) std::ctype<char>::ctype(unsigned short const*, bool, unsigned long)
calls=1 0 
0 3354
cob=(1)
cfi=(49)
cfn=(200)
calls=1 34 
0 734
0 5
0 4
cfn=(632) std::locale::_Impl::_M_install_facet(std::locale::id const*, std::locale::facet const*)
calls=1 0 
0 1178
cob=(1)
cfi=(49)
cfn=(200)
calls=1 34 
0 1054
0 5
0 3
cfn=(644)
calls=1 0 
0 27
cob=(1)
cfi=(49)
cfn=(200)
calls=1 34 
0 830
0 5
0 4
cfn=(632)
calls=1 0 
0 424
0 1
0 23
cfn=(650) std::__cxx11::numpunct<char>::_M_initialize_numpunct(__locale_struct*)
calls=1 0 
0 413
cob=(1)
cfi=(49)
cfn=(200)
calls=1 34 
0 1139
0 5
0 5
cfn=(632)
calls=1 0 
0 424
0 1
0 8
cfn=(632)
calls=1 0 
0 424
0 1
0 8
cfn=(632)
calls=1 0 
0 424
0 1
0 5
cfn=(612)
calls=1 0 
0 9
0 1
0 5
cfn=(632)
calls=1 0 
0 424
0 1
0 35
cfn=(656) std::__cxx11::moneypunct<char, false>::_M_initialize_moneypunct(__locale_struct*, char const*)
calls=1 0 
0 112
cob=(1)
cfi=(49)
cfn=(200)
calls=1 34 
0 1227
0 5
0 5
cfn=(632)
calls=1 0 
0 424
0 1
0 35
cfn=(662) std::__cxx11::moneypunct<char, true>::_M_initialize_moneypunct(__locale_struct*, char const*)
calls=1 0 
0 112
cob=(1)
cfi=(49)
cfn=(200)
calls=1 34 
0 1270
0 5
0 5
cfn=(632)
calls=1 0 
0 424
0 1
0 8
cfn=(632)
calls=1 0 
0 424
0 1
0 8
cfn=(632)
calls=1 0 
0 424
0 1
0 56
cfn=(668)
calls=1 0 
0 1241
cob=(1)
cfi=(49)
cfn=(200)
calls=1 34 
0 965
0 5
0 5
cfn=(632)
calls=1 0 
0 424
0 1
0 8
cfn=(632)
calls=1 0 
0 424
0 1
0 8
cfn=(632)
calls=1 0 
0 424
0 1
0 3
cfn=(680) std::__cxx11::messages<char>::messages(unsigned long)
calls=1 0 
0 32
cob=(1)
cfi=(49)
cfn=(200)
calls=1 34 
0 829
0 5
0 4
cfn=(632)
calls=1 0 
0 424
0 1
0 3
cfn=(686) std::ctype<wchar_t>::ctype(unsigned long)
calls=1 0 
0 24613
cob=(1)
cfi=(49)
cfn=(200)
calls=1 34 
0 702
0 5
0 4
cfn=(632)
calls=1 0 
0 424
0 1
0 3
cfn=(738)
calls=1 0 
0 27
cob=(1)
cfi=(49)
cfn=(200)
calls=1 34 
0 830
0 5
0 4
cfn=(632)
calls=1 0 
0 424
0 1
0 23
cfn=(744) std::__cxx11::numpunct<wchar_t>::_M_initialize_numpunct(__locale_struct*)
calls=1 0 
0 349
cob=(1)
cfi=(49)
cfn=(200)
calls=1 34 
0 1131
0 5
0 4
cfn=(632)
calls=1 0 
0 424
0 1
0 8
cfn=(632)
calls=1 0 
0 424
0 1
0 8
cfn=(632)
calls=1 0 
0 424
0 1
0 5
cfn=(612)
calls=1 0 
0 9
0 1
0 5
cfn=(632)
calls=1 0 
0 424
0 1
0 35
cfn=(750)
calls=1 0 
0 108
cob=(1)
cfi=(49)
cfn=(200)
calls=1 34 
0 1235
0 5
0 4
cfn=(632)
calls=1 0 
0 424
0 1
0 35
cfn=(756)
calls=1 0 
0 108
cob=(1)
cfi=(49)
cfn=(200)
calls=1 34 
0 1219
0 5
0 4
cfn=(632)
calls=1 0 
0 424
0 1
0 8
cfn=(632)
calls=1 0 
0 424
0 1
0 8
cfn=(632)
calls=1 0 
0 424
0 1
0 56
cfn=(762) std::__timepunct<wchar_t>::__timepunct(std::__timepunct_cache<wchar_t>*, unsigned long)
calls=1 0 
0 1258
cob=(1)
cfi=(49)
cfn=(200)
calls=1 34 
0 965
0 5
0 4
cfn=(632)
calls=1 0 
0 424
0 1
0 8
cfn=(632)
calls=1 0 
0 424
0 1
0 8
cfn=(632)
calls=1 0 
0 424
0 1
0 3
cfn=(774)
calls=1 0 
0 32
cob=(1)
cfi=(49)
cfn=(200)
calls=1 34 
0 810
0 5
0 4
cfn=(632)
calls=1 0 
0 424
0 1
0 8
cfn=(632)
calls=1 0 
0 424
0 1
0 8
cfn=(632)
calls=1 0 
0 424
0 1
0 15
cfn=(776) 0x00000000000b8180
calls=1 0 
0 10043
0 3
cfn=(638)
calls=1 0 
0 5
0 1
0 5
cfn=(638)
calls=1 0 
0 5
0 1
0 5
cfn=(638)
calls=1 0 
0 5
0 1
0 5
cfn=(638)
calls=1 0 
0 5
0 1
0 5
cfn=(638)
calls=1 0 
0 5
0 1
0 5
cfn=(638)
calls=1 0 
0 5
0 1
0 5
cfn=(638)
calls=1 0 
0 5
0 1
0 5
cfn=(638)
calls=1 0 
0 5
0 1
0 10

fn=(960) std::basic_ios<char, std::char_traits<char> >::_M_cache_locale(std::locale const&)
0 175
cfn=(966)
calls=25 0 
0 5793
cob=(1)
cfi=(49)
cfn=(200)
calls=1 34 
0 893
0 29
0 100
cfn=(990)
calls=25 0 
0 3900
cob=(1)
cfi=(49)
cfn=(200)
calls=1 34 
0 920
0 29
0 75
cfn=(996) bool std::has_facet<std::num_put<char, std::ostreambuf_iterator<char, std::char_traits<char> > > >(std::locale const&)
calls=25 0 
0 2725
cob=(1)
cfi=(49)
cfn=(200)
calls=1 34 
0 1253
0 29
0 100
cfn=(1004) std::num_put<char, std::ostreambuf_iterator<char, std::char_traits<char> > > const& std::use_facet<std::num_put<char, std::ostreambuf_iterator<char, std::char_traits<char> > > >(std::locale const&)
calls=25 0 
0 2675
cob=(1)
cfi=(49)
cfn=(200)
calls=1 34 
0 1261
0 29
0 75
cfn=(1010) bool std::has_facet<std::num_get<char, std::istreambuf_iterator<char, std::char_traits<char> > > >(std::locale const&)
calls=25 0 
0 2725
cob=(1)
cfi=(49)
cfn=(200)
calls=1 34 
0 1237
0 29
0 100
cfn=(1016) std::num_get<char, std::istreambuf_iterator<char, std::char_traits<char> > > const& std::use_facet<std::num_get<char, std::istreambuf_iterator<char, std::char_traits<char> > > >(std::locale const&)
calls=25 0 
0 2675
cob=(1)
cfi=(49)
cfn=(200)
calls=1 34 
0 1269
0 29
0 125

fn=(1410)
0 13481410
cfn=(1292)
calls=6740705 0 
0 734834095
0 6740705
0 13481410

fn=(1660)
0 6260786

fn=(1680)
0 4757409
cfn=(1286)
calls=528601 0 
0 68719292
0 528601
0 7400414

fn=(1832) std::num_put<char, std::ostreambuf_iterator<char, std::char_traits<char> > >::do_put(std::ostreambuf_iterator<char, std::char_traits<char> >, std::ios_base&, char, long) const
0 2235
cfn=(1838)
calls=745 0 
0 224769
cob=(1)
cfi=(49)
cfn=(200)
calls=1 34 
0 1365
0 749
0 1490

fn=(1856)
0 408
cob=(3)
cfi=(190)
cfn=(1862)
calls=68 27 
0 12036
cob=(1)
cfi=(49)
cfn=(200)
calls=1 34 
0 1129
0 72

fn=(1944)
0 75
cfn=(1356)
calls=15 0 
0 45
0 15
0 51
cob=(3)
cfi=(194)
cfn=(1950)
calls=7 26 
0 21
cob=(1)
cfi=(49)
cfn=(200)
calls=1 34 
0 1310
0 11
0 35
cob=(3)
cfi=(195)
cfn=(1956)
calls=7 40 
0 3768
cob=(1)
cfi=(49)
cfn=(200)
calls=1 34 
0 1168
0 11
0 96

fn=(2012)
0 144
cfn=(1218)
calls=12 0 
0 276
0 12
0 240
cfn=(2014)
calls=12 0 
0 45660
0 192

fn=(2240) std::num_get<char, std::istreambuf_iterator<char, std::char_traits<char> > >::do_get(std::istreambuf_iterator<char, std::char_traits<char> >, std::istreambuf_iterator<char, std::char_traits<char> >, std::ios_base&, std::_Ios_Iostate&, double&) const
0 11100474
cfn=(1674)
calls=528594 0 
0 95147401
0 528594
0 4757346
cfn=(1686)
calls=528594 0 
0 546706458
0 528594
0 4228752
cfn=(612)
calls=528594 0 
0 4757346
0 528594
0 3700158
cfn=(2246)
calls=528594 0 
0 531204527
cob=(1)
cfi=(49)
cfn=(200)
calls=1 34 
0 1118
0 528598
0 1057188
cfn=(1644)
calls=528594 0 
0 3700158
0 2114376
cfn=(1644)
calls=528594 0 
0 2642970
0 7400316
cfn=(1716) 0x00000000000f9440
calls=528594 0 
0 51802212
0 4757346

fn=(2676)
0 47190
cfn=(1454) std::codecvt<char, char, __mbstate_t>::do_always_noconv() const
calls=3146 0 
0 6292
0 78654
cfn=(2682) std::basic_streambuf<char, std::char_traits<char> >::xsputn(char const*, long)
calls=3146 0 
0 172476
cob=(1)
cfi=(49)
cfn=(200)
calls=1 34 
0 1005
0 3150

fn=(2696)
0 17112
cob=(3)
cfi=(209)
cfn=(2226)
calls=713 53 
0 14267
cob=(1)
cfi=(49)
cfn=(200)
calls=1 34 
0 1144
0 717
0 8556
cob=(3)
cfi=(141)
cfn=(1300)
calls=713 25 
0 29555
0 713

fn=(2988)
0 3
cfn=(2994)
calls=1 0 
0 1
cob=(1)
cfi=(49)
cfn=(200)
calls=1 34 
0 811
0 5

fn=(2996)
0 3
cfn=(2994)
calls=1 0 
0 1
0 1

fn=(3012) 0x000000000008a8b0
0 9

fn=(330)
0 17

fn=(612)
0 4765436
cfn=(614)
calls=1 0 
0 2368
0 3

fn=(650)
0 413

fn=(686)
0 12
cfn=(612)
calls=1 0 
0 9
0 1
0 7
cfn=(692) std::ctype<wchar_t>::_M_initialize_ctype()
calls=1 0 
0 23717
cob=(1)
cfi=(49)
cfn=(200)
calls=1 34 
0 862
0 5

fn=(722) std::ctype<wchar_t>::_M_convert_to_wmask(unsigned short) const
0 102
cob=(3)
cfi=(96)
cfn=(728)
calls=1 27 
0 146
0 1
0 9
cob=(3)
cfi=(96)
cfn=(728)
calls=1 27 
0 514
0 1
0 3
cob=(3)
cfi=(96)
cfn=(728)
calls=1 27 
0 318
0 1
0 5
cob=(3)
cfi=(96)
cfn=(728)
calls=1 27 
0 97
cob=(1)
cfi=(49)
cfn=(200)
calls=1 34 
0 1220
0 5
0 3
cob=(3)
cfi=(96)
cfn=(728)
calls=1 27 
0 195
0 1
0 3
cob=(3)
cfi=(96)
cfn=(728)
calls=1 27 
0 244
0 1
0 3
cob=(3)
cfi=(96)
cfn=(728)
calls=1 27 
0 367
0 1
0 3
cob=(3)
cfi=(96)
cfn=(728)
calls=1 27 
0 465
0 1
0 3
cob=(3)
cfi=(96)
cfn=(728)
calls=1 27 
0 197
0 1
0 3
cob=(3)
cfi=(96)
cfn=(728)
calls=1 27 
0 583
0 1

fn=(768) std::__timepunct<wchar_t>::_M_initialize_timepunct(__locale_struct*)
0 9
cfn=(612)
calls=1 0 
0 9
0 1
0 96

fn=(782) std::numpunct<char>::_M_initialize_numpunct(__locale_struct*)
0 413

fn=(930)
0 1003
cfn=(580)
calls=17 0 
0 476
0 17

fn=(1262)
0 14
cob=(3)
cfi=(97)
cfn=(730)
calls=2 66 
0 68
0 2
0 14
cfn=(1268)
calls=2 0 
0 4845
cob=(1)
cfi=(49)
cfn=(200)
calls=1 34 
0 693
0 6

fn=(1630)
0 26693032
cfn=(1452)
calls=53 0 
0 5512
0 2053461

fn=(1644)
0 62919052

fn=(1830)
0 8940
cfn=(1218)
calls=745 0 
0 17135
0 745
0 15645
cfn=(1832)
calls=745 0 
0 230608
0 12665

fn=(1872)
0 1728
cfn=(2708) std::basic_filebuf<char, std::char_traits<char> >::sync()
calls=121 0 
0 21737
cfn=(1874) __gnu_cxx::stdio_sync_filebuf<char, std::char_traits<char> >::sync()
calls=71 0 
0 5186
0 960

fn=(1874)
0 142
cob=(3)
cfi=(191)
cfn=(1880)
calls=71 34 
0 3834
cob=(1)
cfi=(49)
cfn=(200)
calls=1 34 
0 1135
0 75

fn=(1908)
0 90

fn=(2720) std::__basic_file<char>::xsputn(char const*, long)
0 1936
cob=(3)
cfi=(137)
cfn=(1250)
calls=121 81 
0 847
cob=(1)
cfi=(49)
cfn=(200)
calls=1 34 
0 1128
0 125
0 1936
cfn=(1466) std::__basic_file<char>::fd()
calls=121 0 
0 1089
0 121
0 847

fn=(2896)
0 28
cfn=(1854)
calls=2 0 
0 486
cob=(1)
cfi=(49)
cfn=(200)
calls=1 34 
0 645
0 6
0 10
cfn=(1872)
calls=2 0 
0 142
cob=(1)
cfi=(49)
cfn=(200)
calls=1 34 
0 685
0 6

fn=(2934)
0 6
cob=(3)
cfi=(191)
cfn=(1880)
calls=3 34 
0 162
0 3

fn=(368)
0 5
cfn=(374)
calls=1 0 
0 26
cob=(1)
cfi=(49)
cfn=(200)
calls=1 34 
0 711
0 5
0 4
cfn=(380) __cxa_guard_release
calls=1 0 
0 5
cob=(1)
cfi=(49)
cfn=(200)
calls=1 34 
0 711
0 5
0 4
cob=(3)
cfi=(76)
cfn=(354)
calls=1 57 
0 66
0 1
0 3

fn=(574)
0 507
cfn=(580)
calls=1 0 
0 73087
cob=(1)
cfi=(49)
cfn=(200)
calls=1 34 
0 694
0 5
0 16
cfn=(580)
calls=1 0 
0 28
0 1
0 14
cfn=(580)
calls=1 0 
0 28
0 1
0 6
cfn=(930)
calls=1 0 
0 88
cob=(1)
cfi=(49)
cfn=(200)
calls=1 34 
0 702
0 5
0 15
cfn=(936)
calls=1 0 
0 12883
cob=(1)
cfi=(49)
cfn=(200)
calls=1 34 
0 1125
0 5
0 3
cfn=(930)
calls=1 0 
0 88
0 1
0 16
cfn=(936)
calls=1 0 
0 888
0 1
0 3
cfn=(930)
calls=1 0 
0 88
0 1
0 14
cfn=(936)
calls=1 0 
0 888
0 1
0 3
cfn=(930)
calls=1 0 
0 88
0 1
0 14
cfn=(936)
calls=1 0 
0 888
0 1
0 16
cfn=(580)
calls=1 0 
0 28
0 1
0 16
cfn=(580)
calls=1 0 
0 28
0 1
0 14
cfn=(580)
calls=1 0 
0 28
0 1
0 6
cfn=(930)
calls=1 0 
0 88
0 1
0 15
cfn=(1022) std::basic_ios<wchar_t, std::char_traits<wchar_t> >::init(std::basic_streambuf<wchar_t, std::char_traits<wchar_t> >*)
calls=1 0 
0 8744
cob=(1)
cfi=(49)
cfn=(200)
calls=1 34 
0 1109
0 5
0 3
cfn=(930)
calls=1 0 
0 88
0 1
0 16
cfn=(1022)
calls=1 0 
0 790
0 1
0 3
cfn=(930)
calls=1 0 
0 88
0 1
0 14
cfn=(1022)
calls=1 0 
0 790
0 1
0 3
cfn=(930)
calls=1 0 
0 88
0 1
0 14
cfn=(1022)
calls=1 0 
0 790
0 1
0 114

fn=(680)
0 12
cfn=(612)
calls=1 0 
0 9
0 1
0 2
cfn=(600)
calls=1 0 
0 2
0 1
0 5

fn=(692)
0 9
cob=(3)
cfi=(90)
cfn=(698)
calls=1 31 
0 21
cob=(1)
cfi=(49)
cfn=(200)
calls=1 34 
0 1213
0 5
0 770
cob=(3)
cfi=(91)
cfn=(704)
calls=128 32 
0 2432
cob=(1)
cfi=(49)
cfn=(200)
calls=1 34 
0 1164
0 132
0 260
cob=(3)
cfi=(92)
cfn=(710)
calls=1 34 
0 19
cob=(1)
cfi=(49)
cfn=(200)
calls=1 34 
0 1120
0 5
0 510
cob=(3)
cfi=(92)
cfn=(710)
calls=255 34 
0 9197
0 255
0 1067
cfn=(722)
calls=8 0 
0 2888
cob=(1)
cfi=(49)
cfn=(200)
calls=1 34 
0 862
0 12
0 16
cfn=(722)
calls=4 0 
0 1609
0 4
0 123
cob=(3)
cfi=(90)
cfn=(698)
calls=1 31 
0 21
0 1
0 2

fn=(744)
0 349

fn=(762)
0 14
cfn=(600)
calls=1 0 
0 2
0 1
0 4
cfn=(768)
calls=1 0 
0 115
cob=(1)
cfi=(49)
cfn=(200)
calls=1 34 
0 1113
0 5
0 4

fn=(776)
0 20
cfn=(782)
calls=1 0 
0 413
cob=(1)
cfi=(49)
cfn=(200)
calls=1 34 
0 1046
0 5
0 7
cfn=(638)
calls=1 0 
0 14
0 1
0 8
cfn=(612)
calls=1 0 
0 9
0 1
0 7
cfn=(638)
calls=1 0 
0 14
0 1
0 12
cfn=(804)
calls=1 0 
0 112
cob=(1)
cfi=(49)
cfn=(200)
calls=1 34 
0 1142
0 5
0 6
cfn=(638)
calls=1 0 
0 14
0 1
0 12
cfn=(818)
calls=1 0 
0 112
cob=(1)
cfi=(49)
cfn=(200)
calls=1 34 
0 1150
0 5
0 6
cfn=(638)
calls=1 0 
0 14
0 1
0 17
cfn=(848) std::numpunct<wchar_t>::_M_initialize_numpunct(__locale_struct*)
calls=1 0 
0 349
cob=(1)
cfi=(49)
cfn=(200)
calls=1 34 
0 1038
0 5
0 6
cfn=(638)
calls=1 0 
0 14
0 1
0 8
cfn=(612)
calls=1 0 
0 9
0 1
0 7
cfn=(638)
calls=1 0 
0 14
0 1
0 13
cfn=(870) std::moneypunct<wchar_t, false>::_M_initialize_moneypunct(__locale_struct*, char const*)
calls=1 0 
0 108
cob=(1)
cfi=(49)
cfn=(200)
calls=1 34 
0 1142
0 5
0 6
cfn=(638)
calls=1 0 
0 14
0 1
0 12
cfn=(884)
calls=1 0 
0 108
cob=(1)
cfi=(49)
cfn=(200)
calls=1 34 
0 1150
0 5
0 6
cfn=(638)
calls=1 0 
0 14
0 1
0 7
cfn=(638)
calls=1 0 
0 5
0 1
0 5
cfn=(638)
calls=1 0 
0 5
0 1
0 4
cfn=(638)
calls=1 0 
0 5
0 1
0 4
cfn=(638)
calls=1 0 
0 5
0 1
0 5
cfn=(638)
calls=1 0 
0 5
0 1
0 5
cfn=(638)
calls=1 0 
0 5
0 1
0 17
cfn=(638)
calls=1 0 
0 14
0 1
0 11
cfn=(638)
calls=1 0 
0 14
0 1
0 11
cfn=(638)
calls=1 0 
0 14
0 1
0 11
cfn=(638)
calls=1 0 
0 14
0 1
0 6
cfn=(902) std::messages<wchar_t>::messages(unsigned long)
calls=1 0 
0 32
cob=(1)
cfi=(49)
cfn=(200)
calls=1 34 
0 725
0 5
0 15
cfn=(638)
calls=1 0 
0 14
0 1
0 11
cfn=(638)
calls=1 0 
0 14
0 1
0 11
cfn=(638)
calls=1 0 
0 14
0 1
0 11
cfn=(638)
calls=1 0 
0 14
0 1
0 6
cfn=(836) std::messages<char>::messages(unsigned long)
calls=1 0 
0 32
cob=(1)
cfi=(49)
cfn=(200)
calls=1 34 
0 749
0 5
0 6

fn=(936)
0 150
cfn=(942) std::ios_base::_M_init()
calls=25 0 
0 3502
cob=(1)
cfi=(49)
cfn=(200)
calls=1 34 
0 750
0 29
0 75
cfn=(960)
calls=25 0 
0 28250
cob=(1)
cfi=(49)
cfn=(200)
calls=1 34 
0 1085
0 29
0 325

fn=(996)
0 100
cfn=(638)
calls=25 0 
0 125
0 25
0 325
cfn=(972)
calls=25 0 
0 2025
0 25
0 100

fn=(998)
0 4760

fn=(1052)
0 16
cfn=(638)
calls=4 0 
0 20
0 4
0 44
cfn=(972)
calls=4 0 
0 324
0 4
0 16

fn=(1212)
0 23982
cfn=(1218)
calls=1713 0 
0 39399
cob=(1)
cfi=(49)
cfn=(200)
calls=1 34 
0 701
0 1717
0 51390
cfn=(2676)
calls=1573 0 
0 154154
cfn=(1220)
calls=140 0 
0 37550
0 10278

fn=(1268)
0 309
cfn=(1274) std::string::_M_replace_safe(unsigned long, unsigned long, char const*, unsigned long)
calls=15 0 
0 8098
cob=(1)
cfi=(49)
cfn=(200)
calls=1 34 
0 789
0 19

fn=(1280)
0 478
cfn=(1286)
calls=14 0 
0 3865
cob=(1)
cfi=(49)
cfn=(200)
calls=1 34 
0 797
0 18
0 434

fn=(1404)
0 56
cfn=(1410)
calls=7 0 
0 1996
cob=(1)
cfi=(49)
cfn=(200)
calls=1 34 
0 614
0 11
0 28

fn=(1608)
0 11

fn=(1668) std::num_get<char, std::istreambuf_iterator<char, std::char_traits<char> > >::do_get(std::istreambuf_iterator<char, std::char_traits<char> >, std::istreambuf_iterator<char, std::char_traits<char> >, std::ios_base&, std::_Ios_Iostate&, long double&) const
0 63
cfn=(1674)
calls=3 0 
0 1429
cob=(1)
cfi=(49)
cfn=(200)
calls=1 34 
0 677
0 7
0 27
cfn=(1686)
calls=3 0 
0 1710
cob=(1)
cfi=(49)
cfn=(200)
calls=1 34 
0 1549
0 7
0 24
cfn=(612)
calls=3 0 
0 27
0 3
0 21
cfn=(1698)
calls=3 0 
0 2564
cob=(1)
cfi=(49)
cfn=(200)
calls=1 34 
0 1094
0 7
0 6
cfn=(1644)
calls=3 0 
0 19
0 12
cfn=(1644)
calls=3 0 
0 15
0 43
cfn=(1716)
calls=3 0 
0 2898
0 27

fn=(1778)
0 21459

fn=(2044)
0 168
cfn=(1218)
calls=14 0 
0 322
0 14
0 294
cfn=(2046)
calls=14 0 
0 4504
0 238

fn=(2232)
0 560560
cfn=(1450)
calls=50960 0 
0 3326131
0 50960
0 966404
cfn=(1616)
calls=50852 0 
0 18226397
0 915984

fn=(380)
0 5

fn=(472)
0 33

fn=(606)
0 14
cfn=(612)
calls=1 0 
0 2379
cob=(1)
cfi=(49)
cfn=(200)
calls=1 34 
0 854
0 5
0 102

fn=(632)
0 390
cfn=(638)
calls=30 0 
0 420
cob=(1)
cfi=(49)
cfn=(200)
calls=1 34 
0 750
0 34
0 11880

fn=(656)
0 112

fn=(870)
0 108

fn=(902)
0 12
cfn=(612)
calls=1 0 
0 9
0 1
0 2
cfn=(600)
calls=1 0 
0 2
0 1
0 5

fn=(1016)
0 100
cfn=(638)
calls=25 0 
0 125
0 25
0 275
cfn=(972)
calls=25 0 
0 2025
0 25
0 100

fn=(1046)
0 16
cfn=(638)
calls=4 0 
0 20
0 4
0 52
cfn=(972)
calls=4 0 
0 324
0 4
0 16

fn=(1200)
0 27
cfn=(1286)
calls=3 0 
0 678
0 3
0 24
cob=(3)
cfi=(141)
cfn=(1300)
calls=3 25 
0 55
0 3
0 64

fn=(1218)
0 81489

fn=(1338)
0 32
cfn=(638)
calls=8 0 
0 40
0 8
0 104
cfn=(972)
calls=8 0 
0 648
0 8
0 32

fn=(1416)
0 6516

fn=(1444)
0 1445
cfn=(1450)
calls=85 0 
0 2372
cob=(1)
cfi=(49)
cfn=(200)
calls=1 34 
0 725
0 89
0 3821
cob=(3)
cfi=(151)
cfn=(1486)
calls=79 25 
0 3262
cob=(1)
cfi=(49)
cfn=(200)
calls=1 34 
0 1144
0 83
0 711
cob=(3)
cfi=(141)
cfn=(1300)
calls=79 25 
0 1828
0 79
0 1229
cfn=(1416)
calls=2 0 
0 12
cob=(1)
cfi=(49)
cfn=(200)
calls=1 34 
0 1037
0 6
0 2026
cfn=(1452)
calls=4 0 
0 4297
0 4

fn=(1450)
0 46148481
cfn=(1416)
calls=1073 0 
0 6438
0 1073
0 15
cfn=(1416)
calls=1 0 
0 6
0 1
0 4208010
cfn=(1452)
calls=120 0 
0 12476
0 407
cfn=(1452)
calls=16 0 
0 1664
0 160

fn=(1452)
0 29820
cfn=(1454)
calls=1065 0 
0 2130
0 6390
cfn=(1460) std::__basic_file<char>::xsgetn(char*, long)
calls=1065 0 
0 48838
cob=(1)
cfi=(49)
cfn=(200)
calls=1 34 
0 838
0 1069
0 25552

fn=(1578)
0 9

fn=(1614)
0 33
cfn=(1450)
calls=3 0 
0 147
0 3
0 54
cfn=(1616)
calls=3 0 
0 4018
0 33

fn=(1624)
0 4648744
cfn=(638)
calls=581093 0 
0 2905465
0 581093
0 7554209

fn=(1666)
0 33
cfn=(1450)
calls=3 0 
0 147
0 3
0 54
cfn=(1668)
calls=3 0 
0 12229
0 32
cfn=(1416)
calls=1 0 
0 6
0 1
0 6

fn=(1914)
0 108

fn=(2174)
0 1098
cob=(3)
cfi=(97)
cfn=(730)
calls=122 66 
0 1952
0 122
0 976
cob=(3)
cfi=(149)
cfn=(1438)
calls=122 47 
0 2322
0 122
0 1830

fn=(2204)
0 11

fn=(2926)
0 227
cfn=(1872)
calls=1 0 
0 71
0 1
0 2
cfn=(1872)
calls=1 0 
0 71
0 1
0 2
cfn=(1872)
calls=1 0 
0 71
0 1
0 2
cfn=(2932)
calls=1 0 
0 71
cob=(1)
cfi=(49)
cfn=(200)
calls=1 34 
0 957
0 5
0 2
cfn=(2932)
calls=1 0 
0 71
0 1
0 2
cfn=(2932)
calls=1 0 
0 71
0 1
0 2

fn=(2998)
0 3
cfn=(2994)
calls=1 0 
0 1
0 1

fn=(3006)
0 2

fn=(516)
0 49

fn=(580)
0 366
cfn=(582)
calls=61 0 
0 73547
0 854

fn=(836)
0 12
cfn=(612)
calls=1 0 
0 9
0 1
0 2
cfn=(600)
calls=1 0 
0 2
0 1
0 5

fn=(942)
0 261
cfn=(580)
calls=29 0 
0 812
0 29
0 87
cfn=(948)
calls=29 0 
0 609
cob=(1)
cfi=(49)
cfn=(200)
calls=1 34 
0 718
0 33
0 58
cfn=(954)
calls=29 0 
0 348
cob=(1)
cfi=(49)
cfn=(200)
calls=1 34 
0 726
0 33
0 116

fn=(1010)
0 100
cfn=(638)
calls=25 0 
0 125
0 25
0 325
cfn=(972)
calls=25 0 
0 2025
0 25
0 100

fn=(1022)
0 24
cfn=(942)
calls=4 0 
0 328
0 4
0 12
cfn=(1028)
calls=4 0 
0 9577
cob=(1)
cfi=(49)
cfn=(200)
calls=1 34 
0 1109
0 8
0 52

fn=(1034)
0 16
cfn=(638)
calls=4 0 
0 20
0 4
0 52
cfn=(972)
calls=4 0 
0 324
0 4
0 16

fn=(1064)
0 16
cfn=(638)
calls=4 0 
0 20
0 4
0 44
cfn=(972)
calls=4 0 
0 324
0 4
0 16

fn=(1206)
0 63
cob=(3)
cfi=(97)
cfn=(730)
calls=7 66 
0 192
0 7
0 28
cfn=(1212)
calls=7 0 
0 7798
cob=(1)
cfi=(49)
cfn=(200)
calls=1 34 
0 1195
0 11
0 35

fn=(1332)
0 24

fn=(1356)
0 168

fn=(1364)
0 72

fn=(1430)
0 1089
cob=(3)
cfi=(149)
cfn=(1438)
calls=1 47 
0 111
cob=(1)
cfi=(49)
cfn=(200)
calls=1 34 
0 1147
0 5
0 10

fn=(1460)
0 11715
cfn=(1466)
calls=1065 0 
0 10733
cob=(1)
cfi=(49)
cfn=(200)
calls=1 34 
0 774
0 1069
0 4260
cob=(3)
cfi=(137)
cfn=(1478)
calls=1065 81 
0 7455
cob=(1)
cfi=(49)
cfn=(200)
calls=1 34 
0 1113
0 1069
0 10650

fn=(1692)
0 183155200

fn=(1716)
0 4228776
cfn=(1726)
calls=528597 0 
0 47046928
cob=(1)
cfi=(49)
cfn=(200)
calls=1 34 
0 805
0 528601

fn=(1732)
0 7269873
cob=(3)
cfi=(77)
cfn=(1738)
calls=7269873 2917 
0 644472651
cob=(1)
cfi=(49)
cfn=(200)
calls=1 34 
0 1181
0 7269877

fn=(1780)
0 10704
cob=(3)
cfi=(90)
cfn=(698)
calls=12 31 
0 252
0 12
0 1740
cob=(3)
cfi=(90)
cfn=(698)
calls=870 31 
0 18270
0 870
0 10584
cob=(3)
cfi=(178)
cfn=(1790)
calls=882 100 
0 2192506
cob=(1)
cfi=(49)
cfn=(200)
calls=1 34 
0 1180
0 886
0 2646
cob=(3)
cfi=(90)
cfn=(698)
calls=882 31 
0 18522
0 882
0 6174

fn=(1820)
0 9702
cob=(3)
cfi=(141)
cfn=(1300)
calls=882 25 
0 54268
0 882
0 4410

fn=(1926) std::basic_filebuf<char, std::char_traits<char> >::_M_terminate_output()
0 124
cfn=(1454)
calls=1 0 
0 2
0 86

fn=(2192)
0 86
cfn=(1674)
calls=3 0 
0 1029
0 3
0 72
cob=(3)
cfi=(141)
cfn=(1300)
calls=4 25 
0 73
0 4
0 29

fn=(2304)
0 57

fn=(2682)
0 97534
cob=(3)
cfi=(141)
cfn=(1300)
calls=3146 25 
0 62312
0 3146
0 9441
cfn=(2684) std::basic_filebuf<char, std::char_traits<char> >::overflow(int)
calls=1 0 
0 37
0 6

fn=(2978)
0 8
cob=(3)
cfi=(273)
cfn=(2964)
calls=1 31 
0 1800
cob=(1)
cfi=(49)
cfn=(200)
calls=1 34 
0 1264
0 5
0 1
cfn=(3012)
calls=1 0 
0 9
0 3

fn=(662)
0 112

fn=(848)
0 349

fn=(954)
0 564

fn=(1004)
0 100
cfn=(638)
calls=25 0 
0 125
0 25
0 275
cfn=(972)
calls=25 0 
0 2025
0 25
0 100

fn=(1040)
0 16
cfn=(638)
calls=4 0 
0 20
0 4
0 44
cfn=(972)
calls=4 0 
0 324
0 4
0 16

fn=(1058)
0 16
cfn=(638)
calls=4 0 
0 20
0 4
0 52
cfn=(972)
calls=4 0 
0 324
0 4
0 16

fn=(1274)
0 165
cfn=(1280)
calls=15 0 
0 5475
cob=(1)
cfi=(49)
cfn=(200)
calls=1 34 
0 728
0 19
0 128
cob=(3)
cfi=(141)
cfn=(1300)
calls=14 25 
0 267
cob=(1)
cfi=(49)
cfn=(200)
calls=1 34 
0 1193
0 18
0 105

fn=(1454)
0 8666

fn=(1466)
0 2372
cob=(3)
cfi=(150)
cfn=(1472)
calls=1186 36 
0 7116
cob=(1)
cfi=(49)
cfn=(200)
calls=1 34 
0 1144
0 1190

fn=(1654)
0 1096191
cfn=(1450)
calls=121799 0 
0 6315088
0 121799
0 2070523

fn=(1838)
0 15180
cfn=(1624)
calls=759 0 
0 20493
0 13866
cfn=(1840) 0x00000000000fdb90
calls=17 0 
0 357
0 6678
cfn=(1840)
calls=742 0 
0 24078
0 22011
cfn=(2676)
calls=726 0 
0 73906
cfn=(1220)
calls=33 0 
0 4796
0 16556
cfn=(2694)
calls=281 0 
0 27843
cob=(1)
cfi=(49)
cfn=(200)
calls=1 34 
0 1301
0 285
0 1405

fn=(1840)
0 24435

fn=(1920)
0 128
cfn=(1356)
calls=16 0 
0 48
0 16
0 53
cfn=(1926)
calls=7 0 
0 212
cob=(1)
cfi=(49)
cfn=(200)
calls=1 34 
0 1069
0 11
0 42
cfn=(1932)
calls=7 0 
0 2263
cob=(1)
cfi=(49)
cfn=(200)
calls=1 34 
0 1125
0 11
0 105
cfn=(1944)
calls=7 0 
0 6478
cob=(1)
cfi=(49)
cfn=(200)
calls=1 34 
0 814
0 11
0 124

fn=(2020)
0 288
cfn=(1624)
calls=12 0 
0 324
0 120
cfn=(1778)
calls=12 0 
0 372
0 12
0 96
cfn=(612)
calls=12 0 
0 108
0 12
0 132
cfn=(1780)
calls=12 0 
0 36644
0 60
cfn=(990)
calls=12 0 
0 1872
0 12
0 156
cfn=(1820)
calls=12 0 
0 863
0 72
cob=(3)
cfi=(151)
cfn=(1486)
calls=12 25 
0 238
0 12
0 270
cfn=(1220)
calls=12 0 
0 2275
0 210

fn=(2238)
0 5825083
cfn=(1450)
calls=529553 0 
0 40734762
0 529553
0 9516610
cfn=(2240)
calls=528594 0 
0 1277192526
0 5820288

fn=(2684)
0 2191
cfn=(2714) std::basic_filebuf<char, std::char_traits<char> >::_M_convert_to_external(char*, long)
calls=121 0 
0 13832
cob=(1)
cfi=(49)
cfn=(200)
calls=1 34 
0 1125
0 125
0 2928

fn=(2708)
0 847
cfn=(2684)
calls=121 0 
0 20164
0 726

fn=(2714)
0 2299
cfn=(1454)
calls=121 0 
0 242
0 726
cfn=(2720)
calls=121 0 
0 8029
cob=(1)
cfi=(49)
cfn=(200)
calls=1 34 
0 838
0 125
0 1573

ob=(9)
fl=(237)
fn=(2618)
0 6

ob=(4)
fl=(266) /build/buildd/eglibc-2.19/math/../sysdeps/ieee754/dbl-64/doasin.c
fn=(2858) __doasin
67 1
-21 2
+21 2
+4 1
-4 1
+4 2
-4 2
+1 14
+3 2
+1 1
-1 16
+1 1
-1 1
+1 2
-1 6
+1 9
+1 1
-1 1
+1 5
-1 1
+1 1
-1 1
+1 20
+1 1
-1 3
+1 1
-1 4
+1 2
-1 1
+1 8
+1 1
-1 1
+1 4
-1 1
+1 1
-1 1
+1 14
+1 1
-1 3
+1 1
-1 4
+1 2
-1 1
+1 8
+1 1
-1 1
+1 4
-1 1
+1 1
-1 1
+1 14
+1 1
-1 7
+1 2
-1 1
+1 9
+1 1
-1 1
+1 4
-1 1
+1 1
-1 1
+1 3
+1 1
-1 15
+1 3
-1 1
+1 1
-1 1
+1 20
+1 2
-1 2
+1 16
+1 1
-1 2
+2 2
-11 6
+6 6
-2 6
-2 6

fl=(58)
fn=(222)
25 1
cob=(3)
cfi=(41)
cfn=(206)
calls=1 200 
* 5
* 1
+1 1
+1 1
+1 1
+1 1
+2 1

fl=(61)
fn=(228)
25 2
cob=(3)
cfi=(41)
cfn=(206)
calls=2 200 
* 10
* 2
+1 2
+1 2
+1 2
+1 2
+2 2

fn=(2362)
37 34924885
+1 34924885

fl=(236) /build/buildd/eglibc-2.19/math/../sysdeps/ieee754/dbl-64/e_asin.c
fn=(2786) __ieee754_asin_sse2
61 702000
+5 280800
+1 280800
+1 280800
+2 280800
+3 280800
+1 15689
+1 15689
+2 15689
-3 15689
+1 203957
+1 31378
+1 31378
+1 62756
+2 778
+5 389
+2 389
-7 389
+3 389
+2 389
+2 389
-5 389
+4 778
-2 389
-1 389
+3 389
-2 389
+3 389
-3 389
+3 389
-1 389
+1 389
-2 389
+2 389
-1 389
+1 778
-1 389
+1 389
-1 2723
+3 389
-3 778
+2 778
-2 389
+3 1167
+1 778
+1 778
+1 1945
328 702000
106 249422
+1 225231
+2 214090
+4 26788
-1 80364
-1 26788
+2 26788
-1 53576
+1 26788
-1 26788
-1 26788
+1 26788
+1 26788
-2 26788
+1 80364
-1 26788
+2 26788
-1 160728
+1 53576
-1 53576
+3 107152
-1 26788
+2 26788
-1 26788
+1 53576
+1 107152
-4 26681
-1 80043
-1 26681
+2 26681
-1 53362
+1 26681
-1 26681
-1 26681
+1 26681
+1 26681
-2 26681
+1 80043
-1 26681
+2 26681
-1 160086
+1 53362
-1 53362
+3 106724
-1 26681
+2 26681
-1 26681
+1 53362
+1 160193
318 447761
140 142484
+1 213726
+1 71242
-1 142484
+1 191150
+4 59954
-1 89931
-1 29977
+2 59954
-1 29977
+1 29977
-1 59954
-1 29977
+2 29977
-1 29977
-1 29977
+1 89931
-1 29977
+2 89931
-1 179862
+1 59954
-1 59954
+3 119908
-1 29977
+2 29977
-1 29977
+1 59954
+1 119908
-4 82530
-1 123795
-1 41265
+2 82530
-1 41265
+1 41265
-1 82530
-1 41265
+2 41265
-1 41265
-1 41265
+1 123795
-1 41265
+2 123795
-1 247590
+1 82530
-1 82530
+3 165060
-1 41265
+2 41265
-1 41265
+1 82530
+1 236302
+2 1448
+1 1448
-1 724
+1 724
-1 1448
+1 724
-1 724
+1 1448
+1 724
-1 1448
+3 724
-2 724
+1 1448
+1 3620
265 1382
78 30989
+16 5
cfi=(266)
cfn=(2858)
calls=1 -27 
* 302
+1 8
+24 5334
+1 5334
-1 2667
+1 2667
-1 5334
+1 2667
-1 2667
+1 5334
+1 2667
-1 5334
+3 2667
-2 2667
+1 5334
+1 22551
273 650
+1 245
108 186315
-13 3
+63 65
+2 130
-2 65
+2 130
-2 65
+1 195
+1 130
cfi=(258) /build/buildd/eglibc-2.19/math/../sysdeps/ieee754/dbl-64/dosincos.c
cfn=(2812) __dubsin
calls=65 -90 
* 35470
* 65
-50 160086
275 201
143 247590
273 99
+1 60
+1 105

fn=(2586) __ieee754_acos_sse2
342 622680
+4 207560
+4 103780
-3 207560
+1 207560
+2 207560
+4 207560
638 622680
394 207560
+1 6
+2 8
+4 2
-1 2
-1 2
+2 2
-1 1
+1 1
-1 1
-1 1
+1 1
+1 1
+2 1
-4 1
+1 3
-1 1
+2 1
+2 2
-2 1
-1 5
+1 2
-1 2
+3 3
-1 1
+1 1
-2 2
-1 2
-1 2
+2 2
-1 1
+1 1
-1 1
-1 1
+1 1
+1 1
+2 1
-4 1
+1 3
-1 1
+2 1
+2 2
-2 1
-1 5
+1 2
-1 2
+3 3
-1 1
+1 1
+1 1
-1 1
+1 3
+1 2
+1 6
-1 2
+1 6
+25 207556
+1 3
+1 1
-1 2
+1 6
+5 1
-1 2
-1 2
-1 1
+3 1
-1 2
+1 1
-2 2
-1 2
+3 1
-2 1
-1 1
+1 2
+4 1
-4 1
-1 1
+2 1
+3 2
-3 3
-1 5
+2 2
-2 2
+4 3
-1 1
+1 1
+1 1
-1 1
+1 3
+1 2
+1 6
+23 207554
+35 207554
396 10
+10 4
+37 2
-39 2
-1 1
+1 3
-6 6
537 207554
+36 207554
+1 365680
+1 104480
+4 52240
+1 52240
-4 52240
+1 470160
+8 52240
-8 156720
+1 208960
+1 261200
+2 52240
-2 104480
+4 52240
-3 52240
+1 156720
+1 104480
-1 52240
+1 156720
+1 261200
+1 626880
+1 52240
+22 52240
+1 52240
+1 52240
-2 156720
+1 52240
+1 365680
+19 465239

fl=(62)
fn=(232)
15 1
-15 1
fi=(57)
cob=(3)
cfi=(41)
cfn=(206)
calls=1 200 
0 5
fi=(57)
0 1
fe=(62)
0 8

fl=(230)
fn=(2500)
27 96034278
+4 48017139
+3 16005713
+1 32011426
+7 32011426
cfi=(229)
cfn=(2490)
calls=16005713 284 
* 522655815
* 16005713
+1 16005713
-1 16005713
+1 32011426
cfi=(229)
cfn=(2506)
calls=16005713 513 
* 519866229
* 16005713
* 16005713
+2 64022852

fl=(221) /build/buildd/eglibc-2.19/math/../sysdeps/ieee754/ldbl-96/s_isinf_nsl.c
fn=(2460) __isinf_nsl
16 7300852
+1 12776491
+1 1825213

fl=(56)
fn=(218)
15 1
-15 1
fi=(57)
cob=(3)
cfi=(41)
cfn=(206)
calls=1 200 
0 5
fi=(57)
0 1
fe=(56)
0 8

fl=(253)
fn=(2740)
36 1
+1 1
+1 1
-1 1
+1 1
-1 1
+1 1
-1 1
+5 2
+2 2
-5 2
+1 2
+6 2
+4 3
+2 1
-2 1
+2 2
+10 1
+1 1

fl=(48)
fn=(192)
15 2
cob=(3)
cfi=(41)
cfn=(206)
calls=1 200 
* 5
cob=(1)
cfi=(49)
cfn=(200)
calls=1 +19 
* 1354
* 5
* 8

fl=(215) /build/buildd/eglibc-2.19/math/../sysdeps/ieee754/dbl-64/wordsize-64/e_fmod.c
fn=(2372) __fmod_finite
33 8146934
+2 8146934
-4 8146934
+2 8146934
-1 8146934
+2 8146934
+1 8146934
+3 65175472
+5 16293868
+6 23177193
+3 23177193
+3 23177193
+2 23177193
+3 15451462
+1 30902924
+5 15451462
+1 30902924
+7 7725731
+1 7725731
+4 3103526
+2 6207052
-6 6207052
+6 7352
-6 15466166
+2 9347338
-33 421203
+45 6376
-4 23177193
+3 15451462
+2 30896548
+1 7724137
+1 7724137
-2 15448274
+1 1548678
+1 1548678
-2 3097356
+4 15448274
+1 38620685
+1 23172411
+8 421203

fl=(216)
fn=(2442)
26 15584433
+1 15584433
cfi=(217) /build/buildd/eglibc-2.19/math/../sysdeps/ieee754/dbl-64/e_pow.c
cfn=(2446) __ieee754_pow_sse2
calls=5194811 +37 
* 1480871491
* 5194811
fi=(213)
+5 5194811
fe=(216)
-4 5194811
fi=(213)
+3 5194811
+1 5194811
fe=(216)
-4 20779244
+30 15584433
+15 10389622
-15 5194811

fl=(233) /build/buildd/eglibc-2.19/math/../sysdeps/ieee754/dbl-64/e_log.c
fn=(2556) __ieee754_log_avx
57 10108872
+19 2527218
+1 2527218
+3 2527218
+10 2527218
-11 1263609
+16 2527218
+1 1263609
-1 1263609
+1 6318045
+67 842406
+1 842406
-1 1684812
+1 1684812
-1 842406
+1 842406
-1 842406
+1 842406
+1 3369624
+9 842406
-3 842406
+3 842406
+14 842406
-14 1684812
+1 1684812
+3 1684812
+4 842406
-4 842406
+14 842406
-10 842406
-4 2527218
+4 842406
-4 1684812
+1 1684812
+3 1684812
+2 842406
-2 842406
+2 1684812
+8 842406
+2 842406
-12 2527218
+10 842406
+1 842406
+3 842406
-13 842406
+10 842406
+1 842406
+2 1684812
-2 842406
+1 842406
-10 842406
-2 842406
+13 842406
-1 842406
-10 842406
+3 4212030
+3 1684812
+5 3790827
+1 10951278
+1 1684812
+4 1684812
-4 2527218
+1 842406
+3 5054436
+7 441
+2 49
-2 343
+1 98
-1 294
+2 49
-2 147
+1 49
+1 49
-1 49
+1 490
+3 343
+2 98
-2 1078
+2 98
-2 245
+2 441
+3 49
+1 49
-1 49
+1 147
-1 196
+1 490
+1 1568
+1 49
-1 49
+1 147
-1 49
+1 49
-1 49
+1 980
+1 196
-1 98
+1 490
+1 98
-1 49
+1 588
+3 441
+26 10108872
-57 3369624
-29 421203
+1 842406
+34 1684763
+21 294
+1 294
-27 1263609
-1 2915961
+32 49
-1 98
-16 69
+13 72
-1 219
-3 219
101 421203
+1 842406
-1 421203
+2 421203
-1 421203
+1 421203
-1 9687669
+1 5475639
+2 421203
+9 421203
-1 421203
-8 421203
+8 421203
+4 421203
-12 421203
+12 421203
-4 421203
-7 842406
+1 842406
+1 842406
+1 842406
+1 842406
+1 842406
+1 842406
+1 421203
+4 421203
-3 421203
+3 2527218
+5 1269
+10 1269
-10 2538
+1 2538
+1 2538
+1 2538
+1 2538
+1 2538
+1 2538
+1 2538
+1 2538
+2 21573
+1 21573
+1 1269
-1 1269
+1 21573
-1 2538
+1 2538
-1 1269
+1 2538
+1 3807
-1 2538
+1 1269
-1 2538
+1 1269
-1 1269
+1 15228
+1 1269
-1 1269
+1 5076
-1 1269
+1 2538
-1 1269
+1 8883
+1 1269
-1 2538
+1 1269
-1 6345
+1 1269
-1 7614
+1 17766
+1 1269
-1 1269
+1 5076
-1 1269
+1 2538
-1 1269
+1 8883
+1 1269
-1 2538
+1 1269
-1 6345
+1 1269
-1 7614
+1 17766
+1 1269
-1 1269
+1 5076
-1 1269
+1 2538
-1 1269
+1 8883
+1 1269
-1 2538
+1 1269
-1 6345
+1 1269
-1 7614
+1 17766
+1 1269
-1 1269
+1 5076
-1 1269
+1 2538
-1 1269
+1 8883
+1 1269
-1 2538
+1 1269
-1 6345
+1 1269
-1 7614
+1 17766
+1 1269
-1 1269
+1 5076
-1 1269
+1 2538
-1 1269
+1 8883
+1 1269
-1 2538
+1 1269
-1 6345
+1 1269
-1 7614
+1 17766
+1 1269
-1 1269
+1 5076
-1 1269
+1 2538
-1 1269
+1 8883
+1 1269
-1 2538
+1 1269
-1 6345
+1 1269
-1 7614
+1 17766
+1 1269
-1 1269
+1 5076
-1 1269
+1 2538
-1 1269
+1 8883
+1 1269
-1 2538
+1 1269
-1 6345
+1 1269
-1 7614
+1 17766
+1 1269
-1 1269
+3 1269
-2 5076
-1 1269
+1 2538
-1 1269
+1 21573
+1 1269
-1 1269
+1 12690
+1 1269
-1 8883
-1 2538
+1 1269
-1 1269
+1 5076
+1 1269
-1 2538
+1 1269
-1 1269
+1 20304
+3 12690
+1 1269
-1 2538
-38 841137
+18 3807
-2 3807
+10 3807
-2 3807
+6 3807
-2 3807
-6 3807
-2 3807
+15 3807
-3 3807

fl=(52)
fn=(210)
25 1
cob=(3)
cfi=(41)
cfn=(206)
calls=1 200 
* 5
* 1
+1 1
+1 1
+1 1
+1 1
+2 1

fl=(55)
fn=(216)
8 2
cob=(3)
cfi=(41)
cfn=(206)
calls=1 200 
* 5
* 1
* 5

fl=(254)
fn=(2770)
30 982800
+3 140400
cfi=(255) /build/buildd/eglibc-2.19/math/../sysdeps/ieee754/dbl-64/e_atan2.c
cfn=(2774) __ieee754_atan2_avx
calls=140400 +52 
* 15659633
* 140400

fl=(222) /build/buildd/eglibc-2.19/math/../sysdeps/x86_64/fpu/e_fmodl.S
fn=(2462) __fmodl_finite
14 1825213
+1 1825213
+1 1825213
+1 3650426
+1 1825213
+1 1825213
+1 1825213
+1 1825213

fl=(235)
fn=(2582)
28 415120
+8 103780
cfi=(236)
cfn=(2586)
calls=103780 342 
* 8276917
* 103780

fl=(261) /build/buildd/eglibc-2.19/math/../sysdeps/ieee754/dbl-64/mpa.c
fn=(2854) __sqr
762 42210
+5 12060
+8 12060
+1 6030
-1 6030
+1 18090
+3 24120
+2 24120
+5 36180
+5 36180
-2 24120
+3 18090
+11 72360
-15 36180
+16 18090
-1 18090
+1 18090
-1 18090
+1 18090
-1 36180
+1 60300
-1 60300
+1 60300
-1 60300
+1 60300
-1 138690
+3 36180
+2 72360
+1 18090
-23 42210
+26 18090
+5 108540
-2 60300
+3 90450
+3 211050
-7 48240
+7 96480
+1 48240
-1 48240
+1 48240
-1 48240
+1 48240
-1 96480
+1 72360
-1 72360
+1 72360
-1 72360
+1 72360
-1 144720
+3 48240
+2 265320
+11 6030
-8 6030
+3 6030
+5 6030
+3 12060
+7 6030
+1 36180
-6 7920
+1 15840
cob=(3)
cfi=(265)
cfn=(2840)
calls=3960 55 
* 87120
* 3960
+1 7920

fn=(2844) __acr
83 2430
+7 3645
+4 4140
+2 495
-32 39
+1 78
+2 78
-2 39
+2 78
+2 195
+34 1176
-38 351
+2 546

fn=(2846) __dvd
895 945
+3 135
-3 270
+3 135
+7 1080
-36 675
+4 135
-4 270
cfn=(2828) __cpy
calls=135 114 
* 8640
+2 405
-1 135
+1 135
cfn=(2848) __mp_dbl
calls=135 309 
* 19305
+1 135
+1 270
-1 270
+1 135
cfn=(2820) __dbl_mp
calls=135 332 
* 11475
+1 135
+2 135
-2 135
+2 1215
+2 540
cfn=(2828)
calls=135 114 
* 8640
* 1080
cfn=(2828)
calls=270 114 
* 17280
+1 2430
cfn=(2834) __mul
calls=405 614 
* 194130
+1 2025
cfn=(2850) __sub
calls=405 562 
* 108135
+1 2025
cfn=(2834)
calls=405 614 
* 257580
-5 810
+27 675
cfn=(2834)
calls=135 614 
* 94770
* 135

fn=(2848)
309 675
+6 675
130 450
+13 1350
+3 225
-1 225
-2 450
+3 3660
-1 3660
-2 7770
+9 450
+1 675
+2 225
-3 450
+1 450
+2 225
-2 225
+2 225
-3 225
+1 225
-1 225
+1 450
+2 225
-2 225
+6 225
-6 225
+8 225
-2 225
+2 450
+19 2025
+3 225
+2 450
-2 225
+2 225
-8 12
-14 24
+24 1350
+1 225
-1 450
300 450

fn=(2842) __add
512 5400
+3 675
-3 675
+3 1350
+5 2025
+6 675
+2 675
-2 675
+15 219
cfn=(2844)
calls=219 83 
* 2241
* 438
+5 270
+8 2430
-26 456
cfn=(2844)
calls=456 83 
* 4644
* 912
374 186
-3 186
+3 186
+3 744
+3 2046
+10 930
+3 930
-5 372
+2 5580
+3 5580
-5 2976
+15 930
+2 558
+3 1116
-5 372
+2 1116
+3 2232
-5 744
+15 372
+2 372
+1 558
cob=(3)
cfi=(265)
cfn=(2840)
calls=186 55 
* 4092
* 186
544 540
+10 1620
374 270
-3 270
+3 270
+3 1080
+3 2970
+10 1350
+3 1350
-5 540
+2 9450
+3 9450
-5 4860
+15 1350
+2 810
+3 1620
-5 540
+2 810
+3 1620
-5 540
+15 540
+2 540
+1 810
cob=(3)
cfi=(265)
cfn=(2840)
calls=270 55 
* 5940
* 270
549 1215
-6 420
cfn=(2852) sub_magnitudes
calls=84 437 
* 18660
* 84
+5 675
cfn=(2852)
calls=135 437 
* 30240
* 135

fn=(2852)
437 759
+2 759
-2 3036
+5 1518
+2 3036
+4 1518
+8 759
+2 759
-2 2919
+2 366
+1 366
-1 732
+1 366
+3 3144
+5 1572
+3 1965
-5 786
-3 2196
+5 1464
+3 1830
-5 732
+2 23052
+3 28815
-5 13803
+16 2238
+2 2160
+3 3600
-5 1440
+2 1044
+3 1740
-5 696
+16 4521
+2 270
+1 135
-1 135
+1 135
-1 1248
+1 624
-1 624
+1 5178
+1 1518
-1 759
+1 759
-1 759
+1 14370
-1 7185
+1 7185
-1 8703
+2 1518
+2 360
-1 450
cob=(3)
cfi=(209)
cfn=(2226)
calls=90 53 
* 1305
* 90
+1 3345

fn=(2820)
332 2430
+5 810
+1 810
-1 810
+9 5670
+2 3285
+1 45
-1 225
-19 45
+23 135
+1 90
-24 765
+23 2295
+1 3960
+2 2430
-2 1620
+2 810
+1 810
-3 810
+2 7290
-2 4860
+2 2430
+1 2430
-3 2430
+5 1620
+1 4050
cob=(3)
cfi=(209)
cfn=(2226)
calls=810 53 
* 12960
cob=(1)
cfi=(49)
cfn=(200)
calls=1 34 
* 1144
* 814
-27 810
+10 45
-1 45
+1 90
+4 1620

fn=(2828)
114 945
+1 1890
-1 945
+1 3780
+1 1890
-1 2835
+1 18900
-1 29295

fn=(2850)
562 4320
+3 540
-3 540
+3 1080
+6 1620
+6 540
+2 540
-2 540
+15 540
cfn=(2844)
calls=540 83 
* 6405
* 1080
+5 102
-2 978
+10 2934
-5 153
+5 306
-11 2445
cfn=(2852)
calls=489 437 
* 109380
* 489
+5 255
cfn=(2852)
calls=51 437 
* 12066
* 51

fn=(2834)
614 6480
+2 1620
-2 11340
+8 6480
+8 1620
+1 1620
-1 1620
+1 19617
-1 7086
+37 4860
+2 6480
+1 8100
cob=(3)
cfi=(209)
cfn=(2226)
calls=900 53 
* 13905
* 900
* 1800
+6 4500
+2 1800
-2 3600
+2 3060
-1 1620
+1 3240
+2 4860
+1 1620
-3 4860
+2 18360
+1 6120
-3 18360
+5 22230
+1 33438
+2 720
-2 1440
+2 6885
+4 5940
-2 4500
+5 4500
+2 11880
+1 5940
-1 2970
+1 5940
-1 2970
+1 5940
-1 5940
+1 20070
-1 10035
+1 20070
-1 10035
+1 20070
-1 20070
+3 5940
+2 11880
+1 2970
-15 7065
+31 4860
+4 25944
-2 14244
+5 28488
+2 72972
+1 22704
-1 11352
+1 22704
-1 11352
+1 22704
-1 22704
+1 30894
-1 15447
+1 30894
-1 15447
+1 30894
-1 30894
+3 11352
+2 56760
-94 2835
+1 15234
-1 9834
+92 1620
+2 6480
+3 1620
+5 3240
+3 3240
+8 1620
-1 1620
+1 3240
+1 12960
637 1350
+47 2070
+60 2892
+1 5784
cob=(3)
cfi=(265)
cfn=(2840)
calls=1446 55 
* 31812
cob=(1)
cfi=(49)
cfn=(200)
calls=1 34 
* 1167
* 1450
+1 2892

fl=(226) /build/buildd/eglibc-2.19/math/../sysdeps/ieee754/dbl-64/wordsize-64/s_scalbn.c
fn=(2474) scalbn
33 3410263
+1 6820526
+1 6820526
+6 6820526
+1 6820526
+2 20461578
+5 6820526
+1 13641052
+1 3410263
+6 6820526

fl=(54)
fn=(2380)
37 2
+1 2

fn=(214)
25 2
cob=(3)
cfi=(41)
cfn=(206)
calls=2 200 
* 10
* 2
+1 2
+1 2
+1 2
+1 2
+2 2

fl=(60)
fn=(226)
25 1
cob=(3)
cfi=(41)
cfn=(206)
calls=1 200 
* 5
* 1
+1 1
+1 1
+1 1
+1 1
+2 1

fl=(217)
fn=(2446)
64 25974055
+5 10389622
+1 10389622
+1 10389622
+16 15584433
+3 20779244
-2 10389622
fi=(218) /build/buildd/eglibc-2.19/math/../sysdeps/i386/fpu/fenv_private.h
429 5194811
+1 15584433
+3 5194811
-3 5194811
+3 10389622
fe=(217)
98 77922165
236 10389622
+6 5194811
-16 5194811
+11 10389622
+3 5194811
-3 5194811
+3 5194811
+8 5194811
+3 5194811
-3 15584433
+3 4352411
-1 21762055
+9 34819288
+1 4352411
+1 13057233
+1 8704822
-12 3369600
+9 6739200
+1 842400
+1 2527200
+1 1684800
+40 5194811
+1 5194811
-2 5194811
+1 5194811
+1 10389622
+1 5194811
-2 5194811
+5 5194811
-3 5194811
-1 5194811
+1 5194811
+3 5194811
+2 10389622
-2 5194811
-5 5194811
+2 5194811
+1 5194811
+2 5194811
-2 5194811
+4 5194811
-2 5194811
+1 5194811
-2 5194811
+2 5194811
-2 5194811
+4 5194811
-1 36363677
+1 51948110
+1 5194811
-2 5194811
+2 5194811
+2 10389622
-1 5194811
104 5194811
+7 5194811
-7 5194811
+1 15584433
+1 5194811
+1 5194811
+1 5194811
-1 5194811
-1 5194811
+2 10389622
+1 10389622
+1 10389622
+1 36363677
+1 25974055
cfi=(219) /build/buildd/eglibc-2.19/math/../sysdeps/ieee754/dbl-64/e_exp.c
cfn=(2450) __exp1
calls=5194811 240 
* 462337969
+1 46753299
fi=(218)
445 15584433
fe=(217)
191 20779244
73 20779244
+2 15584433
+2 15584433
+2 10389622
+2 10389622
+2 20779244
-7 5194811
+1 5194811
256 842400
-1 1684800
79 5194811
+2 5194811
340 210
+7 105
-3 105
-3 210
+4 105
-4 105
+4 105
+8 105
+3 105
-3 315
+3 105
-1 525
+9 840
+1 105
+1 210
+2 210
+23 105
-4 105
+3 210
-3 105
+4 105
+1 105
-1 105
-3 105
+4 105
-3 210
-2 105
+3 105
+2 105
+8 105
+1 105
-14 105
+5 420
+1 105
-1 105
+4 105
-2 105
+2 105
-1 105
+2 210
-1 105
+4 105
-2 105
+1 105
+1 105
-1 105
-1 105
+11 105
-9 105
+1 315
+2 210
-1 315
+3 105
-3 105
+5 210
-3 105
+5 105
-2 105
-2 105
+4 105
-3 105
+2 105
-1 105
-1 105
+4 210
-2 105
+1 105
+1 105
-1 210
+1 105
-1 210
+1 105
+1 105
-2 105
+3 105
-2 105
-1 105
+2 105
+2 210
207 105
+4 315
+3 105
-6 315
+1 105
+2 105
-2 105
+2 525
+1 105
-1 420
+1 105
+1 210
+1 735
+1 210
cfi=(219)
cfn=(2450)
calls=105 +25 
* 9255
+1 810
cfi=(259) /build/buildd/eglibc-2.19/math/../sysdeps/ieee754/dbl-64/slowpow.c
cfn=(2816) __slowpow
calls=45 51 
* 4677642
* 45

fl=(225) /build/buildd/eglibc-2.19/math/../sysdeps/ieee754/dbl-64/k_rem_pio2.c
fn=(2472) __kernel_rem_pio2
158 947844
+5 947844
-5 2843532
+9 947844
+1 947844
-10 5687064
+5 947844
+5 947844
-5 947844
-5 1895688
+10 7582752
+2 1895688
+3 947844
-3 2843532
+4 10426284
+1 41705136
-1 9478440
+1 3791376
-1 3791376
+4 5687064
+2 24643944
+1 18956880
-1 4739220
+1 9478440
-1 14217660
+1 37913760
-1 9478440
+1 18956880
-1 14217660
-2 4739220
+4 9478440
-4 8530596
+2 7582752
+74 2843532
-91 947844
+91 1895688
-66 6634908
+2 947844
+2 1895688
-2 2843532
+1 4739220
+1 947844
-4 947844
+4 1895688
-4 947844
+2 2843532
+2 5687064
-2 8530596
+1 14217660
+1 2843532
-4 2843532
+4 5687064
-4 2843532
+8 4739220
cfi=(226)
cfn=(2474)
calls=947844 33 
* 22748256
* 947844
+1 3791376
cfi=(61)
cfn=(2362)
calls=947844 37 
* 1895688
* 947844
* 947844
+4 947844
-4 947844
+4 2843532
-4 947844
+1 947844
+1 947844
-1 947844
+1 947844
+2 947844
+14 1133462
-1 566731
+12 566731
-4 2266924
-2 1133462
+2 2266924
-7 3400386
+3 1700193
-1 1700193
+1 2266924
-1 566731
+1 566731
+8 3400386
-11 1700193
+11 5100579
-11 1700193
+13 1133462
+10 1133462
+9 1710070
-7 566731
+1 566731
-1 1700193
+1 566731
+1 3967117
cfi=(226)
cfn=(2474)
calls=566731 33 
* 13601544
* 3400386
+5 1133462
+33 6634908
cfi=(226)
cfn=(2474)
calls=947844 33 
* 22748256
+1 5687064
+2 947844
+2 1895688
-2 2843532
+1 3791376
+2 1895688
+7 4739220
cfi=(226)
cfn=(2474)
calls=947844 33 
* 22748256
+1 5687064
+2 947844
-2 947844
+2 1895688
-2 947844
+2 1895688
-2 947844
+2 4739220
-2 4739220
+2 9478440
-2 4739220
+2 9478440
-2 6634908
+9 947844
-1 947844
+1 30331008
-1 26539632
+1 18956880
-1 21800412
+1 15165504
-1 17061192
+1 11374128
-1 12321972
+1 7582752
-1 1895688
-2 5687064
+4 11374128
-4 5687064
+4 5687064
-4 5687064
+2 11374128
-95 947844
-7 947844
+9 1895688
+5 566731
+1 566731
-5 566731
+5 566731
+93 4739220
+52 947844
+1 5687064
-1 947844
+1 1895688
-39 2843532
+1 5687064
-1 11374128
+1 5687064
-1 5687064
+2 4543725
+2 566731
-2 566731
+1 1133462
+1 566731
-2 381113
+2 381113
-2 381113
+1 762226
+1 4172489
+1 1895688
-1 1895688
+1 7582752
-1 7582752
+2 4162612
+1 566731
-1 762226
+1 381113

fl=(51)
fn=(208)
20 4
cob=(3)
cfi=(41)
cfn=(206)
calls=2 200 
* 10
* 2
* 16

fn=(236)
24 2
-24 2
fi=(57)
cob=(3)
cfi=(41)
cfn=(206)
calls=2 200 
0 10
fi=(57)
0 2
fe=(51)
0 16

fl=(257)
fn=(2782)
28 561600
+8 140400
cfi=(236)
cfn=(2786)
calls=140400 +25 
* 11520539
* 140400

fl=(57)
fn=(3020)
0 8
cob=(3)
cfi=(273)
cfn=(2964)
calls=1 31 
0 86
cob=(1)
cfi=(49)
cfn=(200)
calls=1 34 
0 1264
0 5
0 1
cfn=(3032) 0x0000000000005920
calls=1 0 
0 9
0 3

fn=(318)
0 16

fn=(3032)
0 9

fl=(224) /build/buildd/eglibc-2.19/math/../sysdeps/ieee754/ldbl-96/e_rem_pio2l.c
fn=(2470) __ieee754_rem_pio2l
186 4739220
+7 4739220
+2 1895688
+2 2843532
+19 947844
+1 947844
+3 947844
-4 947844
+4 947844
-5 947844
+1 947844
+1 1895688
+1 947844
+2 947844
-3 947844
+1 947844
+2 947844
-3 947844
-1 947844
+1 1895688
+1 947844
+2 947844
-2 947844
+2 947844
cfi=(225)
cfn=(2472)
calls=947844 -62 
* 894361824
+4 947844
+2 947844
-2 947844
+8 58982
+1 117964
+1 58982
-2 58982
+1 117964
-1 176946
+1 176946
+3 235928
-10 4444310
+1 2666586
+9 3555448

fl=(263) /build/buildd/eglibc-2.19/math/../sysdeps/ieee754/dbl-64/mpexp.c
fn=(2830) __mpexp
44 135
+34 135
-34 1215
+34 135
+3 135
-3 135
+1 270
+1 135
+1 270
+1 405
+1 135
-1 405
+1 2745
-1 8235
+2 270
+11 135
+1 270
+17 135
fi=(264) /build/buildd/eglibc-2.19/math/../sysdeps/ieee754/dbl-64/mpa.h
+24 135
fe=(263)
-24 135
fi=(264)
+24 675
+1 405
+6 270
+10 135
-4 135
+1 135
+3 270
+1 675
cob=(3)
cfi=(209)
cfn=(2226)
calls=135 53 
* 2970
* 135
fe=(263)
-41 270
+13 135
-13 675
cfi=(261)
cfn=(2834)
calls=135 614 
* 79345
+13 540
cfi=(261)
cfn=(2828)
calls=135 -13 
* 8640
+5 405
-3 405
+6 135
+2 405
-2 135
+2 405
cfi=(261)
cfn=(2820)
calls=135 332 
* 11475
-2 270
+2 810
-2 270
+2 810
cfi=(261)
cfn=(2820)
calls=270 332 
* 22950
+1 2025
cfi=(261)
cfn=(2842)
calls=405 512 
* 95175
+1 2025
cfi=(261)
cfn=(2834)
calls=405 614 
* 287640
-7 1215
+9 540
cfi=(261)
cfn=(2820)
calls=135 332 
* 11475
+1 675
cfi=(261)
cfn=(2846)
calls=135 895 
* 736425
+1 675
cfi=(261)
cfn=(2842)
calls=135 512 
* 31230
+3 540
+9 6030
+1 3015
-1 3015
cfi=(261)
cfn=(2854)
calls=3015 762 
* 1547775
-9 6030
+2 12060
cfi=(261)
cfn=(2854)
calls=3015 762 
* 1547775
* 3015
+11 3015
-9 6030
+11 540
cfi=(261)
cfn=(2828)
calls=135 -47 
* 8640
+2 1080
fi=(264)
-16 270
-1 675
fe=(263)

fl=(262) /build/buildd/eglibc-2.19/math/../sysdeps/ieee754/dbl-64/mplog.c
fn=(2826) __mplog
41 45
+10 45
-10 315
+10 45
-10 45
+10 45
+4 90
-14 45
+14 135
cfi=(261)
cfn=(2828)
calls=45 +59 
* 2880
+1 225
+3 135
-1 45
-2 45
+3 45
cfi=(263)
cfn=(2830)
calls=45 -15 
* 1474930
* 135
-1 45
-2 45
+3 45
cfi=(263)
cfn=(2830)
calls=45 -15 
* 1499850
+1 450
cfi=(261)
cfn=(2834)
calls=90 614 
* 65211
+1 450
cfi=(261)
cfn=(2850)
calls=90 562 
* 26889
+1 450
cfi=(261)
cfn=(2842)
calls=90 512 
* 21018
+1 360
cfi=(261)
cfn=(2828)
calls=90 +51 
* 5760
-7 180
+9 360

fl=(227) /build/buildd/eglibc-2.19/math/../sysdeps/ieee754/ldbl-96/k_sinl.c
fn=(2478) __kernel_sinl
87 1123208
+4 2246416
+1 3577034
+4 829640
+30 459636
-16 10073778
+1 915798
+1 915798
+1 915798
-2 3663192
+2 915798
+3 289762
+1 144881
+5 289762
-5 144881
+5 434643
-1 144881
+2 289762
-2 289762
-2 1883453
+3 434643
-4 2462977
+5 579524
-3 144881
+4 434643
-7 770917
+5 1541834
-5 770917
+5 2312751
-1 770917
+2 1541834
-2 1541834
-2 10021921
+3 2312751
-4 13105589
+5 3083668
-3 770917
+4 2768913
+2 456162
-12 8066494
-16 414820
+2 2281510
-1 3111150
+15 1240779

fl=(228) /build/buildd/eglibc-2.19/math/../sysdeps/ieee754/ldbl-96/k_cosl.c
fn=(2480) __kernel_cosl
84 3369624
fi=(281) /build/buildd/eglibc-2.19/math/../sysdeps/x86/fpu/bits/mathinline.h
+69 2246416
fe=(228)
-65 2246416
+2 1117612
+1 1117612
+2 3784444
+4 622230
+14 2747394
+10 915798
-10 7326384
+1 915798
+1 915798
+8 1831596
-9 3663192
+2 2747394
+1 915798
+6 915798
-2 915798
+1 2747394
-1 1831596
-3 14652768
+4 1831596
-3 11905374
+4 2747394
-1 1831596
-2 1831596
-19 414820
+2 2281510
-1 2696330

fl=(259)
fn=(2816)
51 450
+7 45
cfi=(260) /build/buildd/eglibc-2.19/math/../sysdeps/ieee754/dbl-64/halfulp.c
cfn=(2818) __halfulp
calls=45 +6 
* 2610
+3 45
-3 45
+3 45
+64 360
-41 135
+1 45
+1 45
-2 45
+8 45
+1 45
-9 45
cfi=(261)
cfn=(2820)
calls=45 332 
* 5288
+1 135
+13 45
-13 45
cfi=(261)
cfn=(2820)
calls=45 332 
* 3825
+1 180
cfi=(261)
cfn=(2820)
calls=45 332 
* 4005
+5 180
cfi=(262)
cfn=(2826)
calls=45 -50 
* 3100363
+1 225
cfi=(261)
cfn=(2834)
calls=45 614 
* 31860
+1 180
cfi=(263)
cfn=(2830)
calls=45 -49 
* 1493280
+4 315
cfi=(261)
cfn=(2842)
calls=45 512 
* 9540
+1 225
cfi=(261)
cfn=(2848)
calls=45 309 
* 5673
+1 315
cfi=(261)
cfn=(2850)
calls=45 562 
* 11880
+1 225
cfi=(261)
cfn=(2848)
calls=45 309 
* 5673
+1 180

fl=(255)
fn=(2774)
85 280800
-14 140400
+15 140400
+1 140400
-1 140400
+2 561600
+5 280800
+1 140400
+1 140400
-1 140400
+2 561600
+7 280800
+2 61510
+8 219290
+12 438580
+9 219290
+23 219290
+25 219290
+5 219290
+7 328935
+1 328935
+1 109645
+1 219290
-90 30755
+1 30755
-1 30755
556 30755
201 219290
+16 107705
+2 107705
-2 430820
+7 430820
+7 215410
+2 107705
+1 215410
-1 107705
+1 430820
+10 107705
-10 1292460
+1 215410
-1 1077050
+1 215410
+9 107705
+5 323115
+2 107705
+7 107705
-5 107705
-2 107705
+7 107705
-5 107705
+5 107705
-1 215410
-1 215410
-1 215410
-1 107705
+6 215410
-6 107705
-1 215410
+7 753935
+3 2228
+3 1114
-3 2228
+3 3342
-3 18938
+2 7798
-1 3342
+2 13368
+1 2228
-1 1114
+1 1114
-1 1114
+1 2228
-1 1114
+1 1114
-1 1114
+1 20052
+1 1114
-1 2228
+1 1114
-1 5570
+1 1114
-1 6684
+1 15596
+1 2228
-1 1114
+1 3342
-1 1114
+1 2228
-1 1114
+1 7798
+1 1114
-1 2228
+1 1114
-1 5570
+1 1114
-1 6684
+1 15596
+1 2228
-1 1114
+1 3342
-1 1114
+1 2228
-1 1114
+1 7798
+1 1114
-1 2228
+1 1114
-1 5570
+1 1114
-1 5570
+1 1114
-1 1114
+1 14482
+1 2228
-1 1114
+1 1114
+2 1114
-2 2228
-1 1114
+1 1114
-1 1114
+1 4456
+1 1114
-1 16710
+1 3342
-1 1114
+1 2228
-1 1114
+1 16710
+1 1114
-1 5570
+1 1114
-1 1114
+1 13368
+2 1114
-2 2228
+2 1114
-2 2228
+53 7798
513 1114
fi=(256) /build/buildd/eglibc-2.19/math/../sysdeps/generic/math_private.h
231 538525
fe=(255)
531 107705
203 3880
+2 9700
fi=(256)
+26 9700
fe=(255)
-23 1940
-13 165756
+65 320887
+6 3342
+2 3342
+7 3342
-3 3342
-2 3342

fl=(232)
fn=(2552)
28 3790827
+14 1263609
cfi=(233)
cfn=(2556)
calls=1263609 +15 
* 171264211
* 1263609

fl=(53)
fn=(212)
25 1
cob=(3)
cfi=(41)
cfn=(206)
calls=1 200 
* 5
* 1
+1 1
+1 1
+1 1
+1 1
+2 1

fl=(229)
fn=(2490)
284 84240595
fi=(218)
429 16848119
+1 50544357
+3 16848119
-3 16848119
+3 33696238
fe=(229)
293 33696238
+1 33696238
+1 33696238
+1 33696238
+3 3754904
+2 613843
+2 613843
+1 613843
-3 613843
+2 7366116
+2 613843
-1 613843
+1 1227686
+1 3069215
446 1113744
fi=(218)
-1 33696238
fe=(229)
+57 101088714
309 2527218
+2 1544411
+1 280802
-1 280802
+1 1404010
+1 280802
+1 561604
-1 280802
+1 561604
+2 280802
-1 280802
+1 280802
-1 280802
+1 280802
-2 561604
+2 561604
-2 280802
+2 1404010
+1 280802
-3 280802
+2 561604
-2 280802
+1 280802
-1 280802
+1 1684812
+1 280802
+1 280802
-5 140401
+1 140401
+1 280802
-1 140401
+1 280802
+2 140401
-1 140401
+1 140401
-1 140401
+1 140401
-2 280802
+2 280802
-2 140401
+2 702005
+1 140401
-3 140401
+2 280802
-2 140401
+1 140401
-1 140401
+1 842406
+1 140401
+1 140401
+5 2527218
+1 421203
-1 421203
+2 421203
-1 421203
+1 842406
+1 2874901
+4 1684812
+3 3510025
+1 702005
+2 702005
-2 1404010
+2 842406
+1 1684812
157 842406
+1 842406
-1 421203
+1 842406
+2 842406
-1 421203
+1 842406
-2 842406
+2 842406
-2 421203
+2 1263609
-1 421203
+1 421203
-1 421203
-1 842406
+3 421203
-3 421203
+3 1684812
-2 2527218
+2 842406
+2 421203
-2 421203
+1 842406
+1 842406
344 1684812
157 561604
+1 561604
-1 280802
+1 561604
+2 561604
-1 280802
+1 561604
-2 561604
+2 561604
-2 280802
+2 842406
-1 280802
+1 280802
-1 280802
-1 561604
+3 280802
-3 280802
+3 1123208
-2 1684812
+2 561604
+2 280802
-2 280802
+1 561604
+1 561604
344 3887887
483 171321
739 1993985
+1 227884
+4 1961
cfi=(258)
cfn=(2812)
calls=223 70 
* 122427
+1 4396
+68 30416
348 280802
+2 280802
+3 140401
-3 140401
+8 140401
-8 140401
+1 140401
+1 280802
-1 140401
+2 140401
+1 280802
+4 140401
-5 702005
+2 280802
+1 140401
+1 140401
-1 140401
+1 280802
+1 421203
+2 492498
+4 77846
+1 77846
-1 77846
+1 77846
+2 99686
+1 49843
+2 233538
+3 323496
+1 47043
+1 80316
740 56971
+73 162154
-50 147040
+1 110280
+1 36760
-1 36760
226 36760
765 36760
226 110280
+1 36760
-1 36760
-3 36760
+1 36760
+3 36760
-4 36760
+4 36760
-3 73520
+3 36760
-2 36760
-1 36760
+1 36760
-1 36760
+2 147040
-1 36760
+4 36760
-3 73520
+3 36760
-4 36760
+4 36760
+2 110280
-6 36760
+5 36760
+1 73520
-1 36760
+1 110280
-3 36760
+3 36760
-3 36760
+3 36760
-3 36760
+3 36760
+1 36760
-1 73520
+1 73520
-1 36760
+2 73520
+1 36760
-1 36760
+1 36760
+1 73520
+1 36760
+1 36760
-1 36760
+1 18180
767 147040
+1 109108
319 280802
+1 280802
-9 280802
+1 561604
790 43341
+1 28894
+1 28894
+2 8735
+2 8735
-2 8735
+1 43675
175 26205
+4 8735
-4 8735
+4 8735
-1 8735
+1 8735
-1 8735
-1 8735
+1 17470
+1 8735
-3 8735
+5 8735
-3 8735
-1 8735
+3 8735
+1 8735
-3 8735
+2 8735
-2 26205
-2 8735
+1 8735
+1 8735
+3 8735
-4 8735
+3 8735
-3 17470
+6 17470
-6 17470
+6 26205
-1 17470
+2 8735
-2 8735
+1 8735
-7 8735
+7 8735
-7 8735
+7 17470
+1 17470
+1 8735
-10 17136
+4 5712
-4 5712
+4 5712
-1 5712
+1 5712
-1 5712
-1 5712
+1 11424
+1 5712
-3 5712
+5 5712
-3 5712
-1 5712
+3 5712
+1 5712
-3 5712
+2 5712
-2 17136
-2 5712
+1 5712
+1 5712
+3 5712
-4 5712
+3 5712
-3 11424
+6 11424
-6 11424
+6 17136
-1 11424
+2 5712
-2 5712
+1 5712
-7 5712
+7 5712
-7 5712
+7 11424
+1 11424
+1 11424
+1 5712
-1 5712
+1 5712
+1 11424
+1 5712
+1 5712
-4 8735
+1 8735
-1 8735
+1 8735
+1 17470
+1 8735
+1 8735
-1 14447
+1 7321
805 57788
+1 28046
-35 1157
cfi=(258)
cfn=(2812)
calls=143 70 
* 77506
+1 429
340 561604
+1 1684812
239 37160
744 2200
cfi=(258)
cfn=(2812)
calls=200 70 
* 109800
+1 400
+27 2224
+1 556
+41 1112
398 125110
+5 62555
160 62555
403 62555
+1 62555
158 62555
403 62555
158 62555
+1 62555
403 187665
+1 62555
160 187665
404 62555
159 62555
+1 312775
404 62555
160 62555
+1 62555
404 62555
157 62555
+1 62555
-1 62555
+1 312775
+1 62555
-1 62555
+3 250220
-2 375330
+2 125110
+1 62555
-1 62555
+1 62555
+1 125110
406 218827
+1 31162
+1 62324
-1 31393
+1 125341
940 222130
763 36264
+46 1272
+3 424
-2 424
-1 848
+1 848
+1 424
+1 848
cfi=(258)
cfn=(2808) __docos
calls=424 185 
* 243980
+1 1272
191 14252
379 64367
+1 64367
-1 64367
+8 64367
208 64367
387 64367
+1 64367
207 64367
387 64367
+1 64367
-1 128734
+1 64367
206 64367
+2 193101
388 64367
206 64367
+2 321835
-3 64367
+1 64367
+1 64367
+1 64367
-3 64367
+1 257468
+1 128734
-1 64367
+1 64367
-1 64367
+1 193101
+2 128734
-2 64367
+2 257468
+2 64367
-2 64367
+1 128734
+1 128734
390 225393
+1 32292
+1 64584
-1 32075
+1 128517
-1 214173
800 5712
+2 5712
-2 5712
+1 34272
-30 858
cfi=(258)
cfn=(2812)
calls=78 70 
* 42276
+1 234
937 1532
-2 1532
+2 6128
175 1532
+3 3064
+1 1532
-4 1532
+4 1532
-1 3064
+1 1532
+2 1532
-3 1532
-1 1532
+4 1532
-3 1532
+1 1532
-1 4596
-2 1532
+1 1532
+3 1532
+1 1532
-4 1532
+3 1532
-2 1532
-1 1532
-1 1532
+1 1532
+7 1532
-4 1532
-3 1532
+6 3064
-6 3064
+6 4596
-1 3064
+2 1532
-2 1532
+2 1532
+1 1532
-2 1532
+2 1532
+1 1532
-3 1532
-7 4596
+7 3064
+2 1532
+1 1532
+1 3064
+1 1532
+1 1532
-1 1532
+1 761
939 6128
+4 120
cfi=(258)
cfn=(2808)
calls=24 185 
* 13770
+2 48
+1 24
-1 48
+1 24
-1 24
+1 65
+4 120
+1 88
406 62786
-6 56004
+1 56004
271 558
835 11718
+1 279
+1 279
-1 279
+1 695
+4 837
+60 2328
-2 4656
+2 6984
226 2328
+1 2328
-1 2328
+1 2328
-1 4656
+1 2328
-1 2328
+5 2328
-5 9312
+3 2328
-3 2328
+1 2328
-1 2328
+3 4656
+2 6984
-1 2328
+1 4656
-1 4656
+1 4656
-3 2328
+3 2328
-3 2328
+3 2328
-3 2328
+3 2328
+1 2328
-1 6984
+1 4656
+1 2328
+1 2328
-1 4656
+1 2328
+1 4656
+1 2328
+1 2328
-1 2328
+1 1224
903 9312
+1 7922
374 13746
+16 64150
-6 29105
-1 29105
+1 29105
+1 58210
191 1542
+48 2208
841 558
+66 170
cfi=(258)
cfn=(2812)
calls=34 70 
* 18524
+2 68
+1 34
-1 68
+1 34
-1 34
+1 110
+4 170
+1 120
-76 980
948 77
-36 84

fn=(2856) csloww
1109 198
-6 396
+6 198
-6 198
+6 8118
+2 198
-2 594
+2 198
+1 198
-1 198
+1 470
+4 594
+4 23
cfi=(258)
cfn=(2812)
calls=2 70 
* 1090
* 6
+2 2
+1 2
-1 2
+1 2
-1 3
+1 1
-1 1
+1 1
-1 1
+1 5
+4 15
+33 591
-5 7
+5 2
-5 1
+5 1
-44 393
-2 624
+6 6
cfi=(258)
cfn=(2812)
calls=1 70 
* 542
* 4
+5 12

fn=(2506)
513 80730570
fi=(218)
-84 16146114
+1 48438342
+3 16146114
-3 16146114
+3 32292228
fe=(229)
+90 32292228
+6 16146114
-5 32292228
+1 16146114
+3 32292228
+3 2350894
+2 4140184
+1 1035046
160 1035046
534 1035046
158 1035046
534 1035046
158 1035046
+1 3105138
534 1035046
+1 1035046
-1 1035046
160 1035046
535 1035046
160 7245322
-3 1035046
+1 1035046
+2 1035046
-3 1035046
+1 5175230
+3 1035046
-3 1035046
+3 4140184
-2 6210276
+2 2070092
+1 1035046
-1 1035046
+1 1035046
+1 2070092
537 5175230
1075 60867
+1 60867
+1 20289
-1 20289
178 20289
1077 20289
179 20289
-1 60867
-3 20289
+3 20289
+1 20289
-4 20289
+2 20289
+2 20289
+2 20289
-4 20289
+4 20289
-3 20289
-1 20289
+1 40578
+1 20289
-1 20289
-2 20289
+2 20289
+3 20289
+2 20289
-6 20289
-1 20289
+8 20289
-7 40578
+3 40578
-3 20289
+3 20289
-3 20289
+6 81156
-1 40578
+2 20289
-2 20289
+2 20289
+1 20289
-2 20289
-7 20289
+9 20289
-2 20289
-7 20289
+7 40578
+3 20289
-1 20289
+1 20289
+1 40578
+1 20289
+1 20289
-1 20289
+1 10290
1079 60867
+4 1512
+1 2016
cfi=(258)
cfn=(2808)
calls=504 185 
* 288952
+1 4032
fi=(218)
445 32292228
fe=(229)
727 80730570
540 280802
+35 280802
+2 561604
+1 140401
+1 140401
+1 140401
-1 140401
-1 140401
+2 140401
+1 140401
-1 561604
+2 140401
-2 140401
+3 280802
+1 280802
+1 702005
+2 492498
+39 155692
+5 77846
160 77846
631 77846
+1 77846
158 77846
631 77846
158 77846
+1 77846
631 233538
+1 77846
160 233538
632 77846
159 77846
+1 389230
632 77846
160 77846
+1 77846
632 77846
157 77846
+1 77846
-1 77846
+1 389230
+1 77846
-1 77846
+3 311384
-2 467076
+2 155692
+1 77846
-1 77846
+1 77846
+1 155692
634 272708
+1 39170
+1 78340
-1 38676
+1 155198
1225 211698
533 1263609
+86 103292
+90 236652
191 19998
1079 40074
591 62555
+1 62555
-1 62555
+1 62555
+5 187665
+2 179720
+1 31422
+1 36340
cfn=(2856)
calls=198 1109 
* 14895
* 198
1075 25923
+8 609
605 53569
+2 53569
-2 53569
+10 53569
208 53569
615 53569
+1 53569
-1 107138
+1 53569
-1 53569
206 53569
+2 53569
616 53569
208 321414
+1 53569
-1 107138
-3 53569
+1 53569
-1 53569
+1 214276
+1 107138
-1 53569
+1 53569
-1 53569
+1 53569
+2 53569
-2 53569
+2 107138
-2 160707
+3 53569
-1 160707
+2 53569
-1 53569
+1 107138
618 187290
+1 26583
+1 53166
-1 26986
+1 111387
cfn=(2806) csloww1
calls=1923 1172 
* 199921
* 1923
1213 1910
-2 1910
+2 7640
175 1910
+3 3820
+1 1910
-4 1910
+4 1910
-1 3820
+1 1910
+2 1910
-3 1910
-1 1910
+4 1910
-3 1910
+1 1910
-1 5730
-2 1910
+1 1910
+3 1910
+1 1910
-4 1910
+3 1910
-2 1910
-1 1910
-1 1910
+1 1910
+7 1910
-4 1910
-3 1910
+6 3820
-6 3820
+6 5730
-1 3820
+2 1910
-2 1910
+2 1910
+1 1910
-2 1910
+2 1910
+1 1910
-3 1910
-7 5730
+7 3820
+2 1910
+1 1910
+1 3820
+1 1910
+1 1910
-1 1910
+1 925
1215 7640
+4 200
cfi=(258)
cfn=(2808)
calls=40 185 
* 22954
+1 80
+1 40
-1 80
+1 40
-1 40
+1 90
+3 200
594 69106
+1 69106
+39 77352
-6 84012
+1 84012
-11 53972
-6 30057
-1 30057
+1 30057
+1 60114
-13 9044
191 1970
1223 132

fn=(2806)
1172 1923
+4 1923
+2 1923
-6 3846
+5 1923
-1 1923
+2 1923
-2 3846
+1 1923
-1 1923
+1 3846
+1 5769
223 1923
+3 1923
-2 1923
+2 1923
-3 1923
+3 1923
-2 1923
+2 3846
+1 1923
-3 1923
+2 1923
-2 1923
+2 7692
-2 1923
+5 1923
-3 3846
-2 1923
+3 3846
+2 1923
-2 1923
+2 1923
+2 5769
-1 1923
+1 1923
-1 1923
+1 5769
-3 1923
+3 1923
-3 1923
+3 1923
-3 1923
+3 1923
+1 1923
-1 3846
-6 11538
+6 3846
+1 3846
+1 3846
+1 1923
-1 1923
+1 1923
+1 3846
+1 1923
+1 1923
-1 1923
+1 927
1180 7692
+1 5673
+13 2721
-10 128
cfi=(258)
cfn=(2812)
calls=32 70 
* 17404
+1 160
+1 66
+3 160
+1 1080
+4 2032
-4 1016
+4 1016
239 1992
1188 168

fl=(260)
fn=(2818)
64 45
+2 90
-2 90
+16 90
+3 90
+2 270
-9 90
+15 90
+1 90
+1 45
+2 90
-1 60
+3 30
-2 120
+6 120
+1 60
-1 60
+1 30
-3 135
+1 45
+4 90
+2 15
-1 30
+1 15
-1 30
-11 15
+13 90
+2 90
+1 90
+4 90
+14 90
+1 90
-15 90
-19 15
-1 30

fl=(220)
fn=(2458)
25 7300852
+1 7300852
cfi=(221)
cfn=(2460)
calls=1825213 -10 
* 21902556
* 18252130
+5 3650426
+1 1825213
-1 1825213
cfi=(222)
cfn=(2462)
calls=1825213 -17 
* 16426917
-5 1825213

fl=(59)
fn=(230)
14 2
cob=(3)
cfi=(41)
cfn=(206)
calls=1 200 
* 5
* 1
* 5

fn=(224)
10 2
cob=(3)
cfi=(41)
cfn=(206)
calls=1 200 
* 5
* 1
* 5

fl=(213)
fn=(2368)
22 8146934
-1 8146934
+1 8146934
fi=(214) /build/buildd/eglibc-2.19/math/w_fmod.c
+4 40734670
+5 8146934
cfi=(215)
cfn=(2372)
calls=8146934 +2 
* 564411985
-5 8146934
fe=(213)

fl=(223)
fn=(2468)
27 6739248
+4 4492832
+3 1123208
+1 4280464
+5 1895688
+11 2843532
cfi=(224)
cfn=(2470)
calls=947844 186 
* 943944622
+8 947844
-7 1895688
+7 2843532
-7 3066076
+15 289588
cfi=(228)
cfn=(2480)
calls=289588 +17 
* 21297706
* 289588
+1 289588
-1 289588
+1 1447940
cfi=(227)
cfn=(2478)
calls=289588 +19 
* 23534235
* 289588
+1 289588
-34 244174
+2 1227548
cfi=(227)
cfn=(2478)
calls=175364 +50 
* 12966767
* 175364
+1 876820
cfi=(228)
cfn=(2480)
calls=175364 +46 
* 12899630
* 175364
+34 4492832
-9 519820
cfi=(227)
cfn=(2478)
calls=259910 +24 
* 21204831
* 519820
+1 1299550
cfi=(228)
cfn=(2480)
calls=259910 +20 
* 19173534
* 519820
+1 259910
-10 220030
cfi=(227)
cfn=(2478)
calls=110015 +32 
* 9163728
* 110015
+1 550075
cfi=(228)
cfn=(2480)
calls=110015 +28 
* 8335511
* 110015
+1 110015
+2 288331
cfi=(228)
cfn=(2480)
calls=288331 +25 
* 21380695
* 288331
+1 1729986
cfi=(227)
cfn=(2478)
calls=288331 +27 
* 23620668
* 576662
+1 288331

fl=(219)
fn=(2450)
240 10389832
-5 5194916
+6 10389832
+1 10389832
+2 15584748
+2 5194916
+19 5194916
-19 5194916
+26 5194916
-26 5194916
+5 5194916
-5 5194916
+26 5194916
-25 5194916
+2 10389832
-2 5194916
+13 10389832
-13 5194916
+4 5194916
+9 5194916
-8 5194916
+5 5194916
-5 10389832
+2 15584748
+2 5194916
-1 5194916
+1 5194916
+6 5194916
+1 5194916
-6 5194916
+5 5194916
+1 5194916
-1 5194916
+3 5194916
+1 5194916
-4 5194916
+4 15584748
-9 5194916
+1 5194916
+7 5194916
-7 25974580
+8 5194916
-8 5194916
+7 20779664
+1 5194916
-1 5194916
+1 10389832
+1 5194916
-1 10389832
+3 20779664
+1 5194916
-1 5194916
+1 5194916
+1 15584748
+1 20779664
+3 300
-3 5194916
+1 20779064

fl=(258)
fn=(2812)
70 778
+7 778
+5 778
-12 778
+12 1556
-12 1556
+2 778
-2 778
+6 778
-5 778
+1 778
+5 1556
+1 1556
-1 778
-4 1556
+1 778
+2 1556
-2 778
+2 1556
-2 1556
+2 15560
+2 778
+1 778
+1 1556
-2 778
+2 778
-1 778
-3 778
+3 778
+1 778
-1 778
-3 778
+6 2334
-6 778
+6 18672
+1 778
-1 1556
+1 778
-1 2334
+1 1556
-1 778
+1 7002
+1 778
-1 778
+1 3112
-1 778
+1 1556
-1 778
+1 5446
+1 778
-1 9336
+1 1556
-1 778
+1 7002
+1 778
-1 778
+1 3112
-1 778
+1 1556
-1 778
+1 11670
+1 778
-1 2334
+1 2334
-1 778
+1 778
-1 778
+1 15560
+1 3112
-1 778
+1 4668
+3 778
-3 778
+3 1556
-3 778
+3 2334
-3 778
+3 778
-3 778
+3 13226
+1 1556
-1 3112
+1 2334
-1 778
+1 5446
+1 778
-1 778
+1 3112
-1 778
+1 1556
-1 778
+1 5446
+1 778
-1 9336
+1 1556
-1 778
+1 7002
+1 778
-1 778
+1 3112
-1 778
+1 1556
-1 778
+1 5446
+1 778
-1 5446
+1 778
-1 3890
+1 1556
-1 778
+1 6224
+1 778
+2 778
-3 778
+1 3112
-1 778
+1 778
-1 778
+3 778
-2 2334
+2 778
-2 3112
+2 778
-2 6224
+2 778
-2 778
+2 1556
-2 778
+2 778
-2 778
+2 2334
-2 778
+2 1556
-2 778
+2 5446
+1 778
-1 4668
+1 778
-1 778
+1 778
-1 2334
+1 778
-1 778
+1 778
-1 3112
+2 778
-2 778
+1 19450
+1 778
-1 3112
+1 778
-1 778
+1 10892
+1 778
-1 1556
+1 2334
-1 778
+1 8286
+2 355
-2 710
+3 710
-3 1269
+2 423
-2 846
+3 846
-22 4668
+13 4668
-2 4668
-2 4668
-4 4668
-3 4668
+17 4008
-1 1470
-5 2334
-2 2334
-2 2334
-4 2334
-3 2334
-2 2334

fn=(2808)
185 992
-2 2976
+2 1984
+8 4960
-2 976
+4 1984
cfn=(2810) __dubcos
calls=992 -70 
* 548840
* 3968
+28 2976

fn=(2810)
125 992
+6 992
+4 992
-10 992
+10 1984
-10 1984
+2 992
-2 992
+1 992
+1 992
+4 992
-3 1984
+1 992
+1 1984
-1 992
+1 992
-1 1984
+1 19840
+1 992
+1 992
-2 992
+2 992
-1 992
+1 992
+1 992
+1 1984
-4 992
+3 992
-1 992
+1 1984
-3 992
+4 1984
-4 1984
+5 1984
-5 992
+5 1984
-5 1984
+5 11904
+8 992
-8 4960
+8 1984
-8 5952
+1 992
-1 992
+1 992
+2 992
-3 3968
+1 992
-1 992
+8 23808
+1 992
-1 992
+1 992
-1 992
+1 992
+11 992
-12 992
+12 992
-12 992
+12 7936
+1 992
-1 992
+1 3968
-1 992
+1 1984
-1 992
+1 18848
+1 1984
-1 992
+1 8928
+1 992
+1 992
-2 992
+1 3968
-1 992
+1 1984
-1 992
+1 14880
+1 992
-1 2976
+1 2976
-1 992
+1 992
-1 992
+1 19840
+1 3968
-1 992
+1 6944
+2 992
-2 992
+2 992
-2 1984
+2 7936
+1 992
-1 1984
+1 16864
-1 1984
+1 1984
+1 992
-2 992
+1 5952
+1 2976
-1 992
+1 7936
+1 992
-1 992
+1 3968
-1 992
+1 1984
-1 992
+1 13888
+1 992
-1 4960
+1 2976
-1 992
+1 7936
+1 992
+1 992
-2 992
+3 992
-2 2976
-1 992
+1 992
-1 992
+2 992
-1 7936
+1 992
-1 1984
+1 992
-1 5952
+1 992
-1 992
+1 1984
-1 992
+1 992
-1 992
+1 2976
-1 992
+1 1984
-1 992
+1 1984
+1 992
-1 4960
+1 992
-1 8928
+1 992
-1 992
+1 992
-1 4960
+2 992
-2 992
+1 18848
+1 992
-1 7936
+1 992
-1 1984
+1 992
-1 992
+1 10152
+1 700
-1 700
+1 2100
-1 700
+1 700
-1 700
+1 700
-1 292
+1 292
-1 292
+1 876
-1 292
+1 292
-1 292
+1 8228
+2 992
-2 1984
+3 1984
-19 5952
+15 1752
-4 5952
-2 5952
-2 5952
-2 5952
-3 5952
+14 6492
-1 1416
-4 2976
-2 2976
-2 2976
-2 2976
-3 2976
-2 2976

ob=(2)
fl=(14)
fn=(290)
0 6

fn=(2976)
0 3

fn=(256)
0 6

fn=(556)
0 6

fn=(2950)
0 3

fn=(3018)
0 3

fn=(314)
0 6

fn=(326)
0 6

fn=(3038)
0 3

fn=(3060)
0 3

ob=(6)
fl=(74)
fn=(3040)
0 8
cob=(3)
cfi=(273)
cfn=(2964)
calls=1 31 
0 86
cob=(1)
cfi=(49)
cfn=(200)
calls=1 34 
0 1264
0 5
0 1
cfn=(3054) 0x0000000000002fa0
calls=1 0 
0 9
0 3

fn=(306)
0 17

fn=(294)
0 32
cfn=(296) 0x0000000000002c30
calls=1 0 
0 20
0 13
cfn=(296)
calls=1 0 
0 20
0 33
cfn=(300) 0x0000000000002af0
calls=1 0 
0 87
0 10

fn=(296)
0 40

fn=(300)
0 87

fn=(3054)
0 9

totals: 31438036001
