300000001 200000001 400000001 400000002 400000003 400000004       0.0000       0.0000 6371000.0000 1242920.4416       0.0000 6248583.0214       0.0000 1242920.4416 6248583.0214  787459.5150     209.9854     266.2734
300000002 200000001 400000005 400000006 400000007 400000008 2438076.1476       0.0000 5886036.5016 1266279.9131 1266279.9131 6114140.2800 1242920.4416       0.0000 6248583.0214  802260.9823     217.8205     184.8846
300000003 200000001 400000009 400000010 400000011 400000012       0.0000 2438076.1476 5886036.5016       0.0000 1242920.4416 6248583.0214 1266279.9131 1266279.9131 6114140.2800  802260.9823     211.6144     241.7351
300000004 200000001 400000013 400000014 400000015 400000016 1242920.4416       0.0000 6248583.0214 1266279.9131 1266279.9131 6114140.2800       0.0000 1242920.4416 6248583.0214  818294.0298     211.6025     228.9346
300000005 200000002 400000017 400000018 400000019 400000020 4504977.3029       0.0000 4504977.3029 3678298.5650 1346350.7175 5024649.2825 3539537.9546       0.0000 5297292.9000  853044.8645     230.9952     158.6629
300000006 200000002 400000021 400000022 400000023 400000024 2600949.8585 2600949.8585 5201899.7171 2577802.4491 1330561.6814 5672228.9398 3678298.5650 1346350.7175 5024649.2825  856010.4439     233.4059     146.7069
300000007 200000002 400000025 400000026 400000027 400000028 2438076.1476       0.0000 5886036.5016 3539537.9546       0.0000 5297292.9000 2577802.4491 1330561.6814 5672228.9398  843039.4974     225.4085     150.2525
300000008 200000002 400000029 400000030 400000031 400000032 3678298.5650 1346350.7175 5024649.2825 2577802.4491 1330561.6814 5672228.9398 3539537.9546       0.0000 5297292.9000  873164.3145     232.7773     129.1039
300000009 200000003 400000033 400000034 400000035 400000036       0.0000 4504977.3029 4504977.3029       0.0000 3539537.9546 5297292.9000 1346350.7175 3678298.5650 5024649.2825  853044.8645     233.2340     143.7232
300000010 200000003 400000037 400000038 400000039 400000040       0.0000 2438076.1476 5886036.5016 1330561.6814 2577802.4491 5672228.9398       0.0000 3539537.9546 5297292.9000  843039.4974     217.1598     172.3735
300000011 200000003 400000041 400000042 400000043 400000044 2600949.8585 2600949.8585 5201899.7171 1346350.7175 3678298.5650 5024649.2825 1330561.6814 2577802.4491 5672228.9398  856010.4439     234.0126     138.4967
300000012 200000003 400000045 400000046 400000047 400000048       0.0000 3539537.9546 5297292.9000 1330561.6814 2577802.4491 5672228.9398 1346350.7175 3678298.5650 5024649.2825  873164.3145     228.0154     144.1056
300000013 200000004 400000049 400000050 400000051 400000052 2438076.1476       0.0000 5886036.5016 2577802.4491 1330561.6814 5672228.9398 1266279.9131 1266279.9131 6114140.2800  931256.6789     221.4425     164.1915
300000014 200000004 400000053 400000054 400000055 400000056 2600949.8585 2600949.8585 5201899.7171 1330561.6814 2577802.4491 5672228.9398 2577802.4491 1330561.6814 5672228.9398  917252.3363     230.9989     142.7724
300000015 200000004 400000057 400000058 400000059 400000060       0.0000 2438076.1476 5886036.5016 1266279.9131 1266279.9131 6114140.2800 1330561.6814 2577802.4491 5672228.9398  931256.6789     214.6014     219.7188
300000016 200000004 400000061 400000062 400000063 400000064 2577802.4491 1330561.6814 5672228.9398 1330561.6814 2577802.4491 5672228.9398 1266279.9131 1266279.9131 6114140.2800  953298.7094     221.3751     164.9345
300000017 200000005 400000065 400000066 400000067 400000068 6371000.0000       0.0000       0.0000 6248583.0214 1242920.4416       0.0000 6248583.0214       0.0000 1242920.4416  787459.5150     221.5781     120.8644
300000018 200000005 400000069 400000070 400000071 400000072 5886036.5016 2438076.1476       0.0000 6114140.2800 1266279.9131 1266279.9131 6248583.0214 1242920.4416       0.0000  802260.9823     218.7769     124.5908
300000019 200000005 400000073 400000074 400000075 400000076 5886036.5016       0.0000 2438076.1476 6248583.0214       0.0000 1242920.4416 6114140.2800 1266279.9131 1266279.9131  802260.9823     267.1516     140.1137
300000020 200000005 400000077 400000078 400000079 400000080 6248583.0214 1242920.4416       0.0000 6114140.2800 1266279.9131 1266279.9131 6248583.0214       0.0000 1242920.4416  818294.0298     215.9678     132.3324
300000021 200000006 400000081 400000082 400000083 400000084 4504977.3029 4504977.3029       0.0000 5024649.2825 3678298.5650 1346350.7175 5297292.9000 3539537.9546       0.0000  853044.8645     253.5718     113.4876
300000022 200000006 400000085 400000086 400000087 400000088 5201899.7171 2600949.8585 2600949.8585 5672228.9398 2577802.4491 1330561.6814 5024649.2825 3678298.5650 1346350.7175  856010.4439     291.3805     138.6929
300000023 200000006 400000089 400000090 400000091 400000092 5886036.5016 2438076.1476       0.0000 5297292.9000 3539537.9546       0.0000 5672228.9398 2577802.4491 1330561.6814  843039.4974     217.0793     120.1638
300000024 200000006 400000093 400000094 400000095 400000096 5024649.2825 3678298.5650 1346350.7175 5672228.9398 2577802.4491 1330561.6814 5297292.9000 3539537.9546       0.0000  873164.3145     238.5714     122.3415
300000025 200000007 400000097 400000098 400000099 400000100 4504977.3029       0.0000 4504977.3029 5297292.9000       0.0000 3539537.9546 5024649.2825 1346350.7175 3678298.5650  853044.8645     247.9264     110.5241
300000026 200000007 400000101 400000102 400000103 400000104 5886036.5016       0.0000 2438076.1476 5672228.9398 1330561.6814 2577802.4491 5297292.9000       0.0000 3539537.9546  843039.4974     281.3146     146.9096
300000027 200000007 400000105 400000106 400000107 400000108 5201899.7171 2600949.8585 2600949.8585 5024649.2825 1346350.7175 3678298.5650 5672228.9398 1330561.6814 2577802.4491  856010.4439     275.9141     147.0729
300000028 200000007 400000109 400000110 400000111 400000112 5297292.9000       0.0000 3539537.9546 5672228.9398 1330561.6814 2577802.4491 5024649.2825 1346350.7175 3678298.5650  873164.3145     270.4126     150.5524
300000029 200000008 400000113 400000114 400000115 400000116 5886036.5016 2438076.1476       0.0000 5672228.9398 2577802.4491 1330561.6814 6114140.2800 1266279.9131 1266279.9131  931256.6789     231.8138     119.1152
300000030 200000008 400000117 400000118 400000119 400000120 5201899.7171 2600949.8585 2600949.8585 5672228.9398 1330561.6814 2577802.4491 5672228.9398 2577802.4491 1330561.6814  917252.3363     292.4170     148.4140
300000031 200000008 400000121 400000122 400000123 400000124 5886036.5016       0.0000 2438076.1476 6114140.2800 1266279.9131 1266279.9131 5672228.9398 1330561.6814 2577802.4491  931256.6789     287.5318     153.3510
300000032 200000008 400000125 400000126 400000127 400000128 5672228.9398 2577802.4491 1330561.6814 5672228.9398 1330561.6814 2577802.4491 6114140.2800 1266279.9131 1266279.9131  953298.7094     286.5252     149.9760
300000033 200000009 400000129 400000130 400000131 400000132       0.0000 6371000.0000       0.0000       0.0000 6248583.0214 1242920.4416 1242920.4416 6248583.0214       0.0000  787459.5150     227.5868      97.1390
300000034 200000009 400000133 400000134 400000135 400000136       0.0000 5886036.5016 2438076.1476 1266279.9131 6114140.2800 1266279.9131       0.0000 6248583.0214 1242920.4416  802260.9823     245.8418      93.3669
300000035 200000009 400000137 400000138 400000139 400000140 2438076.1476 5886036.5016       0.0000 1242920.4416 6248583.0214       0.0000 1266279.9131 6114140.2800 1266279.9131  802260.9823     232.0511      97.8691
300000036 200000009 400000141 400000142 400000143 400000144       0.0000 6248583.0214 1242920.4416 1266279.9131 6114140.2800 1266279.9131 1242920.4416 6248583.0214       0.0000  818294.0298     237.0049      91.4246
300000037 200000010 400000145 400000146 400000147 400000148       0.0000 4504977.3029 4504977.3029 1346350.7175 5024649.2825 3678298.5650       0.0000 5297292.9000 3539537.9546  853044.8645     232.5809     158.7854
300000038 200000010 400000149 400000150 400000151 400000152 2600949.8585 5201899.7171 2600949.8585 1330561.6814 5672228.9398 2577802.4491 1346350.7175 5024649.2825 3678298.5650  856010.4439     299.5928     106.6603
300000039 200000010 400000153 400000154 400000155 400000156       0.0000 5886036.5016 2438076.1476       0.0000 5297292.9000 3539537.9546 1330561.6814 5672228.9398 2577802.4491  843039.4974     263.7214     129.5436
300000040 200000010 400000157 400000158 400000159 400000160 1346350.7175 5024649.2825 3678298.5650 1330561.6814 5672228.9398 2577802.4491       0.0000 5297292.9000 3539537.9546  873164.3145     247.8723     140.6521
300000041 200000011 400000161 400000162 400000163 400000164 4504977.3029 4504977.3029       0.0000 3539537.9546 5297292.9000       0.0000 3678298.5650 5024649.2825 1346350.7175  853044.8645     259.4437      68.6977
300000042 200000011 400000165 400000166 400000167 400000168 2438076.1476 5886036.5016       0.0000 2577802.4491 5672228.9398 1330561.6814 3539537.9546 5297292.9000       0.0000  843039.4974     237.1505      92.8541
300000043 200000011 400000169 400000170 400000171 400000172 2600949.8585 5201899.7171 2600949.8585 3678298.5650 5024649.2825 1346350.7175 2577802.4491 5672228.9398 1330561.6814  856010.4439     288.7601      61.2533
300000044 200000011 400000173 400000174 400000175 400000176 3539537.9546 5297292.9000       0.0000 2577802.4491 5672228.9398 1330561.6814 3678298.5650 5024649.2825 1346350.7175  873164.3145     249.6545      86.4864
300000045 200000012 400000177 400000178 400000179 400000180       0.0000 5886036.5016 2438076.1476 1330561.6814 5672228.9398 2577802.4491 1266279.9131 6114140.2800 1266279.9131  931256.6789     268.2795     104.3711
300000046 200000012 400000181 400000182 400000183 400000184 2600949.8585 5201899.7171 2600949.8585 2577802.4491 5672228.9398 1330561.6814 1330561.6814 5672228.9398 2577802.4491  917252.3363     301.7864      65.7243
300000047 200000012 400000185 400000186 400000187 400000188 2438076.1476 5886036.5016       0.0000 1266279.9131 6114140.2800 1266279.9131 2577802.4491 5672228.9398 1330561.6814  931256.6789     235.9324     100.1986
300000048 200000012 400000189 400000190 400000191 400000192 1330561.6814 5672228.9398 2577802.4491 2577802.4491 5672228.9398 1330561.6814 1266279.9131 6114140.2800 1266279.9131  953298.7094     271.9704      87.4576
300000049 200000013 400000193 400000194 400000195 400000196 4504977.3029       0.0000 4504977.3029 5024649.2825 1346350.7175 3678298.5650 3678298.5650 1346350.7175 5024649.2825 1318824.6059     237.0677     133.9575
300000050 200000013 400000197 400000198 400000199 400000200 5201899.7171 2600949.8585 2600949.8585 4074905.2917 2716603.5278 4074905.2917 5024649.2825 1346350.7175 3678298.5650 1330535.5610     266.4922     109.5129
300000051 200000013 400000201 400000202 400000203 400000204 2600949.8585 2600949.8585 5201899.7171 3678298.5650 1346350.7175 5024649.2825 4074905.2917 2716603.5278 4074905.2917 1330535.5610     241.7515     132.3571
300000052 200000013 400000205 400000206 400000207 400000208 5024649.2825 1346350.7175 3678298.5650 4074905.2917 2716603.5278 4074905.2917 3678298.5650 1346350.7175 5024649.2825 1378948.6957     241.2358     128.2203
300000053 200000014 400000209 400000210 400000211 400000212 4504977.3029 4504977.3029       0.0000 3678298.5650 5024649.2825 1346350.7175 5024649.2825 3678298.5650 1346350.7175 1318824.6059     265.6743     102.4750
300000054 200000014 400000213 400000214 400000215 400000216 2600949.8585 5201899.7171 2600949.8585 4074905.2917 4074905.2917 2716603.5278 3678298.5650 5024649.2825 1346350.7175 1330535.5610     304.2298     114.0160
300000055 200000014 400000217 400000218 400000219 400000220 5201899.7171 2600949.8585 2600949.8585 5024649.2825 3678298.5650 1346350.7175 4074905.2917 4074905.2917 2716603.5278 1330535.5610     296.8128     109.7088
300000056 200000014 400000221 400000222 400000223 400000224 3678298.5650 5024649.2825 1346350.7175 4074905.2917 4074905.2917 2716603.5278 5024649.2825 3678298.5650 1346350.7175 1378948.6957     288.7196     103.4866
300000057 200000015 400000225 400000226 400000227 400000228       0.0000 4504977.3029 4504977.3029 1346350.7175 3678298.5650 5024649.2825 1346350.7175 5024649.2825 3678298.5650 1318824.6059     239.4186     137.7134
300000058 200000015 400000229 400000230 400000231 400000232 2600949.8585 2600949.8585 5201899.7171 2716603.5278 4074905.2917 4074905.2917 1346350.7175 3678298.5650 5024649.2825 1330535.5610     250.6705     129.5061
300000059 200000015 400000233 400000234 400000235 400000236 2600949.8585 5201899.7171 2600949.8585 1346350.7175 5024649.2825 3678298.5650 2716603.5278 4074905.2917 4074905.2917 1330535.5610     274.5112     119.6909
300000060 200000015 400000237 400000238 400000239 400000240 1346350.7175 3678298.5650 5024649.2825 2716603.5278 4074905.2917 4074905.2917 1346350.7175 5024649.2825 3678298.5650 1378948.6957     252.7940     132.8810
300000061 200000016 400000241 400000242 400000243 400000244 5201899.7171 2600949.8585 2600949.8585 4074905.2917 4074905.2917 2716603.5278 4074905.2917 2716603.5278 4074905.2917 1557076.8123     281.4551     121.9788
300000062 200000016 400000245 400000246 400000247 400000248 2600949.8585 5201899.7171 2600949.8585 2716603.5278 4074905.2917 4074905.2917 4074905.2917 4074905.2917 2716603.5278 1557076.8123     284.7720     110.2161
300000063 200000016 400000249 400000250 400000251 400000252 2600949.8585 2600949.8585 5201899.7171 4074905.2917 2716603.5278 4074905.2917 2716603.5278 4074905.2917 4074905.2917 1557076.8123     243.2955     133.6583
300000064 200000016 400000253 400000254 400000255 400000256 4074905.2917 4074905.2917 2716603.5278 2716603.5278 4074905.2917 4074905.2917 4074905.2917 2716603.5278 4074905.2917 1628720.8215     260.0977     138.1641
300000065 200000017 400000257 400000258 400000259 400000260       0.0000       0.0000 6371000.0000       0.0000 1242920.4416 6248583.0214 -1242920.4416       0.0000 6248583.0214  787459.5150     209.3817     271.3480
300000066 200000017 400000261 400000262 400000263 400000264       0.0000 2438076.1476 5886036.5016 -1266279.9131 1266279.9131 6114140.2800       0.0000 1242920.4416 6248583.0214  802260.9823     210.9716     248.5671
300000067 200000017 400000265 400000266 400000267 400000268 -2438076.1476       0.0000 5886036.5016 -1242920.4416       0.0000 6248583.0214 -1266279.9131 1266279.9131 6114140.2800  802260.9823     213.7752     256.7543
300000068 200000017 400000269 400000270 400000271 400000272       0.0000 1242920.4416 6248583.0214 -1266279.9131 1266279.9131 6114140.2800 -1242920.4416       0.0000 6248583.0214  818294.0298     210.6544     264.2940
300000069 200000018 400000273 400000274 400000275 400000276       0.0000 4504977.3029 4504977.3029 -1346350.7175 3678298.5650 5024649.2825       0.0000 3539537.9546 5297292.9000  853044.8645     220.9215     155.1992
300000070 200000018 400000277 400000278 400000279 400000280 -2600949.8585 2600949.8585 5201899.7171 -1330561.6814 2577802.4491 5672228.9398 -1346350.7175 3678298.5650 5024649.2825  856010.4439     214.0090     165.7235
300000071 200000018 400000281 400000282 400000283 400000284       0.0000 2438076.1476 5886036.5016       0.0000 3539537.9546 5297292.9000 -1330561.6814 2577802.4491 5672228.9398  843039.4974     214.5041     168.8801
300000072 200000018 400000285 400000286 400000287 400000288 -1346350.7175 3678298.5650 5024649.2825 -1330561.6814 2577802.4491 5672228.9398       0.0000 3539537.9546 5297292.9000  873164.3145     216.7049     157.5950
300000073 200000019 400000289 400000290 400000291 400000292 -4504977.3029       0.0000 4504977.3029 -3539537.9546       0.0000 5297292.9000 -3678298.5650 1346350.7175 5024649.2825  853044.8645     218.5322     190.0028
300000074 200000019 400000293 400000294 400000295 400000296 -2438076.1476       0.0000 5886036.5016 -2577802.4491 1330561.6814 5672228.9398 -3539537.9546       0.0000 5297292.9000  843039.4974     218.0313     196.9586
300000075 200000019 400000297 400000298 400000299 400000300 -2600949.8585 2600949.8585 5201899.7171 -3678298.5650 1346350.7175 5024649.2825 -2577802.4491 1330561.6814 5672228.9398  856010.4439     219.9277     167.0469
300000076 200000019 400000301 400000302 400000303 400000304 -3539537.9546       0.0000 5297292.9000 -2577802.4491 1330561.6814 5672228.9398 -3678298.5650 1346350.7175 5024649.2825  873164.3145     218.6019     173.4291
300000077 200000020 400000305 400000306 400000307 400000308       0.0000 2438076.1476 5886036.5016 -1330561.6814 2577802.4491 5672228.9398 -1266279.9131 1266279.9131 6114140.2800  931256.6789     214.7021     188.9248
300000078 200000020 400000309 400000310 400000311 400000312 -2600949.8585 2600949.8585 5201899.7171 -2577802.4491 1330561.6814 5672228.9398 -1330561.6814 2577802.4491 5672228.9398  917252.3363     220.3031     158.0689
300000079 200000020 400000313 400000314 400000315 400000316 -2438076.1476       0.0000 5886036.5016 -1266279.9131 1266279.9131 6114140.2800 -2577802.4491 1330561.6814 5672228.9398  931256.6789     218.1904     205.5381
300000080 200000020 400000317 400000318 400000319 400000320 -1330561.6814 2577802.4491 5672228.9398 -2577802.4491 1330561.6814 5672228.9398 -1266279.9131 1266279.9131 6114140.2800  953298.7094     216.7509     182.8001
300000081 200000021 400000321 400000322 400000323 400000324       0.0000 6371000.0000       0.0000 -1242920.4416 6248583.0214       0.0000       0.0000 6248583.0214 1242920.4416  787459.5150     213.4095     112.4207
300000082 200000021 400000325 400000326 400000327 400000328 -2438076.1476 5886036.5016       0.0000 -1266279.9131 6114140.2800 1266279.9131 -1242920.4416 6248583.0214       0.0000  802260.9823     223.0322     104.1501
300000083 200000021 400000329 400000330 400000331 400000332       0.0000 5886036.5016 2438076.1476       0.0000 6248583.0214 1242920.4416 -1266279.9131 6114140.2800 1266279.9131  802260.9823     218.8970     125.5822
300000084 200000021 400000333 400000334 400000335 400000336 -1242920.4416 6248583.0214       0.0000 -1266279.9131 6114140.2800 1266279.9131       0.0000 6248583.0214 1242920.4416  818294.0298     205.5436     123.9111
300000085 200000022 400000337 400000338 400000339 400000340 -4504977.3029 4504977.3029       0.0000 -3678298.5650 5024649.2825 1346350.7175 -3539537.9546 5297292.9000       0.0000  853044.8645     228.1437      97.3899
300000086 200000022 400000341 400000342 400000343 400000344 -2600949.8585 5201899.7171 2600949.8585 -2577802.4491 5672228.9398 1330561.6814 -3678298.5650 5024649.2825 1346350.7175  856010.4439     241.5227      97.3921
300000087 200000022 400000345 400000346 400000347 400000348 -2438076.1476 5886036.5016       0.0000 -3539537.9546 5297292.9000       0.0000 -2577802.4491 5672228.9398 1330561.6814  843039.4974     223.3929     106.8168
300000088 200000022 400000349 400000350 400000351 400000352 -3678298.5650 5024649.2825 1346350.7175 -2577802.4491 5672228.9398 1330561.6814 -3539537.9546 5297292.9000       0.0000  873164.3145     227.1774     102.5922
300000089 200000023 400000353 400000354 400000355 400000356       0.0000 4504977.3029 4504977.3029       0.0000 5297292.9000 3539537.9546 -1346350.7175 5024649.2825 3678298.5650  853044.8645     230.8539     153.7017
300000090 200000023 400000357 400000358 400000359 400000360       0.0000 5886036.5016 2438076.1476 -1330561.6814 5672228.9398 2577802.4491       0.0000 5297292.9000 3539537.9546  843039.4974     234.9671     170.9400
300000091 200000023 400000361 400000362 400000363 400000364 -2600949.8585 5201899.7171 2600949.8585 -1346350.7175 5024649.2825 3678298.5650 -1330561.6814 5672228.9398 2577802.4491  856010.4439     237.5067     191.4534
300000092 200000023 400000365 400000366 400000367 400000368       0.0000 5297292.9000 3539537.9546 -1330561.6814 5672228.9398 2577802.4491 -1346350.7175 5024649.2825 3678298.5650  873164.3145     221.5071     174.7130
300000093 200000024 400000369 400000370 400000371 400000372 -2438076.1476 5886036.5016       0.0000 -2577802.4491 5672228.9398 1330561.6814 -1266279.9131 6114140.2800 1266279.9131  931256.6789     228.8550     101.6634
300000094 200000024 400000373 400000374 400000375 400000376 -2600949.8585 5201899.7171 2600949.8585 -1330561.6814 5672228.9398 2577802.4491 -2577802.4491 5672228.9398 1330561.6814  917252.3363     243.0847     127.2790
300000095 200000024 400000377 400000378 400000379 400000380       0.0000 5886036.5016 2438076.1476 -1266279.9131 6114140.2800 1266279.9131 -1330561.6814 5672228.9398 2577802.4491  931256.6789     229.5257     145.5734
300000096 200000024 400000381 400000382 400000383 400000384 -2577802.4491 5672228.9398 1330561.6814 -1330561.6814 5672228.9398 2577802.4491 -1266279.9131 6114140.2800 1266279.9131  953298.7094     229.9434     122.4025
300000097 200000025 400000385 400000386 400000387 400000388 -6371000.0000       0.0000       0.0000 -6248583.0214       0.0000 1242920.4416 -6248583.0214 1242920.4416       0.0000  787459.5150     243.3256      87.7539
300000098 200000025 400000389 400000390 400000391 400000392 -5886036.5016       0.0000 2438076.1476 -6114140.2800 1266279.9131 1266279.9131 -6248583.0214       0.0000 1242920.4416  802260.9823     273.2989      65.5251
300000099 200000025 400000393 400000394 400000395 400000396 -5886036.5016 2438076.1476       0.0000 -6248583.0214 1242920.4416       0.0000 -6114140.2800 1266279.9131 1266279.9131  802260.9823     234.8738      96.1600
300000100 200000025 400000397 400000398 400000399 400000400 -6248583.0214       0.0000 1242920.4416 -6114140.2800 1266279.9131 1266279.9131 -6248583.0214 1242920.4416       0.0000  818294.0298     242.9983      88.7927
300000101 200000026 400000401 400000402 400000403 400000404 -4504977.3029       0.0000 4504977.3029 -5024649.2825 1346350.7175 3678298.5650 -5297292.9000       0.0000 3539537.9546  853044.8645     220.1076     173.7742
300000102 200000026 400000405 400000406 400000407 400000408 -5201899.7171 2600949.8585 2600949.8585 -5672228.9398 1330561.6814 2577802.4491 -5024649.2825 1346350.7175 3678298.5650  856010.4439     249.4741     103.5721
300000103 200000026 400000409 400000410 400000411 400000412 -5886036.5016       0.0000 2438076.1476 -5297292.9000       0.0000 3539537.9546 -5672228.9398 1330561.6814 2577802.4491  843039.4974     257.3695      92.9451
300000104 200000026 400000413 400000414 400000415 400000416 -5024649.2825 1346350.7175 3678298.5650 -5672228.9398 1330561.6814 2577802.4491 -5297292.9000       0.0000 3539537.9546  873164.3145     238.2940     126.2012
300000105 200000027 400000417 400000418 400000419 400000420 -4504977.3029 4504977.3029       0.0000 -5297292.9000 3539537.9546       0.0000 -5024649.2825 3678298.5650 1346350.7175  853044.8645     222.3981     101.7711
300000106 200000027 400000421 400000422 400000423 400000424 -5886036.5016 2438076.1476       0.0000 -5672228.9398 2577802.4491 1330561.6814 -5297292.9000 3539537.9546       0.0000  843039.4974     224.7853     103.3932
300000107 200000027 400000425 400000426 400000427 400000428 -5201899.7171 2600949.8585 2600949.8585 -5024649.2825 3678298.5650 1346350.7175 -5672228.9398 2577802.4491 1330561.6814  856010.4439     270.5133      64.0501
300000108 200000027 400000429 400000430 400000431 400000432 -5297292.9000 3539537.9546       0.0000 -5672228.9398 2577802.4491 1330561.6814 -5024649.2825 3678298.5650 1346350.7175  873164.3145     231.3628      94.9662
300000109 200000028 400000433 400000434 400000435 400000436 -5886036.5016       0.0000 2438076.1476 -5672228.9398 1330561.6814 2577802.4491 -6114140.2800 1266279.9131 1266279.9131  931256.6789     275.6322      67.3823
300000110 200000028 400000437 400000438 400000439 400000440 -5201899.7171 2600949.8585 2600949.8585 -5672228.9398 2577802.4491 1330561.6814 -5672228.9398 1330561.6814 2577802.4491  917252.3363     274.9444      65.9016
300000111 200000028 400000441 400000442 400000443 400000444 -5886036.5016 2438076.1476       0.0000 -6114140.2800 1266279.9131 1266279.9131 -5672228.9398 2577802.4491 1330561.6814  931256.6789     236.7408      97.4703
300000112 200000028 400000445 400000446 400000447 400000448 -5672228.9398 1330561.6814 2577802.4491 -5672228.9398 2577802.4491 1330561.6814 -6114140.2800 1266279.9131 1266279.9131  953298.7094     272.8670      65.7549
300000113 200000029 400000449 400000450 400000451 400000452       0.0000 4504977.3029 4504977.3029 -1346350.7175 5024649.2825 3678298.5650 -1346350.7175 3678298.5650 5024649.2825 1318824.6059     240.1459     133.5894
300000114 200000029 400000453 400000454 400000455 400000456 -2600949.8585 5201899.7171 2600949.8585 -2716603.5278 4074905.2917 4074905.2917 -1346350.7175 5024649.2825 3678298.5650 1330535.5610     237.8321     155.9690
300000115 200000029 400000457 400000458 400000459 400000460 -2600949.8585 2600949.8585 5201899.7171 -1346350.7175 3678298.5650 5024649.2825 -2716603.5278 4074905.2917 4074905.2917 1330535.5610     226.1675     146.6410
300000116 200000029 400000461 400000462 400000463 400000464 -1346350.7175 5024649.2825 3678298.5650 -2716603.5278 4074905.2917 4074905.2917 -1346350.7175 3678298.5650 5024649.2825 1378948.6957     237.6087     141.6068
300000117 200000030 400000465 400000466 400000467 400000468 -4504977.3029 4504977.3029       0.0000 -5024649.2825 3678298.5650 1346350.7175 -3678298.5650 5024649.2825 1346350.7175 1318824.6059     230.4153      94.9527
300000118 200000030 400000469 400000470 400000471 400000472 -5201899.7171 2600949.8585 2600949.8585 -4074905.2917 4074905.2917 2716603.5278 -5024649.2825 3678298.5650 1346350.7175 1330535.5610     260.5568      77.4824
300000119 200000030 400000473 400000474 400000475 400000476 -2600949.8585 5201899.7171 2600949.8585 -3678298.5650 5024649.2825 1346350.7175 -4074905.2917 4074905.2917 2716603.5278 1330535.5610     247.5286     102.5914
300000120 200000030 400000477 400000478 400000479 400000480 -5024649.2825 3678298.5650 1346350.7175 -4074905.2917 4074905.2917 2716603.5278 -3678298.5650 5024649.2825 1346350.7175 1378948.6957     255.9206      77.5902
300000121 200000031 400000481 400000482 400000483 400000484 -4504977.3029       0.0000 4504977.3029 -3678298.5650 1346350.7175 5024649.2825 -5024649.2825 1346350.7175 3678298.5650 1318824.6059     218.6143     189.0996
300000122 200000031 400000485 400000486 400000487 400000488 -2600949.8585 2600949.8585 5201899.7171 -4074905.2917 2716603.5278 4074905.2917 -3678298.5650 1346350.7175 5024649.2825 1330535.5610     218.7326     171.4248
300000123 200000031 400000489 400000490 400000491 400000492 -5201899.7171 2600949.8585 2600949.8585 -5024649.2825 1346350.7175 3678298.5650 -4074905.2917 2716603.5278 4074905.2917 1330535.5610     225.2008     147.4490
300000124 200000031 400000493 400000494 400000495 400000496 -3678298.5650 1346350.7175 5024649.2825 -4074905.2917 2716603.5278 4074905.2917 -5024649.2825 1346350.7175 3678298.5650 1378948.6957     219.5354     178.8887
300000125 200000032 400000497 400000498 400000499 400000500 -2600949.8585 5201899.7171 2600949.8585 -4074905.2917 4074905.2917 2716603.5278 -2716603.5278 4074905.2917 4074905.2917 1557076.8123     235.4439     148.6395
300000126 200000032 400000501 400000502 400000503 400000504 -5201899.7171 2600949.8585 2600949.8585 -4074905.2917 2716603.5278 4074905.2917 -4074905.2917 4074905.2917 2716603.5278 1557076.8123     230.5769     136.4142
300000127 200000032 400000505 400000506 400000507 400000508 -2600949.8585 2600949.8585 5201899.7171 -2716603.5278 4074905.2917 4074905.2917 -4074905.2917 2716603.5278 4074905.2917 1557076.8123     223.0825     156.3412
300000128 200000032 400000509 400000510 400000511 400000512 -4074905.2917 4074905.2917 2716603.5278 -4074905.2917 2716603.5278 4074905.2917 -2716603.5278 4074905.2917 4074905.2917 1628720.8215     230.8668     142.2165
300000129 200000033 400000513 400000514 400000515 400000516       0.0000       0.0000 6371000.0000 -1242920.4416       0.0000 6248583.0214       0.0000 -1242920.4416 6248583.0214  787459.5150     209.9900     271.5583
300000130 200000033 400000517 400000518 400000519 400000520 -2438076.1476       0.0000 5886036.5016 -1266279.9131 -1266279.9131 6114140.2800 -1242920.4416       0.0000 6248583.0214  802260.9823     214.4487     257.0160
300000131 200000033 400000521 400000522 400000523 400000524       0.0000 -2438076.1476 5886036.5016       0.0000 -1242920.4416 6248583.0214 -1266279.9131 -1266279.9131 6114140.2800  802260.9823     211.9052     259.1296
300000132 200000033 400000525 400000526 400000527 400000528 -1242920.4416       0.0000 6248583.0214 -1266279.9131 -1266279.9131 6114140.2800       0.0000 -1242920.4416 6248583.0214  818294.0298     211.6641     268.9877
300000133 200000034 400000529 400000530 400000531 400000532 -4504977.3029       0.0000 4504977.3029 -3678298.5650 -1346350.7175 5024649.2825 -3539537.9546       0.0000 5297292.9000  853044.8645     218.9405     179.6347
300000134 200000034 400000533 400000534 400000535 400000536 -2600949.8585 -2600949.8585 5201899.7171 -2577802.4491 -1330561.6814 5672228.9398 -3678298.5650 -1346350.7175 5024649.2825  856010.4439     220.8918     155.7822
300000135 200000034 400000537 400000538 400000539 400000540 -2438076.1476       0.0000 5886036.5016 -3539537.9546       0.0000 5297292.9000 -2577802.4491 -1330561.6814 5672228.9398  843039.4974     218.5806     179.4477
300000136 200000034 400000541 400000542 400000543 400000544 -3678298.5650 -1346350.7175 5024649.2825 -2577802.4491 -1330561.6814 5672228.9398 -3539537.9546       0.0000 5297292.9000  873164.3145     218.6479     160.9024
300000137 200000035 400000545 400000546 400000547 400000548       0.0000 -4504977.3029 4504977.3029       0.0000 -3539537.9546 5297292.9000 -1346350.7175 -3678298.5650 5024649.2825  853044.8645     226.4970     149.6509
300000138 200000035 400000549 400000550 400000551 400000552       0.0000 -2438076.1476 5886036.5016 -1330561.6814 -2577802.4491 5672228.9398       0.0000 -3539537.9546 5297292.9000  843039.4974     215.8975     228.5861
300000139 200000035 400000553 400000554 400000555 400000556 -2600949.8585 -2600949.8585 5201899.7171 -1346350.7175 -3678298.5650 5024649.2825 -1330561.6814 -2577802.4491 5672228.9398  856010.4439     222.2603     147.1760
300000140 200000035 400000557 400000558 400000559 400000560       0.0000 -3539537.9546 5297292.9000 -1330561.6814 -2577802.4491 5672228.9398 -1346350.7175 -3678298.5650 5024649.2825  873164.3145     226.6546     138.3506
300000141 200000036 400000561 400000562 400000563 400000564 -2438076.1476       0.0000 5886036.5016 -2577802.4491 -1330561.6814 5672228.9398 -1266279.9131 -1266279.9131 6114140.2800  931256.6789     218.8936     206.2308
300000142 200000036 400000565 400000566 400000567 400000568 -2600949.8585 -2600949.8585 5201899.7171 -1330561.6814 -2577802.4491 5672228.9398 -2577802.4491 -1330561.6814 5672228.9398  917252.3363     217.8453     167.0199
300000143 200000036 400000569 400000570 400000571 400000572       0.0000 -2438076.1476 5886036.5016 -1266279.9131 -1266279.9131 6114140.2800 -1330561.6814 -2577802.4491 5672228.9398  931256.6789     216.3292     233.2383
300000144 200000036 400000573 400000574 400000575 400000576 -2577802.4491 -1330561.6814 5672228.9398 -1330561.6814 -2577802.4491 5672228.9398 -1266279.9131 -1266279.9131 6114140.2800  953298.7094     222.0008     173.4995
300000145 200000037 400000577 400000578 400000579 400000580 -6371000.0000       0.0000       0.0000 -6248583.0214 -1242920.4416       0.0000 -6248583.0214       0.0000 1242920.4416  787459.5150     247.5328      87.7944
300000146 200000037 400000581 400000582 400000583 400000584 -5886036.5016 -2438076.1476       0.0000 -6114140.2800 -1266279.9131 1266279.9131 -6248583.0214 -1242920.4416       0.0000  802260.9823     256.3333      84.7205
300000147 200000037 400000585 400000586 400000587 400000588 -5886036.5016       0.0000 2438076.1476 -6248583.0214       0.0000 1242920.4416 -6114140.2800 -1266279.9131 1266279.9131  802260.9823     269.1263      69.3324
300000148 200000037 400000589 400000590 400000591 400000592 -6248583.0214 -1242920.4416       0.0000 -6114140.2800 -1266279.9131 1266279.9131 -6248583.0214       0.0000 1242920.4416  818294.0298     247.7803      90.5562
300000149 200000038 400000593 400000594 400000595 400000596 -4504977.3029 -4504977.3029       0.0000 -5024649.2825 -3678298.5650 1346350.7175 -5297292.9000 -3539537.9546       0.0000  853044.8645     257.7589      83.9402
300000150 200000038 400000597 400000598 400000599 400000600 -5201899.7171 -2600949.8585 2600949.8585 -5672228.9398 -2577802.4491 1330561.6814 -5024649.2825 -3678298.5650 1346350.7175  856010.4439     269.5202      78.0382
300000151 200000038 400000601 400000602 400000603 400000604 -5886036.5016 -2438076.1476       0.0000 -5297292.9000 -3539537.9546       0.0000 -5672228.9398 -2577802.4491 1330561.6814  843039.4974     259.0191      85.5150
300000152 200000038 400000605 400000606 400000607 400000608 -5024649.2825 -3678298.5650 1346350.7175 -5672228.9398 -2577802.4491 1330561.6814 -5297292.9000 -3539537.9546       0.0000  873164.3145     253.6280      92.8519
300000153 200000039 400000609 400000610 400000611 400000612 -4504977.3029       0.0000 4504977.3029 -5297292.9000       0.0000 3539537.9546 -5024649.2825 -1346350.7175 3678298.5650  853044.8645     222.4768     165.3852
300000154 200000039 400000613 400000614 400000615 400000616 -5886036.5016       0.0000 2438076.1476 -5672228.9398 -1330561.6814 2577802.4491 -5297292.9000       0.0000 3539537.9546  843039.4974     257.9725      92.2944
300000155 200000039 400000617 400000618 400000619 400000620 -5201899.7171 -2600949.8585 2600949.8585 -5024649.2825 -1346350.7175 3678298.5650 -5672228.9398 -1330561.6814 2577802.4491  856010.4439     259.3695      87.2726
300000156 200000039 400000621 400000622 400000623 400000624 -5297292.9000       0.0000 3539537.9546 -5672228.9398 -1330561.6814 2577802.4491 -5024649.2825 -1346350.7175 3678298.5650  873164.3145     245.0039     111.8831
300000157 200000040 400000625 400000626 400000627 400000628 -5886036.5016 -2438076.1476       0.0000 -5672228.9398 -2577802.4491 1330561.6814 -6114140.2800 -1266279.9131 1266279.9131  931256.6789     254.1875      89.3407
300000158 200000040 400000629 400000630 400000631 400000632 -5201899.7171 -2600949.8585 2600949.8585 -5672228.9398 -1330561.6814 2577802.4491 -5672228.9398 -2577802.4491 1330561.6814  917252.3363     274.3384      72.5891
300000159 200000040 400000633 400000634 400000635 400000636 -5886036.5016       0.0000 2438076.1476 -6114140.2800 -1266279.9131 1266279.9131 -5672228.9398 -1330561.6814 2577802.4491  931256.6789     272.8739      71.3012
300000160 200000040 400000637 400000638 400000639 400000640 -5672228.9398 -2577802.4491 1330561.6814 -5672228.9398 -1330561.6814 2577802.4491 -6114140.2800 -1266279.9131 1266279.9131  953298.7094     271.2353      69.6904
300000161 200000041 400000641 400000642 400000643 400000644       0.0000 -6371000.0000       0.0000       0.0000 -6248583.0214 1242920.4416 -1242920.4416 -6248583.0214       0.0000  787459.5150     244.7980      99.8300
300000162 200000041 400000645 400000646 400000647 400000648       0.0000 -5886036.5016 2438076.1476 -1266279.9131 -6114140.2800 1266279.9131       0.0000 -6248583.0214 1242920.4416  802260.9823     244.2376     102.9331
300000163 200000041 400000649 400000650 400000651 400000652 -2438076.1476 -5886036.5016       0.0000 -1242920.4416 -6248583.0214       0.0000 -1266279.9131 -6114140.2800 1266279.9131  802260.9823     251.1983      94.7389
300000164 200000041 400000653 400000654 400000655 400000656       0.0000 -6248583.0214 1242920.4416 -1266279.9131 -6114140.2800 1266279.9131 -1242920.4416 -6248583.0214       0.0000  818294.0298     227.5084     118.0681
300000165 200000042 400000657 400000658 400000659 400000660       0.0000 -4504977.3029 4504977.3029 -1346350.7175 -5024649.2825 3678298.5650       0.0000 -5297292.9000 3539537.9546  853044.8645     241.4920     149.5939
300000166 200000042 400000661 400000662 400000663 400000664 -2600949.8585 -5201899.7171 2600949.8585 -1330561.6814 -5672228.9398 2577802.4491 -1346350.7175 -5024649.2825 3678298.5650  856010.4439     283.1157      92.3357
300000167 200000042 400000665 400000666 400000667 400000668       0.0000 -5886036.5016 2438076.1476       0.0000 -5297292.9000 3539537.9546 -1330561.6814 -5672228.9398 2577802.4491  843039.4974     266.7731      97.8154
300000168 200000042 400000669 400000670 400000671 400000672 -1346350.7175 -5024649.2825 3678298.5650 -1330561.6814 -5672228.9398 2577802.4491       0.0000 -5297292.9000 3539537.9546  873164.3145     261.6918     131.5561
300000169 200000043 400000673 400000674 400000675 400000676 -4504977.3029 -4504977.3029       0.0000 -3539537.9546 -5297292.9000       0.0000 -3678298.5650 -5024649.2825 1346350.7175  853044.8645     257.7058      85.7109
300000170 200000043 400000677 400000678 400000679 400000680 -2438076.1476 -5886036.5016       0.0000 -2577802.4491 -5672228.9398 1330561.6814 -3539537.9546 -5297292.9000       0.0000  843039.4974     254.3204      92.2822
300000171 200000043 400000681 400000682 400000683 400000684 -2600949.8585 -5201899.7171 2600949.8585 -3678298.5650 -5024649.2825 1346350.7175 -2577802.4491 -5672228.9398 1330561.6814  856010.4439     262.6045     107.6274
300000172 200000043 400000685 400000686 400000687 400000688 -3539537.9546 -5297292.9000       0.0000 -2577802.4491 -5672228.9398 1330561.6814 -3678298.5650 -5024649.2825 1346350.7175  873164.3145     242.5227     110.8045
300000173 200000044 400000689 400000690 400000691 400000692       0.0000 -5886036.5016 2438076.1476 -1330561.6814 -5672228.9398 2577802.4491 -1266279.9131 -6114140.2800 1266279.9131  931256.6789     262.0345      98.4548
300000174 200000044 400000693 400000694 400000695 400000696 -2600949.8585 -5201899.7171 2600949.8585 -2577802.4491 -5672228.9398 1330561.6814 -1330561.6814 -5672228.9398 2577802.4491  917252.3363     270.8327      82.7709
300000175 200000044 400000697 400000698 400000699 400000700 -2438076.1476 -5886036.5016       0.0000 -1266279.9131 -6114140.2800 1266279.9131 -2577802.4491 -5672228.9398 1330561.6814  931256.6789     228.1948     118.5130
300000176 200000044 400000701 400000702 400000703 400000704 -1330561.6814 -5672228.9398 2577802.4491 -2577802.4491 -5672228.9398 1330561.6814 -1266279.9131 -6114140.2800 1266279.9131  953298.7094     258.5494      83.8593
300000177 200000045 400000705 400000706 400000707 400000708 -4504977.3029       0.0000 4504977.3029 -5024649.2825 -1346350.7175 3678298.5650 -3678298.5650 -1346350.7175 5024649.2825 1318824.6059     219.4865     174.3916
300000178 200000045 400000709 400000710 400000711 400000712 -5201899.7171 -2600949.8585 2600949.8585 -4074905.2917 -2716603.5278 4074905.2917 -5024649.2825 -1346350.7175 3678298.5650 1330535.5610     241.0411     118.9551
300000179 200000045 400000713 400000714 400000715 400000716 -2600949.8585 -2600949.8585 5201899.7171 -3678298.5650 -1346350.7175 5024649.2825 -4074905.2917 -2716603.5278 4074905.2917 1330535.5610     221.9830     166.2390
300000180 200000045 400000717 400000718 400000719 400000720 -5024649.2825 -1346350.7175 3678298.5650 -4074905.2917 -2716603.5278 4074905.2917 -3678298.5650 -1346350.7175 5024649.2825 1378948.6957     221.4676     164.0914
300000181 200000046 400000721 400000722 400000723 400000724 -4504977.3029 -4504977.3029       0.0000 -3678298.5650 -5024649.2825 1346350.7175 -5024649.2825 -3678298.5650 1346350.7175 1318824.6059     248.4679     100.8121
300000182 200000046 400000725 400000726 400000727 400000728 -2600949.8585 -5201899.7171 2600949.8585 -4074905.2917 -4074905.2917 2716603.5278 -3678298.5650 -5024649.2825 1346350.7175 1330535.5610     263.7801     120.9912
300000183 200000046 400000729 400000730 400000731 400000732 -5201899.7171 -2600949.8585 2600949.8585 -5024649.2825 -3678298.5650 1346350.7175 -4074905.2917 -4074905.2917 2716603.5278 1330535.5610     268.6500      91.5293
300000184 200000046 400000733 400000734 400000735 400000736 -3678298.5650 -5024649.2825 1346350.7175 -4074905.2917 -4074905.2917 2716603.5278 -5024649.2825 -3678298.5650 1346350.7175 1378948.6957     260.0112     101.5105
300000185 200000047 400000737 400000738 400000739 400000740       0.0000 -4504977.3029 4504977.3029 -1346350.7175 -3678298.5650 5024649.2825 -1346350.7175 -5024649.2825 3678298.5650 1318824.6059     232.7459     150.1538
300000186 200000047 400000741 400000742 400000743 400000744 -2600949.8585 -2600949.8585 5201899.7171 -2716603.5278 -4074905.2917 4074905.2917 -1346350.7175 -3678298.5650 5024649.2825 1330535.5610     224.5329     150.3878
300000187 200000047 400000745 400000746 400000747 400000748 -2600949.8585 -5201899.7171 2600949.8585 -1346350.7175 -5024649.2825 3678298.5650 -2716603.5278 -4074905.2917 4074905.2917 1330535.5610     275.0983     104.4597
300000188 200000047 400000749 400000750 400000751 400000752 -1346350.7175 -3678298.5650 5024649.2825 -2716603.5278 -4074905.2917 4074905.2917 -1346350.7175 -5024649.2825 3678298.5650 1378948.6957     233.9543     138.2718
300000189 200000048 400000753 400000754 400000755 400000756 -5201899.7171 -2600949.8585 2600949.8585 -4074905.2917 -4074905.2917 2716603.5278 -4074905.2917 -2716603.5278 4074905.2917 1557076.8123     256.0129     103.6553
300000190 200000048 400000757 400000758 400000759 400000760 -2600949.8585 -5201899.7171 2600949.8585 -2716603.5278 -4074905.2917 4074905.2917 -4074905.2917 -4074905.2917 2716603.5278 1557076.8123     264.8444     111.0074
300000191 200000048 400000761 400000762 400000763 400000764 -2600949.8585 -2600949.8585 5201899.7171 -4074905.2917 -2716603.5278 4074905.2917 -2716603.5278 -4074905.2917 4074905.2917 1557076.8123     226.7452     150.8078
300000192 200000048 400000765 400000766 400000767 400000768 -4074905.2917 -4074905.2917 2716603.5278 -2716603.5278 -4074905.2917 4074905.2917 -4074905.2917 -2716603.5278 4074905.2917 1628720.8215     246.8866     120.5825
300000193 200000049 400000769 400000770 400000771 400000772       0.0000       0.0000 6371000.0000       0.0000 -1242920.4416 6248583.0214 1242920.4416       0.0000 6248583.0214  787459.5150     209.6854     264.3856
300000194 200000049 400000773 400000774 400000775 400000776       0.0000 -2438076.1476 5886036.5016 1266279.9131 -1266279.9131 6114140.2800       0.0000 -1242920.4416 6248583.0214  802260.9823     211.3801     244.1179
300000195 200000049 400000777 400000778 400000779 400000780 2438076.1476       0.0000 5886036.5016 1242920.4416       0.0000 6248583.0214 1266279.9131 -1266279.9131 6114140.2800  802260.9823     212.6955     217.4659
300000196 200000049 400000781 400000782 400000783 400000784       0.0000 -1242920.4416 6248583.0214 1266279.9131 -1266279.9131 6114140.2800 1242920.4416       0.0000 6248583.0214  818294.0298     203.7982     265.2735
300000197 200000050 400000785 400000786 400000787 400000788       0.0000 -4504977.3029 4504977.3029 1346350.7175 -3678298.5650 5024649.2825       0.0000 -3539537.9546 5297292.9000  853044.8645     223.6515     156.8972
300000198 200000050 400000789 400000790 400000791 400000792 2600949.8585 -2600949.8585 5201899.7171 1330561.6814 -2577802.4491 5672228.9398 1346350.7175 -3678298.5650 5024649.2825  856010.4439     217.1736     184.2666
300000199 200000050 400000793 400000794 400000795 400000796       0.0000 -2438076.1476 5886036.5016       0.0000 -3539537.9546 5297292.9000 1330561.6814 -2577802.4491 5672228.9398  843039.4974     212.8803     238.7569
300000200 200000050 400000797 400000798 400000799 400000800 1346350.7175 -3678298.5650 5024649.2825 1330561.6814 -2577802.4491 5672228.9398       0.0000 -3539537.9546 5297292.9000  873164.3145     216.2909     211.0454
300000201 200000051 400000801 400000802 400000803 400000804 4504977.3029       0.0000 4504977.3029 3539537.9546       0.0000 5297292.9000 3678298.5650 -1346350.7175 5024649.2825  853044.8645     230.1306     152.7750
300000202 200000051 400000805 400000806 400000807 400000808 2438076.1476       0.0000 5886036.5016 2577802.4491 -1330561.6814 5672228.9398 3539537.9546       0.0000 5297292.9000  843039.4974     224.5427     149.2203
300000203 200000051 400000809 400000810 400000811 400000812 2600949.8585 -2600949.8585 5201899.7171 3678298.5650 -1346350.7175 5024649.2825 2577802.4491 -1330561.6814 5672228.9398  856010.4439     223.6555     157.8914
300000204 200000051 400000813 400000814 400000815 400000816 3539537.9546       0.0000 5297292.9000 2577802.4491 -1330561.6814 5672228.9398 3678298.5650 -1346350.7175 5024649.2825  873164.3145     226.8798     144.9227
300000205 200000052 400000817 400000818 400000819 400000820       0.0000 -2438076.1476 5886036.5016 1330561.6814 -2577802.4491 5672228.9398 1266279.9131 -1266279.9131 6114140.2800  931256.6789     211.1003     239.5930
300000206 200000052 400000821 400000822 400000823 400000824 2600949.8585 -2600949.8585 5201899.7171 2577802.4491 -1330561.6814 5672228.9398 1330561.6814 -2577802.4491 5672228.9398  917252.3363     217.0133     176.8051
300000207 200000052 400000825 400000826 400000827 400000828 2438076.1476       0.0000 5886036.5016 1266279.9131 -1266279.9131 6114140.2800 2577802.4491 -1330561.6814 5672228.9398  931256.6789     212.8976     201.1285
300000208 200000052 400000829 400000830 400000831 400000832 1330561.6814 -2577802.4491 5672228.9398 2577802.4491 -1330561.6814 5672228.9398 1266279.9131 -1266279.9131 6114140.2800  953298.7094     208.0740     226.2046
300000209 200000053 400000833 400000834 400000835 400000836       0.0000 -6371000.0000       0.0000 1242920.4416 -6248583.0214       0.0000       0.0000 -6248583.0214 1242920.4416  787459.5150     234.9849     115.8257
300000210 200000053 400000837 400000838 400000839 400000840 2438076.1476 -5886036.5016       0.0000 1266279.9131 -6114140.2800 1266279.9131 1242920.4416 -6248583.0214       0.0000  802260.9823     209.4137     154.1016
300000211 200000053 400000841 400000842 400000843 400000844       0.0000 -5886036.5016 2438076.1476       0.0000 -6248583.0214 1242920.4416 1266279.9131 -6114140.2800 1266279.9131  802260.9823     242.5994     110.8145
300000212 200000053 400000845 400000846 400000847 400000848 1242920.4416 -6248583.0214       0.0000 1266279.9131 -6114140.2800 1266279.9131       0.0000 -6248583.0214 1242920.4416  818294.0298     212.6629     137.8267
300000213 200000054 400000849 400000850 400000851 400000852 4504977.3029 -4504977.3029       0.0000 3678298.5650 -5024649.2825 1346350.7175 3539537.9546 -5297292.9000       0.0000  853044.8645     232.5385     112.2883
300000214 200000054 400000853 400000854 400000855 400000856 2600949.8585 -5201899.7171 2600949.8585 2577802.4491 -5672228.9398 1330561.6814 3678298.5650 -5024649.2825 1346350.7175  856010.4439     257.6153      80.6821
300000215 200000054 400000857 400000858 400000859 400000860 2438076.1476 -5886036.5016       0.0000 3539537.9546 -5297292.9000       0.0000 2577802.4491 -5672228.9398 1330561.6814  843039.4974     218.2919     136.1472
300000216 200000054 400000861 400000862 400000863 400000864 3678298.5650 -5024649.2825 1346350.7175 2577802.4491 -5672228.9398 1330561.6814 3539537.9546 -5297292.9000       0.0000  873164.3145     243.0799     103.3317
300000217 200000055 400000865 400000866 400000867 400000868       0.0000 -4504977.3029 4504977.3029       0.0000 -5297292.9000 3539537.9546 1346350.7175 -5024649.2825 3678298.5650  853044.8645     238.8139     150.9732
300000218 200000055 400000869 400000870 400000871 400000872       0.0000 -5886036.5016 2438076.1476 1330561.6814 -5672228.9398 2577802.4491       0.0000 -5297292.9000 3539537.9546  843039.4974     267.5123      85.9092
300000219 200000055 400000873 400000874 400000875 400000876 2600949.8585 -5201899.7171 2600949.8585 1346350.7175 -5024649.2825 3678298.5650 1330561.6814 -5672228.9398 2577802.4491  856010.4439     255.1503      93.4897
300000220 200000055 400000877 400000878 400000879 400000880       0.0000 -5297292.9000 3539537.9546 1330561.6814 -5672228.9398 2577802.4491 1346350.7175 -5024649.2825 3678298.5650  873164.3145     256.3391     109.4541
300000221 200000056 400000881 400000882 400000883 400000884 2438076.1476 -5886036.5016       0.0000 2577802.4491 -5672228.9398 1330561.6814 1266279.9131 -6114140.2800 1266279.9131  931256.6789     215.5587     137.3926
300000222 200000056 400000885 400000886 400000887 400000888 2600949.8585 -5201899.7171 2600949.8585 1330561.6814 -5672228.9398 2577802.4491 2577802.4491 -5672228.9398 1330561.6814  917252.3363     252.0540      93.7306
300000223 200000056 400000889 400000890 400000891 400000892       0.0000 -5886036.5016 2438076.1476 1266279.9131 -6114140.2800 1266279.9131 1330561.6814 -5672228.9398 2577802.4491  931256.6789     262.1947      84.1449
300000224 200000056 400000893 400000894 400000895 400000896 2577802.4491 -5672228.9398 1330561.6814 1330561.6814 -5672228.9398 2577802.4491 1266279.9131 -6114140.2800 1266279.9131  953298.7094     255.5786      84.1301
300000225 200000057 400000897 400000898 400000899 400000900 6371000.0000       0.0000       0.0000 6248583.0214       0.0000 1242920.4416 6248583.0214 -1242920.4416       0.0000  787459.5150     225.7149     114.8686
300000226 200000057 400000901 400000902 400000903 400000904 5886036.5016       0.0000 2438076.1476 6114140.2800 -1266279.9131 1266279.9131 6248583.0214       0.0000 1242920.4416  802260.9823     265.1565     135.8441
300000227 200000057 400000905 400000906 400000907 400000908 5886036.5016 -2438076.1476       0.0000 6248583.0214 -1242920.4416       0.0000 6114140.2800 -1266279.9131 1266279.9131  802260.9823     228.0939     113.7951
300000228 200000057 400000909 400000910 400000911 400000912 6248583.0214       0.0000 1242920.4416 6114140.2800 -1266279.9131 1266279.9131 6248583.0214 -1242920.4416       0.0000  818294.0298     222.5183     122.1399
300000229 200000058 400000913 400000914 400000915 400000916 4504977.3029       0.0000 4504977.3029 5024649.2825 -1346350.7175 3678298.5650 5297292.9000       0.0000 3539537.9546  853044.8645     250.3697     116.0294
300000230 200000058 400000917 400000918 400000919 400000920 5201899.7171 -2600949.8585 2600949.8585 5672228.9398 -1330561.6814 2577802.4491 5024649.2825 -1346350.7175 3678298.5650  856010.4439     269.3871      86.1069
300000231 200000058 400000921 400000922 400000923 400000924 5886036.5016       0.0000 2438076.1476 5297292.9000       0.0000 3539537.9546 5672228.9398 -1330561.6814 2577802.4491  843039.4974     286.2314     147.9733
300000232 200000058 400000925 400000926 400000927 400000928 5024649.2825 -1346350.7175 3678298.5650 5672228.9398 -1330561.6814 2577802.4491 5297292.9000       0.0000 3539537.9546  873164.3145     268.9270     108.7478
300000233 200000059 400000929 400000930 400000931 400000932 4504977.3029 -4504977.3029       0.0000 5297292.9000 -3539537.9546       0.0000 5024649.2825 -3678298.5650 1346350.7175  853044.8645     246.0033      94.5203
300000234 200000059 400000933 400000934 400000935 400000936 5886036.5016 -2438076.1476       0.0000 5672228.9398 -2577802.4491 1330561.6814 5297292.9000 -3539537.9546       0.0000  843039.4974     239.9783     102.3474
300000235 200000059 400000937 400000938 400000939 400000940 5201899.7171 -2600949.8585 2600949.8585 5024649.2825 -3678298.5650 1346350.7175 5672228.9398 -2577802.4491 1330561.6814  856010.4439     275.4191      77.5177
300000236 200000059 400000941 400000942 400000943 400000944 5297292.9000 -3539537.9546       0.0000 5672228.9398 -2577802.4491 1330561.6814 5024649.2825 -3678298.5650 1346350.7175  873164.3145     260.8513      86.1170
300000237 200000060 400000945 400000946 400000947 400000948 5886036.5016       0.0000 2438076.1476 5672228.9398 -1330561.6814 2577802.4491 6114140.2800 -1266279.9131 1266279.9131  931256.6789     284.2755     151.8980
300000238 200000060 400000949 400000950 400000951 400000952 5201899.7171 -2600949.8585 2600949.8585 5672228.9398 -2577802.4491 1330561.6814 5672228.9398 -1330561.6814 2577802.4491  917252.3363     275.1255      76.3397
300000239 200000060 400000953 400000954 400000955 400000956 5886036.5016 -2438076.1476       0.0000 6114140.2800 -1266279.9131 1266279.9131 5672228.9398 -2577802.4491 1330561.6814  931256.6789     244.1837      97.6454
300000240 200000060 400000957 400000958 400000959 400000960 5672228.9398 -1330561.6814 2577802.4491 5672228.9398 -2577802.4491 1330561.6814 6114140.2800 -1266279.9131 1266279.9131  953298.7094     278.4826      99.8996
300000241 200000061 400000961 400000962 400000963 400000964       0.0000 -4504977.3029 4504977.3029 1346350.7175 -5024649.2825 3678298.5650 1346350.7175 -3678298.5650 5024649.2825 1318824.6059     231.8183     145.3075
300000242 200000061 400000965 400000966 400000967 400000968 2600949.8585 -5201899.7171 2600949.8585 2716603.5278 -4074905.2917 4074905.2917 1346350.7175 -5024649.2825 3678298.5650 1330535.5610     248.0699     103.6889
300000243 200000061 400000969 400000970 400000971 400000972 2600949.8585 -2600949.8585 5201899.7171 1346350.7175 -3678298.5650 5024649.2825 2716603.5278 -4074905.2917 4074905.2917 1330535.5610     221.9788     157.9221
300000244 200000061 400000973 400000974 400000975 400000976 1346350.7175 -5024649.2825 3678298.5650 2716603.5278 -4074905.2917 4074905.2917 1346350.7175 -3678298.5650 5024649.2825 1378948.6957     230.4082     141.7333
300000245 200000062 400000977 400000978 400000979 400000980 4504977.3029 -4504977.3029       0.0000 5024649.2825 -3678298.5650 1346350.7175 3678298.5650 -5024649.2825 1346350.7175 1318824.6059     259.7293      80.5775
300000246 200000062 400000981 400000982 400000983 400000984 5201899.7171 -2600949.8585 2600949.8585 4074905.2917 -4074905.2917 2716603.5278 5024649.2825 -3678298.5650 1346350.7175 1330535.5610     266.3488      78.8494
300000247 200000062 400000985 400000986 400000987 400000988 2600949.8585 -5201899.7171 2600949.8585 3678298.5650 -5024649.2825 1346350.7175 4074905.2917 -4074905.2917 2716603.5278 1330535.5610     256.9532      83.1015
300000248 200000062 400000989 400000990 400000991 400000992 5024649.2825 -3678298.5650 1346350.7175 4074905.2917 -4074905.2917 2716603.5278 3678298.5650 -5024649.2825 1346350.7175 1378948.6957     268.4790      73.1398
300000249 200000063 400000993 400000994 400000995 400000996 4504977.3029       0.0000 4504977.3029 3678298.5650 -1346350.7175 5024649.2825 5024649.2825 -1346350.7175 3678298.5650 1318824.6059     239.7165     126.0723
300000250 200000063 400000997 400000998 400000999 400001000 2600949.8585 -2600949.8585 5201899.7171 4074905.2917 -2716603.5278 4074905.2917 3678298.5650 -1346350.7175 5024649.2825 1330535.5610     227.7002     153.4761
300000251 200000063 400001001 400001002 400001003 400001004 5201899.7171 -2600949.8585 2600949.8585 5024649.2825 -1346350.7175 3678298.5650 4074905.2917 -2716603.5278 4074905.2917 1330535.5610     254.9649     103.1117
300000252 200000063 400001005 400001006 400001007 400001008 3678298.5650 -1346350.7175 5024649.2825 4074905.2917 -2716603.5278 4074905.2917 5024649.2825 -1346350.7175 3678298.5650 1378948.6957     238.2819     131.0611
300000253 200000064 400001009 400001010 400001011 400001012 2600949.8585 -5201899.7171 2600949.8585 4074905.2917 -4074905.2917 2716603.5278 2716603.5278 -4074905.2917 4074905.2917 1557076.8123     249.4921      95.5928
300000254 200000064 400001013 400001014 400001015 400001016 5201899.7171 -2600949.8585 2600949.8585 4074905.2917 -2716603.5278 4074905.2917 4074905.2917 -4074905.2917 2716603.5278 1557076.8123     255.0993      91.1650
300000255 200000064 400001017 400001018 400001019 400001020 2600949.8585 -2600949.8585 5201899.7171 2716603.5278 -4074905.2917 4074905.2917 4074905.2917 -2716603.5278 4074905.2917 1557076.8123     228.5192     150.8683
300000256 200000064 400001021 400001022 400001023 400001024 4074905.2917 -4074905.2917 2716603.5278 4074905.2917 -2716603.5278 4074905.2917 2716603.5278 -4074905.2917 4074905.2917 1628720.8215     242.7793     109.3855
300000257 200000065 400001025 400001026 400001027 400001028 6371000.0000       0.0000       0.0000 6248583.0214       0.0000 -1242920.4416 6248583.0214 1242920.4416       0.0000  787459.5150     260.7183      75.4520
300000258 200000065 400001029 400001030 400001031 400001032 5886036.5016       0.0000 -2438076.1476 6114140.2800 1266279.9131 -1266279.9131 6248583.0214       0.0000 -1242920.4416  802260.9823     288.1237      75.1195
300000259 200000065 400001033 400001034 400001035 400001036 5886036.5016 2438076.1476       0.0000 6248583.0214 1242920.4416       0.0000 6114140.2800 1266279.9131 -1266279.9131  802260.9823     234.1307     111.6139
300000260 200000065 400001037 400001038 400001039 400001040 6248583.0214       0.0000 -1242920.4416 6114140.2800 1266279.9131 -1266279.9131 6248583.0214 1242920.4416       0.0000  818294.0298     274.5784      79.5328
300000261 200000066 400001041 400001042 400001043 400001044 4504977.3029       0.0000 -4504977.3029 5024649.2825 1346350.7175 -3678298.5650 5297292.9000       0.0000 -3539537.9546  853044.8645     230.4545      69.4542
300000262 200000066 400001045 400001046 400001047 400001048 5201899.7171 2600949.8585 -2600949.8585 5672228.9398 1330561.6814 -2577802.4491 5024649.2825 1346350.7175 -3678298.5650  856010.4439     267.6667      60.9761
300000263 200000066 400001049 400001050 400001051 400001052 5886036.5016       0.0000 -2438076.1476 5297292.9000       0.0000 -3539537.9546 5672228.9398 1330561.6814 -2577802.4491  843039.4974     268.3101      64.4940
300000264 200000066 400001053 400001054 400001055 400001056 5024649.2825 1346350.7175 -3678298.5650 5672228.9398 1330561.6814 -2577802.4491 5297292.9000       0.0000 -3539537.9546  873164.3145     258.4807      61.0666
300000265 200000067 400001057 400001058 400001059 400001060 4504977.3029 4504977.3029       0.0000 5297292.9000 3539537.9546       0.0000 5024649.2825 3678298.5650 -1346350.7175  853044.8645     262.3088     103.8074
300000266 200000067 400001061 400001062 400001063 400001064 5886036.5016 2438076.1476       0.0000 5672228.9398 2577802.4491 -1330561.6814 5297292.9000 3539537.9546       0.0000  843039.4974     236.6431     104.4454
300000267 200000067 400001065 400001066 400001067 400001068 5201899.7171 2600949.8585 -2600949.8585 5024649.2825 3678298.5650 -1346350.7175 5672228.9398 2577802.4491 -1330561.6814  856010.4439     284.4009      68.1940
300000268 200000067 400001069 400001070 400001071 400001072 5297292.9000 3539537.9546       0.0000 5672228.9398 2577802.4491 -1330561.6814 5024649.2825 3678298.5650 -1346350.7175  873164.3145     268.8148      80.3495
300000269 200000068 400001073 400001074 400001075 400001076 5886036.5016       0.0000 -2438076.1476 5672228.9398 1330561.6814 -2577802.4491 6114140.2800 1266279.9131 -1266279.9131  931256.6789     285.3659      64.1730
300000270 200000068 400001077 400001078 400001079 400001080 5201899.7171 2600949.8585 -2600949.8585 5672228.9398 2577802.4491 -1330561.6814 5672228.9398 1330561.6814 -2577802.4491  917252.3363     281.9054      63.9678
300000271 200000068 400001081 400001082 400001083 400001084 5886036.5016 2438076.1476       0.0000 6114140.2800 1266279.9131 -1266279.9131 5672228.9398 2577802.4491 -1330561.6814  931256.6789     257.0192      83.8378
300000272 200000068 400001085 400001086 400001087 400001088 5672228.9398 1330561.6814 -2577802.4491 5672228.9398 2577802.4491 -1330561.6814 6114140.2800 1266279.9131 -1266279.9131  953298.7094     286.1817      62.8268
300000273 200000069 400001089 400001090 400001091 400001092       0.0000       0.0000 -6371000.0000       0.0000 1242920.4416 -6248583.0214 1242920.4416       0.0000 -6248583.0214  787459.5150     120.6412       0.0521
300000274 200000069 400001093 400001094 400001095 400001096       0.0000 2438076.1476 -5886036.5016 1266279.9131 1266279.9131 -6114140.2800       0.0000 1242920.4416 -6248583.0214  802260.9823     139.4093       0.9522
300000275 200000069 400001097 400001098 400001099 400001100 2438076.1476       0.0000 -5886036.5016 1242920.4416       0.0000 -6248583.0214 1266279.9131 1266279.9131 -6114140.2800  802260.9823     137.4347       0.9101
300000276 200000069 400001101 400001102 400001103 400001104       0.0000 1242920.4416 -6248583.0214 1266279.9131 1266279.9131 -6114140.2800 1242920.4416       0.0000 -6248583.0214  818294.0298     117.6773       0.1007
300000277 200000070 400001105 400001106 400001107 400001108       0.0000 4504977.3029 -4504977.3029 1346350.7175 3678298.5650 -5024649.2825       0.0000 3539537.9546 -5297292.9000  853044.8645     205.4629      48.0084
300000278 200000070 400001109 400001110 400001111 400001112 2600949.8585 2600949.8585 -5201899.7171 1330561.6814 2577802.4491 -5672228.9398 1346350.7175 3678298.5650 -5024649.2825  856010.4439     197.5111      34.5096
300000279 200000070 400001113 400001114 400001115 400001116       0.0000 2438076.1476 -5886036.5016       0.0000 3539537.9546 -5297292.9000 1330561.6814 2577802.4491 -5672228.9398  843039.4974     187.5604      20.4215
300000280 200000070 400001117 400001118 400001119 400001120 1346350.7175 3678298.5650 -5024649.2825 1330561.6814 2577802.4491 -5672228.9398       0.0000 3539537.9546 -5297292.9000  873164.3145     196.8741      32.8395
300000281 200000071 400001121 400001122 400001123 400001124 4504977.3029       0.0000 -4504977.3029 3539537.9546       0.0000 -5297292.9000 3678298.5650 1346350.7175 -5024649.2825  853044.8645     203.9968      49.0657
300000282 200000071 400001125 400001126 400001127 400001128 2438076.1476       0.0000 -5886036.5016 2577802.4491 1330561.6814 -5672228.9398 3539537.9546       0.0000 -5297292.9000  843039.4974     190.6853      19.3476
300000283 200000071 400001129 400001130 400001131 400001132 2600949.8585 2600949.8585 -5201899.7171 3678298.5650 1346350.7175 -5024649.2825 2577802.4491 1330561.6814 -5672228.9398  856010.4439     198.1381      34.6149
300000284 200000071 400001133 400001134 400001135 400001136 3539537.9546       0.0000 -5297292.9000 2577802.4491 1330561.6814 -5672228.9398 3678298.5650 1346350.7175 -5024649.2825  873164.3145     197.3230      33.3371
300000285 200000072 400001137 400001138 400001139 400001140       0.0000 2438076.1476 -5886036.5016 1330561.6814 2577802.4491 -5672228.9398 1266279.9131 1266279.9131 -6114140.2800  931256.6789     162.3808       6.6573
300000286 200000072 400001141 400001142 400001143 400001144 2600949.8585 2600949.8585 -5201899.7171 2577802.4491 1330561.6814 -5672228.9398 1330561.6814 2577802.4491 -5672228.9398  917252.3363     191.9019      24.3895
300000287 200000072 400001145 400001146 400001147 400001148 2438076.1476       0.0000 -5886036.5016 1266279.9131 1266279.9131 -6114140.2800 2577802.4491 1330561.6814 -5672228.9398  931256.6789     174.0879       6.1003
300000288 200000072 400001149 400001150 400001151 400001152 1330561.6814 2577802.4491 -5672228.9398 2577802.4491 1330561.6814 -5672228.9398 1266279.9131 1266279.9131 -6114140.2800  953298.7094     171.9155       9.4929
300000289 200000073 400001153 400001154 400001155 400001156       0.0000 6371000.0000       0.0000 1242920.4416 6248583.0214       0.0000       0.0000 6248583.0214 -1242920.4416  787459.5150     237.4815      85.0583
300000290 200000073 400001157 400001158 400001159 400001160 2438076.1476 5886036.5016       0.0000 1266279.9131 6114140.2800 -1266279.9131 1242920.4416 6248583.0214       0.0000  802260.9823     245.5937      81.1416
300000291 200000073 400001161 400001162 400001163 400001164       0.0000 5886036.5016 -2438076.1476       0.0000 6248583.0214 -1242920.4416 1266279.9131 6114140.2800 -1266279.9131  802260.9823     276.5104      63.4541
300000292 200000073 400001165 400001166 400001167 400001168 1242920.4416 6248583.0214       0.0000 1266279.9131 6114140.2800 -1266279.9131       0.0000 6248583.0214 -1242920.4416  818294.0298     250.4666      79.3106
300000293 200000074 400001169 400001170 400001171 400001172 4504977.3029 4504977.3029       0.0000 3678298.5650 5024649.2825 -1346350.7175 3539537.9546 5297292.9000       0.0000  853044.8645     262.7097      64.7166
300000294 200000074 400001173 400001174 400001175 400001176 2600949.8585 5201899.7171 -2600949.8585 2577802.4491 5672228.9398 -1330561.6814 3678298.5650 5024649.2825 -1346350.7175  856010.4439     278.5680      57.7619
300000295 200000074 400001177 400001178 400001179 400001180 2438076.1476 5886036.5016       0.0000 3539537.9546 5297292.9000       0.0000 2577802.4491 5672228.9398 -1330561.6814  843039.4974     254.1307      70.5642
300000296 200000074 400001181 400001182 400001183 400001184 3678298.5650 5024649.2825 -1346350.7175 2577802.4491 5672228.9398 -1330561.6814 3539537.9546 5297292.9000       0.0000  873164.3145     265.9661      64.3590
300000297 200000075 400001185 400001186 400001187 400001188       0.0000 4504977.3029 -4504977.3029       0.0000 5297292.9000 -3539537.9546 1346350.7175 5024649.2825 -3678298.5650  853044.8645     235.3305      65.8620
300000298 200000075 400001189 400001190 400001191 400001192       0.0000 5886036.5016 -2438076.1476 1330561.6814 5672228.9398 -2577802.4491       0.0000 5297292.9000 -3539537.9546  843039.4974     267.2302      60.2003
300000299 200000075 400001193 400001194 400001195 400001196 2600949.8585 5201899.7171 -2600949.8585 1346350.7175 5024649.2825 -3678298.5650 1330561.6814 5672228.9398 -2577802.4491  856010.4439     264.6196      62.1334
300000300 200000075 400001197 400001198 400001199 400001200       0.0000 5297292.9000 -3539537.9546 1330561.6814 5672228.9398 -2577802.4491 1346350.7175 5024649.2825 -3678298.5650  873164.3145     255.2759      63.7336
300000301 200000076 400001201 400001202 400001203 400001204 2438076.1476 5886036.5016       0.0000 2577802.4491 5672228.9398 -1330561.6814 1266279.9131 6114140.2800 -1266279.9131  931256.6789     262.0153      71.1920
300000302 200000076 400001205 400001206 400001207 400001208 2600949.8585 5201899.7171 -2600949.8585 1330561.6814 5672228.9398 -2577802.4491 2577802.4491 5672228.9398 -1330561.6814  917252.3363     277.7503      59.3318
300000303 200000076 400001209 400001210 400001211 400001212       0.0000 5886036.5016 -2438076.1476 1266279.9131 6114140.2800 -1266279.9131 1330561.6814 5672228.9398 -2577802.4491  931256.6789     279.9904      58.1229
300000304 200000076 400001213 400001214 400001215 400001216 2577802.4491 5672228.9398 -1330561.6814 1330561.6814 5672228.9398 -2577802.4491 1266279.9131 6114140.2800 -1266279.9131  953298.7094     281.4031      59.6797
300000305 200000077 400001217 400001218 400001219 400001220 4504977.3029       0.0000 -4504977.3029 3678298.5650 1346350.7175 -5024649.2825 5024649.2825 1346350.7175 -3678298.5650 1318824.6059     216.2657      63.4604
300000306 200000077 400001221 400001222 400001223 400001224 2600949.8585 2600949.8585 -5201899.7171 4074905.2917 2716603.5278 -4074905.2917 3678298.5650 1346350.7175 -5024649.2825 1330535.5610     209.1706      53.2748
300000307 200000077 400001225 400001226 400001227 400001228 5201899.7171 2600949.8585 -2600949.8585 5024649.2825 1346350.7175 -3678298.5650 4074905.2917 2716603.5278 -4074905.2917 1330535.5610     248.3343      59.8705
300000308 200000077 400001229 400001230 400001231 400001232 3678298.5650 1346350.7175 -5024649.2825 4074905.2917 2716603.5278 -4074905.2917 5024649.2825 1346350.7175 -3678298.5650 1378948.6957     223.1534      62.3848
300000309 200000078 400001233 400001234 400001235 400001236       0.0000 4504977.3029 -4504977.3029 1346350.7175 5024649.2825 -3678298.5650 1346350.7175 3678298.5650 -5024649.2825 1318824.6059     219.1740      61.0530
300000310 200000078 400001237 400001238 400001239 400001240 2600949.8585 5201899.7171 -2600949.8585 2716603.5278 4074905.2917 -4074905.2917 1346350.7175 5024649.2825 -3678298.5650 1330535.5610     250.2936      66.2889
300000311 200000078 400001241 400001242 400001243 400001244 2600949.8585 2600949.8585 -5201899.7171 1346350.7175 3678298.5650 -5024649.2825 2716603.5278 4074905.2917 -4074905.2917 1330535.5610     210.1736      53.8479
300000312 200000078 400001245 400001246 400001247 400001248 1346350.7175 5024649.2825 -3678298.5650 2716603.5278 4074905.2917 -4074905.2917 1346350.7175 3678298.5650 -5024649.2825 1378948.6957     224.9292      63.6250
300000313 200000079 400001249 400001250 400001251 400001252 4504977.3029 4504977.3029       0.0000 5024649.2825 3678298.5650 -1346350.7175 3678298.5650 5024649.2825 -1346350.7175 1318824.6059     269.5590      67.9927
300000314 200000079 400001253 400001254 400001255 400001256 5201899.7171 2600949.8585 -2600949.8585 4074905.2917 4074905.2917 -2716603.5278 5024649.2825 3678298.5650 -1346350.7175 1330535.5610     284.9249      61.0677
300000315 200000079 400001257 400001258 400001259 400001260 2600949.8585 5201899.7171 -2600949.8585 3678298.5650 5024649.2825 -1346350.7175 4074905.2917 4074905.2917 -2716603.5278 1330535.5610     275.5179      58.0126
300000316 200000079 400001261 400001262 400001263 400001264 5024649.2825 3678298.5650 -1346350.7175 4074905.2917 4074905.2917 -2716603.5278 3678298.5650 5024649.2825 -1346350.7175 1378948.6957     284.1213      61.3809
300000317 200000080 400001265 400001266 400001267 400001268 2600949.8585 2600949.8585 -5201899.7171 2716603.5278 4074905.2917 -4074905.2917 4074905.2917 2716603.5278 -4074905.2917 1557076.8123     218.2239      60.2242
300000318 200000080 400001269 400001270 400001271 400001272 2600949.8585 5201899.7171 -2600949.8585 4074905.2917 4074905.2917 -2716603.5278 2716603.5278 4074905.2917 -4074905.2917 1557076.8123     259.0794      61.2732
300000319 200000080 400001273 400001274 400001275 400001276 5201899.7171 2600949.8585 -2600949.8585 4074905.2917 2716603.5278 -4074905.2917 4074905.2917 4074905.2917 -2716603.5278 1557076.8123     264.1734      55.4116
300000320 200000080 400001277 400001278 400001279 400001280 2716603.5278 4074905.2917 -4074905.2917 4074905.2917 4074905.2917 -2716603.5278 4074905.2917 2716603.5278 -4074905.2917 1628720.8215     247.2006      62.3037
300000321 200000081 400001281 400001282 400001283 400001284       0.0000 6371000.0000       0.0000       0.0000 6248583.0214 -1242920.4416 -1242920.4416 6248583.0214       0.0000  787459.5150     235.6131      85.9827
300000322 200000081 400001285 400001286 400001287 400001288       0.0000 5886036.5016 -2438076.1476 -1266279.9131 6114140.2800 -1266279.9131       0.0000 6248583.0214 -1242920.4416  802260.9823     272.9045      66.9517
300000323 200000081 400001289 400001290 400001291 400001292 -2438076.1476 5886036.5016       0.0000 -1242920.4416 6248583.0214       0.0000 -1266279.9131 6114140.2800 -1266279.9131  802260.9823     228.6548      98.7286
300000324 200000081 400001293 400001294 400001295 400001296       0.0000 6248583.0214 -1242920.4416 -1266279.9131 6114140.2800 -1266279.9131 -1242920.4416 6248583.0214       0.0000  818294.0298     244.7302      81.3986
300000325 200000082 400001297 400001298 400001299 400001300       0.0000 4504977.3029 -4504977.3029 -1346350.7175 5024649.2825 -3678298.5650       0.0000 5297292.9000 -3539537.9546  853044.8645     234.9896      67.5933
300000326 200000082 400001301 400001302 400001303 400001304 -2600949.8585 5201899.7171 -2600949.8585 -1330561.6814 5672228.9398 -2577802.4491 -1346350.7175 5024649.2825 -3678298.5650  856010.4439     265.0448      60.3294
300000327 200000082 400001305 400001306 400001307 400001308       0.0000 5886036.5016 -2438076.1476       0.0000 5297292.9000 -3539537.9546 -1330561.6814 5672228.9398 -2577802.4491  843039.4974     266.6514      61.0732
300000328 200000082 400001309 400001310 400001311 400001312 -1346350.7175 5024649.2825 -3678298.5650 -1330561.6814 5672228.9398 -2577802.4491       0.0000 5297292.9000 -3539537.9546  873164.3145     254.4464      65.8083
300000329 200000083 400001313 400001314 400001315 400001316 -4504977.3029 4504977.3029       0.0000 -3539537.9546 5297292.9000       0.0000 -3678298.5650 5024649.2825 -1346350.7175  853044.8645     232.4590      92.7232
300000330 200000083 400001317 400001318 400001319 400001320 -2438076.1476 5886036.5016       0.0000 -2577802.4491 5672228.9398 -1330561.6814 -3539537.9546 5297292.9000       0.0000  843039.4974     236.1417      93.0814
300000331 200000083 400001321 400001322 400001323 400001324 -2600949.8585 5201899.7171 -2600949.8585 -3678298.5650 5024649.2825 -1346350.7175 -2577802.4491 5672228.9398 -1330561.6814  856010.4439     278.5868      54.9683
300000332 200000083 400001325 400001326 400001327 400001328 -3539537.9546 5297292.9000       0.0000 -2577802.4491 5672228.9398 -1330561.6814 -3678298.5650 5024649.2825 -1346350.7175  873164.3145     255.7717      73.0691
300000333 200000084 400001329 400001330 400001331 400001332       0.0000 5886036.5016 -2438076.1476 -1330561.6814 5672228.9398 -2577802.4491 -1266279.9131 6114140.2800 -1266279.9131  931256.6789     276.6410      61.0907
300000334 200000084 400001333 400001334 400001335 400001336 -2600949.8585 5201899.7171 -2600949.8585 -2577802.4491 5672228.9398 -1330561.6814 -1330561.6814 5672228.9398 -2577802.4491  917252.3363     275.4701      59.2614
300000335 200000084 400001337 400001338 400001339 400001340 -2438076.1476 5886036.5016       0.0000 -1266279.9131 6114140.2800 -1266279.9131 -2577802.4491 5672228.9398 -1330561.6814  931256.6789     247.9262      81.8376
300000336 200000084 400001341 400001342 400001343 400001344 -1330561.6814 5672228.9398 -2577802.4491 -2577802.4491 5672228.9398 -1330561.6814 -1266279.9131 6114140.2800 -1266279.9131  953298.7094     273.7478      63.6446
300000337 200000085 400001345 400001346 400001347 400001348       0.0000       0.0000 -6371000.0000 -1242920.4416       0.0000 -6248583.0214       0.0000 1242920.4416 -6248583.0214  787459.5150     130.7832       0.0521
300000338 200000085 400001349 400001350 400001351 400001352 -2438076.1476       0.0000 -5886036.5016 -1266279.9131 1266279.9131 -6114140.2800 -1242920.4416       0.0000 -6248583.0214  802260.9823     159.9383       0.9258
300000339 200000085 400001353 400001354 400001355 400001356       0.0000 2438076.1476 -5886036.5016       0.0000 1242920.4416 -6248583.0214 -1266279.9131 1266279.9131 -6114140.2800  802260.9823     122.2405       0.9586
300000340 200000085 400001357 400001358 400001359 400001360 -1242920.4416       0.0000 -6248583.0214 -1266279.9131 1266279.9131 -6114140.2800       0.0000 1242920.4416 -6248583.0214  818294.0298     129.5658       0.1008
300000341 200000086 400001361 400001362 400001363 400001364 -4504977.3029       0.0000 -4504977.3029 -3678298.5650 1346350.7175 -5024649.2825 -3539537.9546       0.0000 -5297292.9000  853044.8645     217.0445      46.1077
300000342 200000086 400001365 400001366 400001367 400001368 -2600949.8585 2600949.8585 -5201899.7171 -2577802.4491 1330561.6814 -5672228.9398 -3678298.5650 1346350.7175 -5024649.2825  856010.4439     203.8479      34.9684
300000343 200000086 400001369 400001370 400001371 400001372 -2438076.1476       0.0000 -5886036.5016 -3539537.9546       0.0000 -5297292.9000 -2577802.4491 1330561.6814 -5672228.9398  843039.4974     194.3744      20.2005
300000344 200000086 400001373 400001374 400001375 400001376 -3678298.5650 1346350.7175 -5024649.2825 -2577802.4491 1330561.6814 -5672228.9398 -3539537.9546       0.0000 -5297292.9000  873164.3145     204.6725      33.5618
300000345 200000087 400001377 400001378 400001379 400001380       0.0000 4504977.3029 -4504977.3029       0.0000 3539537.9546 -5297292.9000 -1346350.7175 3678298.5650 -5024649.2825  853044.8645     206.0667      47.7479
300000346 200000087 400001381 400001382 400001383 400001384       0.0000 2438076.1476 -5886036.5016 -1330561.6814 2577802.4491 -5672228.9398       0.0000 3539537.9546 -5297292.9000  843039.4974     187.5812      20.5115
300000347 200000087 400001385 400001386 400001387 400001388 -2600949.8585 2600949.8585 -5201899.7171 -1346350.7175 3678298.5650 -5024649.2825 -1330561.6814 2577802.4491 -5672228.9398  856010.4439     200.2474      34.9789
300000348 200000087 400001389 400001390 400001391 400001392       0.0000 3539537.9546 -5297292.9000 -1330561.6814 2577802.4491 -5672228.9398 -1346350.7175 3678298.5650 -5024649.2825  873164.3145     199.1215      32.9771
300000349 200000088 400001393 400001394 400001395 400001396 -2438076.1476       0.0000 -5886036.5016 -2577802.4491 1330561.6814 -5672228.9398 -1266279.9131 1266279.9131 -6114140.2800  931256.6789     168.1364       6.7687
300000350 200000088 400001397 400001398 400001399 400001400 -2600949.8585 2600949.8585 -5201899.7171 -1330561.6814 2577802.4491 -5672228.9398 -2577802.4491 1330561.6814 -5672228.9398  917252.3363     195.1070      25.1085
300000351 200000088 400001401 400001402 400001403 400001404       0.0000 2438076.1476 -5886036.5016 -1266279.9131 1266279.9131 -6114140.2800 -1330561.6814 2577802.4491 -5672228.9398  931256.6789     153.9730       6.8063
300000352 200000088 400001405 400001406 400001407 400001408 -2577802.4491 1330561.6814 -5672228.9398 -1330561.6814 2577802.4491 -5672228.9398 -1266279.9131 1266279.9131 -6114140.2800  953298.7094     167.4562      10.2586
300000353 200000089 400001409 400001410 400001411 400001412 -6371000.0000       0.0000       0.0000 -6248583.0214 1242920.4416       0.0000 -6248583.0214       0.0000 -1242920.4416  787459.5150     259.4708      63.1370
300000354 200000089 400001413 400001414 400001415 400001416 -5886036.5016 2438076.1476       0.0000 -6114140.2800 1266279.9131 -1266279.9131 -6248583.0214 1242920.4416       0.0000  802260.9823     243.1675      78.1204
300000355 200000089 400001417 400001418 400001419 400001420 -5886036.5016       0.0000 -2438076.1476 -6248583.0214       0.0000 -1242920.4416 -6114140.2800 1266279.9131 -1266279.9131  802260.9823     246.6548      80.0947
300000356 200000089 400001421 400001422 400001423 400001424 -6248583.0214 1242920.4416       0.0000 -6114140.2800 1266279.9131 -1266279.9131 -6248583.0214       0.0000 -1242920.4416  818294.0298     243.9855      77.3179
300000357 200000090 400001425 400001426 400001427 400001428 -4504977.3029 4504977.3029       0.0000 -5024649.2825 3678298.5650 -1346350.7175 -5297292.9000 3539537.9546       0.0000  853044.8645     222.4589     111.4829
300000358 200000090 400001429 400001430 400001431 400001432 -5201899.7171 2600949.8585 -2600949.8585 -5672228.9398 2577802.4491 -1330561.6814 -5024649.2825 3678298.5650 -1346350.7175  856010.4439     264.2019      68.6405
300000359 200000090 400001433 400001434 400001435 400001436 -5886036.5016 2438076.1476       0.0000 -5297292.9000 3539537.9546       0.0000 -5672228.9398 2577802.4491 -1330561.6814  843039.4974     225.8114      96.3105
300000360 200000090 400001437 400001438 400001439 400001440 -5024649.2825 3678298.5650 -1346350.7175 -5672228.9398 2577802.4491 -1330561.6814 -5297292.9000 3539537.9546       0.0000  873164.3145     230.6582     100.0800
300000361 200000091 400001441 400001442 400001443 400001444 -4504977.3029       0.0000 -4504977.3029 -5297292.9000       0.0000 -3539537.9546 -5024649.2825 1346350.7175 -3678298.5650  853044.8645     236.9261      58.6508
300000362 200000091 400001445 400001446 400001447 400001448 -5886036.5016       0.0000 -2438076.1476 -5672228.9398 1330561.6814 -2577802.4491 -5297292.9000       0.0000 -3539537.9546  843039.4974     246.3092      70.8698
300000363 200000091 400001449 400001450 400001451 400001452 -5201899.7171 2600949.8585 -2600949.8585 -5024649.2825 1346350.7175 -3678298.5650 -5672228.9398 1330561.6814 -2577802.4491  856010.4439     256.4534      60.4761
300000364 200000091 400001453 400001454 400001455 400001456 -5297292.9000       0.0000 -3539537.9546 -5672228.9398 1330561.6814 -2577802.4491 -5024649.2825 1346350.7175 -3678298.5650  873164.3145     249.1789      61.0636
300000365 200000092 400001457 400001458 400001459 400001460 -5886036.5016 2438076.1476       0.0000 -5672228.9398 2577802.4491 -1330561.6814 -6114140.2800 1266279.9131 -1266279.9131  931256.6789     230.0916      91.7859
300000366 200000092 400001461 400001462 400001463 400001464 -5201899.7171 2600949.8585 -2600949.8585 -5672228.9398 1330561.6814 -2577802.4491 -5672228.9398 2577802.4491 -1330561.6814  917252.3363     261.6411      68.5961
300000367 200000092 400001465 400001466 400001467 400001468 -5886036.5016       0.0000 -2438076.1476 -6114140.2800 1266279.9131 -1266279.9131 -5672228.9398 1330561.6814 -2577802.4491  931256.6789     248.9705      79.0379
300000368 200000092 400001469 400001470 400001471 400001472 -5672228.9398 2577802.4491 -1330561.6814 -5672228.9398 1330561.6814 -2577802.4491 -6114140.2800 1266279.9131 -1266279.9131  953298.7094     245.6044      87.0698
300000369 200000093 400001473 400001474 400001475 400001476       0.0000 4504977.3029 -4504977.3029 -1346350.7175 3678298.5650 -5024649.2825 -1346350.7175 5024649.2825 -3678298.5650 1318824.6059     219.9532      61.7211
300000370 200000093 400001477 400001478 400001479 400001480 -2600949.8585 2600949.8585 -5201899.7171 -2716603.5278 4074905.2917 -4074905.2917 -1346350.7175 3678298.5650 -5024649.2825 1330535.5610     212.4538      53.0377
300000371 200000093 400001481 400001482 400001483 400001484 -2600949.8585 5201899.7171 -2600949.8585 -1346350.7175 5024649.2825 -3678298.5650 -2716603.5278 4074905.2917 -4074905.2917 1330535.5610     250.4223      63.8591
300000372 200000093 400001485 400001486 400001487 400001488 -1346350.7175 3678298.5650 -5024649.2825 -2716603.5278 4074905.2917 -4074905.2917 -1346350.7175 5024649.2825 -3678298.5650 1378948.6957     225.1631      62.3994
300000373 200000094 400001489 400001490 400001491 400001492 -4504977.3029       0.0000 -4504977.3029 -5024649.2825 1346350.7175 -3678298.5650 -3678298.5650 1346350.7175 -5024649.2825 1318824.6059     225.9698      54.8275
300000374 200000094 400001493 400001494 400001495 400001496 -5201899.7171 2600949.8585 -2600949.8585 -4074905.2917 2716603.5278 -4074905.2917 -5024649.2825 1346350.7175 -3678298.5650 1330535.5610     248.5751      60.1661
300000375 200000094 400001497 400001498 400001499 400001500 -2600949.8585 2600949.8585 -5201899.7171 -3678298.5650 1346350.7175 -5024649.2825 -4074905.2917 2716603.5278 -4074905.2917 1330535.5610     217.5096      50.9845
300000376 200000094 400001501 400001502 400001503 400001504 -5024649.2825 1346350.7175 -3678298.5650 -4074905.2917 2716603.5278 -4074905.2917 -3678298.5650 1346350.7175 -5024649.2825 1378948.6957     231.6074      56.0548
300000377 200000095 400001505 400001506 400001507 400001508 -4504977.3029 4504977.3029       0.0000 -3678298.5650 5024649.2825 -1346350.7175 -5024649.2825 3678298.5650 -1346350.7175 1318824.6059     244.0043      88.2498
300000378 200000095 400001509 400001510 400001511 400001512 -2600949.8585 5201899.7171 -2600949.8585 -4074905.2917 4074905.2917 -2716603.5278 -3678298.5650 5024649.2825 -1346350.7175 1330535.5610     275.3053      66.9978
300000379 200000095 400001513 400001514 400001515 400001516 -5201899.7171 2600949.8585 -2600949.8585 -5024649.2825 3678298.5650 -1346350.7175 -4074905.2917 4074905.2917 -2716603.5278 1330535.5610     270.5839      72.2730
300000380 200000095 400001517 400001518 400001519 400001520 -3678298.5650 5024649.2825 -1346350.7175 -4074905.2917 4074905.2917 -2716603.5278 -5024649.2825 3678298.5650 -1346350.7175 1378948.6957     276.9327      63.9633
300000381 200000096 400001521 400001522 400001523 400001524 -2600949.8585 2600949.8585 -5201899.7171 -4074905.2917 2716603.5278 -4074905.2917 -2716603.5278 4074905.2917 -4074905.2917 1557076.8123     223.5836      58.3469
300000382 200000096 400001525 400001526 400001527 400001528 -5201899.7171 2600949.8585 -2600949.8585 -4074905.2917 4074905.2917 -2716603.5278 -4074905.2917 2716603.5278 -4074905.2917 1557076.8123     254.9623      68.1927
300000383 200000096 400001529 400001530 400001531 400001532 -2600949.8585 5201899.7171 -2600949.8585 -2716603.5278 4074905.2917 -4074905.2917 -4074905.2917 4074905.2917 -2716603.5278 1557076.8123     254.5460      64.4122
300000384 200000096 400001533 400001534 400001535 400001536 -4074905.2917 2716603.5278 -4074905.2917 -4074905.2917 4074905.2917 -2716603.5278 -2716603.5278 4074905.2917 -4074905.2917 1628720.8215     243.1222      65.3077
300000385 200000097 400001537 400001538 400001539 400001540 -6371000.0000       0.0000       0.0000 -6248583.0214       0.0000 -1242920.4416 -6248583.0214 -1242920.4416       0.0000  787459.5150     265.8598      60.9482
300000386 200000097 400001541 400001542 400001543 400001544 -5886036.5016       0.0000 -2438076.1476 -6114140.2800 -1266279.9131 -1266279.9131 -6248583.0214       0.0000 -1242920.4416  802260.9823     251.3469      74.6891
300000387 200000097 400001545 400001546 400001547 400001548 -5886036.5016 -2438076.1476       0.0000 -6248583.0214 -1242920.4416       0.0000 -6114140.2800 -1266279.9131 -1266279.9131  802260.9823     273.3840      59.5795
300000388 200000097 400001549 400001550 400001551 400001552 -6248583.0214       0.0000 -1242920.4416 -6114140.2800 -1266279.9131 -1266279.9131 -6248583.0214 -1242920.4416       0.0000  818294.0298     259.0396      69.9791
300000389 200000098 400001553 400001554 400001555 400001556 -4504977.3029       0.0000 -4504977.3029 -5024649.2825 -1346350.7175 -3678298.5650 -5297292.9000       0.0000 -3539537.9546  853044.8645     236.3595      59.9146
300000390 200000098 400001557 400001558 400001559 400001560 -5201899.7171 -2600949.8585 -2600949.8585 -5672228.9398 -1330561.6814 -2577802.4491 -5024649.2825 -1346350.7175 -3678298.5650  856010.4439     235.6110      77.4654
300000391 200000098 400001561 400001562 400001563 400001564 -5886036.5016       0.0000 -2438076.1476 -5297292.9000       0.0000 -3539537.9546 -5672228.9398 -1330561.6814 -2577802.4491  843039.4974     241.0810      75.3222
300000392 200000098 400001565 400001566 400001567 400001568 -5024649.2825 -1346350.7175 -3678298.5650 -5672228.9398 -1330561.6814 -2577802.4491 -5297292.9000       0.0000 -3539537.9546  873164.3145     240.1001      69.2063
300000393 200000099 400001569 400001570 400001571 400001572 -4504977.3029 -4504977.3029       0.0000 -5297292.9000 -3539537.9546       0.0000 -5024649.2825 -3678298.5650 -1346350.7175  853044.8645     284.0342      52.8511
300000394 200000099 400001573 400001574 400001575 400001576 -5886036.5016 -2438076.1476       0.0000 -5672228.9398 -2577802.4491 -1330561.6814 -5297292.9000 -3539537.9546       0.0000  843039.4974     282.0195      55.4262
300000395 200000099 400001577 400001578 400001579 400001580 -5201899.7171 -2600949.8585 -2600949.8585 -5024649.2825 -3678298.5650 -1346350.7175 -5672228.9398 -2577802.4491 -1330561.6814  856010.4439     265.7994      62.5308
300000396 200000099 400001581 400001582 400001583 400001584 -5297292.9000 -3539537.9546       0.0000 -5672228.9398 -2577802.4491 -1330561.6814 -5024649.2825 -3678298.5650 -1346350.7175  873164.3145     279.6608      56.2512
300000397 200000100 400001585 400001586 400001587 400001588 -5886036.5016       0.0000 -2438076.1476 -5672228.9398 -1330561.6814 -2577802.4491 -6114140.2800 -1266279.9131 -1266279.9131  931256.6789     247.9379      79.1213
300000398 200000100 400001589 400001590 400001591 400001592 -5201899.7171 -2600949.8585 -2600949.8585 -5672228.9398 -2577802.4491 -1330561.6814 -5672228.9398 -1330561.6814 -2577802.4491  917252.3363     247.7526      76.6160
300000399 200000100 400001593 400001594 400001595 400001596 -5886036.5016 -2438076.1476       0.0000 -6114140.2800 -1266279.9131 -1266279.9131 -5672228.9398 -2577802.4491 -1330561.6814  931256.6789     271.0789      63.5792
300000400 200000100 400001597 400001598 400001599 400001600 -5672228.9398 -1330561.6814 -2577802.4491 -5672228.9398 -2577802.4491 -1330561.6814 -6114140.2800 -1266279.9131 -1266279.9131  953298.7094     255.8310      74.2388
300000401 200000101 400001601 400001602 400001603 400001604       0.0000       0.0000 -6371000.0000       0.0000 -1242920.4416 -6248583.0214 -1242920.4416       0.0000 -6248583.0214  787459.5150     150.5193       0.0521
300000402 200000101 400001605 400001606 400001607 400001608       0.0000 -2438076.1476 -5886036.5016 -1266279.9131 -1266279.9131 -6114140.2800       0.0000 -1242920.4416 -6248583.0214  802260.9823     168.1154       0.8275
300000403 200000101 400001609 400001610 400001611 400001612 -2438076.1476       0.0000 -5886036.5016 -1242920.4416       0.0000 -6248583.0214 -1266279.9131 -1266279.9131 -6114140.2800  802260.9823     175.4064       0.8927
300000404 200000101 400001613 400001614 400001615 400001616       0.0000 -1242920.4416 -6248583.0214 -1266279.9131 -1266279.9131 -6114140.2800 -1242920.4416       0.0000 -6248583.0214  818294.0298     157.8736       0.1004
300000405 200000102 400001617 400001618 400001619 400001620       0.0000 -4504977.3029 -4504977.3029 -1346350.7175 -3678298.5650 -5024649.2825       0.0000 -3539537.9546 -5297292.9000  853044.8645     211.5738      45.6824
300000406 200000102 400001621 400001622 400001623 400001624 -2600949.8585 -2600949.8585 -5201899.7171 -1330561.6814 -2577802.4491 -5672228.9398 -1346350.7175 -3678298.5650 -5024649.2825  856010.4439     205.3812      34.5206
300000407 200000102 400001625 400001626 400001627 400001628       0.0000 -2438076.1476 -5886036.5016       0.0000 -3539537.9546 -5297292.9000 -1330561.6814 -2577802.4491 -5672228.9398  843039.4974     197.6914      18.7864
300000408 200000102 400001629 400001630 400001631 400001632 -1346350.7175 -3678298.5650 -5024649.2825 -1330561.6814 -2577802.4491 -5672228.9398       0.0000 -3539537.9546 -5297292.9000  873164.3145     203.9655      32.5013
300000409 200000103 400001633 400001634 400001635 400001636 -4504977.3029       0.0000 -4504977.3029 -3539537.9546       0.0000 -5297292.9000 -3678298.5650 -1346350.7175 -5024649.2825  853044.8645     218.8058      46.2541
300000410 200000103 400001637 400001638 400001639 400001640 -2438076.1476       0.0000 -5886036.5016 -2577802.4491 -1330561.6814 -5672228.9398 -3539537.9546       0.0000 -5297292.9000  843039.4974     195.0786      19.7765
300000411 200000103 400001641 400001642 400001643 400001644 -2600949.8585 -2600949.8585 -5201899.7171 -3678298.5650 -1346350.7175 -5024649.2825 -2577802.4491 -1330561.6814 -5672228.9398  856010.4439     207.1512      33.8803
300000412 200000103 400001645 400001646 400001647 400001648 -3539537.9546       0.0000 -5297292.9000 -2577802.4491 -1330561.6814 -5672228.9398 -3678298.5650 -1346350.7175 -5024649.2825  873164.3145     207.4510      32.6563
300000413 200000104 400001649 400001650 400001651 400001652       0.0000 -2438076.1476 -5886036.5016 -1330561.6814 -2577802.4491 -5672228.9398 -1266279.9131 -1266279.9131 -6114140.2800  931256.6789     187.2447       5.6976
300000414 200000104 400001653 400001654 400001655 400001656 -2600949.8585 -2600949.8585 -5201899.7171 -2577802.4491 -1330561.6814 -5672228.9398 -1330561.6814 -2577802.4491 -5672228.9398  917252.3363     198.9975      24.5461
300000415 200000104 400001657 400001658 400001659 400001660 -2438076.1476       0.0000 -5886036.5016 -1266279.9131 -1266279.9131 -6114140.2800 -2577802.4491 -1330561.6814 -5672228.9398  931256.6789     183.5068       6.1460
300000416 200000104 400001661 400001662 400001663 400001664 -1330561.6814 -2577802.4491 -5672228.9398 -2577802.4491 -1330561.6814 -5672228.9398 -1266279.9131 -1266279.9131 -6114140.2800  953298.7094     188.3692       9.0109
300000417 200000105 400001665 400001666 400001667 400001668       0.0000 -6371000.0000       0.0000 -1242920.4416 -6248583.0214       0.0000       0.0000 -6248583.0214 -1242920.4416  787459.5150     281.6611      60.8469
300000418 200000105 400001669 400001670 400001671 400001672 -2438076.1476 -5886036.5016       0.0000 -1266279.9131 -6114140.2800 -1266279.9131 -1242920.4416 -6248583.0214       0.0000  802260.9823     287.8523      55.4534
300000419 200000105 400001673 400001674 400001675 400001676       0.0000 -5886036.5016 -2438076.1476       0.0000 -6248583.0214 -1242920.4416 -1266279.9131 -6114140.2800 -1266279.9131  802260.9823     284.9566      69.3643
300000420 200000105 400001677 400001678 400001679 400001680 -1242920.4416 -6248583.0214       0.0000 -1266279.9131 -6114140.2800 -1266279.9131       0.0000 -6248583.0214 -1242920.4416  818294.0298     288.1733      61.5738
300000421 200000106 400001681 400001682 400001683 400001684 -4504977.3029 -4504977.3029       0.0000 -3678298.5650 -5024649.2825 -1346350.7175 -3539537.9546 -5297292.9000       0.0000  853044.8645     288.4369      52.0018
300000422 200000106 400001685 400001686 400001687 400001688 -2600949.8585 -5201899.7171 -2600949.8585 -2577802.4491 -5672228.9398 -1330561.6814 -3678298.5650 -5024649.2825 -1346350.7175  856010.4439     285.3562      57.0645
300000423 200000106 400001689 400001690 400001691 400001692 -2438076.1476 -5886036.5016       0.0000 -3539537.9546 -5297292.9000       0.0000 -2577802.4491 -5672228.9398 -1330561.6814  843039.4974     290.3020      54.6066
300000424 200000106 400001693 400001694 400001695 400001696 -3678298.5650 -5024649.2825 -1346350.7175 -2577802.4491 -5672228.9398 -1330561.6814 -3539537.9546 -5297292.9000       0.0000  873164.3145     292.5977      54.4820
300000425 200000107 400001697 400001698 400001699 400001700       0.0000 -4504977.3029 -4504977.3029       0.0000 -5297292.9000 -3539537.9546 -1346350.7175 -5024649.2825 -3678298.5650  853044.8645     223.2727      70.9107
300000426 200000107 400001701 400001702 400001703 400001704       0.0000 -5886036.5016 -2438076.1476 -1330561.6814 -5672228.9398 -2577802.4491       0.0000 -5297292.9000 -3539537.9546  843039.4974     259.4782      63.4847
300000427 200000107 400001705 400001706 400001707 400001708 -2600949.8585 -5201899.7171 -2600949.8585 -1346350.7175 -5024649.2825 -3678298.5650 -1330561.6814 -5672228.9398 -2577802.4491  856010.4439     247.9337      66.8536
300000428 200000107 400001709 400001710 400001711 400001712       0.0000 -5297292.9000 -3539537.9546 -1330561.6814 -5672228.9398 -2577802.4491 -1346350.7175 -5024649.2825 -3678298.5650  873164.3145     239.6798      70.0023
300000429 200000108 400001713 400001714 400001715 400001716 -2438076.1476 -5886036.5016       0.0000 -2577802.4491 -5672228.9398 -1330561.6814 -1266279.9131 -6114140.2800 -1266279.9131  931256.6789     293.1346      55.9991
300000430 200000108 400001717 400001718 400001719 400001720 -2600949.8585 -5201899.7171 -2600949.8585 -1330561.6814 -5672228.9398 -2577802.4491 -2577802.4491 -5672228.9398 -1330561.6814  917252.3363     276.7899      59.9716
300000431 200000108 400001721 400001722 400001723 400001724       0.0000 -5886036.5016 -2438076.1476 -1266279.9131 -6114140.2800 -1266279.9131 -1330561.6814 -5672228.9398 -2577802.4491  931256.6789     280.9158      61.9067
300000432 200000108 400001725 400001726 400001727 400001728 -2577802.4491 -5672228.9398 -1330561.6814 -1330561.6814 -5672228.9398 -2577802.4491 -1266279.9131 -6114140.2800 -1266279.9131  953298.7094     287.5590      57.7872
300000433 200000109 400001729 400001730 400001731 400001732 -4504977.3029       0.0000 -4504977.3029 -3678298.5650 -1346350.7175 -5024649.2825 -5024649.2825 -1346350.7175 -3678298.5650 1318824.6059     228.5719      55.7256
300000434 200000109 400001733 400001734 400001735 400001736 -2600949.8585 -2600949.8585 -5201899.7171 -4074905.2917 -2716603.5278 -4074905.2917 -3678298.5650 -1346350.7175 -5024649.2825 1330535.5610     219.8752      50.7555
300000435 200000109 400001737 400001738 400001739 400001740 -5201899.7171 -2600949.8585 -2600949.8585 -5024649.2825 -1346350.7175 -3678298.5650 -4074905.2917 -2716603.5278 -4074905.2917 1330535.5610     231.9361      72.3648
300000436 200000109 400001741 400001742 400001743 400001744 -3678298.5650 -1346350.7175 -5024649.2825 -4074905.2917 -2716603.5278 -4074905.2917 -5024649.2825 -1346350.7175 -3678298.5650 1378948.6957     228.1645      60.5492
300000437 200000110 400001745 400001746 400001747 400001748       0.0000 -4504977.3029 -4504977.3029 -1346350.7175 -5024649.2825 -3678298.5650 -1346350.7175 -3678298.5650 -5024649.2825 1318824.6059     219.8623      59.7988
300000438 200000110 400001749 400001750 400001751 400001752 -2600949.8585 -5201899.7171 -2600949.8585 -2716603.5278 -4074905.2917 -4074905.2917 -1346350.7175 -5024649.2825 -3678298.5650 1330535.5610     231.9671      74.0924
300000439 200000110 400001753 400001754 400001755 400001756 -2600949.8585 -2600949.8585 -5201899.7171 -1346350.7175 -3678298.5650 -5024649.2825 -2716603.5278 -4074905.2917 -4074905.2917 1330535.5610     216.9469      51.1028
300000440 200000110 400001757 400001758 400001759 400001760 -1346350.7175 -5024649.2825 -3678298.5650 -2716603.5278 -4074905.2917 -4074905.2917 -1346350.7175 -3678298.5650 -5024649.2825 1378948.6957     222.0315      64.3701
300000441 200000111 400001761 400001762 400001763 400001764 -4504977.3029 -4504977.3029       0.0000 -5024649.2825 -3678298.5650 -1346350.7175 -3678298.5650 -5024649.2825 -1346350.7175 1318824.6059     286.2469      52.4279
300000442 200000111 400001765 400001766 400001767 400001768 -5201899.7171 -2600949.8585 -2600949.8585 -4074905.2917 -4074905.2917 -2716603.5278 -5024649.2825 -3678298.5650 -1346350.7175 1330535.5610     256.0787      67.4304
300000443 200000111 400001769 400001770 400001771 400001772 -2600949.8585 -5201899.7171 -2600949.8585 -3678298.5650 -5024649.2825 -1346350.7175 -4074905.2917 -4074905.2917 -2716603.5278 1330535.5610     266.5347      63.7856
300000444 200000111 400001773 400001774 400001775 400001776 -5024649.2825 -3678298.5650 -1346350.7175 -4074905.2917 -4074905.2917 -2716603.5278 -3678298.5650 -5024649.2825 -1346350.7175 1378948.6957     272.3485      59.9771
300000445 200000112 400001777 400001778 400001779 400001780 -2600949.8585 -2600949.8585 -5201899.7171 -2716603.5278 -4074905.2917 -4074905.2917 -4074905.2917 -2716603.5278 -4074905.2917 1557076.8123     223.3914      58.6637
300000446 200000112 400001781 400001782 400001783 400001784 -2600949.8585 -5201899.7171 -2600949.8585 -4074905.2917 -4074905.2917 -2716603.5278 -2716603.5278 -4074905.2917 -4074905.2917 1557076.8123     235.8189      74.4929
300000447 200000112 400001785 400001786 400001787 400001788 -5201899.7171 -2600949.8585 -2600949.8585 -4074905.2917 -2716603.5278 -4074905.2917 -4074905.2917 -4074905.2917 -2716603.5278 1557076.8123     234.2946      74.2202
300000448 200000112 400001789 400001790 400001791 400001792 -2716603.5278 -4074905.2917 -4074905.2917 -4074905.2917 -4074905.2917 -2716603.5278 -4074905.2917 -2716603.5278 -4074905.2917 1628720.8215     230.0485      71.5353
300000449 200000113 400001793 400001794 400001795 400001796       0.0000 -6371000.0000       0.0000       0.0000 -6248583.0214 -1242920.4416 1242920.4416 -6248583.0214       0.0000  787459.5150     272.3015      71.2720
300000450 200000113 400001797 400001798 400001799 400001800       0.0000 -5886036.5016 -2438076.1476 1266279.9131 -6114140.2800 -1266279.9131       0.0000 -6248583.0214 -1242920.4416  802260.9823     279.8491      86.0084
300000451 200000113 400001801 400001802 400001803 400001804 2438076.1476 -5886036.5016       0.0000 1242920.4416 -6248583.0214       0.0000 1266279.9131 -6114140.2800 -1266279.9131  802260.9823     232.1168     132.1104
300000452 200000113 400001805 400001806 400001807 400001808       0.0000 -6248583.0214 -1242920.4416 1266279.9131 -6114140.2800 -1266279.9131 1242920.4416 -6248583.0214       0.0000  818294.0298     268.9967      91.8230
300000453 200000114 400001809 400001810 400001811 400001812       0.0000 -4504977.3029 -4504977.3029 1346350.7175 -5024649.2825 -3678298.5650       0.0000 -5297292.9000 -3539537.9546  853044.8645     226.0616      69.5554
300000454 200000114 400001813 400001814 400001815 400001816 2600949.8585 -5201899.7171 -2600949.8585 1330561.6814 -5672228.9398 -2577802.4491 1346350.7175 -5024649.2825 -3678298.5650  856010.4439     255.1377      76.6331
300000455 200000114 400001817 400001818 400001819 400001820       0.0000 -5886036.5016 -2438076.1476       0.0000 -5297292.9000 -3539537.9546 1330561.6814 -5672228.9398 -2577802.4491  843039.4974     261.6189      71.0045
300000456 200000114 400001821 400001822 400001823 400001824 1346350.7175 -5024649.2825 -3678298.5650 1330561.6814 -5672228.9398 -2577802.4491       0.0000 -5297292.9000 -3539537.9546  873164.3145     249.6418      69.9138
300000457 200000115 400001825 400001826 400001827 400001828 4504977.3029 -4504977.3029       0.0000 3539537.9546 -5297292.9000       0.0000 3678298.5650 -5024649.2825 -1346350.7175  853044.8645     230.0236     111.5880
300000458 200000115 400001829 400001830 400001831 400001832 2438076.1476 -5886036.5016       0.0000 2577802.4491 -5672228.9398 -1330561.6814 3539537.9546 -5297292.9000       0.0000  843039.4974     222.2587     124.9672
300000459 200000115 400001833 400001834 400001835 400001836 2600949.8585 -5201899.7171 -2600949.8585 3678298.5650 -5024649.2825 -1346350.7175 2577802.4491 -5672228.9398 -1330561.6814  856010.4439     260.3176      90.7470
300000460 200000115 400001837 400001838 400001839 400001840 3539537.9546 -5297292.9000       0.0000 2577802.4491 -5672228.9398 -1330561.6814 3678298.5650 -5024649.2825 -1346350.7175  873164.3145     236.5225     104.3510
300000461 200000116 400001841 400001842 400001843 400001844       0.0000 -5886036.5016 -2438076.1476 1330561.6814 -5672228.9398 -2577802.4491 1266279.9131 -6114140.2800 -1266279.9131  931256.6789     275.0595      93.2105
300000462 200000116 400001845 400001846 400001847 400001848 2600949.8585 -5201899.7171 -2600949.8585 2577802.4491 -5672228.9398 -1330561.6814 1330561.6814 -5672228.9398 -2577802.4491  917252.3363     262.4909      85.6658
300000463 200000116 400001849 400001850 400001851 400001852 2438076.1476 -5886036.5016       0.0000 1266279.9131 -6114140.2800 -1266279.9131 2577802.4491 -5672228.9398 -1330561.6814  931256.6789     239.2078     113.6219
300000464 200000116 400001853 400001854 400001855 400001856 1330561.6814 -5672228.9398 -2577802.4491 2577802.4491 -5672228.9398 -1330561.6814 1266279.9131 -6114140.2800 -1266279.9131  953298.7094     263.8592      95.1483
300000465 200000117 400001857 400001858 400001859 400001860       0.0000       0.0000 -6371000.0000 1242920.4416       0.0000 -6248583.0214       0.0000 -1242920.4416 -6248583.0214  787459.5150     143.6848       0.0521
300000466 200000117 400001861 400001862 400001863 400001864 2438076.1476       0.0000 -5886036.5016 1266279.9131 -1266279.9131 -6114140.2800 1242920.4416       0.0000 -6248583.0214  802260.9823     161.6559       0.8969
300000467 200000117 400001865 400001866 400001867 400001868       0.0000 -2438076.1476 -5886036.5016       0.0000 -1242920.4416 -6248583.0214 1266279.9131 -1266279.9131 -6114140.2800  802260.9823     167.2202       0.8362
300000468 200000117 400001869 400001870 400001871 400001872 1242920.4416       0.0000 -6248583.0214 1266279.9131 -1266279.9131 -6114140.2800       0.0000 -1242920.4416 -6248583.0214  818294.0298     160.4088       0.1005
300000469 200000118 400001873 400001874 400001875 400001876 4504977.3029       0.0000 -4504977.3029 3678298.5650 -1346350.7175 -5024649.2825 3539537.9546       0.0000 -5297292.9000  853044.8645     204.6736      48.2579
300000470 200000118 400001877 400001878 400001879 400001880 2600949.8585 -2600949.8585 -5201899.7171 2577802.4491 -1330561.6814 -5672228.9398 3678298.5650 -1346350.7175 -5024649.2825  856010.4439     198.3845      35.2293
300000471 200000118 400001881 400001882 400001883 400001884 2438076.1476       0.0000 -5886036.5016 3539537.9546       0.0000 -5297292.9000 2577802.4491 -1330561.6814 -5672228.9398  843039.4974     190.4171      19.6289
300000472 200000118 400001885 400001886 400001887 400001888 3678298.5650 -1346350.7175 -5024649.2825 2577802.4491 -1330561.6814 -5672228.9398 3539537.9546       0.0000 -5297292.9000  873164.3145     197.7458      33.5710
300000473 200000119 400001889 400001890 400001891 400001892       0.0000 -4504977.3029 -4504977.3029       0.0000 -3539537.9546 -5297292.9000 1346350.7175 -3678298.5650 -5024649.2825  853044.8645     209.1003      46.1306
300000474 200000119 400001893 400001894 400001895 400001896       0.0000 -2438076.1476 -5886036.5016 1330561.6814 -2577802.4491 -5672228.9398       0.0000 -3539537.9546 -5297292.9000  843039.4974     197.9222      18.7535
300000475 200000119 400001897 400001898 400001899 400001900 2600949.8585 -2600949.8585 -5201899.7171 1346350.7175 -3678298.5650 -5024649.2825 1330561.6814 -2577802.4491 -5672228.9398  856010.4439     200.9930      32.8243
300000476 200000119 400001901 400001902 400001903 400001904       0.0000 -3539537.9546 -5297292.9000 1330561.6814 -2577802.4491 -5672228.9398 1346350.7175 -3678298.5650 -5024649.2825  873164.3145     201.5901      31.9704
300000477 200000120 400001905 400001906 400001907 400001908 2438076.1476       0.0000 -5886036.5016 2577802.4491 -1330561.6814 -5672228.9398 1266279.9131 -1266279.9131 -6114140.2800  931256.6789     180.5368       6.3717
300000478 200000120 400001909 400001910 400001911 400001912 2600949.8585 -2600949.8585 -5201899.7171 1330561.6814 -2577802.4491 -5672228.9398 2577802.4491 -1330561.6814 -5672228.9398  917252.3363     193.2550      25.3468
300000479 200000120 400001913 400001914 400001915 400001916       0.0000 -2438076.1476 -5886036.5016 1266279.9131 -1266279.9131 -6114140.2800 1330561.6814 -2577802.4491 -5672228.9398  931256.6789     176.5826       6.1121
300000480 200000120 400001917 400001918 400001919 400001920 2577802.4491 -1330561.6814 -5672228.9398 1330561.6814 -2577802.4491 -5672228.9398 1266279.9131 -1266279.9131 -6114140.2800  953298.7094     178.4273      10.3557
300000481 200000121 400001921 400001922 400001923 400001924 6371000.0000       0.0000       0.0000 6248583.0214 -1242920.4416       0.0000 6248583.0214       0.0000 -1242920.4416  787459.5150     268.5195      66.0826
300000482 200000121 400001925 400001926 400001927 400001928 5886036.5016 -2438076.1476       0.0000 6114140.2800 -1266279.9131 -1266279.9131 6248583.0214 -1242920.4416       0.0000  802260.9823     271.5716      65.0216
300000483 200000121 400001929 400001930 400001931 400001932 5886036.5016       0.0000 -2438076.1476 6248583.0214       0.0000 -1242920.4416 6114140.2800 -1266279.9131 -1266279.9131  802260.9823     286.5339      70.5939
300000484 200000121 400001933 400001934 400001935 400001936 6248583.0214 -1242920.4416       0.0000 6114140.2800 -1266279.9131 -1266279.9131 6248583.0214       0.0000 -1242920.4416  818294.0298     283.4501      64.6493
300000485 200000122 400001937 400001938 400001939 400001940 4504977.3029 -4504977.3029       0.0000 5024649.2825 -3678298.5650 -1346350.7175 5297292.9000 -3539537.9546       0.0000  853044.8645     249.6676      96.0294
300000486 200000122 400001941 400001942 400001943 400001944 5201899.7171 -2600949.8585 -2600949.8585 5672228.9398 -2577802.4491 -1330561.6814 5024649.2825 -3678298.5650 -1346350.7175  856010.4439     275.1116      59.4004
300000487 200000122 400001945 400001946 400001947 400001948 5886036.5016 -2438076.1476       0.0000 5297292.9000 -3539537.9546       0.0000 5672228.9398 -2577802.4491 -1330561.6814  843039.4974     262.9271      70.9178
300000488 200000122 400001949 400001950 400001951 400001952 5024649.2825 -3678298.5650 -1346350.7175 5672228.9398 -2577802.4491 -1330561.6814 5297292.9000 -3539537.9546       0.0000  873164.3145     265.1825      71.0676
300000489 200000123 400001953 400001954 400001955 400001956 4504977.3029       0.0000 -4504977.3029 5297292.9000       0.0000 -3539537.9546 5024649.2825 -1346350.7175 -3678298.5650  853044.8645     225.2141      70.5482
300000490 200000123 400001957 400001958 400001959 400001960 5886036.5016       0.0000 -2438076.1476 5672228.9398 -1330561.6814 -2577802.4491 5297292.9000       0.0000 -3539537.9546  843039.4974     263.9902      63.0056
300000491 200000123 400001961 400001962 400001963 400001964 5201899.7171 -2600949.8585 -2600949.8585 5024649.2825 -1346350.7175 -3678298.5650 5672228.9398 -1330561.6814 -2577802.4491  856010.4439     254.1816      66.8738
300000492 200000123 400001965 400001966 400001967 400001968 5297292.9000       0.0000 -3539537.9546 5672228.9398 -1330561.6814 -2577802.4491 5024649.2825 -1346350.7175 -3678298.5650  873164.3145     246.6911      67.5097
300000493 200000124 400001969 400001970 400001971 400001972 5886036.5016 -2438076.1476       0.0000 5672228.9398 -2577802.4491 -1330561.6814 6114140.2800 -1266279.9131 -1266279.9131  931256.6789     281.0639      59.9044
300000494 200000124 400001973 400001974 400001975 400001976 5201899.7171 -2600949.8585 -2600949.8585 5672228.9398 -1330561.6814 -2577802.4491 5672228.9398 -2577802.4491 -1330561.6814  917252.3363     272.9471      62.3650
300000495 200000124 400001977 400001978 400001979 400001980 5886036.5016       0.0000 -2438076.1476 6114140.2800 -1266279.9131 -1266279.9131 5672228.9398 -1330561.6814 -2577802.4491  931256.6789     280.1177      61.3131
300000496 200000124 400001981 400001982 400001983 400001984 5672228.9398 -2577802.4491 -1330561.6814 5672228.9398 -1330561.6814 -2577802.4491 6114140.2800 -1266279.9131 -1266279.9131  953298.7094     283.3156      56.1777
300000497 200000125 400001985 400001986 400001987 400001988       0.0000 -4504977.3029 -4504977.3029 1346350.7175 -3678298.5650 -5024649.2825 1346350.7175 -5024649.2825 -3678298.5650 1318824.6059     215.6914      60.5533
300000498 200000125 400001989 400001990 400001991 400001992 2600949.8585 -2600949.8585 -5201899.7171 2716603.5278 -4074905.2917 -4074905.2917 1346350.7175 -3678298.5650 -5024649.2825 1330535.5610     213.4113      44.3983
300000499 200000125 400001993 400001994 400001995 400001996 2600949.8585 -5201899.7171 -2600949.8585 1346350.7175 -5024649.2825 -3678298.5650 2716603.5278 -4074905.2917 -4074905.2917 1330535.5610     238.6766      69.3657
300000500 200000125 400001997 400001998 400001999 400002000 1346350.7175 -3678298.5650 -5024649.2825 2716603.5278 -4074905.2917 -4074905.2917 1346350.7175 -5024649.2825 -3678298.5650 1378948.6957     217.6539      54.2324
300000501 200000126 400002001 400002002 400002003 400002004 4504977.3029       0.0000 -4504977.3029 5024649.2825 -1346350.7175 -3678298.5650 3678298.5650 -1346350.7175 -5024649.2825 1318824.6059     213.8263      63.1701
300000502 200000126 400002005 400002006 400002007 400002008 5201899.7171 -2600949.8585 -2600949.8585 4074905.2917 -2716603.5278 -4074905.2917 5024649.2825 -1346350.7175 -3678298.5650 1330535.5610     239.0002      69.7865
300000503 200000126 400002009 400002010 400002011 400002012 2600949.8585 -2600949.8585 -5201899.7171 3678298.5650 -1346350.7175 -5024649.2825 4074905.2917 -2716603.5278 -4074905.2917 1330535.5610     209.9267      52.3954
300000504 200000126 400002013 400002014 400002015 400002016 5024649.2825 -1346350.7175 -3678298.5650 4074905.2917 -2716603.5278 -4074905.2917 3678298.5650 -1346350.7175 -5024649.2825 1378948.6957     217.6966      65.0887
300000505 200000127 400002017 400002018 400002019 400002020 4504977.3029 -4504977.3029       0.0000 3678298.5650 -5024649.2825 -1346350.7175 5024649.2825 -3678298.5650 -1346350.7175 1318824.6059     255.3359      93.7791
300000506 200000127 400002021 400002022 400002023 400002024 2600949.8585 -5201899.7171 -2600949.8585 4074905.2917 -4074905.2917 -2716603.5278 3678298.5650 -5024649.2825 -1346350.7175 1330535.5610     262.2985      80.4494
300000507 200000127 400002025 400002026 400002027 400002028 5201899.7171 -2600949.8585 -2600949.8585 5024649.2825 -3678298.5650 -1346350.7175 4074905.2917 -4074905.2917 -2716603.5278 1330535.5610     268.4513      62.7761
300000508 200000127 400002029 400002030 400002031 400002032 3678298.5650 -5024649.2825 -1346350.7175 4074905.2917 -4074905.2917 -2716603.5278 5024649.2825 -3678298.5650 -1346350.7175 1378948.6957     266.9918      80.1410
300000509 200000128 400002033 400002034 400002035 400002036 2600949.8585 -2600949.8585 -5201899.7171 4074905.2917 -2716603.5278 -4074905.2917 2716603.5278 -4074905.2917 -4074905.2917 1557076.8123     219.1704      55.1576
300000510 200000128 400002037 400002038 400002039 400002040 5201899.7171 -2600949.8585 -2600949.8585 4074905.2917 -4074905.2917 -2716603.5278 4074905.2917 -2716603.5278 -4074905.2917 1557076.8123     248.7647      66.6706
300000511 200000128 400002041 400002042 400002043 400002044 2600949.8585 -5201899.7171 -2600949.8585 2716603.5278 -4074905.2917 -4074905.2917 4074905.2917 -4074905.2917 -2716603.5278 1557076.8123     246.0537      77.1451
300000512 200000128 400002045 400002046 400002047 400002048 4074905.2917 -2716603.5278 -4074905.2917 4074905.2917 -4074905.2917 -2716603.5278 2716603.5278 -4074905.2917 -4074905.2917 1628720.8215     235.9984      65.1995
