400000001 300000001                                               0.0000       0.0000 6371000.0000  624467.2010       0.0000 6340321.8936       0.0000  624467.2010 6340321.8936  195921.5441     209.8315     271.7651
400000002 300000001                                         1242920.4416       0.0000 6248583.0214  627459.2093  627459.2093 6308900.9250  624467.2010       0.0000 6340321.8936  196860.2699     211.1730     258.9152
400000003 300000001                                               0.0000 1242920.4416 6248583.0214       0.0000  624467.2010 6340321.8936  627459.2093  627459.2093 6308900.9250  196860.2699     209.1506     263.3809
400000004 300000001                                          624467.2010       0.0000 6340321.8936  627459.2093  627459.2093 6308900.9250       0.0000  624467.2010 6340321.8936  197817.4310     209.7866     271.0355
400000005 300000002                                         2438076.1476       0.0000 5886036.5016 1869698.6039  639129.1082 6056845.8882 1849403.6788       0.0000 6096666.8789  200521.8161     221.0213     169.3158
400000006 300000002                                         1266279.9131 1266279.9131 6114140.2800 1260914.7366  636326.6289 6212473.2151 1869698.6039  639129.1082 6056845.8882  200560.6406     217.3888     188.7729
400000007 300000002                                         1242920.4416       0.0000 6248583.0214 1849403.6788       0.0000 6096666.8789 1260914.7366  636326.6289 6212473.2151  199642.5528     215.1284     197.6392
400000008 300000002                                         1869698.6039  639129.1082 6056845.8882 1260914.7366  636326.6289 6212473.2151 1849403.6788       0.0000 6096666.8789  201535.9727     217.7322     183.8709
400000009 300000003                                               0.0000 2438076.1476 5886036.5016       0.0000 1849403.6788 6096666.8789  639129.1082 1869698.6039 6056845.8882  200521.8161     211.6547     249.3793
400000010 300000003                                               0.0000 1242920.4416 6248583.0214  636326.6289 1260914.7366 6212473.2151       0.0000 1849403.6788 6096666.8789  199642.5528     210.7010     248.4905
400000011 300000003                                         1266279.9131 1266279.9131 6114140.2800  639129.1082 1869698.6039 6056845.8882  636326.6289 1260914.7366 6212473.2151  200560.6406     212.3926     226.1678
400000012 300000003                                               0.0000 1849403.6788 6096666.8789  636326.6289 1260914.7366 6212473.2151  639129.1082 1869698.6039 6056845.8882  201535.9727     211.7045     242.9292
400000013 300000004                                         1242920.4416       0.0000 6248583.0214 1260914.7366  636326.6289 6212473.2151  627459.2093  627459.2093 6308900.9250  204548.8197     211.3828     234.4053
400000014 300000004                                         1266279.9131 1266279.9131 6114140.2800  636326.6289 1260914.7366 6212473.2151 1260914.7366  636326.6289 6212473.2151  203612.8458     213.9511     202.8270
400000015 300000004                                               0.0000 1242920.4416 6248583.0214  627459.2093  627459.2093 6308900.9250  636326.6289 1260914.7366 6212473.2151  204548.8197     209.7613     248.6918
400000016 300000004                                         1260914.7366  636326.6289 6212473.2151  636326.6289 1260914.7366 6212473.2151  627459.2093  627459.2093 6308900.9250  205583.5447     211.3271     229.6910
400000017 300000005                                         4504977.3029       0.0000 4504977.3029 4126944.5164  678984.1624 4805928.6788 4041719.6134       0.0000 4924849.5984  213029.7505     230.1109     175.6820
400000018 300000005                                         3678298.5650 1346350.7175 5024649.2825 3630292.7893  677162.3725 5191537.9595 4126944.5164  678984.1624 4805928.6788  213259.5913     231.6224     160.1696
400000019 300000005                                         3539537.9546       0.0000 5297292.9000 4041719.6134       0.0000 4924849.5984 3630292.7893  677162.3725 5191537.9595  212458.1628     231.3186     132.3187
400000020 300000005                                         4126944.5164  678984.1624 4805928.6788 3630292.7893  677162.3725 5191537.9595 4041719.6134       0.0000 4924849.5984  214297.3599     230.9294     166.3633
400000021 300000006                                         2600949.8585 2600949.8585 5201899.7171 2604139.2443 1976963.3461 5468063.2517 3166715.9053 1990680.8386 5157396.7439  213953.8407     235.6834     147.0693
400000022 300000006                                         2577802.4491 1330561.6814 5672228.9398 3143878.6287 1345228.8674 5375502.5311 2604139.2443 1976963.3461 5468063.2517  213196.7862     231.9568     137.0705
400000023 300000006                                         3678298.5650 1346350.7175 5024649.2825 3166715.9053 1990680.8386 5157396.7439 3143878.6287 1345228.8674 5375502.5311  213817.3983     233.2925     152.0890
400000024 300000006                                         2604139.2443 1976963.3461 5468063.2517 3143878.6287 1345228.8674 5375502.5311 3166715.9053 1990680.8386 5157396.7439  215042.4187     232.6894     150.5487
400000025 300000007                                         2438076.1476       0.0000 5886036.5016 3003268.6103       0.0000 5618720.3752 2522238.0841  669073.8784 5812081.9155  209920.2574     225.1209     141.9973
400000026 300000007                                         3539537.9546       0.0000 5297292.9000 3085738.1156  671168.2896 5533298.6915 3003268.6103       0.0000 5618720.3752  210577.3796     228.7228     143.7292
400000027 300000007                                         2577802.4491 1330561.6814 5672228.9398 2522238.0841  669073.8784 5812081.9155 3085738.1156  671168.2896 5533298.6915  210758.2000     225.7335     147.4152
400000028 300000007                                         3003268.6103       0.0000 5618720.3752 3085738.1156  671168.2896 5533298.6915 2522238.0841  669073.8784 5812081.9155  211783.6604     222.0747     167.7449
400000029 300000008                                         3678298.5650 1346350.7175 5024649.2825 3143878.6287 1345228.8674 5375502.5311 3630292.7893  677162.3725 5191537.9595  217445.2803     233.3016     129.7894
400000030 300000008                                         2577802.4491 1330561.6814 5672228.9398 3085738.1156  671168.2896 5533298.6915 3143878.6287 1345228.8674 5375502.5311  218077.9738     231.4562     127.2819
400000031 300000008                                         3539537.9546       0.0000 5297292.9000 3630292.7893  677162.3725 5191537.9595 3085738.1156  671168.2896 5533298.6915  218265.1507     233.1367     128.8014
400000032 300000008                                         3143878.6287 1345228.8674 5375502.5311 3085738.1156  671168.2896 5533298.6915 3630292.7893  677162.3725 5191537.9595  219375.9096     233.2132     130.5366
400000033 300000009                                               0.0000 4504977.3029 4504977.3029       0.0000 4041719.6134 4924849.5984  678984.1624 4126944.5164 4805928.6788  213029.7505     234.5577     145.2440
400000034 300000009                                               0.0000 3539537.9546 5297292.9000  677162.3725 3630292.7893 5191537.9595       0.0000 4041719.6134 4924849.5984  212458.1628     225.2001     155.6711
400000035 300000009                                         1346350.7175 3678298.5650 5024649.2825  678984.1624 4126944.5164 4805928.6788  677162.3725 3630292.7893 5191537.9595  213259.5913     241.5055     128.0123
400000036 300000009                                               0.0000 4041719.6134 4924849.5984  677162.3725 3630292.7893 5191537.9595  678984.1624 4126944.5164 4805928.6788  214297.3599     231.6515     146.0008
400000037 300000010                                               0.0000 2438076.1476 5886036.5016  669073.8784 2522238.0841 5812081.9155       0.0000 3003268.6103 5618720.3752  209920.2574     214.0588     186.4765
400000038 300000010                                         1330561.6814 2577802.4491 5672228.9398  671168.2896 3085738.1156 5533298.6915  669073.8784 2522238.0841 5812081.9155  210758.2000     219.2344     167.6349
400000039 300000010                                               0.0000 3539537.9546 5297292.9000       0.0000 3003268.6103 5618720.3752  671168.2896 3085738.1156 5533298.6915  210577.3796     218.5249     163.0612
400000040 300000010                                          669073.8784 2522238.0841 5812081.9155  671168.2896 3085738.1156 5533298.6915       0.0000 3003268.6103 5618720.3752  211783.6604     216.8118     172.3694
400000041 300000011                                         2600949.8585 2600949.8585 5201899.7171 1990680.8386 3166715.9053 5157396.7439 1976963.3461 2604139.2443 5468063.2517  213953.8407     238.4811     136.9711
400000042 300000011                                         1346350.7175 3678298.5650 5024649.2825 1345228.8674 3143878.6287 5375502.5311 1990680.8386 3166715.9053 5157396.7439  213817.3983     237.6562     132.6825
400000043 300000011                                         1330561.6814 2577802.4491 5672228.9398 1976963.3461 2604139.2443 5468063.2517 1345228.8674 3143878.6287 5375502.5311  213196.7862     226.9396     142.4554
400000044 300000011                                         1990680.8386 3166715.9053 5157396.7439 1345228.8674 3143878.6287 5375502.5311 1976963.3461 2604139.2443 5468063.2517  215042.4187     232.9562     141.8709
400000045 300000012                                               0.0000 3539537.9546 5297292.9000  671168.2896 3085738.1156 5533298.6915  677162.3725 3630292.7893 5191537.9595  218265.1507     224.9516     152.3173
400000046 300000012                                         1330561.6814 2577802.4491 5672228.9398 1345228.8674 3143878.6287 5375502.5311  671168.2896 3085738.1156 5533298.6915  218077.9738     224.7900     144.8184
400000047 300000012                                         1346350.7175 3678298.5650 5024649.2825  677162.3725 3630292.7893 5191537.9595 1345228.8674 3143878.6287 5375502.5311  217445.2803     235.3092     134.1979
400000048 300000012                                          671168.2896 3085738.1156 5533298.6915 1345228.8674 3143878.6287 5375502.5311  677162.3725 3630292.7893 5191537.9595  219375.9096     227.0407     145.0472
400000049 300000013                                         2438076.1476       0.0000 5886036.5016 2522238.0841  669073.8784 5812081.9155 1869698.6039  639129.1082 6056845.8882  232651.5371     223.3121     149.5018
400000050 300000013                                         2577802.4491 1330561.6814 5672228.9398 1933504.7432 1306164.9224 5928333.1219 2522238.0841  669073.8784 5812081.9155  231845.9895     224.3526     150.8320
400000051 300000013                                         1266279.9131 1266279.9131 6114140.2800 1869698.6039  639129.1082 6056845.8882 1933504.7432 1306164.9224 5928333.1219  232712.3450     219.2946     174.6583
400000052 300000013                                         2522238.0841  669073.8784 5812081.9155 1933504.7432 1306164.9224 5928333.1219 1869698.6039  639129.1082 6056845.8882  234046.8072     218.8368     181.6203
400000053 300000014                                         2600949.8585 2600949.8585 5201899.7171 1976963.3461 2604139.2443 5468063.2517 2604139.2443 1976963.3461 5468063.2517  228300.1373     235.7071     139.7230
400000054 300000014                                         1330561.6814 2577802.4491 5672228.9398 1973179.1775 1973179.1775 5727370.1528 1976963.3461 2604139.2443 5468063.2517  229212.6770     226.6694     146.7077
400000055 300000014                                         2577802.4491 1330561.6814 5672228.9398 2604139.2443 1976963.3461 5468063.2517 1973179.1775 1973179.1775 5727370.1528  229212.6770     229.9258     142.8752
400000056 300000014                                         1976963.3461 2604139.2443 5468063.2517 1973179.1775 1973179.1775 5727370.1528 2604139.2443 1976963.3461 5468063.2517  230526.8451     231.7081     141.7773
400000057 300000015                                               0.0000 2438076.1476 5886036.5016  639129.1082 1869698.6039 6056845.8882  669073.8784 2522238.0841 5812081.9155  232651.5371     212.6523     239.1642
400000058 300000015                                         1266279.9131 1266279.9131 6114140.2800 1306164.9224 1933504.7432 5928333.1219  639129.1082 1869698.6039 6056845.8882  232712.3450     215.1337     215.4882
400000059 300000015                                         1330561.6814 2577802.4491 5672228.9398  669073.8784 2522238.0841 5812081.9155 1306164.9224 1933504.7432 5928333.1219  231845.9895     216.5609     190.9428
400000060 300000015                                          639129.1082 1869698.6039 6056845.8882 1306164.9224 1933504.7432 5928333.1219  669073.8784 2522238.0841 5812081.9155  234046.8072     214.0686     233.1011
400000061 300000016                                         2577802.4491 1330561.6814 5672228.9398 1973179.1775 1973179.1775 5727370.1528 1933504.7432 1306164.9224 5928333.1219  238189.0310     224.7377     150.2041
400000062 300000016                                         1330561.6814 2577802.4491 5672228.9398 1306164.9224 1933504.7432 5928333.1219 1973179.1775 1973179.1775 5727370.1528  238189.0310     221.6052     166.7613
400000063 300000016                                         1266279.9131 1266279.9131 6114140.2800 1933504.7432 1306164.9224 5928333.1219 1306164.9224 1933504.7432 5928333.1219  237302.7613     218.3030     172.0360
400000064 300000016                                         1973179.1775 1973179.1775 5727370.1528 1306164.9224 1933504.7432 5928333.1219 1933504.7432 1306164.9224 5928333.1219  239617.8861     220.8464     170.7283
400000065 300000017                                         6371000.0000       0.0000       0.0000 6340321.8936  624467.2010       0.0000 6340321.8936       0.0000  624467.2010  195921.5441     227.6549     106.1577
400000066 300000017                                         6248583.0214 1242920.4416       0.0000 6308900.9250  627459.2093  627459.2093 6340321.8936  624467.2010       0.0000  196860.2699     218.9243     128.8443
400000067 300000017                                         6248583.0214       0.0000 1242920.4416 6340321.8936       0.0000  624467.2010 6308900.9250  627459.2093  627459.2093  196860.2699     220.7612     127.5854
400000068 300000017                                         6340321.8936  624467.2010       0.0000 6308900.9250  627459.2093  627459.2093 6340321.8936       0.0000  624467.2010  197817.4310     219.0136     120.8005
400000069 300000018                                         5886036.5016 2438076.1476       0.0000 6056845.8882 1869698.6039  639129.1082 6096666.8789 1849403.6788       0.0000  200521.8161     219.0210     121.4522
400000070 300000018                                         6114140.2800 1266279.9131 1266279.9131 6212473.2151 1260914.7366  636326.6289 6056845.8882 1869698.6039  639129.1082  200560.6406     216.3757     123.6816
400000071 300000018                                         6248583.0214 1242920.4416       0.0000 6096666.8789 1849403.6788       0.0000 6212473.2151 1260914.7366  636326.6289  199642.5528     219.5095     129.6716
400000072 300000018                                         6056845.8882 1869698.6039  639129.1082 6212473.2151 1260914.7366  636326.6289 6096666.8789 1849403.6788       0.0000  201535.9727     220.1978     123.5855
400000073 300000019                                         5886036.5016       0.0000 2438076.1476 6096666.8789       0.0000 1849403.6788 6056845.8882  639129.1082 1869698.6039  200521.8161     287.3092     146.9007
400000074 300000019                                         6248583.0214       0.0000 1242920.4416 6212473.2151  636326.6289 1260914.7366 6096666.8789       0.0000 1849403.6788  199642.5528     251.6423     131.7689
400000075 300000019                                         6114140.2800 1266279.9131 1266279.9131 6056845.8882  639129.1082 1869698.6039 6212473.2151  636326.6289 1260914.7366  200560.6406     256.7337     141.2952
400000076 300000019                                         6096666.8789       0.0000 1849403.6788 6212473.2151  636326.6289 1260914.7366 6056845.8882  639129.1082 1869698.6039  201535.9727     272.8267     140.4514
400000077 300000020                                         6248583.0214 1242920.4416       0.0000 6212473.2151 1260914.7366  636326.6289 6308900.9250  627459.2093  627459.2093  204548.8197     208.2664     139.5606
400000078 300000020                                         6114140.2800 1266279.9131 1266279.9131 6212473.2151  636326.6289 1260914.7366 6212473.2151 1260914.7366  636326.6289  203612.8458     220.0776     128.8849
400000079 300000020                                         6248583.0214       0.0000 1242920.4416 6308900.9250  627459.2093  627459.2093 6212473.2151  636326.6289 1260914.7366  204548.8197     224.3652     126.6566
400000080 300000020                                         6212473.2151 1260914.7366  636326.6289 6212473.2151  636326.6289 1260914.7366 6308900.9250  627459.2093  627459.2093  205583.5447     211.2048     134.2025
400000081 300000021                                         4504977.3029 4504977.3029       0.0000 4805928.6788 4126944.5164  678984.1624 4924849.5984 4041719.6134       0.0000  213029.7505     266.2262     113.7087
400000082 300000021                                         5024649.2825 3678298.5650 1346350.7175 5191537.9595 3630292.7893  677162.3725 4805928.6788 4126944.5164  678984.1624  213259.5913     232.4605     123.6054
400000083 300000021                                         5297292.9000 3539537.9546       0.0000 4924849.5984 4041719.6134       0.0000 5191537.9595 3630292.7893  677162.3725  212458.1628     256.2820      96.8548
400000084 300000021                                         4805928.6788 4126944.5164  678984.1624 5191537.9595 3630292.7893  677162.3725 4924849.5984 4041719.6134       0.0000  214297.3599     259.3142     119.6892
400000085 300000022                                         5201899.7171 2600949.8585 2600949.8585 5468063.2517 2604139.2443 1976963.3461 5157396.7439 3166715.9053 1990680.8386  213953.8407     298.9007     156.6687
400000086 300000022                                         5672228.9398 2577802.4491 1330561.6814 5375502.5311 3143878.6287 1345228.8674 5468063.2517 2604139.2443 1976963.3461  213196.7862     286.2278     137.5959
400000087 300000022                                         5024649.2825 3678298.5650 1346350.7175 5157396.7439 3166715.9053 1990680.8386 5375502.5311 3143878.6287 1345228.8674  213817.3983     284.6295     114.2559
400000088 300000022                                         5468063.2517 2604139.2443 1976963.3461 5375502.5311 3143878.6287 1345228.8674 5157396.7439 3166715.9053 1990680.8386  215042.4187     295.7195     146.1934
400000089 300000023                                         5886036.5016 2438076.1476       0.0000 5618720.3752 3003268.6103       0.0000 5812081.9155 2522238.0841  669073.8784  209920.2574     213.9786     124.5758
400000090 300000023                                         5297292.9000 3539537.9546       0.0000 5533298.6915 3085738.1156  671168.2896 5618720.3752 3003268.6103       0.0000  210577.3796     215.7171     120.9805
400000091 300000023                                         5672228.9398 2577802.4491 1330561.6814 5812081.9155 2522238.0841  669073.8784 5533298.6915 3085738.1156  671168.2896  210758.2000     227.1429     115.7479
400000092 300000023                                         5618720.3752 3003268.6103       0.0000 5533298.6915 3085738.1156  671168.2896 5812081.9155 2522238.0841  669073.8784  211783.6604     211.4925     119.3733
400000093 300000024                                         5024649.2825 3678298.5650 1346350.7175 5375502.5311 3143878.6287 1345228.8674 5191537.9595 3630292.7893  677162.3725  217445.2803     242.6834     126.2889
400000094 300000024                                         5672228.9398 2577802.4491 1330561.6814 5533298.6915 3085738.1156  671168.2896 5375502.5311 3143878.6287 1345228.8674  218077.9738     247.2743     120.1375
400000095 300000024                                         5297292.9000 3539537.9546       0.0000 5191537.9595 3630292.7893  677162.3725 5533298.6915 3085738.1156  671168.2896  218265.1507     230.0034     114.4713
400000096 300000024                                         5375502.5311 3143878.6287 1345228.8674 5533298.6915 3085738.1156  671168.2896 5191537.9595 3630292.7893  677162.3725  219375.9096     234.3688     128.4501
400000097 300000025                                         4504977.3029       0.0000 4504977.3029 4924849.5984       0.0000 4041719.6134 4805928.6788  678984.1624 4126944.5164  213029.7505     239.6690     117.5609
400000098 300000025                                         5297292.9000       0.0000 3539537.9546 5191537.9595  677162.3725 3630292.7893 4924849.5984       0.0000 4041719.6134  212458.1628     251.9702     125.7745
400000099 300000025                                         5024649.2825 1346350.7175 3678298.5650 4805928.6788  678984.1624 4126944.5164 5191537.9595  677162.3725 3630292.7893  213259.5913     252.9679     100.2184
400000100 300000025                                         4924849.5984       0.0000 4041719.6134 5191537.9595  677162.3725 3630292.7893 4805928.6788  678984.1624 4126944.5164  214297.3599     247.1089      98.6653
400000101 300000026                                         5886036.5016       0.0000 2438076.1476 5812081.9155  669073.8784 2522238.0841 5618720.3752       0.0000 3003268.6103  209920.2574     288.4837     142.0804
400000102 300000026                                         5672228.9398 1330561.6814 2577802.4491 5533298.6915  671168.2896 3085738.1156 5812081.9155  669073.8784 2522238.0841  210758.2000     278.6204     143.3461
400000103 300000026                                         5297292.9000       0.0000 3539537.9546 5618720.3752       0.0000 3003268.6103 5533298.6915  671168.2896 3085738.1156  210577.3796     275.6140     160.8421
400000104 300000026                                         5812081.9155  669073.8784 2522238.0841 5533298.6915  671168.2896 3085738.1156 5618720.3752       0.0000 3003268.6103  211783.6604     282.5581     141.3896
400000105 300000027                                         5201899.7171 2600949.8585 2600949.8585 5157396.7439 1990680.8386 3166715.9053 5468063.2517 1976963.3461 2604139.2443  213953.8407     283.4589     165.6558
400000106 300000027                                         5024649.2825 1346350.7175 3678298.5650 5375502.5311 1345228.8674 3143878.6287 5157396.7439 1990680.8386 3166715.9053  213817.3983     264.4190     114.8704
400000107 300000027                                         5672228.9398 1330561.6814 2577802.4491 5468063.2517 1976963.3461 2604139.2443 5375502.5311 1345228.8674 3143878.6287  213196.7862     279.1727     153.9038
400000108 300000027                                         5157396.7439 1990680.8386 3166715.9053 5375502.5311 1345228.8674 3143878.6287 5468063.2517 1976963.3461 2604139.2443  215042.4187     276.6064     153.8308
400000109 300000028                                         5297292.9000       0.0000 3539537.9546 5533298.6915  671168.2896 3085738.1156 5191537.9595  677162.3725 3630292.7893  218265.1507     269.0687     161.7985
400000110 300000028                                         5672228.9398 1330561.6814 2577802.4491 5375502.5311 1345228.8674 3143878.6287 5533298.6915  671168.2896 3085738.1156  218077.9738     277.1347     155.5374
400000111 300000028                                         5024649.2825 1346350.7175 3678298.5650 5191537.9595  677162.3725 3630292.7893 5375502.5311 1345228.8674 3143878.6287  217445.2803     263.2918     119.2692
400000112 300000028                                         5533298.6915  671168.2896 3085738.1156 5375502.5311 1345228.8674 3143878.6287 5191537.9595  677162.3725 3630292.7893  219375.9096     272.1257     165.4156
400000113 300000029                                         5886036.5016 2438076.1476       0.0000 5812081.9155 2522238.0841  669073.8784 6056845.8882 1869698.6039  639129.1082  232651.5371     218.3427     123.7988
400000114 300000029                                         5672228.9398 2577802.4491 1330561.6814 5928333.1219 1933504.7432 1306164.9224 5812081.9155 2522238.0841  669073.8784  231845.9895     242.1496     114.1863
400000115 300000029                                         6114140.2800 1266279.9131 1266279.9131 6056845.8882 1869698.6039  639129.1082 5928333.1219 1933504.7432 1306164.9224  232712.3450     238.3460     121.9133
400000116 300000029                                         5812081.9155 2522238.0841  669073.8784 5928333.1219 1933504.7432 1306164.9224 6056845.8882 1869698.6039  639129.1082  234046.8072     228.4708     116.5601
400000117 300000030                                         5201899.7171 2600949.8585 2600949.8585 5468063.2517 1976963.3461 2604139.2443 5468063.2517 2604139.2443 1976963.3461  228300.1373     292.3513     161.3137
400000118 300000030                                         5672228.9398 1330561.6814 2577802.4491 5727370.1528 1973179.1775 1973179.1775 5468063.2517 1976963.3461 2604139.2443  229212.6770     288.2368     134.2345
400000119 300000030                                         5672228.9398 2577802.4491 1330561.6814 5468063.2517 2604139.2443 1976963.3461 5727370.1528 1973179.1775 1973179.1775  229212.6770     294.2495     146.0559
400000120 300000030                                         5468063.2517 1976963.3461 2604139.2443 5727370.1528 1973179.1775 1973179.1775 5468063.2517 2604139.2443 1976963.3461  230526.8451     294.8163     152.0824
400000121 300000031                                         5886036.5016       0.0000 2438076.1476 6056845.8882  639129.1082 1869698.6039 5812081.9155  669073.8784 2522238.0841  232651.5371     288.2987     150.6722
400000122 300000031                                         6114140.2800 1266279.9131 1266279.9131 5928333.1219 1306164.9224 1933504.7432 6056845.8882  639129.1082 1869698.6039  232712.3450     282.9932     155.5108
400000123 300000031                                         5672228.9398 1330561.6814 2577802.4491 5812081.9155  669073.8784 2522238.0841 5928333.1219 1306164.9224 1933504.7432  231845.9895     287.9620     158.7422
400000124 300000031                                         6056845.8882  639129.1082 1869698.6039 5928333.1219 1306164.9224 1933504.7432 5812081.9155  669073.8784 2522238.0841  234046.8072     290.8561     148.5259
400000125 300000032                                         5672228.9398 2577802.4491 1330561.6814 5727370.1528 1973179.1775 1973179.1775 5928333.1219 1933504.7432 1306164.9224  238189.0310     284.0673     135.9823
400000126 300000032                                         5672228.9398 1330561.6814 2577802.4491 5928333.1219 1306164.9224 1933504.7432 5727370.1528 1973179.1775 1973179.1775  238189.0310     294.3099     156.8550
400000127 300000032                                         6114140.2800 1266279.9131 1266279.9131 5928333.1219 1933504.7432 1306164.9224 5928333.1219 1306164.9224 1933504.7432  237302.7613     275.7244     146.7046
400000128 300000032                                         5727370.1528 1973179.1775 1973179.1775 5928333.1219 1306164.9224 1933504.7432 5928333.1219 1933504.7432 1306164.9224  239617.8861     291.9267     160.2882
400000129 300000033                                               0.0000 6371000.0000       0.0000       0.0000 6340321.8936  624467.2010  624467.2010 6340321.8936       0.0000  195921.5441     227.9139      94.7600
400000130 300000033                                               0.0000 6248583.0214 1242920.4416  627459.2093 6308900.9250  627459.2093       0.0000 6340321.8936  624467.2010  196860.2699     221.7680     106.2554
400000131 300000033                                         1242920.4416 6248583.0214       0.0000  624467.2010 6340321.8936       0.0000  627459.2093 6308900.9250  627459.2093  196860.2699     233.6489      88.9760
400000132 300000033                                               0.0000 6340321.8936  624467.2010  627459.2093 6308900.9250  627459.2093  624467.2010 6340321.8936       0.0000  197817.4310     227.0206      98.5465
400000133 300000034                                               0.0000 5886036.5016 2438076.1476  639129.1082 6056845.8882 1869698.6039       0.0000 6096666.8789 1849403.6788  200521.8161     252.0909      96.2664
400000134 300000034                                         1266279.9131 6114140.2800 1266279.9131  636326.6289 6212473.2151 1260914.7366  639129.1082 6056845.8882 1869698.6039  200560.6406     253.2134      85.8571
400000135 300000034                                               0.0000 6248583.0214 1242920.4416       0.0000 6096666.8789 1849403.6788  636326.6289 6212473.2151 1260914.7366  199642.5528     231.4582      99.3870
400000136 300000034                                          639129.1082 6056845.8882 1869698.6039  636326.6289 6212473.2151 1260914.7366       0.0000 6096666.8789 1849403.6788  201535.9727     246.5366      91.9916
400000137 300000035                                         2438076.1476 5886036.5016       0.0000 1849403.6788 6096666.8789       0.0000 1869698.6039 6056845.8882  639129.1082  200521.8161     231.0252      96.3657
400000138 300000035                                         1242920.4416 6248583.0214       0.0000 1260914.7366 6212473.2151  636326.6289 1849403.6788 6096666.8789       0.0000  199642.5528     233.6587      91.9700
400000139 300000035                                         1266279.9131 6114140.2800 1266279.9131 1869698.6039 6056845.8882  639129.1082 1260914.7366 6212473.2151  636326.6289  200560.6406     233.3411     104.5320
400000140 300000035                                         1849403.6788 6096666.8789       0.0000 1260914.7366 6212473.2151  636326.6289 1869698.6039 6056845.8882  639129.1082  201535.9727     230.1955      98.5781
400000141 300000036                                               0.0000 6248583.0214 1242920.4416  636326.6289 6212473.2151 1260914.7366  627459.2093 6308900.9250  627459.2093  204548.8197     230.0074      96.3648
400000142 300000036                                         1266279.9131 6114140.2800 1266279.9131 1260914.7366 6212473.2151  636326.6289  636326.6289 6212473.2151 1260914.7366  203612.8458     245.1872      88.2866
400000143 300000036                                         1242920.4416 6248583.0214       0.0000  627459.2093 6308900.9250  627459.2093 1260914.7366 6212473.2151  636326.6289  204548.8197     233.7512      90.8130
400000144 300000036                                          636326.6289 6212473.2151 1260914.7366 1260914.7366 6212473.2151  636326.6289  627459.2093 6308900.9250  627459.2093  205583.5447     239.1005      90.2257
400000145 300000037                                               0.0000 4504977.3029 4504977.3029  678984.1624 4805928.6788 4126944.5164       0.0000 4924849.5984 4041719.6134  213029.7505     248.4100     142.4460
400000146 300000037                                         1346350.7175 5024649.2825 3678298.5650  677162.3725 5191537.9595 3630292.7893  678984.1624 4805928.6788 4126944.5164  213259.5913     227.1313     169.2422
400000147 300000037                                               0.0000 5297292.9000 3539537.9546       0.0000 4924849.5984 4041719.6134  677162.3725 5191537.9595 3630292.7893  212458.1628     213.9012     169.0323
400000148 300000037                                          678984.1624 4805928.6788 4126944.5164  677162.3725 5191537.9595 3630292.7893       0.0000 4924849.5984 4041719.6134  214297.3599     240.7879     154.4631
400000149 300000038                                         2600949.8585 5201899.7171 2600949.8585 1976963.3461 5468063.2517 2604139.2443 1990680.8386 5157396.7439 3166715.9053  213953.8407     307.0935      97.4091
400000150 300000038                                         1330561.6814 5672228.9398 2577802.4491 1345228.8674 5375502.5311 3143878.6287 1976963.3461 5468063.2517 2604139.2443  213196.7862     305.9072     106.9262
400000151 300000038                                         1346350.7175 5024649.2825 3678298.5650 1990680.8386 5157396.7439 3166715.9053 1345228.8674 5375502.5311 3143878.6287  213817.3983     280.5911     108.7135
400000152 300000038                                         1976963.3461 5468063.2517 2604139.2443 1345228.8674 5375502.5311 3143878.6287 1990680.8386 5157396.7439 3166715.9053  215042.4187     304.7633     113.5595
400000153 300000039                                               0.0000 5886036.5016 2438076.1476       0.0000 5618720.3752 3003268.6103  669073.8784 5812081.9155 2522238.0841  209920.2574     262.6807     127.2732
400000154 300000039                                               0.0000 5297292.9000 3539537.9546  671168.2896 5533298.6915 3085738.1156       0.0000 5618720.3752 3003268.6103  210577.3796     232.4330     149.0037
400000155 300000039                                         1330561.6814 5672228.9398 2577802.4491  669073.8784 5812081.9155 2522238.0841  671168.2896 5533298.6915 3085738.1156  210758.2000     293.2247     109.1843
400000156 300000039                                               0.0000 5618720.3752 3003268.6103  671168.2896 5533298.6915 3085738.1156  669073.8784 5812081.9155 2522238.0841  211783.6604     266.5029     132.7056
400000157 300000040                                         1346350.7175 5024649.2825 3678298.5650 1345228.8674 5375502.5311 3143878.6287  677162.3725 5191537.9595 3630292.7893  217445.2803     232.4376     157.2692
400000158 300000040                                         1330561.6814 5672228.9398 2577802.4491  671168.2896 5533298.6915 3085738.1156 1345228.8674 5375502.5311 3143878.6287  218077.9738     291.1818     109.1787
400000159 300000040                                               0.0000 5297292.9000 3539537.9546  677162.3725 5191537.9595 3630292.7893  671168.2896 5533298.6915 3085738.1156  218265.1507     225.0998     155.4841
400000160 300000040                                         1345228.8674 5375502.5311 3143878.6287  671168.2896 5533298.6915 3085738.1156  677162.3725 5191537.9595 3630292.7893  219375.9096     242.7750     140.7113
400000161 300000041                                         4504977.3029 4504977.3029       0.0000 4041719.6134 4924849.5984       0.0000 4126944.5164 4805928.6788  678984.1624  213029.7505     267.3810      58.4820
400000162 300000041                                         3539537.9546 5297292.9000       0.0000 3630292.7893 5191537.9595  677162.3725 4041719.6134 4924849.5984       0.0000  212458.1628     253.3734      70.8539
400000163 300000041                                         3678298.5650 5024649.2825 1346350.7175 4126944.5164 4805928.6788  678984.1624 3630292.7893 5191537.9595  677162.3725  213259.5913     259.5128      77.4932
400000164 300000041                                         4041719.6134 4924849.5984       0.0000 3630292.7893 5191537.9595  677162.3725 4126944.5164 4805928.6788  678984.1624  214297.3599     257.5027      67.9622
400000165 300000042                                         2438076.1476 5886036.5016       0.0000 2522238.0841 5812081.9155  669073.8784 3003268.6103 5618720.3752       0.0000  209920.2574     234.2229      90.8683
400000166 300000042                                         2577802.4491 5672228.9398 1330561.6814 3085738.1156 5533298.6915  671168.2896 2522238.0841 5812081.9155  669073.8784  210758.2000     240.2406      96.4321
400000167 300000042                                         3539537.9546 5297292.9000       0.0000 3003268.6103 5618720.3752       0.0000 3085738.1156 5533298.6915  671168.2896  210577.3796     241.3051      85.9382
400000168 300000042                                         2522238.0841 5812081.9155  669073.8784 3085738.1156 5533298.6915  671168.2896 3003268.6103 5618720.3752       0.0000  211783.6604     232.8462      98.1385
400000169 300000043                                         2600949.8585 5201899.7171 2600949.8585 3166715.9053 5157396.7439 1990680.8386 2604139.2443 5468063.2517 1976963.3461  213953.8407     302.4069      53.8604
400000170 300000043                                         3678298.5650 5024649.2825 1346350.7175 3143878.6287 5375502.5311 1345228.8674 3166715.9053 5157396.7439 1990680.8386  213817.3983     282.1258      66.0895
400000171 300000043                                         2577802.4491 5672228.9398 1330561.6814 2604139.2443 5468063.2517 1976963.3461 3143878.6287 5375502.5311 1345228.8674  213196.7862     279.6504      65.5261
400000172 300000043                                         3166715.9053 5157396.7439 1990680.8386 3143878.6287 5375502.5311 1345228.8674 2604139.2443 5468063.2517 1976963.3461  215042.4187     290.8104      59.5640
400000173 300000044                                         3539537.9546 5297292.9000       0.0000 3085738.1156 5533298.6915  671168.2896 3630292.7893 5191537.9595  677162.3725  218265.1507     239.9079      88.1196
400000174 300000044                                         2577802.4491 5672228.9398 1330561.6814 3143878.6287 5375502.5311 1345228.8674 3085738.1156 5533298.6915  671168.2896  218077.9738     251.8585      89.5908
400000175 300000044                                         3678298.5650 5024649.2825 1346350.7175 3630292.7893 5191537.9595  677162.3725 3143878.6287 5375502.5311 1345228.8674  217445.2803     261.1466      78.9440
400000176 300000044                                         3085738.1156 5533298.6915  671168.2896 3143878.6287 5375502.5311 1345228.8674 3630292.7893 5191537.9595  677162.3725  219375.9096     245.7700      89.2516
400000177 300000045                                               0.0000 5886036.5016 2438076.1476  669073.8784 5812081.9155 2522238.0841  639129.1082 6056845.8882 1869698.6039  232651.5371     258.1801     105.6722
400000178 300000045                                         1330561.6814 5672228.9398 2577802.4491 1306164.9224 5928333.1219 1933504.7432  669073.8784 5812081.9155 2522238.0841  231845.9895     288.8996     100.2556
400000179 300000045                                         1266279.9131 6114140.2800 1266279.9131  639129.1082 6056845.8882 1869698.6039 1306164.9224 5928333.1219 1933504.7432  232712.3450     259.1278     103.7884
400000180 300000045                                          669073.8784 5812081.9155 2522238.0841 1306164.9224 5928333.1219 1933504.7432  639129.1082 6056845.8882 1869698.6039  234046.8072     266.9919     107.7339
400000181 300000046                                         2600949.8585 5201899.7171 2600949.8585 2604139.2443 5468063.2517 1976963.3461 1976963.3461 5468063.2517 2604139.2443  228300.1373     304.6722      59.9593
400000182 300000046                                         2577802.4491 5672228.9398 1330561.6814 1973179.1775 5727370.1528 1973179.1775 2604139.2443 5468063.2517 1976963.3461  229212.6770     289.0823      59.6208
400000183 300000046                                         1330561.6814 5672228.9398 2577802.4491 1976963.3461 5468063.2517 2604139.2443 1973179.1775 5727370.1528 1973179.1775  229212.6770     309.7721      82.7404
400000184 300000046                                         2604139.2443 5468063.2517 1976963.3461 1973179.1775 5727370.1528 1973179.1775 1976963.3461 5468063.2517 2604139.2443  230526.8451     303.6199      60.5831
400000185 300000047                                         2438076.1476 5886036.5016       0.0000 1869698.6039 6056845.8882  639129.1082 2522238.0841 5812081.9155  669073.8784  232651.5371     227.3490     102.7524
400000186 300000047                                         1266279.9131 6114140.2800 1266279.9131 1933504.7432 5928333.1219 1306164.9224 1869698.6039 6056845.8882  639129.1082  232712.3450     232.5744     107.3720
400000187 300000047                                         2577802.4491 5672228.9398 1330561.6814 2522238.0841 5812081.9155  669073.8784 1933504.7432 5928333.1219 1306164.9224  231845.9895     250.0868      88.2568
400000188 300000047                                         1869698.6039 6056845.8882  639129.1082 1933504.7432 5928333.1219 1306164.9224 2522238.0841 5812081.9155  669073.8784  234046.8072     233.7821     102.3571
400000189 300000048                                         1330561.6814 5672228.9398 2577802.4491 1973179.1775 5727370.1528 1973179.1775 1306164.9224 5928333.1219 1933504.7432  238189.0310     295.5312      85.0258
400000190 300000048                                         2577802.4491 5672228.9398 1330561.6814 1933504.7432 5928333.1219 1306164.9224 1973179.1775 5727370.1528 1973179.1775  238189.0310     273.2021      70.9947
400000191 300000048                                         1266279.9131 6114140.2800 1266279.9131 1306164.9224 5928333.1219 1933504.7432 1933504.7432 5928333.1219 1306164.9224  237302.7613     248.1560     109.1685
400000192 300000048                                         1973179.1775 5727370.1528 1973179.1775 1933504.7432 5928333.1219 1306164.9224 1306164.9224 5928333.1219 1933504.7432  239617.8861     270.9102      84.7386
400000193 300000049                                         4504977.3029       0.0000 4504977.3029 4805928.6788  678984.1624 4126944.5164 4126944.5164  678984.1624 4805928.6788  328324.9483     232.3396     147.1353
400000194 300000049                                         5024649.2825 1346350.7175 3678298.5650 4400885.2099 1361638.6226 4400885.2099 4805928.6788  678984.1624 4126944.5164  329212.3599     249.5093      96.4545
400000195 300000049                                         3678298.5650 1346350.7175 5024649.2825 4126944.5164  678984.1624 4805928.6788 4400885.2099 1361638.6226 4400885.2099  329212.3599     230.0923     160.8736
400000196 300000049                                         4805928.6788  678984.1624 4126944.5164 4400885.2099 1361638.6226 4400885.2099 4126944.5164  678984.1624 4805928.6788  332074.9378     236.3232     131.4242
400000197 300000050                                         5201899.7171 2600949.8585 2600949.8585 4688572.4479 2687534.5848 3374031.3064 5157396.7439 1990680.8386 3166715.9053  331958.1435     281.0119     162.9403
400000198 300000050                                         4074905.2917 2716603.5278 4074905.2917 4591494.5659 2050103.9020 3912146.8074 4688572.4479 2687534.5848 3374031.3064  332135.9111     257.1710      95.3823
400000199 300000050                                         5024649.2825 1346350.7175 3678298.5650 5157396.7439 1990680.8386 3166715.9053 4591494.5659 2050103.9020 3912146.8074  331417.2039     261.2768      86.0881
400000200 300000050                                         4688572.4479 2687534.5848 3374031.3064 4591494.5659 2050103.9020 3912146.8074 5157396.7439 1990680.8386 3166715.9053  335024.3025     266.5056      93.7559
400000201 300000051                                         2600949.8585 2600949.8585 5201899.7171 3166715.9053 1990680.8386 5157396.7439 3374031.3064 2687534.5848 4688572.4479  331958.1435     243.0979     136.5419
400000202 300000051                                         3678298.5650 1346350.7175 5024649.2825 3912146.8074 2050103.9020 4591494.5659 3166715.9053 1990680.8386 5157396.7439  331417.2039     235.1099     150.4271
400000203 300000051                                         4074905.2917 2716603.5278 4074905.2917 3374031.3064 2687534.5848 4688572.4479 3912146.8074 2050103.9020 4591494.5659  332135.9111     245.5158     110.0557
400000204 300000051                                         3166715.9053 1990680.8386 5157396.7439 3912146.8074 2050103.9020 4591494.5659 3374031.3064 2687534.5848 4688572.4479  335024.3025     243.2556     132.4443
400000205 300000052                                         5024649.2825 1346350.7175 3678298.5650 4591494.5659 2050103.9020 3912146.8074 4400885.2099 1361638.6226 4400885.2099  344128.0612     250.3285      96.3634
400000206 300000052                                         4074905.2917 2716603.5278 4074905.2917 3912146.8074 2050103.9020 4591494.5659 4591494.5659 2050103.9020 3912146.8074  343384.2298     245.1206     119.1373
400000207 300000052                                         3678298.5650 1346350.7175 5024649.2825 4400885.2099 1361638.6226 4400885.2099 3912146.8074 2050103.9020 4591494.5659  344128.0612     232.6626     155.3703
400000208 300000052                                         4591494.5659 2050103.9020 3912146.8074 3912146.8074 2050103.9020 4591494.5659 4400885.2099 1361638.6226 4400885.2099  347308.3434     236.8802     141.8643
400000209 300000053                                         4504977.3029 4504977.3029       0.0000 4126944.5164 4805928.6788  678984.1624 4805928.6788 4126944.5164  678984.1624  328324.9483     265.4402     107.2761
400000210 300000053                                         3678298.5650 5024649.2825 1346350.7175 4400885.2099 4400885.2099 1361638.6226 4126944.5164 4805928.6788  678984.1624  329212.3599     271.3089      92.9030
400000211 300000053                                         5024649.2825 3678298.5650 1346350.7175 4805928.6788 4126944.5164  678984.1624 4400885.2099 4400885.2099 1361638.6226  329212.3599     262.1183      97.5287
400000212 300000053                                         4126944.5164 4805928.6788  678984.1624 4400885.2099 4400885.2099 1361638.6226 4805928.6788 4126944.5164  678984.1624  332074.9378     263.8448     112.1211
400000213 300000054                                         2600949.8585 5201899.7171 2600949.8585 3374031.3064 4688572.4479 2687534.5848 3166715.9053 5157396.7439 1990680.8386  331958.1435     306.8413      82.4447
400000214 300000054                                         4074905.2917 4074905.2917 2716603.5278 3912146.8074 4591494.5659 2050103.9020 3374031.3064 4688572.4479 2687534.5848  332135.9111     300.7452     146.1213
400000215 300000054                                         3678298.5650 5024649.2825 1346350.7175 3166715.9053 5157396.7439 1990680.8386 3912146.8074 4591494.5659 2050103.9020  331417.2039     298.4447      88.9766
400000216 300000054                                         3374031.3064 4688572.4479 2687534.5848 3912146.8074 4591494.5659 2050103.9020 3166715.9053 5157396.7439 1990680.8386  335024.3025     310.8197     138.2395
400000217 300000055                                         5201899.7171 2600949.8585 2600949.8585 5157396.7439 3166715.9053 1990680.8386 4688572.4479 3374031.3064 2687534.5848  331958.1435     302.8818     140.1832
400000218 300000055                                         5024649.2825 3678298.5650 1346350.7175 4591494.5659 3912146.8074 2050103.9020 5157396.7439 3166715.9053 1990680.8386  331417.2039     293.1025     103.4056
400000219 300000055                                         4074905.2917 4074905.2917 2716603.5278 4688572.4479 3374031.3064 2687534.5848 4591494.5659 3912146.8074 2050103.9020  332135.9111     290.7234     100.8744
400000220 300000055                                         5157396.7439 3166715.9053 1990680.8386 4591494.5659 3912146.8074 2050103.9020 4688572.4479 3374031.3064 2687534.5848  335024.3025     300.5063      94.5069
400000221 300000056                                         3678298.5650 5024649.2825 1346350.7175 3912146.8074 4591494.5659 2050103.9020 4400885.2099 4400885.2099 1361638.6226  344128.0612     294.5062      84.5541
400000222 300000056                                         4074905.2917 4074905.2917 2716603.5278 4591494.5659 3912146.8074 2050103.9020 3912146.8074 4591494.5659 2050103.9020  343384.2298     293.8216     131.8794
400000223 300000056                                         5024649.2825 3678298.5650 1346350.7175 4400885.2099 4400885.2099 1361638.6226 4591494.5659 3912146.8074 2050103.9020  344128.0612     278.8018      82.8779
400000224 300000056                                         3912146.8074 4591494.5659 2050103.9020 4591494.5659 3912146.8074 2050103.9020 4400885.2099 4400885.2099 1361638.6226  347308.3434     287.7685     114.5936
400000225 300000057                                               0.0000 4504977.3029 4504977.3029  678984.1624 4126944.5164 4805928.6788  678984.1624 4805928.6788 4126944.5164  328324.9483     240.0809     138.6713
400000226 300000057                                         1346350.7175 3678298.5650 5024649.2825 1361638.6226 4400885.2099 4400885.2099  678984.1624 4126944.5164 4805928.6788  329212.3599     248.4083     121.2474
400000227 300000057                                         1346350.7175 5024649.2825 3678298.5650  678984.1624 4805928.6788 4126944.5164 1361638.6226 4400885.2099 4400885.2099  329212.3599     227.2443     158.5764
400000228 300000057                                          678984.1624 4126944.5164 4805928.6788 1361638.6226 4400885.2099 4400885.2099  678984.1624 4805928.6788 4126944.5164  332074.9378     241.9208     132.4070
400000229 300000058                                         2600949.8585 2600949.8585 5201899.7171 2687534.5848 3374031.3064 4688572.4479 1990680.8386 3166715.9053 5157396.7439  331958.1435     244.7452     132.9278
400000230 300000058                                         2716603.5278 4074905.2917 4074905.2917 2050103.9020 3912146.8074 4591494.5659 2687534.5848 3374031.3064 4688572.4479  332135.9111     259.4724     132.1783
400000231 300000058                                         1346350.7175 3678298.5650 5024649.2825 1990680.8386 3166715.9053 5157396.7439 2050103.9020 3912146.8074 4591494.5659  331417.2039     248.1426     124.0696
400000232 300000058                                         2687534.5848 3374031.3064 4688572.4479 2050103.9020 3912146.8074 4591494.5659 1990680.8386 3166715.9053 5157396.7439  335024.3025     250.3162     128.8444
400000233 300000059                                         2600949.8585 5201899.7171 2600949.8585 1990680.8386 5157396.7439 3166715.9053 2687534.5848 4688572.4479 3374031.3064  331958.1435     297.5634     110.0650
400000234 300000059                                         1346350.7175 5024649.2825 3678298.5650 2050103.9020 4591494.5659 3912146.8074 1990680.8386 5157396.7439 3166715.9053  331417.2039     258.0820     127.1188
400000235 300000059                                         2716603.5278 4074905.2917 4074905.2917 2687534.5848 4688572.4479 3374031.3064 2050103.9020 4591494.5659 3912146.8074  332135.9111     266.6999     122.7026
400000236 300000059                                         1990680.8386 5157396.7439 3166715.9053 2050103.9020 4591494.5659 3912146.8074 2687534.5848 4688572.4479 3374031.3064  335024.3025     275.6662     118.8950
400000237 300000060                                         1346350.7175 3678298.5650 5024649.2825 2050103.9020 3912146.8074 4591494.5659 1361638.6226 4400885.2099 4400885.2099  344128.0612     256.0555     118.6843
400000238 300000060                                         2716603.5278 4074905.2917 4074905.2917 2050103.9020 4591494.5659 3912146.8074 2050103.9020 3912146.8074 4591494.5659  343384.2298     264.9539     130.3176
400000239 300000060                                         1346350.7175 5024649.2825 3678298.5650 1361638.6226 4400885.2099 4400885.2099 2050103.9020 4591494.5659 3912146.8074  344128.0612     229.4672     160.9999
400000240 300000060                                         2050103.9020 3912146.8074 4591494.5659 2050103.9020 4591494.5659 3912146.8074 1361638.6226 4400885.2099 4400885.2099  347308.3434     260.6531     121.6208
400000241 300000061                                         5201899.7171 2600949.8585 2600949.8585 4688572.4479 3374031.3064 2687534.5848 4688572.4479 2687534.5848 3374031.3064  387995.8446     291.9492     140.9336
400000242 300000061                                         4074905.2917 4074905.2917 2716603.5278 4122015.5885 3435012.9904 3435012.9904 4688572.4479 3374031.3064 2687534.5848  388281.7658     284.8369     132.4418
400000243 300000061                                         4074905.2917 2716603.5278 4074905.2917 4688572.4479 2687534.5848 3374031.3064 4122015.5885 3435012.9904 3435012.9904  388281.7658     265.5391     101.6227
400000244 300000061                                         4688572.4479 3374031.3064 2687534.5848 4122015.5885 3435012.9904 3435012.9904 4688572.4479 2687534.5848 3374031.3064  392517.4362     283.4809     113.0288
400000245 300000062                                         2600949.8585 5201899.7171 2600949.8585 2687534.5848 4688572.4479 3374031.3064 3374031.3064 4688572.4479 2687534.5848  387995.8446     301.3922      90.4141
400000246 300000062                                         2716603.5278 4074905.2917 4074905.2917 3435012.9904 4122015.5885 3435012.9904 2687534.5848 4688572.4479 3374031.3064  388281.7658     266.4864     122.7482
400000247 300000062                                         4074905.2917 4074905.2917 2716603.5278 3374031.3064 4688572.4479 2687534.5848 3435012.9904 4122015.5885 3435012.9904  388281.7658     286.8944     116.1210
400000248 300000062                                         2687534.5848 4688572.4479 3374031.3064 3435012.9904 4122015.5885 3435012.9904 3374031.3064 4688572.4479 2687534.5848  392517.4362     284.3319     111.5520
400000249 300000063                                         2600949.8585 2600949.8585 5201899.7171 3374031.3064 2687534.5848 4688572.4479 2687534.5848 3374031.3064 4688572.4479  387995.8446     247.5576     133.7821
400000250 300000063                                         4074905.2917 2716603.5278 4074905.2917 3435012.9904 3435012.9904 4122015.5885 3374031.3064 2687534.5848 4688572.4479  388281.7658     236.9553     137.1068
400000251 300000063                                         2716603.5278 4074905.2917 4074905.2917 2687534.5848 3374031.3064 4688572.4479 3435012.9904 3435012.9904 4122015.5885  388281.7658     247.6897     119.8153
400000252 300000063                                         3374031.3064 2687534.5848 4688572.4479 3435012.9904 3435012.9904 4122015.5885 2687534.5848 3374031.3064 4688572.4479  392517.4362     241.0077     143.8183
400000253 300000064                                         4074905.2917 4074905.2917 2716603.5278 3435012.9904 4122015.5885 3435012.9904 4122015.5885 3435012.9904 3435012.9904  405996.4825     278.5036     148.6762
400000254 300000064                                         2716603.5278 4074905.2917 4074905.2917 3435012.9904 3435012.9904 4122015.5885 3435012.9904 4122015.5885 3435012.9904  405996.4825     248.1745     124.1764
400000255 300000064                                         4074905.2917 2716603.5278 4074905.2917 4122015.5885 3435012.9904 3435012.9904 3435012.9904 3435012.9904 4122015.5885  405996.4825     252.8549     140.3329
400000256 300000064                                         3435012.9904 4122015.5885 3435012.9904 3435012.9904 3435012.9904 4122015.5885 4122015.5885 3435012.9904 3435012.9904  410731.3740     260.8491     139.4559
400000257 300000065                                               0.0000       0.0000 6371000.0000       0.0000  624467.2010 6340321.8936 -624467.2010       0.0000 6340321.8936  195921.5441     209.8825     271.1304
400000258 300000065                                               0.0000 1242920.4416 6248583.0214 -627459.2093  627459.2093 6308900.9250       0.0000  624467.2010 6340321.8936  196860.2699     208.6408     269.9310
400000259 300000065                                         -1242920.4416       0.0000 6248583.0214 -624467.2010       0.0000 6340321.8936 -627459.2093  627459.2093 6308900.9250  196860.2699     209.7816     272.0336
400000260 300000065                                               0.0000  624467.2010 6340321.8936 -627459.2093  627459.2093 6308900.9250 -624467.2010       0.0000 6340321.8936  197817.4310     209.2251     272.2912
400000261 300000066                                               0.0000 2438076.1476 5886036.5016 -639129.1082 1869698.6039 6056845.8882       0.0000 1849403.6788 6096666.8789  200521.8161     211.0595     235.2701
400000262 300000066                                         -1266279.9131 1266279.9131 6114140.2800 -636326.6289 1260914.7366 6212473.2151 -639129.1082 1869698.6039 6056845.8882  200560.6406     213.0137     243.3130
400000263 300000066                                               0.0000 1242920.4416 6248583.0214       0.0000 1849403.6788 6096666.8789 -636326.6289 1260914.7366 6212473.2151  199642.5528     209.3216     261.3813
400000264 300000066                                         -639129.1082 1869698.6039 6056845.8882 -636326.6289 1260914.7366 6212473.2151       0.0000 1849403.6788 6096666.8789  201535.9727     210.4865     254.3320
400000265 300000067                                         -2438076.1476       0.0000 5886036.5016 -1849403.6788       0.0000 6096666.8789 -1869698.6039  639129.1082 6056845.8882  200521.8161     215.6827     241.4862
400000266 300000067                                         -1242920.4416       0.0000 6248583.0214 -1260914.7366  636326.6289 6212473.2151 -1849403.6788       0.0000 6096666.8789  199642.5528     212.3396     267.6336
400000267 300000067                                         -1266279.9131 1266279.9131 6114140.2800 -1869698.6039  639129.1082 6056845.8882 -1260914.7366  636326.6289 6212473.2151  200560.6406     213.2806     257.3673
400000268 300000067                                         -1849403.6788       0.0000 6096666.8789 -1260914.7366  636326.6289 6212473.2151 -1869698.6039  639129.1082 6056845.8882  201535.9727     213.7916     260.5583
400000269 300000068                                               0.0000 1242920.4416 6248583.0214 -636326.6289 1260914.7366 6212473.2151 -627459.2093  627459.2093 6308900.9250  204548.8197     209.1542     267.5760
400000270 300000068                                         -1266279.9131 1266279.9131 6114140.2800 -1260914.7366  636326.6289 6212473.2151 -636326.6289 1260914.7366 6212473.2151  203612.8458     212.3277     249.9419
400000271 300000068                                         -1242920.4416       0.0000 6248583.0214 -627459.2093  627459.2093 6308900.9250 -1260914.7366  636326.6289 6212473.2151  204548.8197     210.5120     271.8610
400000272 300000068                                         -636326.6289 1260914.7366 6212473.2151 -1260914.7366  636326.6289 6212473.2151 -627459.2093  627459.2093 6308900.9250  205583.5447     210.6317     267.7141
400000273 300000069                                               0.0000 4504977.3029 4504977.3029 -678984.1624 4126944.5164 4805928.6788       0.0000 4041719.6134 4924849.5984  213029.7505     232.4427     138.7532
400000274 300000069                                         -1346350.7175 3678298.5650 5024649.2825 -677162.3725 3630292.7893 5191537.9595 -678984.1624 4126944.5164 4805928.6788  213259.5913     217.9256     150.7160
400000275 300000069                                               0.0000 3539537.9546 5297292.9000       0.0000 4041719.6134 4924849.5984 -677162.3725 3630292.7893 5191537.9595  212458.1628     215.8469     167.9556
400000276 300000069                                         -678984.1624 4126944.5164 4805928.6788 -677162.3725 3630292.7893 5191537.9595       0.0000 4041719.6134 4924849.5984  214297.3599     217.4807     163.3625
400000277 300000070                                         -2600949.8585 2600949.8585 5201899.7171 -1976963.3461 2604139.2443 5468063.2517 -1990680.8386 3166715.9053 5157396.7439  213953.8407     215.2310     164.9081
400000278 300000070                                         -1330561.6814 2577802.4491 5672228.9398 -1345228.8674 3143878.6287 5375502.5311 -1976963.3461 2604139.2443 5468063.2517  213196.7862     217.1528     155.7485
400000279 300000070                                         -1346350.7175 3678298.5650 5024649.2825 -1990680.8386 3166715.9053 5157396.7439 -1345228.8674 3143878.6287 5375502.5311  213817.3983     212.5629     163.9777
400000280 300000070                                         -1976963.3461 2604139.2443 5468063.2517 -1345228.8674 3143878.6287 5375502.5311 -1990680.8386 3166715.9053 5157396.7439  215042.4187     211.1144     178.1601
400000281 300000071                                               0.0000 2438076.1476 5886036.5016       0.0000 3003268.6103 5618720.3752 -669073.8784 2522238.0841 5812081.9155  209920.2574     211.3533     190.9690
400000282 300000071                                               0.0000 3539537.9546 5297292.9000 -671168.2896 3085738.1156 5533298.6915       0.0000 3003268.6103 5618720.3752  210577.3796     216.1429     162.0437
400000283 300000071                                         -1330561.6814 2577802.4491 5672228.9398 -669073.8784 2522238.0841 5812081.9155 -671168.2896 3085738.1156 5533298.6915  210758.2000     216.6059     154.9202
400000284 300000071                                               0.0000 3003268.6103 5618720.3752 -671168.2896 3085738.1156 5533298.6915 -669073.8784 2522238.0841 5812081.9155  211783.6604     213.9063     167.6754
400000285 300000072                                         -1346350.7175 3678298.5650 5024649.2825 -1345228.8674 3143878.6287 5375502.5311 -677162.3725 3630292.7893 5191537.9595  217445.2803     214.6397     163.8212
400000286 300000072                                         -1330561.6814 2577802.4491 5672228.9398 -671168.2896 3085738.1156 5533298.6915 -1345228.8674 3143878.6287 5375502.5311  218077.9738     217.4829     151.6625
400000287 300000072                                               0.0000 3539537.9546 5297292.9000 -677162.3725 3630292.7893 5191537.9595 -671168.2896 3085738.1156 5533298.6915  218265.1507     217.8147     158.0160
400000288 300000072                                         -1345228.8674 3143878.6287 5375502.5311 -671168.2896 3085738.1156 5533298.6915 -677162.3725 3630292.7893 5191537.9595  219375.9096     216.8744     156.9020
400000289 300000073                                         -4504977.3029       0.0000 4504977.3029 -4041719.6134       0.0000 4924849.5984 -4126944.5164  678984.1624 4805928.6788  213029.7505     219.0024     188.1343
400000290 300000073                                         -3539537.9546       0.0000 5297292.9000 -3630292.7893  677162.3725 5191537.9595 -4041719.6134       0.0000 4924849.5984  212458.1628     218.6609     190.6535
400000291 300000073                                         -3678298.5650 1346350.7175 5024649.2825 -4126944.5164  678984.1624 4805928.6788 -3630292.7893  677162.3725 5191537.9595  213259.5913     218.1626     188.8998
400000292 300000073                                         -4041719.6134       0.0000 4924849.5984 -3630292.7893  677162.3725 5191537.9595 -4126944.5164  678984.1624 4805928.6788  214297.3599     218.3048     192.3126
400000293 300000074                                         -2438076.1476       0.0000 5886036.5016 -2522238.0841  669073.8784 5812081.9155 -3003268.6103       0.0000 5618720.3752  209920.2574     217.6455     217.8187
400000294 300000074                                         -2577802.4491 1330561.6814 5672228.9398 -3085738.1156  671168.2896 5533298.6915 -2522238.0841  669073.8784 5812081.9155  210758.2000     218.0203     200.8824
400000295 300000074                                         -3539537.9546       0.0000 5297292.9000 -3003268.6103       0.0000 5618720.3752 -3085738.1156  671168.2896 5533298.6915  210577.3796     218.9094     165.8767
400000296 300000074                                         -2522238.0841  669073.8784 5812081.9155 -3085738.1156  671168.2896 5533298.6915 -3003268.6103       0.0000 5618720.3752  211783.6604     217.5515     203.2821
400000297 300000075                                         -2600949.8585 2600949.8585 5201899.7171 -3166715.9053 1990680.8386 5157396.7439 -2604139.2443 1976963.3461 5468063.2517  213953.8407     220.2872     167.7390
400000298 300000075                                         -3678298.5650 1346350.7175 5024649.2825 -3143878.6287 1345228.8674 5375502.5311 -3166715.9053 1990680.8386 5157396.7439  213817.3983     219.4529     169.9774
400000299 300000075                                         -2577802.4491 1330561.6814 5672228.9398 -2604139.2443 1976963.3461 5468063.2517 -3143878.6287 1345228.8674 5375502.5311  213196.7862     219.6530     175.0124
400000300 300000075                                         -3166715.9053 1990680.8386 5157396.7439 -3143878.6287 1345228.8674 5375502.5311 -2604139.2443 1976963.3461 5468063.2517  215042.4187     220.3145     155.5474
400000301 300000076                                         -3539537.9546       0.0000 5297292.9000 -3085738.1156  671168.2896 5533298.6915 -3630292.7893  677162.3725 5191537.9595  218265.1507     218.8213     171.7415
400000302 300000076                                         -2577802.4491 1330561.6814 5672228.9398 -3143878.6287 1345228.8674 5375502.5311 -3085738.1156  671168.2896 5533298.6915  218077.9738     218.9735     169.3796
400000303 300000076                                         -3678298.5650 1346350.7175 5024649.2825 -3630292.7893  677162.3725 5191537.9595 -3143878.6287 1345228.8674 5375502.5311  217445.2803     218.0201     177.3273
400000304 300000076                                         -3085738.1156  671168.2896 5533298.6915 -3143878.6287 1345228.8674 5375502.5311 -3630292.7893  677162.3725 5191537.9595  219375.9096     218.5910     175.2698
400000305 300000077                                               0.0000 2438076.1476 5886036.5016 -669073.8784 2522238.0841 5812081.9155 -639129.1082 1869698.6039 6056845.8882  232651.5371     210.6050     207.6291
400000306 300000077                                         -1330561.6814 2577802.4491 5672228.9398 -1306164.9224 1933504.7432 5928333.1219 -669073.8784 2522238.0841 5812081.9155  231845.9895     218.2189     153.7012
400000307 300000077                                         -1266279.9131 1266279.9131 6114140.2800 -639129.1082 1869698.6039 6056845.8882 -1306164.9224 1933504.7432 5928333.1219  232712.3450     214.6536     216.4782
400000308 300000077                                         -669073.8784 2522238.0841 5812081.9155 -1306164.9224 1933504.7432 5928333.1219 -639129.1082 1869698.6039 6056845.8882  234046.8072     215.3392     177.8282
400000309 300000078                                         -2600949.8585 2600949.8585 5201899.7171 -2604139.2443 1976963.3461 5468063.2517 -1976963.3461 2604139.2443 5468063.2517  228300.1373     219.7456     158.7368
400000310 300000078                                         -2577802.4491 1330561.6814 5672228.9398 -1973179.1775 1973179.1775 5727370.1528 -2604139.2443 1976963.3461 5468063.2517  229212.6770     217.0355     184.6237
400000311 300000078                                         -1330561.6814 2577802.4491 5672228.9398 -1976963.3461 2604139.2443 5468063.2517 -1973179.1775 1973179.1775 5727370.1528  229212.6770     222.3104     139.9517
400000312 300000078                                         -2604139.2443 1976963.3461 5468063.2517 -1973179.1775 1973179.1775 5727370.1528 -1976963.3461 2604139.2443 5468063.2517  230526.8451     222.1084     149.0177
400000313 300000079                                         -2438076.1476       0.0000 5886036.5016 -1869698.6039  639129.1082 6056845.8882 -2522238.0841  669073.8784 5812081.9155  232651.5371     216.9176     219.3163
400000314 300000079                                         -1266279.9131 1266279.9131 6114140.2800 -1933504.7432 1306164.9224 5928333.1219 -1869698.6039  639129.1082 6056845.8882  232712.3450     215.1751     242.1918
400000315 300000079                                         -2577802.4491 1330561.6814 5672228.9398 -2522238.0841  669073.8784 5812081.9155 -1933504.7432 1306164.9224 5928333.1219  231845.9895     221.9380     162.0342
400000316 300000079                                         -1869698.6039  639129.1082 6056845.8882 -1933504.7432 1306164.9224 5928333.1219 -2522238.0841  669073.8784 5812081.9155  234046.8072     218.7414     198.4922
400000317 300000080                                         -1330561.6814 2577802.4491 5672228.9398 -1973179.1775 1973179.1775 5727370.1528 -1306164.9224 1933504.7432 5928333.1219  238189.0310     218.5710     163.2220
400000318 300000080                                         -2577802.4491 1330561.6814 5672228.9398 -1933504.7432 1306164.9224 5928333.1219 -1973179.1775 1973179.1775 5727370.1528  238189.0310     217.4115     182.6385
400000319 300000080                                         -1266279.9131 1266279.9131 6114140.2800 -1306164.9224 1933504.7432 5928333.1219 -1933504.7432 1306164.9224 5928333.1219  237302.7613     215.3699     209.6115
400000320 300000080                                         -1973179.1775 1973179.1775 5727370.1528 -1933504.7432 1306164.9224 5928333.1219 -1306164.9224 1933504.7432 5928333.1219  239617.8861     215.6526     175.8698
400000321 300000081                                               0.0000 6371000.0000       0.0000 -624467.2010 6340321.8936       0.0000       0.0000 6340321.8936  624467.2010  195921.5441     223.6003     100.0835
400000322 300000081                                         -1242920.4416 6248583.0214       0.0000 -627459.2093 6308900.9250  627459.2093 -624467.2010 6340321.8936       0.0000  196860.2699     209.0303     108.4708
400000323 300000081                                               0.0000 6248583.0214 1242920.4416       0.0000 6340321.8936  624467.2010 -627459.2093 6308900.9250  627459.2093  196860.2699     209.3597     125.0841
400000324 300000081                                         -624467.2010 6340321.8936       0.0000 -627459.2093 6308900.9250  627459.2093       0.0000 6340321.8936  624467.2010  197817.4310     211.7048     115.9685
400000325 300000082                                         -2438076.1476 5886036.5016       0.0000 -1869698.6039 6056845.8882  639129.1082 -1849403.6788 6096666.8789       0.0000  200521.8161     224.4680     100.2705
400000326 300000082                                         -1266279.9131 6114140.2800 1266279.9131 -1260914.7366 6212473.2151  636326.6289 -1869698.6039 6056845.8882  639129.1082  200560.6406     219.2887     106.4482
400000327 300000082                                         -1242920.4416 6248583.0214       0.0000 -1849403.6788 6096666.8789       0.0000 -1260914.7366 6212473.2151  636326.6289  199642.5528     217.8286     115.4755
400000328 300000082                                         -1869698.6039 6056845.8882  639129.1082 -1260914.7366 6212473.2151  636326.6289 -1849403.6788 6096666.8789       0.0000  201535.9727     230.4839      94.5042
400000329 300000083                                               0.0000 5886036.5016 2438076.1476       0.0000 6096666.8789 1849403.6788 -639129.1082 6056845.8882 1869698.6039  200521.8161     237.1792     114.3194
400000330 300000083                                               0.0000 6248583.0214 1242920.4416 -636326.6289 6212473.2151 1260914.7366       0.0000 6096666.8789 1849403.6788  199642.5528     218.0751     115.5841
400000331 300000083                                         -1266279.9131 6114140.2800 1266279.9131 -639129.1082 6056845.8882 1869698.6039 -636326.6289 6212473.2151 1260914.7366  200560.6406     203.2032     145.6374
400000332 300000083                                               0.0000 6096666.8789 1849403.6788 -636326.6289 6212473.2151 1260914.7366 -639129.1082 6056845.8882 1869698.6039  201535.9727     217.1387     126.7342
400000333 300000084                                         -1242920.4416 6248583.0214       0.0000 -1260914.7366 6212473.2151  636326.6289 -627459.2093 6308900.9250  627459.2093  204548.8197     203.6113     118.6913
400000334 300000084                                         -1266279.9131 6114140.2800 1266279.9131 -636326.6289 6212473.2151 1260914.7366 -1260914.7366 6212473.2151  636326.6289  203612.8458     206.4824     125.0713
400000335 300000084                                               0.0000 6248583.0214 1242920.4416 -627459.2093 6308900.9250  627459.2093 -636326.6289 6212473.2151 1260914.7366  204548.8197     208.1159     128.4691
400000336 300000084                                         -1260914.7366 6212473.2151  636326.6289 -636326.6289 6212473.2151 1260914.7366 -627459.2093 6308900.9250  627459.2093  205583.5447     203.9772     123.4207
400000337 300000085                                         -4504977.3029 4504977.3029       0.0000 -4126944.5164 4805928.6788  678984.1624 -4041719.6134 4924849.5984       0.0000  213029.7505     228.7903      94.3347
400000338 300000085                                         -3678298.5650 5024649.2825 1346350.7175 -3630292.7893 5191537.9595  677162.3725 -4126944.5164 4805928.6788  678984.1624  213259.5913     226.5777     104.0507
400000339 300000085                                         -3539537.9546 5297292.9000       0.0000 -4041719.6134 4924849.5984       0.0000 -3630292.7893 5191537.9595  677162.3725  212458.1628     229.4570      92.5425
400000340 300000085                                         -4126944.5164 4805928.6788  678984.1624 -3630292.7893 5191537.9595  677162.3725 -4041719.6134 4924849.5984       0.0000  214297.3599     227.7570      98.6044
400000341 300000086                                         -2600949.8585 5201899.7171 2600949.8585 -2604139.2443 5468063.2517 1976963.3461 -3166715.9053 5157396.7439 1990680.8386  213953.8407     246.6219     103.1615
400000342 300000086                                         -2577802.4491 5672228.9398 1330561.6814 -3143878.6287 5375502.5311 1345228.8674 -2604139.2443 5468063.2517 1976963.3461  213196.7862     241.1232      89.5856
400000343 300000086                                         -3678298.5650 5024649.2825 1346350.7175 -3166715.9053 5157396.7439 1990680.8386 -3143878.6287 5375502.5311 1345228.8674  213817.3983     238.7008     101.9819
400000344 300000086                                         -2604139.2443 5468063.2517 1976963.3461 -3143878.6287 5375502.5311 1345228.8674 -3166715.9053 5157396.7439 1990680.8386  215042.4187     239.6510      94.8276
400000345 300000087                                         -2438076.1476 5886036.5016       0.0000 -3003268.6103 5618720.3752       0.0000 -2522238.0841 5812081.9155  669073.8784  209920.2574     211.3439     120.0126
400000346 300000087                                         -3539537.9546 5297292.9000       0.0000 -3085738.1156 5533298.6915  671168.2896 -3003268.6103 5618720.3752       0.0000  210577.3796     233.4476      96.2816
400000347 300000087                                         -2577802.4491 5672228.9398 1330561.6814 -2522238.0841 5812081.9155  669073.8784 -3085738.1156 5533298.6915  671168.2896  210758.2000     229.9191      96.1170
400000348 300000087                                         -3003268.6103 5618720.3752       0.0000 -3085738.1156 5533298.6915  671168.2896 -2522238.0841 5812081.9155  669073.8784  211783.6604     218.8439     114.8602
400000349 300000088                                         -3678298.5650 5024649.2825 1346350.7175 -3143878.6287 5375502.5311 1345228.8674 -3630292.7893 5191537.9595  677162.3725  217445.2803     225.4956     106.9268
400000350 300000088                                         -2577802.4491 5672228.9398 1330561.6814 -3085738.1156 5533298.6915  671168.2896 -3143878.6287 5375502.5311 1345228.8674  218077.9738     229.8605     101.8978
400000351 300000088                                         -3539537.9546 5297292.9000       0.0000 -3630292.7893 5191537.9595  677162.3725 -3085738.1156 5533298.6915  671168.2896  218265.1507     234.1495      90.6909
400000352 300000088                                         -3143878.6287 5375502.5311 1345228.8674 -3085738.1156 5533298.6915  671168.2896 -3630292.7893 5191537.9595  677162.3725  219375.9096     219.2403     110.8271
400000353 300000089                                               0.0000 4504977.3029 4504977.3029       0.0000 4924849.5984 4041719.6134 -678984.1624 4805928.6788 4126944.5164  213029.7505     253.8224     126.2597
400000354 300000089                                               0.0000 5297292.9000 3539537.9546 -677162.3725 5191537.9595 3630292.7893       0.0000 4924849.5984 4041719.6134  212458.1628     217.3081     171.1961
400000355 300000089                                         -1346350.7175 5024649.2825 3678298.5650 -678984.1624 4805928.6788 4126944.5164 -677162.3725 5191537.9595 3630292.7893  213259.5913     220.2387     164.4524
400000356 300000089                                               0.0000 4924849.5984 4041719.6134 -677162.3725 5191537.9595 3630292.7893 -678984.1624 4805928.6788 4126944.5164  214297.3599     232.0145     152.9384
400000357 300000090                                               0.0000 5886036.5016 2438076.1476 -669073.8784 5812081.9155 2522238.0841       0.0000 5618720.3752 3003268.6103  209920.2574     240.8403     151.9629
400000358 300000090                                         -1330561.6814 5672228.9398 2577802.4491 -671168.2896 5533298.6915 3085738.1156 -669073.8784 5812081.9155 2522238.0841  210758.2000     240.9849     173.5934
400000359 300000090                                               0.0000 5297292.9000 3539537.9546       0.0000 5618720.3752 3003268.6103 -671168.2896 5533298.6915 3085738.1156  210577.3796     221.8315     178.1297
400000360 300000090                                         -669073.8784 5812081.9155 2522238.0841 -671168.2896 5533298.6915 3085738.1156       0.0000 5618720.3752 3003268.6103  211783.6604     236.2176     179.9610
400000361 300000091                                         -2600949.8585 5201899.7171 2600949.8585 -1990680.8386 5157396.7439 3166715.9053 -1976963.3461 5468063.2517 2604139.2443  213953.8407     236.2782     195.2784
400000362 300000091                                         -1346350.7175 5024649.2825 3678298.5650 -1345228.8674 5375502.5311 3143878.6287 -1990680.8386 5157396.7439 3166715.9053  213817.3983     230.2462     190.3001
400000363 300000091                                         -1330561.6814 5672228.9398 2577802.4491 -1976963.3461 5468063.2517 2604139.2443 -1345228.8674 5375502.5311 3143878.6287  213196.7862     243.2664     178.7530
400000364 300000091                                         -1990680.8386 5157396.7439 3166715.9053 -1345228.8674 5375502.5311 3143878.6287 -1976963.3461 5468063.2517 2604139.2443  215042.4187     240.2379     201.3857
400000365 300000092                                               0.0000 5297292.9000 3539537.9546 -671168.2896 5533298.6915 3085738.1156 -677162.3725 5191537.9595 3630292.7893  218265.1507     212.8074     182.4913
400000366 300000092                                         -1330561.6814 5672228.9398 2577802.4491 -1345228.8674 5375502.5311 3143878.6287 -671168.2896 5533298.6915 3085738.1156  218077.9738     239.2079     166.6224
400000367 300000092                                         -1346350.7175 5024649.2825 3678298.5650 -677162.3725 5191537.9595 3630292.7893 -1345228.8674 5375502.5311 3143878.6287  217445.2803     214.5988     179.0054
400000368 300000092                                         -671168.2896 5533298.6915 3085738.1156 -1345228.8674 5375502.5311 3143878.6287 -677162.3725 5191537.9595 3630292.7893  219375.9096     219.4142     170.7622
400000369 300000093                                         -2438076.1476 5886036.5016       0.0000 -2522238.0841 5812081.9155  669073.8784 -1869698.6039 6056845.8882  639129.1082  232651.5371     224.0385     104.6826
400000370 300000093                                         -2577802.4491 5672228.9398 1330561.6814 -1933504.7432 5928333.1219 1306164.9224 -2522238.0841 5812081.9155  669073.8784  231845.9895     238.9449      91.1950
400000371 300000093                                         -1266279.9131 6114140.2800 1266279.9131 -1869698.6039 6056845.8882  639129.1082 -1933504.7432 5928333.1219 1306164.9224  232712.3450     217.1319     117.5810
400000372 300000093                                         -2522238.0841 5812081.9155  669073.8784 -1933504.7432 5928333.1219 1306164.9224 -1869698.6039 6056845.8882  639129.1082  234046.8072     235.3040      93.2054
400000373 300000094                                         -2600949.8585 5201899.7171 2600949.8585 -1976963.3461 5468063.2517 2604139.2443 -2604139.2443 5468063.2517 1976963.3461  228300.1373     236.6152     153.9612
400000374 300000094                                         -1330561.6814 5672228.9398 2577802.4491 -1973179.1775 5727370.1528 1973179.1775 -1976963.3461 5468063.2517 2604139.2443  229212.6770     240.7222     152.6054
400000375 300000094                                         -2577802.4491 5672228.9398 1330561.6814 -2604139.2443 5468063.2517 1976963.3461 -1973179.1775 5727370.1528 1973179.1775  229212.6770     251.4664      83.4306
400000376 300000094                                         -1976963.3461 5468063.2517 2604139.2443 -1973179.1775 5727370.1528 1973179.1775 -2604139.2443 5468063.2517 1976963.3461  230526.8451     243.5067     119.2711
400000377 300000095                                               0.0000 5886036.5016 2438076.1476 -639129.1082 6056845.8882 1869698.6039 -669073.8784 5812081.9155 2522238.0841  232651.5371     240.1575     140.4532
400000378 300000095                                         -1266279.9131 6114140.2800 1266279.9131 -1306164.9224 5928333.1219 1933504.7432 -639129.1082 6056845.8882 1869698.6039  232712.3450     212.7254     141.2128
400000379 300000095                                         -1330561.6814 5672228.9398 2577802.4491 -669073.8784 5812081.9155 2522238.0841 -1306164.9224 5928333.1219 1933504.7432  231845.9895     236.0453     152.1714
400000380 300000095                                         -639129.1082 6056845.8882 1869698.6039 -1306164.9224 5928333.1219 1933504.7432 -669073.8784 5812081.9155 2522238.0841  234046.8072     229.2036     148.4629
400000381 300000096                                         -2577802.4491 5672228.9398 1330561.6814 -1973179.1775 5727370.1528 1973179.1775 -1933504.7432 5928333.1219 1306164.9224  238189.0310     248.3357      84.7197
400000382 300000096                                         -1330561.6814 5672228.9398 2577802.4491 -1306164.9224 5928333.1219 1933504.7432 -1973179.1775 5727370.1528 1973179.1775  238189.0310     231.8351     140.7614
400000383 300000096                                         -1266279.9131 6114140.2800 1266279.9131 -1933504.7432 5928333.1219 1306164.9224 -1306164.9224 5928333.1219 1933504.7432  237302.7613     212.2099     134.1570
400000384 300000096                                         -1973179.1775 5727370.1528 1973179.1775 -1306164.9224 5928333.1219 1933504.7432 -1933504.7432 5928333.1219 1306164.9224  239617.8861     227.3425     129.9700
400000385 300000097                                         -6371000.0000       0.0000       0.0000 -6340321.8936       0.0000  624467.2010 -6340321.8936  624467.2010       0.0000  195921.5441     250.6757      78.6109
400000386 300000097                                         -6248583.0214       0.0000 1242920.4416 -6308900.9250  627459.2093  627459.2093 -6340321.8936       0.0000  624467.2010  196860.2699     238.9999      94.8096
400000387 300000097                                         -6248583.0214 1242920.4416       0.0000 -6340321.8936  624467.2010       0.0000 -6308900.9250  627459.2093  627459.2093  196860.2699     247.8001      77.1663
400000388 300000097                                         -6340321.8936       0.0000  624467.2010 -6308900.9250  627459.2093  627459.2093 -6340321.8936  624467.2010       0.0000  197817.4310     235.8979     100.3243
400000389 300000098                                         -5886036.5016       0.0000 2438076.1476 -6056845.8882  639129.1082 1869698.6039 -6096666.8789       0.0000 1849403.6788  200521.8161     277.6054      69.0013
400000390 300000098                                         -6114140.2800 1266279.9131 1266279.9131 -6212473.2151  636326.6289 1260914.7366 -6056845.8882  639129.1082 1869698.6039  200560.6406     271.6900      63.5559
400000391 300000098                                         -6248583.0214       0.0000 1242920.4416 -6096666.8789       0.0000 1849403.6788 -6212473.2151  636326.6289 1260914.7366  199642.5528     267.9101      66.2984
400000392 300000098                                         -6056845.8882  639129.1082 1869698.6039 -6212473.2151  636326.6289 1260914.7366 -6096666.8789       0.0000 1849403.6788  201535.9727     275.9535      63.2601
400000393 300000099                                         -5886036.5016 2438076.1476       0.0000 -6096666.8789 1849403.6788       0.0000 -6056845.8882 1869698.6039  639129.1082  200521.8161     234.4987      93.3962
400000394 300000099                                         -6248583.0214 1242920.4416       0.0000 -6212473.2151 1260914.7366  636326.6289 -6096666.8789 1849403.6788       0.0000  199642.5528     241.1620      85.4825
400000395 300000099                                         -6114140.2800 1266279.9131 1266279.9131 -6056845.8882 1869698.6039  639129.1082 -6212473.2151 1260914.7366  636326.6289  200560.6406     235.6399      99.6074
400000396 300000099                                         -6096666.8789 1849403.6788       0.0000 -6212473.2151 1260914.7366  636326.6289 -6056845.8882 1869698.6039  639129.1082  201535.9727     228.2555     106.0562
400000397 300000100                                         -6248583.0214       0.0000 1242920.4416 -6212473.2151  636326.6289 1260914.7366 -6308900.9250  627459.2093  627459.2093  204548.8197     250.3726      80.3607
400000398 300000100                                         -6114140.2800 1266279.9131 1266279.9131 -6212473.2151 1260914.7366  636326.6289 -6212473.2151  636326.6289 1260914.7366  203612.8458     250.1886      80.1669
400000399 300000100                                         -6248583.0214 1242920.4416       0.0000 -6308900.9250  627459.2093  627459.2093 -6212473.2151 1260914.7366  636326.6289  204548.8197     231.8840     101.0247
400000400 300000100                                         -6212473.2151  636326.6289 1260914.7366 -6212473.2151 1260914.7366  636326.6289 -6308900.9250  627459.2093  627459.2093  205583.5447     239.5980      93.5552
400000401 300000101                                         -4504977.3029       0.0000 4504977.3029 -4805928.6788  678984.1624 4126944.5164 -4924849.5984       0.0000 4041719.6134  213029.7505     220.0205     187.2066
400000402 300000101                                         -5024649.2825 1346350.7175 3678298.5650 -5191537.9595  677162.3725 3630292.7893 -4805928.6788  678984.1624 4126944.5164  213259.5913     218.1750     168.6030
400000403 300000101                                         -5297292.9000       0.0000 3539537.9546 -4924849.5984       0.0000 4041719.6134 -5191537.9595  677162.3725 3630292.7893  212458.1628     222.9193     164.0589
400000404 300000101                                         -4805928.6788  678984.1624 4126944.5164 -5191537.9595  677162.3725 3630292.7893 -4924849.5984       0.0000 4041719.6134  214297.3599     219.3300     175.1995
400000405 300000102                                         -5201899.7171 2600949.8585 2600949.8585 -5468063.2517 1976963.3461 2604139.2443 -5157396.7439 1990680.8386 3166715.9053  213953.8407     255.9630      90.5342
400000406 300000102                                         -5672228.9398 1330561.6814 2577802.4491 -5375502.5311 1345228.8674 3143878.6287 -5468063.2517 1976963.3461 2604139.2443  213196.7862     261.2715      83.7905
400000407 300000102                                         -5024649.2825 1346350.7175 3678298.5650 -5157396.7439 1990680.8386 3166715.9053 -5375502.5311 1345228.8674 3143878.6287  213817.3983     230.8935     137.8021
400000408 300000102                                         -5468063.2517 1976963.3461 2604139.2443 -5375502.5311 1345228.8674 3143878.6287 -5157396.7439 1990680.8386 3166715.9053  215042.4187     249.7965     102.1208
400000409 300000103                                         -5886036.5016       0.0000 2438076.1476 -5618720.3752       0.0000 3003268.6103 -5812081.9155  669073.8784 2522238.0841  209920.2574     263.7006      84.7614
400000410 300000103                                         -5297292.9000       0.0000 3539537.9546 -5533298.6915  671168.2896 3085738.1156 -5618720.3752       0.0000 3003268.6103  210577.3796     243.0408     116.8562
400000411 300000103                                         -5672228.9398 1330561.6814 2577802.4491 -5812081.9155  669073.8784 2522238.0841 -5533298.6915  671168.2896 3085738.1156  210758.2000     264.9220      79.6991
400000412 300000103                                         -5618720.3752       0.0000 3003268.6103 -5533298.6915  671168.2896 3085738.1156 -5812081.9155  669073.8784 2522238.0841  211783.6604     257.8254      90.4638
400000413 300000104                                         -5024649.2825 1346350.7175 3678298.5650 -5375502.5311 1345228.8674 3143878.6287 -5191537.9595  677162.3725 3630292.7893  217445.2803     226.2799     149.1240
400000414 300000104                                         -5672228.9398 1330561.6814 2577802.4491 -5533298.6915  671168.2896 3085738.1156 -5375502.5311 1345228.8674 3143878.6287  218077.9738     255.5936      91.1909
400000415 300000104                                         -5297292.9000       0.0000 3539537.9546 -5191537.9595  677162.3725 3630292.7893 -5533298.6915  671168.2896 3085738.1156  218265.1507     233.3855     138.7660
400000416 300000104                                         -5375502.5311 1345228.8674 3143878.6287 -5533298.6915  671168.2896 3085738.1156 -5191537.9595  677162.3725 3630292.7893  219375.9096     237.8888     125.7820
400000417 300000105                                         -4504977.3029 4504977.3029       0.0000 -4924849.5984 4041719.6134       0.0000 -4805928.6788 4126944.5164  678984.1624  213029.7505     226.5401      96.7712
400000418 300000105                                         -5297292.9000 3539537.9546       0.0000 -5191537.9595 3630292.7893  677162.3725 -4924849.5984 4041719.6134       0.0000  212458.1628     221.0224     102.1412
400000419 300000105                                         -5024649.2825 3678298.5650 1346350.7175 -4805928.6788 4126944.5164  678984.1624 -5191537.9595 3630292.7893  677162.3725  213259.5913     224.3198     102.0223
400000420 300000105                                         -4924849.5984 4041719.6134       0.0000 -5191537.9595 3630292.7893  677162.3725 -4805928.6788 4126944.5164  678984.1624  214297.3599     217.7320     106.1246
400000421 300000106                                         -5886036.5016 2438076.1476       0.0000 -5812081.9155 2522238.0841  669073.8784 -5618720.3752 3003268.6103       0.0000  209920.2574     227.4211     100.1250
400000422 300000106                                         -5672228.9398 2577802.4491 1330561.6814 -5533298.6915 3085738.1156  671168.2896 -5812081.9155 2522238.0841  669073.8784  210758.2000     228.8719     103.0684
400000423 300000106                                         -5297292.9000 3539537.9546       0.0000 -5618720.3752 3003268.6103       0.0000 -5533298.6915 3085738.1156  671168.2896  210577.3796     222.9903     100.1529
400000424 300000106                                         -5812081.9155 2522238.0841  669073.8784 -5533298.6915 3085738.1156  671168.2896 -5618720.3752 3003268.6103       0.0000  211783.6604     219.8908     110.1778
400000425 300000107                                         -5201899.7171 2600949.8585 2600949.8585 -5157396.7439 3166715.9053 1990680.8386 -5468063.2517 2604139.2443 1976963.3461  213953.8407     273.0024      65.4632
400000426 300000107                                         -5024649.2825 3678298.5650 1346350.7175 -5375502.5311 3143878.6287 1345228.8674 -5157396.7439 3166715.9053 1990680.8386  213817.3983     265.5925      66.0558
400000427 300000107                                         -5672228.9398 2577802.4491 1330561.6814 -5468063.2517 2604139.2443 1976963.3461 -5375502.5311 3143878.6287 1345228.8674  213196.7862     269.2266      63.8163
400000428 300000107                                         -5157396.7439 3166715.9053 1990680.8386 -5375502.5311 3143878.6287 1345228.8674 -5468063.2517 2604139.2443 1976963.3461  215042.4187     274.2054      60.8816
400000429 300000108                                         -5297292.9000 3539537.9546       0.0000 -5533298.6915 3085738.1156  671168.2896 -5191537.9595 3630292.7893  677162.3725  218265.1507     217.2405     107.3031
400000430 300000108                                         -5672228.9398 2577802.4491 1330561.6814 -5375502.5311 3143878.6287 1345228.8674 -5533298.6915 3085738.1156  671168.2896  218077.9738     240.6835      87.5497
400000431 300000108                                         -5024649.2825 3678298.5650 1346350.7175 -5191537.9595 3630292.7893  677162.3725 -5375502.5311 3143878.6287 1345228.8674  217445.2803     239.8744      86.1653
400000432 300000108                                         -5533298.6915 3085738.1156  671168.2896 -5375502.5311 3143878.6287 1345228.8674 -5191537.9595 3630292.7893  677162.3725  219375.9096     227.7112      98.7877
400000433 300000109                                         -5886036.5016       0.0000 2438076.1476 -5812081.9155  669073.8784 2522238.0841 -6056845.8882  639129.1082 1869698.6039  232651.5371     273.7642      72.6974
400000434 300000109                                         -5672228.9398 1330561.6814 2577802.4491 -5928333.1219 1306164.9224 1933504.7432 -5812081.9155  669073.8784 2522238.0841  231845.9895     274.8558      67.5697
400000435 300000109                                         -6114140.2800 1266279.9131 1266279.9131 -6056845.8882  639129.1082 1869698.6039 -5928333.1219 1306164.9224 1933504.7432  232712.3450     276.5651      62.5000
400000436 300000109                                         -5812081.9155  669073.8784 2522238.0841 -5928333.1219 1306164.9224 1933504.7432 -6056845.8882  639129.1082 1869698.6039  234046.8072     277.3305      66.7676
400000437 300000110                                         -5201899.7171 2600949.8585 2600949.8585 -5468063.2517 2604139.2443 1976963.3461 -5468063.2517 1976963.3461 2604139.2443  228300.1373     270.9084      69.9521
400000438 300000110                                         -5672228.9398 2577802.4491 1330561.6814 -5727370.1528 1973179.1775 1973179.1775 -5468063.2517 2604139.2443 1976963.3461  229212.6770     276.2206      62.7376
400000439 300000110                                         -5672228.9398 1330561.6814 2577802.4491 -5468063.2517 1976963.3461 2604139.2443 -5727370.1528 1973179.1775 1973179.1775  229212.6770     274.8442      66.6366
400000440 300000110                                         -5468063.2517 2604139.2443 1976963.3461 -5727370.1528 1973179.1775 1973179.1775 -5468063.2517 1976963.3461 2604139.2443  230526.8451     277.7722      64.3052
400000441 300000111                                         -5886036.5016 2438076.1476       0.0000 -6056845.8882 1869698.6039  639129.1082 -5812081.9155 2522238.0841  669073.8784  232651.5371     224.2049     109.3522
400000442 300000111                                         -6114140.2800 1266279.9131 1266279.9131 -5928333.1219 1933504.7432 1306164.9224 -6056845.8882 1869698.6039  639129.1082  232712.3450     247.2801      86.2387
400000443 300000111                                         -5672228.9398 2577802.4491 1330561.6814 -5812081.9155 2522238.0841  669073.8784 -5928333.1219 1933504.7432 1306164.9224  231845.9895     243.7435      89.8344
400000444 300000111                                         -6056845.8882 1869698.6039  639129.1082 -5928333.1219 1933504.7432 1306164.9224 -5812081.9155 2522238.0841  669073.8784  234046.8072     231.7857     104.3908
400000445 300000112                                         -5672228.9398 1330561.6814 2577802.4491 -5727370.1528 1973179.1775 1973179.1775 -5928333.1219 1306164.9224 1933504.7432  238189.0310     276.7995      64.7750
400000446 300000112                                         -5672228.9398 2577802.4491 1330561.6814 -5928333.1219 1933504.7432 1306164.9224 -5727370.1528 1973179.1775 1973179.1775  238189.0310     269.0518      67.2071
400000447 300000112                                         -6114140.2800 1266279.9131 1266279.9131 -5928333.1219 1306164.9224 1933504.7432 -5928333.1219 1933504.7432 1306164.9224  237302.7613     270.4355      66.3163
400000448 300000112                                         -5727370.1528 1973179.1775 1973179.1775 -5928333.1219 1933504.7432 1306164.9224 -5928333.1219 1306164.9224 1933504.7432  239617.8861     275.1585      64.7293
400000449 300000113                                               0.0000 4504977.3029 4504977.3029 -678984.1624 4805928.6788 4126944.5164 -678984.1624 4126944.5164 4805928.6788  328324.9483     243.3009     123.9093
400000450 300000113                                         -1346350.7175 5024649.2825 3678298.5650 -1361638.6226 4400885.2099 4400885.2099 -678984.1624 4805928.6788 4126944.5164  329212.3599     245.0553     140.1813
400000451 300000113                                         -1346350.7175 3678298.5650 5024649.2825 -678984.1624 4126944.5164 4805928.6788 -1361638.6226 4400885.2099 4400885.2099  329212.3599     229.6344     140.4985
400000452 300000113                                         -678984.1624 4805928.6788 4126944.5164 -1361638.6226 4400885.2099 4400885.2099 -678984.1624 4126944.5164 4805928.6788  332074.9378     242.5804     129.7757
400000453 300000114                                         -2600949.8585 5201899.7171 2600949.8585 -2687534.5848 4688572.4479 3374031.3064 -1990680.8386 5157396.7439 3166715.9053  331958.1435     235.9027     179.3612
400000454 300000114                                         -2716603.5278 4074905.2917 4074905.2917 -2050103.9020 4591494.5659 3912146.8074 -2687534.5848 4688572.4479 3374031.3064  332135.9111     241.2153     130.5829
400000455 300000114                                         -1346350.7175 5024649.2825 3678298.5650 -1990680.8386 5157396.7439 3166715.9053 -2050103.9020 4591494.5659 3912146.8074  331417.2039     234.0772     161.1754
400000456 300000114                                         -2687534.5848 4688572.4479 3374031.3064 -2050103.9020 4591494.5659 3912146.8074 -1990680.8386 5157396.7439 3166715.9053  335024.3025     240.1041     152.8079
400000457 300000115                                         -2600949.8585 2600949.8585 5201899.7171 -1990680.8386 3166715.9053 5157396.7439 -2687534.5848 3374031.3064 4688572.4479  331958.1435     222.0927     147.2834
400000458 300000115                                         -1346350.7175 3678298.5650 5024649.2825 -2050103.9020 3912146.8074 4591494.5659 -1990680.8386 3166715.9053 5157396.7439  331417.2039     224.2379     146.6873
400000459 300000115                                         -2716603.5278 4074905.2917 4074905.2917 -2687534.5848 3374031.3064 4688572.4479 -2050103.9020 3912146.8074 4591494.5659  332135.9111     233.7522     145.4951
400000460 300000115                                         -1990680.8386 3166715.9053 5157396.7439 -2050103.9020 3912146.8074 4591494.5659 -2687534.5848 3374031.3064 4688572.4479  335024.3025     224.5947     147.0947
400000461 300000116                                         -1346350.7175 5024649.2825 3678298.5650 -2050103.9020 4591494.5659 3912146.8074 -1361638.6226 4400885.2099 4400885.2099  344128.0612     242.2050     139.4030
400000462 300000116                                         -2716603.5278 4074905.2917 4074905.2917 -2050103.9020 3912146.8074 4591494.5659 -2050103.9020 4591494.5659 3912146.8074  343384.2298     237.3633     137.9652
400000463 300000116                                         -1346350.7175 3678298.5650 5024649.2825 -1361638.6226 4400885.2099 4400885.2099 -2050103.9020 3912146.8074 4591494.5659  344128.0612     231.9720     144.3011
400000464 300000116                                         -2050103.9020 4591494.5659 3912146.8074 -2050103.9020 3912146.8074 4591494.5659 -1361638.6226 4400885.2099 4400885.2099  347308.3434     238.8823     144.7214
400000465 300000117                                         -4504977.3029 4504977.3029       0.0000 -4805928.6788 4126944.5164  678984.1624 -4126944.5164 4805928.6788  678984.1624  328324.9483     224.3843      97.9130
400000466 300000117                                         -5024649.2825 3678298.5650 1346350.7175 -4400885.2099 4400885.2099 1361638.6226 -4805928.6788 4126944.5164  678984.1624  329212.3599     235.4976      90.4392
400000467 300000117                                         -3678298.5650 5024649.2825 1346350.7175 -4126944.5164 4805928.6788  678984.1624 -4400885.2099 4400885.2099 1361638.6226  329212.3599     236.6466      91.2905
400000468 300000117                                         -4805928.6788 4126944.5164  678984.1624 -4400885.2099 4400885.2099 1361638.6226 -4126944.5164 4805928.6788  678984.1624  332074.9378     225.1620     100.1308
400000469 300000118                                         -5201899.7171 2600949.8585 2600949.8585 -4688572.4479 3374031.3064 2687534.5848 -5157396.7439 3166715.9053 1990680.8386  331958.1435     262.6385      76.6027
400000470 300000118                                         -4074905.2917 4074905.2917 2716603.5278 -4591494.5659 3912146.8074 2050103.9020 -4688572.4479 3374031.3064 2687534.5848  332135.9111     249.0032      94.4968
400000471 300000118                                         -5024649.2825 3678298.5650 1346350.7175 -5157396.7439 3166715.9053 1990680.8386 -4591494.5659 3912146.8074 2050103.9020  331417.2039     267.5908      66.1027
400000472 300000118                                         -4688572.4479 3374031.3064 2687534.5848 -4591494.5659 3912146.8074 2050103.9020 -5157396.7439 3166715.9053 1990680.8386  335024.3025     262.9898      72.7437
400000473 300000119                                         -2600949.8585 5201899.7171 2600949.8585 -3166715.9053 5157396.7439 1990680.8386 -3374031.3064 4688572.4479 2687534.5848  331958.1435     242.8907     125.4243
400000474 300000119                                         -3678298.5650 5024649.2825 1346350.7175 -3912146.8074 4591494.5659 2050103.9020 -3166715.9053 5157396.7439 1990680.8386  331417.2039     253.2088      82.2983
400000475 300000119                                         -4074905.2917 4074905.2917 2716603.5278 -3374031.3064 4688572.4479 2687534.5848 -3912146.8074 4591494.5659 2050103.9020  332135.9111     243.6040     109.1170
400000476 300000119                                         -3166715.9053 5157396.7439 1990680.8386 -3912146.8074 4591494.5659 2050103.9020 -3374031.3064 4688572.4479 2687534.5848  335024.3025     250.3956      93.5729
400000477 300000120                                         -5024649.2825 3678298.5650 1346350.7175 -4591494.5659 3912146.8074 2050103.9020 -4400885.2099 4400885.2099 1361638.6226  344128.0612     257.6727      72.3404
400000478 300000120                                         -4074905.2917 4074905.2917 2716603.5278 -3912146.8074 4591494.5659 2050103.9020 -4591494.5659 3912146.8074 2050103.9020  343384.2298     252.3024      87.9801
400000479 300000120                                         -3678298.5650 5024649.2825 1346350.7175 -4400885.2099 4400885.2099 1361638.6226 -3912146.8074 4591494.5659 2050103.9020  344128.0612     254.4681      77.7838
400000480 300000120                                         -4591494.5659 3912146.8074 2050103.9020 -3912146.8074 4591494.5659 2050103.9020 -4400885.2099 4400885.2099 1361638.6226  347308.3434     259.2011      72.3276
400000481 300000121                                         -4504977.3029       0.0000 4504977.3029 -4126944.5164  678984.1624 4805928.6788 -4805928.6788  678984.1624 4126944.5164  328324.9483     219.5056     188.9994
400000482 300000121                                         -3678298.5650 1346350.7175 5024649.2825 -4400885.2099 1361638.6226 4400885.2099 -4126944.5164  678984.1624 4805928.6788  329212.3599     218.5417     193.1913
400000483 300000121                                         -5024649.2825 1346350.7175 3678298.5650 -4805928.6788  678984.1624 4126944.5164 -4400885.2099 1361638.6226 4400885.2099  329212.3599     217.6179     182.9361
400000484 300000121                                         -4126944.5164  678984.1624 4805928.6788 -4400885.2099 1361638.6226 4400885.2099 -4805928.6788  678984.1624 4126944.5164  332074.9378     218.7930     191.2525
400000485 300000122                                         -2600949.8585 2600949.8585 5201899.7171 -3374031.3064 2687534.5848 4688572.4479 -3166715.9053 1990680.8386 5157396.7439  331958.1435     219.5401     168.3551
400000486 300000122                                         -4074905.2917 2716603.5278 4074905.2917 -3912146.8074 2050103.9020 4591494.5659 -3374031.3064 2687534.5848 4688572.4479  332135.9111     219.8194     166.2387
400000487 300000122                                         -3678298.5650 1346350.7175 5024649.2825 -3166715.9053 1990680.8386 5157396.7439 -3912146.8074 2050103.9020 4591494.5659  331417.2039     217.9324     177.0977
400000488 300000122                                         -3374031.3064 2687534.5848 4688572.4479 -3912146.8074 2050103.9020 4591494.5659 -3166715.9053 1990680.8386 5157396.7439  335024.3025     217.6466     173.9959
400000489 300000123                                         -5201899.7171 2600949.8585 2600949.8585 -5157396.7439 1990680.8386 3166715.9053 -4688572.4479 2687534.5848 3374031.3064  331958.1435     239.9467     121.2789
400000490 300000123                                         -5024649.2825 1346350.7175 3678298.5650 -4591494.5659 2050103.9020 3912146.8074 -5157396.7439 1990680.8386 3166715.9053  331417.2039     220.0789     157.3973
400000491 300000123                                         -4074905.2917 2716603.5278 4074905.2917 -4688572.4479 2687534.5848 3374031.3064 -4591494.5659 2050103.9020 3912146.8074  332135.9111     219.4548     157.6493
400000492 300000123                                         -5157396.7439 1990680.8386 3166715.9053 -4591494.5659 2050103.9020 3912146.8074 -4688572.4479 2687534.5848 3374031.3064  335024.3025     221.3529     153.4259
400000493 300000124                                         -3678298.5650 1346350.7175 5024649.2825 -3912146.8074 2050103.9020 4591494.5659 -4400885.2099 1361638.6226 4400885.2099  344128.0612     218.7441     187.5814
400000494 300000124                                         -4074905.2917 2716603.5278 4074905.2917 -4591494.5659 2050103.9020 3912146.8074 -3912146.8074 2050103.9020 4591494.5659  343384.2298     221.6088     169.9408
400000495 300000124                                         -5024649.2825 1346350.7175 3678298.5650 -4400885.2099 1361638.6226 4400885.2099 -4591494.5659 2050103.9020 3912146.8074  344128.0612     217.5832     175.1432
400000496 300000124                                         -3912146.8074 2050103.9020 4591494.5659 -4591494.5659 2050103.9020 3912146.8074 -4400885.2099 1361638.6226 4400885.2099  347308.3434     220.2039     182.8336
400000497 300000125                                         -2600949.8585 5201899.7171 2600949.8585 -3374031.3064 4688572.4479 2687534.5848 -2687534.5848 4688572.4479 3374031.3064  387995.8446     234.1766     172.7695
400000498 300000125                                         -4074905.2917 4074905.2917 2716603.5278 -3435012.9904 4122015.5885 3435012.9904 -3374031.3064 4688572.4479 2687534.5848  388281.7658     233.0938     146.8907
400000499 300000125                                         -2716603.5278 4074905.2917 4074905.2917 -2687534.5848 4688572.4479 3374031.3064 -3435012.9904 4122015.5885 3435012.9904  388281.7658     238.4916     127.5597
400000500 300000125                                         -3374031.3064 4688572.4479 2687534.5848 -3435012.9904 4122015.5885 3435012.9904 -2687534.5848 4688572.4479 3374031.3064  392517.4362     236.0065     147.3696
400000501 300000126                                         -5201899.7171 2600949.8585 2600949.8585 -4688572.4479 2687534.5848 3374031.3064 -4688572.4479 3374031.3064 2687534.5848  387995.8446     242.3397     115.1047
400000502 300000126                                         -4074905.2917 2716603.5278 4074905.2917 -4122015.5885 3435012.9904 3435012.9904 -4688572.4479 2687534.5848 3374031.3064  388281.7658     221.9864     150.2641
400000503 300000126                                         -4074905.2917 4074905.2917 2716603.5278 -4688572.4479 3374031.3064 2687534.5848 -4122015.5885 3435012.9904 3435012.9904  388281.7658     231.1548     135.6267
400000504 300000126                                         -4688572.4479 2687534.5848 3374031.3064 -4122015.5885 3435012.9904 3435012.9904 -4688572.4479 3374031.3064 2687534.5848  392517.4362     226.8758     144.5570
400000505 300000127                                         -2600949.8585 2600949.8585 5201899.7171 -2687534.5848 3374031.3064 4688572.4479 -3374031.3064 2687534.5848 4688572.4479  387995.8446     220.2656     158.9178
400000506 300000127                                         -2716603.5278 4074905.2917 4074905.2917 -3435012.9904 3435012.9904 4122015.5885 -2687534.5848 3374031.3064 4688572.4479  388281.7658     226.2765     153.8323
400000507 300000127                                         -4074905.2917 2716603.5278 4074905.2917 -3374031.3064 2687534.5848 4688572.4479 -3435012.9904 3435012.9904 4122015.5885  388281.7658     222.8640     155.2002
400000508 300000127                                         -2687534.5848 3374031.3064 4688572.4479 -3435012.9904 3435012.9904 4122015.5885 -3374031.3064 2687534.5848 4688572.4479  392517.4362     222.9236     157.4049
400000509 300000128                                         -4074905.2917 4074905.2917 2716603.5278 -4122015.5885 3435012.9904 3435012.9904 -3435012.9904 4122015.5885 3435012.9904  405996.4825     229.5506     144.9617
400000510 300000128                                         -4074905.2917 2716603.5278 4074905.2917 -3435012.9904 3435012.9904 4122015.5885 -4122015.5885 3435012.9904 3435012.9904  405996.4825     225.7781     147.2915
400000511 300000128                                         -2716603.5278 4074905.2917 4074905.2917 -3435012.9904 4122015.5885 3435012.9904 -3435012.9904 3435012.9904 4122015.5885  405996.4825     235.4703     134.7916
400000512 300000128                                         -4122015.5885 3435012.9904 3435012.9904 -3435012.9904 3435012.9904 4122015.5885 -3435012.9904 4122015.5885 3435012.9904  410731.3740     232.6475     141.8259
400000513 300000129                                               0.0000       0.0000 6371000.0000 -624467.2010       0.0000 6340321.8936       0.0000 -624467.2010 6340321.8936  195921.5441     209.9465     271.7212
400000514 300000129                                         -1242920.4416       0.0000 6248583.0214 -627459.2093 -627459.2093 6308900.9250 -624467.2010       0.0000 6340321.8936  196860.2699     210.3051     272.5981
400000515 300000129                                               0.0000 -1242920.4416 6248583.0214       0.0000 -624467.2010 6340321.8936 -627459.2093 -627459.2093 6308900.9250  196860.2699     209.7377     269.9869
400000516 300000129                                         -624467.2010       0.0000 6340321.8936 -627459.2093 -627459.2093 6308900.9250       0.0000 -624467.2010 6340321.8936  197817.4310     209.9708     271.9259
400000517 300000130                                         -2438076.1476       0.0000 5886036.5016 -1869698.6039 -639129.1082 6056845.8882 -1849403.6788       0.0000 6096666.8789  200521.8161     215.9987     245.2436
400000518 300000130                                         -1266279.9131 -1266279.9131 6114140.2800 -1260914.7366 -636326.6289 6212473.2151 -1869698.6039 -639129.1082 6056845.8882  200560.6406     214.7833     257.5984
400000519 300000130                                         -1242920.4416       0.0000 6248583.0214 -1849403.6788       0.0000 6096666.8789 -1260914.7366 -636326.6289 6212473.2151  199642.5528     212.8065     266.0122
400000520 300000130                                         -1869698.6039 -639129.1082 6056845.8882 -1260914.7366 -636326.6289 6212473.2151 -1849403.6788       0.0000 6096666.8789  201535.9727     214.2004     259.2380
400000521 300000131                                               0.0000 -2438076.1476 5886036.5016       0.0000 -1849403.6788 6096666.8789 -639129.1082 -1869698.6039 6056845.8882  200521.8161     212.0173     257.1533
400000522 300000131                                               0.0000 -1242920.4416 6248583.0214 -636326.6289 -1260914.7366 6212473.2151       0.0000 -1849403.6788 6096666.8789  199642.5528     210.6032     264.1468
400000523 300000131                                         -1266279.9131 -1266279.9131 6114140.2800 -639129.1082 -1869698.6039 6056845.8882 -636326.6289 -1260914.7366 6212473.2151  200560.6406     213.5597     252.4264
400000524 300000131                                               0.0000 -1849403.6788 6096666.8789 -636326.6289 -1260914.7366 6212473.2151 -639129.1082 -1869698.6039 6056845.8882  201535.9727     211.4369     262.7968
400000525 300000132                                         -1242920.4416       0.0000 6248583.0214 -1260914.7366 -636326.6289 6212473.2151 -627459.2093 -627459.2093 6308900.9250  204548.8197     211.4226     271.1444
400000526 300000132                                         -1266279.9131 -1266279.9131 6114140.2800 -636326.6289 -1260914.7366 6212473.2151 -1260914.7366 -636326.6289 6212473.2151  203612.8458     213.3235     263.1078
400000527 300000132                                               0.0000 -1242920.4416 6248583.0214 -627459.2093 -627459.2093 6308900.9250 -636326.6289 -1260914.7366 6212473.2151  204548.8197     210.4510     270.9669
400000528 300000132                                         -1260914.7366 -636326.6289 6212473.2151 -636326.6289 -1260914.7366 6212473.2151 -627459.2093 -627459.2093 6308900.9250  205583.5447     211.4678     270.6963
400000529 300000133                                         -4504977.3029       0.0000 4504977.3029 -4126944.5164 -678984.1624 4805928.6788 -4041719.6134       0.0000 4924849.5984  213029.7505     219.0210     183.8203
400000530 300000133                                         -3678298.5650 -1346350.7175 5024649.2825 -3630292.7893 -677162.3725 5191537.9595 -4126944.5164 -678984.1624 4805928.6788  213259.5913     219.4142     170.9340
400000531 300000133                                         -3539537.9546       0.0000 5297292.9000 -4041719.6134       0.0000 4924849.5984 -3630292.7893 -677162.3725 5191537.9595  212458.1628     218.7335     182.8353
400000532 300000133                                         -4126944.5164 -678984.1624 4805928.6788 -3630292.7893 -677162.3725 5191537.9595 -4041719.6134       0.0000 4924849.5984  214297.3599     218.5941     180.9591
400000533 300000134                                         -2600949.8585 -2600949.8585 5201899.7171 -2604139.2443 -1976963.3461 5468063.2517 -3166715.9053 -1990680.8386 5157396.7439  213953.8407     222.0792     155.6732
400000534 300000134                                         -2577802.4491 -1330561.6814 5672228.9398 -3143878.6287 -1345228.8674 5375502.5311 -2604139.2443 -1976963.3461 5468063.2517  213196.7862     218.1018     163.7282
400000535 300000134                                         -3678298.5650 -1346350.7175 5024649.2825 -3166715.9053 -1990680.8386 5157396.7439 -3143878.6287 -1345228.8674 5375502.5311  213817.3983     221.3708     153.8593
400000536 300000134                                         -2604139.2443 -1976963.3461 5468063.2517 -3143878.6287 -1345228.8674 5375502.5311 -3166715.9053 -1990680.8386 5157396.7439  215042.4187     222.0001     149.9246
400000537 300000135                                         -2438076.1476       0.0000 5886036.5016 -3003268.6103       0.0000 5618720.3752 -2522238.0841 -669073.8784 5812081.9155  209920.2574     217.1755     196.4856
400000538 300000135                                         -3539537.9546       0.0000 5297292.9000 -3085738.1156 -671168.2896 5533298.6915 -3003268.6103       0.0000 5618720.3752  210577.3796     217.8232     182.6447
400000539 300000135                                         -2577802.4491 -1330561.6814 5672228.9398 -2522238.0841 -669073.8784 5812081.9155 -3085738.1156 -671168.2896 5533298.6915  210758.2000     221.5708     160.2848
400000540 300000135                                         -3003268.6103       0.0000 5618720.3752 -3085738.1156 -671168.2896 5533298.6915 -2522238.0841 -669073.8784 5812081.9155  211783.6604     217.7509     178.4509
400000541 300000136                                         -3678298.5650 -1346350.7175 5024649.2825 -3143878.6287 -1345228.8674 5375502.5311 -3630292.7893 -677162.3725 5191537.9595  217445.2803     218.7890     160.3728
400000542 300000136                                         -2577802.4491 -1330561.6814 5672228.9398 -3085738.1156 -671168.2896 5533298.6915 -3143878.6287 -1345228.8674 5375502.5311  218077.9738     219.6505     161.5513
400000543 300000136                                         -3539537.9546       0.0000 5297292.9000 -3630292.7893 -677162.3725 5191537.9595 -3085738.1156 -671168.2896 5533298.6915  218265.1507     218.2325     173.7467
400000544 300000136                                         -3143878.6287 -1345228.8674 5375502.5311 -3085738.1156 -671168.2896 5533298.6915 -3630292.7893 -677162.3725 5191537.9595  219375.9096     217.9247     148.0031
400000545 300000137                                               0.0000 -4504977.3029 4504977.3029       0.0000 -4041719.6134 4924849.5984 -678984.1624 -4126944.5164 4805928.6788  213029.7505     226.7553     154.2528
400000546 300000137                                               0.0000 -3539537.9546 5297292.9000 -677162.3725 -3630292.7893 5191537.9595       0.0000 -4041719.6134 4924849.5984  212458.1628     224.2344     148.8495
400000547 300000137                                         -1346350.7175 -3678298.5650 5024649.2825 -678984.1624 -4126944.5164 4805928.6788 -677162.3725 -3630292.7893 5191537.9595  213259.5913     228.8799     146.5403
400000548 300000137                                               0.0000 -4041719.6134 4924849.5984 -677162.3725 -3630292.7893 5191537.9595 -678984.1624 -4126944.5164 4805928.6788  214297.3599     226.1122     148.9661
400000549 300000138                                               0.0000 -2438076.1476 5886036.5016 -669073.8784 -2522238.0841 5812081.9155       0.0000 -3003268.6103 5618720.3752  209920.2574     212.3914     252.0056
400000550 300000138                                         -1330561.6814 -2577802.4491 5672228.9398 -671168.2896 -3085738.1156 5533298.6915 -669073.8784 -2522238.0841 5812081.9155  210758.2000     219.6606     198.8588
400000551 300000138                                               0.0000 -3539537.9546 5297292.9000       0.0000 -3003268.6103 5618720.3752 -671168.2896 -3085738.1156 5533298.6915  210577.3796     216.8222     219.2649
400000552 300000138                                         -669073.8784 -2522238.0841 5812081.9155 -671168.2896 -3085738.1156 5533298.6915       0.0000 -3003268.6103 5618720.3752  211783.6604     214.7087     244.2243
400000553 300000139                                         -2600949.8585 -2600949.8585 5201899.7171 -1990680.8386 -3166715.9053 5157396.7439 -1976963.3461 -2604139.2443 5468063.2517  213953.8407     215.9149     173.5595
400000554 300000139                                         -1346350.7175 -3678298.5650 5024649.2825 -1345228.8674 -3143878.6287 5375502.5311 -1990680.8386 -3166715.9053 5157396.7439  213817.3983     224.0752     142.8142
400000555 300000139                                         -1330561.6814 -2577802.4491 5672228.9398 -1976963.3461 -2604139.2443 5468063.2517 -1345228.8674 -3143878.6287 5375502.5311  213196.7862     227.2801     127.6170
400000556 300000139                                         -1990680.8386 -3166715.9053 5157396.7439 -1345228.8674 -3143878.6287 5375502.5311 -1976963.3461 -2604139.2443 5468063.2517  215042.4187     221.7921     144.6540
400000557 300000140                                               0.0000 -3539537.9546 5297292.9000 -671168.2896 -3085738.1156 5533298.6915 -677162.3725 -3630292.7893 5191537.9595  218265.1507     223.3378     152.6712
400000558 300000140                                         -1330561.6814 -2577802.4491 5672228.9398 -1345228.8674 -3143878.6287 5375502.5311 -671168.2896 -3085738.1156 5533298.6915  218077.9738     227.6560     132.7263
400000559 300000140                                         -1346350.7175 -3678298.5650 5024649.2825 -677162.3725 -3630292.7893 5191537.9595 -1345228.8674 -3143878.6287 5375502.5311  217445.2803     228.2723     133.5818
400000560 300000140                                         -671168.2896 -3085738.1156 5533298.6915 -1345228.8674 -3143878.6287 5375502.5311 -677162.3725 -3630292.7893 5191537.9595  219375.9096     227.3555     134.4204
400000561 300000141                                         -2438076.1476       0.0000 5886036.5016 -2522238.0841 -669073.8784 5812081.9155 -1869698.6039 -639129.1082 6056845.8882  232651.5371     217.5901     217.5062
400000562 300000141                                         -2577802.4491 -1330561.6814 5672228.9398 -1933504.7432 -1306164.9224 5928333.1219 -2522238.0841 -669073.8784 5812081.9155  231845.9895     223.1595     153.4991
400000563 300000141                                         -1266279.9131 -1266279.9131 6114140.2800 -1869698.6039 -639129.1082 6056845.8882 -1933504.7432 -1306164.9224 5928333.1219  232712.3450     216.7055     243.0191
400000564 300000141                                         -2522238.0841 -669073.8784 5812081.9155 -1933504.7432 -1306164.9224 5928333.1219 -1869698.6039 -639129.1082 6056845.8882  234046.8072     218.1393     210.6801
400000565 300000142                                         -2600949.8585 -2600949.8585 5201899.7171 -1976963.3461 -2604139.2443 5468063.2517 -2604139.2443 -1976963.3461 5468063.2517  228300.1373     218.0024     169.9901
400000566 300000142                                         -1330561.6814 -2577802.4491 5672228.9398 -1973179.1775 -1973179.1775 5727370.1528 -1976963.3461 -2604139.2443 5468063.2517  229212.6770     220.4997     158.7384
400000567 300000142                                         -2577802.4491 -1330561.6814 5672228.9398 -2604139.2443 -1976963.3461 5468063.2517 -1973179.1775 -1973179.1775 5727370.1528  229212.6770     215.9916     172.1531
400000568 300000142                                         -1976963.3461 -2604139.2443 5468063.2517 -1973179.1775 -1973179.1775 5727370.1528 -2604139.2443 -1976963.3461 5468063.2517  230526.8451     216.8934     167.2086
400000569 300000143                                               0.0000 -2438076.1476 5886036.5016 -639129.1082 -1869698.6039 6056845.8882 -669073.8784 -2522238.0841 5812081.9155  232651.5371     213.3325     254.6552
400000570 300000143                                         -1266279.9131 -1266279.9131 6114140.2800 -1306164.9224 -1933504.7432 5928333.1219 -639129.1082 -1869698.6039 6056845.8882  232712.3450     216.2164     235.3094
400000571 300000143                                         -1330561.6814 -2577802.4491 5672228.9398 -669073.8784 -2522238.0841 5812081.9155 -1306164.9224 -1933504.7432 5928333.1219  231845.9895     219.9824     201.3461
400000572 300000143                                         -639129.1082 -1869698.6039 6056845.8882 -1306164.9224 -1933504.7432 5928333.1219 -669073.8784 -2522238.0841 5812081.9155  234046.8072     215.8014     241.4819
400000573 300000144                                         -2577802.4491 -1330561.6814 5672228.9398 -1973179.1775 -1973179.1775 5727370.1528 -1933504.7432 -1306164.9224 5928333.1219  238189.0310     222.7530     146.9675
400000574 300000144                                         -1330561.6814 -2577802.4491 5672228.9398 -1306164.9224 -1933504.7432 5928333.1219 -1973179.1775 -1973179.1775 5727370.1528  238189.0310     223.1724     162.0635
400000575 300000144                                         -1266279.9131 -1266279.9131 6114140.2800 -1933504.7432 -1306164.9224 5928333.1219 -1306164.9224 -1933504.7432 5928333.1219  237302.7613     219.3270     221.0652
400000576 300000144                                         -1973179.1775 -1973179.1775 5727370.1528 -1306164.9224 -1933504.7432 5928333.1219 -1933504.7432 -1306164.9224 5928333.1219  239617.8861     222.7363     164.1351
400000577 300000145                                         -6371000.0000       0.0000       0.0000 -6340321.8936 -624467.2010       0.0000 -6340321.8936       0.0000  624467.2010  195921.5441     253.5446      76.7241
400000578 300000145                                         -6248583.0214 -1242920.4416       0.0000 -6308900.9250 -627459.2093  627459.2093 -6340321.8936 -624467.2010       0.0000  196860.2699     257.2403      77.0553
400000579 300000145                                         -6248583.0214       0.0000 1242920.4416 -6340321.8936       0.0000  624467.2010 -6308900.9250 -627459.2093  627459.2093  196860.2699     239.4129      97.2498
400000580 300000145                                         -6340321.8936 -624467.2010       0.0000 -6308900.9250 -627459.2093  627459.2093 -6340321.8936       0.0000  624467.2010  197817.4310     239.9987     100.0360
400000581 300000146                                         -5886036.5016 -2438076.1476       0.0000 -6056845.8882 -1869698.6039  639129.1082 -6096666.8789 -1849403.6788       0.0000  200521.8161     266.5516      71.8478
400000582 300000146                                         -6114140.2800 -1266279.9131 1266279.9131 -6212473.2151 -1260914.7366  636326.6289 -6056845.8882 -1869698.6039  639129.1082  200560.6406     246.9897      96.9951
400000583 300000146                                         -6248583.0214 -1242920.4416       0.0000 -6096666.8789 -1849403.6788       0.0000 -6212473.2151 -1260914.7366  636326.6289  199642.5528     262.2604      74.6615
400000584 300000146                                         -6056845.8882 -1869698.6039  639129.1082 -6212473.2151 -1260914.7366  636326.6289 -6096666.8789 -1849403.6788       0.0000  201535.9727     249.5932      95.2778
400000585 300000147                                         -5886036.5016       0.0000 2438076.1476 -6096666.8789       0.0000 1849403.6788 -6056845.8882 -639129.1082 1869698.6039  200521.8161     276.7496      68.5224
400000586 300000147                                         -6248583.0214       0.0000 1242920.4416 -6212473.2151 -636326.6289 1260914.7366 -6096666.8789       0.0000 1849403.6788  199642.5528     264.7399      68.4242
400000587 300000147                                         -6114140.2800 -1266279.9131 1266279.9131 -6056845.8882 -639129.1082 1869698.6039 -6212473.2151 -636326.6289 1260914.7366  200560.6406     264.9054      71.0897
400000588 300000147                                         -6096666.8789       0.0000 1849403.6788 -6212473.2151 -636326.6289 1260914.7366 -6056845.8882 -639129.1082 1869698.6039  201535.9727     270.0870      69.2892
400000589 300000148                                         -6248583.0214 -1242920.4416       0.0000 -6212473.2151 -1260914.7366  636326.6289 -6308900.9250 -627459.2093  627459.2093  204548.8197     245.1864      98.5093
400000590 300000148                                         -6114140.2800 -1266279.9131 1266279.9131 -6212473.2151 -636326.6289 1260914.7366 -6212473.2151 -1260914.7366  636326.6289  203612.8458     253.6213      81.7732
400000591 300000148                                         -6248583.0214       0.0000 1242920.4416 -6308900.9250 -627459.2093  627459.2093 -6212473.2151 -636326.6289 1260914.7366  204548.8197     250.1085      82.9703
400000592 300000148                                         -6212473.2151 -1260914.7366  636326.6289 -6212473.2151 -636326.6289 1260914.7366 -6308900.9250 -627459.2093  627459.2093  205583.5447     242.2598      98.8897
400000593 300000149                                         -4504977.3029 -4504977.3029       0.0000 -4805928.6788 -4126944.5164  678984.1624 -4924849.5984 -4041719.6134       0.0000  213029.7505     267.7901      66.4187
400000594 300000149                                         -5024649.2825 -3678298.5650 1346350.7175 -5191537.9595 -3630292.7893  677162.3725 -4805928.6788 -4126944.5164  678984.1624  213259.5913     246.1835     104.1638
400000595 300000149                                         -5297292.9000 -3539537.9546       0.0000 -4924849.5984 -4041719.6134       0.0000 -5191537.9595 -3630292.7893  677162.3725  212458.1628     268.1907      68.0163
400000596 300000149                                         -4805928.6788 -4126944.5164  678984.1624 -5191537.9595 -3630292.7893  677162.3725 -4924849.5984 -4041719.6134       0.0000  214297.3599     248.9643      97.0196
400000597 300000150                                         -5201899.7171 -2600949.8585 2600949.8585 -5468063.2517 -2604139.2443 1976963.3461 -5157396.7439 -3166715.9053 1990680.8386  213953.8407     274.1461      77.5087
400000598 300000150                                         -5672228.9398 -2577802.4491 1330561.6814 -5375502.5311 -3143878.6287 1345228.8674 -5468063.2517 -2604139.2443 1976963.3461  213196.7862     268.6023      74.6129
400000599 300000150                                         -5024649.2825 -3678298.5650 1346350.7175 -5157396.7439 -3166715.9053 1990680.8386 -5375502.5311 -3143878.6287 1345228.8674  213817.3983     264.6921      82.4039
400000600 300000150                                         -5468063.2517 -2604139.2443 1976963.3461 -5375502.5311 -3143878.6287 1345228.8674 -5157396.7439 -3166715.9053 1990680.8386  215042.4187     270.6284      77.6200
400000601 300000151                                         -5886036.5016 -2438076.1476       0.0000 -5618720.3752 -3003268.6103       0.0000 -5812081.9155 -2522238.0841  669073.8784  209920.2574     266.0574      74.3376
400000602 300000151                                         -5297292.9000 -3539537.9546       0.0000 -5533298.6915 -3085738.1156  671168.2896 -5618720.3752 -3003268.6103       0.0000  210577.3796     268.3092      68.5588
400000603 300000151                                         -5672228.9398 -2577802.4491 1330561.6814 -5812081.9155 -2522238.0841  669073.8784 -5533298.6915 -3085738.1156  671168.2896  210758.2000     250.7121      99.3465
400000604 300000151                                         -5618720.3752 -3003268.6103       0.0000 -5533298.6915 -3085738.1156  671168.2896 -5812081.9155 -2522238.0841  669073.8784  211783.6604     251.0725      99.6892
400000605 300000152                                         -5024649.2825 -3678298.5650 1346350.7175 -5375502.5311 -3143878.6287 1345228.8674 -5191537.9595 -3630292.7893  677162.3725  217445.2803     257.0299      86.8728
400000606 300000152                                         -5672228.9398 -2577802.4491 1330561.6814 -5533298.6915 -3085738.1156  671168.2896 -5375502.5311 -3143878.6287 1345228.8674  218077.9738     258.6789      85.5658
400000607 300000152                                         -5297292.9000 -3539537.9546       0.0000 -5191537.9595 -3630292.7893  677162.3725 -5533298.6915 -3085738.1156  671168.2896  218265.1507     249.8199      98.6997
400000608 300000152                                         -5375502.5311 -3143878.6287 1345228.8674 -5533298.6915 -3085738.1156  671168.2896 -5191537.9595 -3630292.7893  677162.3725  219375.9096     249.0240     100.2030
400000609 300000153                                         -4504977.3029       0.0000 4504977.3029 -4924849.5984       0.0000 4041719.6134 -4805928.6788 -678984.1624 4126944.5164  213029.7505     219.1439     181.7889
400000610 300000153                                         -5297292.9000       0.0000 3539537.9546 -5191537.9595 -677162.3725 3630292.7893 -4924849.5984       0.0000 4041719.6134  212458.1628     224.5655     157.1789
400000611 300000153                                         -5024649.2825 -1346350.7175 3678298.5650 -4805928.6788 -678984.1624 4126944.5164 -5191537.9595 -677162.3725 3630292.7893  213259.5913     225.2717     154.7149
400000612 300000153                                         -4924849.5984       0.0000 4041719.6134 -5191537.9595 -677162.3725 3630292.7893 -4805928.6788 -678984.1624 4126944.5164  214297.3599     220.9377     167.8332
400000613 300000154                                         -5886036.5016       0.0000 2438076.1476 -5812081.9155 -669073.8784 2522238.0841 -5618720.3752       0.0000 3003268.6103  209920.2574     264.3435      83.5981
400000614 300000154                                         -5672228.9398 -1330561.6814 2577802.4491 -5533298.6915 -671168.2896 3085738.1156 -5812081.9155 -669073.8784 2522238.0841  210758.2000     265.1857      79.9145
400000615 300000154                                         -5297292.9000       0.0000 3539537.9546 -5618720.3752       0.0000 3003268.6103 -5533298.6915 -671168.2896 3085738.1156  210577.3796     243.9305     115.1620
400000616 300000154                                         -5812081.9155 -669073.8784 2522238.0841 -5533298.6915 -671168.2896 3085738.1156 -5618720.3752       0.0000 3003268.6103  211783.6604     258.4413      90.4967
400000617 300000155                                         -5201899.7171 -2600949.8585 2600949.8585 -5157396.7439 -1990680.8386 3166715.9053 -5468063.2517 -1976963.3461 2604139.2443  213953.8407     266.0567      78.4327
400000618 300000155                                         -5024649.2825 -1346350.7175 3678298.5650 -5375502.5311 -1345228.8674 3143878.6287 -5157396.7439 -1990680.8386 3166715.9053  213817.3983     245.7230     105.6758
400000619 300000155                                         -5672228.9398 -1330561.6814 2577802.4491 -5468063.2517 -1976963.3461 2604139.2443 -5375502.5311 -1345228.8674 3143878.6287  213196.7862     266.0390      78.4768
400000620 300000155                                         -5157396.7439 -1990680.8386 3166715.9053 -5375502.5311 -1345228.8674 3143878.6287 -5468063.2517 -1976963.3461 2604139.2443  215042.4187     259.6725      86.4898
400000621 300000156                                         -5297292.9000       0.0000 3539537.9546 -5533298.6915 -671168.2896 3085738.1156 -5191537.9595 -677162.3725 3630292.7893  218265.1507     237.1762     127.2063
400000622 300000156                                         -5672228.9398 -1330561.6814 2577802.4491 -5375502.5311 -1345228.8674 3143878.6287 -5533298.6915 -671168.2896 3085738.1156  218077.9738     259.7407      84.9987
400000623 300000156                                         -5024649.2825 -1346350.7175 3678298.5650 -5191537.9595 -677162.3725 3630292.7893 -5375502.5311 -1345228.8674 3143878.6287  217445.2803     237.6452     125.7888
400000624 300000156                                         -5533298.6915 -671168.2896 3085738.1156 -5375502.5311 -1345228.8674 3143878.6287 -5191537.9595 -677162.3725 3630292.7893  219375.9096     245.4363     109.5797
400000625 300000157                                         -5886036.5016 -2438076.1476       0.0000 -5812081.9155 -2522238.0841  669073.8784 -6056845.8882 -1869698.6039  639129.1082  232651.5371     250.7215      97.9411
400000626 300000157                                         -5672228.9398 -2577802.4491 1330561.6814 -5928333.1219 -1933504.7432 1306164.9224 -5812081.9155 -2522238.0841  669073.8784  231845.9895     258.5428      82.6791
400000627 300000157                                         -6114140.2800 -1266279.9131 1266279.9131 -6056845.8882 -1869698.6039  639129.1082 -5928333.1219 -1933504.7432 1306164.9224  232712.3450     257.5589      80.4977
400000628 300000157                                         -5812081.9155 -2522238.0841  669073.8784 -5928333.1219 -1933504.7432 1306164.9224 -6056845.8882 -1869698.6039  639129.1082  234046.8072     249.9661      96.1829
400000629 300000158                                         -5201899.7171 -2600949.8585 2600949.8585 -5468063.2517 -1976963.3461 2604139.2443 -5468063.2517 -2604139.2443 1976963.3461  228300.1373     273.8005      74.5192
400000630 300000158                                         -5672228.9398 -1330561.6814 2577802.4491 -5727370.1528 -1973179.1775 1973179.1775 -5468063.2517 -1976963.3461 2604139.2443  229212.6770     274.2549      71.3032
400000631 300000158                                         -5672228.9398 -2577802.4491 1330561.6814 -5468063.2517 -2604139.2443 1976963.3461 -5727370.1528 -1973179.1775 1973179.1775  229212.6770     274.0411      68.6818
400000632 300000158                                         -5468063.2517 -1976963.3461 2604139.2443 -5727370.1528 -1973179.1775 1973179.1775 -5468063.2517 -2604139.2443 1976963.3461  230526.8451     275.2497      75.8411
400000633 300000159                                         -5886036.5016       0.0000 2438076.1476 -6056845.8882 -639129.1082 1869698.6039 -5812081.9155 -669073.8784 2522238.0841  232651.5371     273.7851      71.5016
400000634 300000159                                         -6114140.2800 -1266279.9131 1266279.9131 -5928333.1219 -1306164.9224 1933504.7432 -6056845.8882 -639129.1082 1869698.6039  232712.3450     269.5730      70.3273
400000635 300000159                                         -5672228.9398 -1330561.6814 2577802.4491 -5812081.9155 -669073.8784 2522238.0841 -5928333.1219 -1306164.9224 1933504.7432  231845.9895     273.6580      71.4057
400000636 300000159                                         -6056845.8882 -639129.1082 1869698.6039 -5928333.1219 -1306164.9224 1933504.7432 -5812081.9155 -669073.8784 2522238.0841  234046.8072     274.4734      71.9667
400000637 300000160                                         -5672228.9398 -2577802.4491 1330561.6814 -5727370.1528 -1973179.1775 1973179.1775 -5928333.1219 -1933504.7432 1306164.9224  238189.0310     269.8870      69.1085
400000638 300000160                                         -5672228.9398 -1330561.6814 2577802.4491 -5928333.1219 -1306164.9224 1933504.7432 -5727370.1528 -1973179.1775 1973179.1775  238189.0310     275.2834      71.6162
400000639 300000160                                         -6114140.2800 -1266279.9131 1266279.9131 -5928333.1219 -1933504.7432 1306164.9224 -5928333.1219 -1306164.9224 1933504.7432  237302.7613     267.1686      70.1033
400000640 300000160                                         -5727370.1528 -1973179.1775 1973179.1775 -5928333.1219 -1306164.9224 1933504.7432 -5928333.1219 -1933504.7432 1306164.9224  239617.8861     272.5788      67.9456
400000641 300000161                                               0.0000 -6371000.0000       0.0000       0.0000 -6340321.8936  624467.2010 -624467.2010 -6340321.8936       0.0000  195921.5441     256.9277      84.6561
400000642 300000161                                               0.0000 -6248583.0214 1242920.4416 -627459.2093 -6308900.9250  627459.2093       0.0000 -6340321.8936  624467.2010  196860.2699     219.7719     122.1085
400000643 300000161                                         -1242920.4416 -6248583.0214       0.0000 -624467.2010 -6340321.8936       0.0000 -627459.2093 -6308900.9250  627459.2093  196860.2699     261.9879      82.3541
400000644 300000161                                               0.0000 -6340321.8936  624467.2010 -627459.2093 -6308900.9250  627459.2093 -624467.2010 -6340321.8936       0.0000  197817.4310     240.5828     110.0791
400000645 300000162                                               0.0000 -5886036.5016 2438076.1476 -639129.1082 -6056845.8882 1869698.6039       0.0000 -6096666.8789 1849403.6788  200521.8161     261.2507      97.9216
400000646 300000162                                         -1266279.9131 -6114140.2800 1266279.9131 -636326.6289 -6212473.2151 1260914.7366 -639129.1082 -6056845.8882 1869698.6039  200560.6406     241.9894      98.9712
400000647 300000162                                               0.0000 -6248583.0214 1242920.4416       0.0000 -6096666.8789 1849403.6788 -636326.6289 -6212473.2151 1260914.7366  199642.5528     231.8845     109.5885
400000648 300000162                                         -639129.1082 -6056845.8882 1869698.6039 -636326.6289 -6212473.2151 1260914.7366       0.0000 -6096666.8789 1849403.6788  201535.9727     241.7845     105.2693
400000649 300000163                                         -2438076.1476 -5886036.5016       0.0000 -1849403.6788 -6096666.8789       0.0000 -1869698.6039 -6056845.8882  639129.1082  200521.8161     268.9575      71.2530
400000650 300000163                                         -1242920.4416 -6248583.0214       0.0000 -1260914.7366 -6212473.2151  636326.6289 -1849403.6788 -6096666.8789       0.0000  199642.5528     266.8765      76.2422
400000651 300000163                                         -1266279.9131 -6114140.2800 1266279.9131 -1869698.6039 -6056845.8882  639129.1082 -1260914.7366 -6212473.2151  636326.6289  200560.6406     219.4763     132.0439
400000652 300000163                                         -1849403.6788 -6096666.8789       0.0000 -1260914.7366 -6212473.2151  636326.6289 -1869698.6039 -6056845.8882  639129.1082  201535.9727     249.5662      99.3052
400000653 300000164                                               0.0000 -6248583.0214 1242920.4416 -636326.6289 -6212473.2151 1260914.7366 -627459.2093 -6308900.9250  627459.2093  204548.8197     225.1014     113.1492
400000654 300000164                                         -1266279.9131 -6114140.2800 1266279.9131 -1260914.7366 -6212473.2151  636326.6289 -636326.6289 -6212473.2151 1260914.7366  203612.8458     220.6339     124.8028
400000655 300000164                                         -1242920.4416 -6248583.0214       0.0000 -627459.2093 -6308900.9250  627459.2093 -1260914.7366 -6212473.2151  636326.6289  204548.8197     245.3434     105.4894
400000656 300000164                                         -636326.6289 -6212473.2151 1260914.7366 -1260914.7366 -6212473.2151  636326.6289 -627459.2093 -6308900.9250  627459.2093  205583.5447     218.9666     128.8076
400000657 300000165                                               0.0000 -4504977.3029 4504977.3029 -678984.1624 -4805928.6788 4126944.5164       0.0000 -4924849.5984 4041719.6134  213029.7505     233.0538     159.8043
400000658 300000165                                         -1346350.7175 -5024649.2825 3678298.5650 -677162.3725 -5191537.9595 3630292.7893 -678984.1624 -4805928.6788 4126944.5164  213259.5913     251.0881     133.5037
400000659 300000165                                               0.0000 -5297292.9000 3539537.9546       0.0000 -4924849.5984 4041719.6134 -677162.3725 -5191537.9595 3630292.7893  212458.1628     242.0212     152.9111
400000660 300000165                                         -678984.1624 -4805928.6788 4126944.5164 -677162.3725 -5191537.9595 3630292.7893       0.0000 -4924849.5984 4041719.6134  214297.3599     239.8059     152.1675
400000661 300000166                                         -2600949.8585 -5201899.7171 2600949.8585 -1976963.3461 -5468063.2517 2604139.2443 -1990680.8386 -5157396.7439 3166715.9053  213953.8407     285.8803      79.7523
400000662 300000166                                         -1330561.6814 -5672228.9398 2577802.4491 -1345228.8674 -5375502.5311 3143878.6287 -1976963.3461 -5468063.2517 2604139.2443  213196.7862     280.3584      95.2386
400000663 300000166                                         -1346350.7175 -5024649.2825 3678298.5650 -1990680.8386 -5157396.7439 3166715.9053 -1345228.8674 -5375502.5311 3143878.6287  213817.3983     278.4827     109.3434
400000664 300000166                                         -1976963.3461 -5468063.2517 2604139.2443 -1345228.8674 -5375502.5311 3143878.6287 -1990680.8386 -5157396.7439 3166715.9053  215042.4187     287.7054      85.0668
400000665 300000167                                               0.0000 -5886036.5016 2438076.1476       0.0000 -5618720.3752 3003268.6103 -669073.8784 -5812081.9155 2522238.0841  209920.2574     273.3532      74.5587
400000666 300000167                                               0.0000 -5297292.9000 3539537.9546 -671168.2896 -5533298.6915 3085738.1156       0.0000 -5618720.3752 3003268.6103  210577.3796     259.6561     117.0634
400000667 300000167                                         -1330561.6814 -5672228.9398 2577802.4491 -669073.8784 -5812081.9155 2522238.0841 -671168.2896 -5533298.6915 3085738.1156  210758.2000     265.8626     117.6540
400000668 300000167                                               0.0000 -5618720.3752 3003268.6103 -671168.2896 -5533298.6915 3085738.1156 -669073.8784 -5812081.9155 2522238.0841  211783.6604     268.2335      81.9865
400000669 300000168                                         -1346350.7175 -5024649.2825 3678298.5650 -1345228.8674 -5375502.5311 3143878.6287 -677162.3725 -5191537.9595 3630292.7893  217445.2803     263.7930     127.5518
400000670 300000168                                         -1330561.6814 -5672228.9398 2577802.4491 -671168.2896 -5533298.6915 3085738.1156 -1345228.8674 -5375502.5311 3143878.6287  218077.9738     271.7033     122.2165
400000671 300000168                                               0.0000 -5297292.9000 3539537.9546 -677162.3725 -5191537.9595 3630292.7893 -671168.2896 -5533298.6915 3085738.1156  218265.1507     251.6461     141.2899
400000672 300000168                                         -1345228.8674 -5375502.5311 3143878.6287 -671168.2896 -5533298.6915 3085738.1156 -677162.3725 -5191537.9595 3630292.7893  219375.9096     259.6516     135.1252
400000673 300000169                                         -4504977.3029 -4504977.3029       0.0000 -4041719.6134 -4924849.5984       0.0000 -4126944.5164 -4805928.6788  678984.1624  213029.7505     270.7210      65.0767
400000674 300000169                                         -3539537.9546 -5297292.9000       0.0000 -3630292.7893 -5191537.9595  677162.3725 -4041719.6134 -4924849.5984       0.0000  212458.1628     271.2649      64.8594
400000675 300000169                                         -3678298.5650 -5024649.2825 1346350.7175 -4126944.5164 -4805928.6788  678984.1624 -3630292.7893 -5191537.9595  677162.3725  213259.5913     236.5901     118.3027
400000676 300000169                                         -4041719.6134 -4924849.5984       0.0000 -3630292.7893 -5191537.9595  677162.3725 -4126944.5164 -4805928.6788  678984.1624  214297.3599     252.3383      94.4615
400000677 300000170                                         -2438076.1476 -5886036.5016       0.0000 -2522238.0841 -5812081.9155  669073.8784 -3003268.6103 -5618720.3752       0.0000  209920.2574     268.8906      71.8914
400000678 300000170                                         -2577802.4491 -5672228.9398 1330561.6814 -3085738.1156 -5533298.6915  671168.2896 -2522238.0841 -5812081.9155  669073.8784  210758.2000     224.9132     129.0149
400000679 300000170                                         -3539537.9546 -5297292.9000       0.0000 -3003268.6103 -5618720.3752       0.0000 -3085738.1156 -5533298.6915  671168.2896  210577.3796     271.4003      69.9503
400000680 300000170                                         -2522238.0841 -5812081.9155  669073.8784 -3085738.1156 -5533298.6915  671168.2896 -3003268.6103 -5618720.3752       0.0000  211783.6604     252.1607      98.1434
400000681 300000171                                         -2600949.8585 -5201899.7171 2600949.8585 -3166715.9053 -5157396.7439 1990680.8386 -2604139.2443 -5468063.2517 1976963.3461  213953.8407     266.8282     113.4374
400000682 300000171                                         -3678298.5650 -5024649.2825 1346350.7175 -3143878.6287 -5375502.5311 1345228.8674 -3166715.9053 -5157396.7439 1990680.8386  213817.3983     260.3798     106.0239
400000683 300000171                                         -2577802.4491 -5672228.9398 1330561.6814 -2604139.2443 -5468063.2517 1976963.3461 -3143878.6287 -5375502.5311 1345228.8674  213196.7862     259.5368      99.7468
400000684 300000171                                         -3166715.9053 -5157396.7439 1990680.8386 -3143878.6287 -5375502.5311 1345228.8674 -2604139.2443 -5468063.2517 1976963.3461  215042.4187     263.6556     111.2543
400000685 300000172                                         -3539537.9546 -5297292.9000       0.0000 -3085738.1156 -5533298.6915  671168.2896 -3630292.7893 -5191537.9595  677162.3725  218265.1507     253.9924      95.2838
400000686 300000172                                         -2577802.4491 -5672228.9398 1330561.6814 -3143878.6287 -5375502.5311 1345228.8674 -3085738.1156 -5533298.6915  671168.2896  218077.9738     237.1765     115.4143
400000687 300000172                                         -3678298.5650 -5024649.2825 1346350.7175 -3630292.7893 -5191537.9595  677162.3725 -3143878.6287 -5375502.5311 1345228.8674  217445.2803     245.5833     107.5851
400000688 300000172                                         -3085738.1156 -5533298.6915  671168.2896 -3143878.6287 -5375502.5311 1345228.8674 -3630292.7893 -5191537.9595  677162.3725  219375.9096     233.3918     124.8553
400000689 300000173                                               0.0000 -5886036.5016 2438076.1476 -669073.8784 -5812081.9155 2522238.0841 -639129.1082 -6056845.8882 1869698.6039  232651.5371     269.7587      83.2571
400000690 300000173                                         -1330561.6814 -5672228.9398 2577802.4491 -1306164.9224 -5928333.1219 1933504.7432 -669073.8784 -5812081.9155 2522238.0841  231845.9895     265.4962     111.2119
400000691 300000173                                         -1266279.9131 -6114140.2800 1266279.9131 -639129.1082 -6056845.8882 1869698.6039 -1306164.9224 -5928333.1219 1933504.7432  232712.3450     253.9439      88.3491
400000692 300000173                                         -669073.8784 -5812081.9155 2522238.0841 -1306164.9224 -5928333.1219 1933504.7432 -639129.1082 -6056845.8882 1869698.6039  234046.8072     258.9717     110.9729
400000693 300000174                                         -2600949.8585 -5201899.7171 2600949.8585 -2604139.2443 -5468063.2517 1976963.3461 -1976963.3461 -5468063.2517 2604139.2443  228300.1373     271.3166      93.8763
400000694 300000174                                         -2577802.4491 -5672228.9398 1330561.6814 -1973179.1775 -5727370.1528 1973179.1775 -2604139.2443 -5468063.2517 1976963.3461  229212.6770     262.1182      92.7048
400000695 300000174                                         -1330561.6814 -5672228.9398 2577802.4491 -1976963.3461 -5468063.2517 2604139.2443 -1973179.1775 -5727370.1528 1973179.1775  229212.6770     278.3557      67.1115
400000696 300000174                                         -2604139.2443 -5468063.2517 1976963.3461 -1973179.1775 -5727370.1528 1973179.1775 -1976963.3461 -5468063.2517 2604139.2443  230526.8451     271.5384      77.4656
400000697 300000175                                         -2438076.1476 -5886036.5016       0.0000 -1869698.6039 -6056845.8882  639129.1082 -2522238.0841 -5812081.9155  669073.8784  232651.5371     250.7957      98.0359
400000698 300000175                                         -1266279.9131 -6114140.2800 1266279.9131 -1933504.7432 -5928333.1219 1306164.9224 -1869698.6039 -6056845.8882  639129.1082  232712.3450     220.8665     122.5395
400000699 300000175                                         -2577802.4491 -5672228.9398 1330561.6814 -2522238.0841 -5812081.9155  669073.8784 -1933504.7432 -5928333.1219 1306164.9224  231845.9895     222.1630     124.1362
400000700 300000175                                         -1869698.6039 -6056845.8882  639129.1082 -1933504.7432 -5928333.1219 1306164.9224 -2522238.0841 -5812081.9155  669073.8784  234046.8072     218.9901     129.2943
400000701 300000176                                         -1330561.6814 -5672228.9398 2577802.4491 -1973179.1775 -5727370.1528 1973179.1775 -1306164.9224 -5928333.1219 1933504.7432  238189.0310     273.4965      80.0112
400000702 300000176                                         -2577802.4491 -5672228.9398 1330561.6814 -1933504.7432 -5928333.1219 1306164.9224 -1973179.1775 -5727370.1528 1973179.1775  238189.0310     250.8391      90.8844
400000703 300000176                                         -1266279.9131 -6114140.2800 1266279.9131 -1306164.9224 -5928333.1219 1933504.7432 -1933504.7432 -5928333.1219 1306164.9224  237302.7613     247.2798      90.4397
400000704 300000176                                         -1973179.1775 -5727370.1528 1973179.1775 -1933504.7432 -5928333.1219 1306164.9224 -1306164.9224 -5928333.1219 1933504.7432  239617.8861     262.5164      74.1846
400000705 300000177                                         -4504977.3029       0.0000 4504977.3029 -4805928.6788 -678984.1624 4126944.5164 -4126944.5164 -678984.1624 4805928.6788  328324.9483     218.9975     179.4349
400000706 300000177                                         -5024649.2825 -1346350.7175 3678298.5650 -4400885.2099 -1361638.6226 4400885.2099 -4805928.6788 -678984.1624 4126944.5164  329212.3599     220.8019     166.7261
400000707 300000177                                         -3678298.5650 -1346350.7175 5024649.2825 -4126944.5164 -678984.1624 4805928.6788 -4400885.2099 -1361638.6226 4400885.2099  329212.3599     219.8048     175.0111
400000708 300000177                                         -4805928.6788 -678984.1624 4126944.5164 -4400885.2099 -1361638.6226 4400885.2099 -4126944.5164 -678984.1624 4805928.6788  332074.9378     218.3504     176.3906
400000709 300000178                                         -5201899.7171 -2600949.8585 2600949.8585 -4688572.4479 -2687534.5848 3374031.3064 -5157396.7439 -1990680.8386 3166715.9053  331958.1435     258.4231      87.7311
400000710 300000178                                         -4074905.2917 -2716603.5278 4074905.2917 -4591494.5659 -2050103.9020 3912146.8074 -4688572.4479 -2687534.5848 3374031.3064  332135.9111     229.7031     139.1477
400000711 300000178                                         -5024649.2825 -1346350.7175 3678298.5650 -5157396.7439 -1990680.8386 3166715.9053 -4591494.5659 -2050103.9020 3912146.8074  331417.2039     235.9568     128.7950
400000712 300000178                                         -4688572.4479 -2687534.5848 3374031.3064 -4591494.5659 -2050103.9020 3912146.8074 -5157396.7439 -1990680.8386 3166715.9053  335024.3025     240.0878     120.1407
400000713 300000179                                         -2600949.8585 -2600949.8585 5201899.7171 -3166715.9053 -1990680.8386 5157396.7439 -3374031.3064 -2687534.5848 4688572.4479  331958.1435     221.7386     164.7214
400000714 300000179                                         -3678298.5650 -1346350.7175 5024649.2825 -3912146.8074 -2050103.9020 4591494.5659 -3166715.9053 -1990680.8386 5157396.7439  331417.2039     221.6519     167.9659
400000715 300000179                                         -4074905.2917 -2716603.5278 4074905.2917 -3374031.3064 -2687534.5848 4688572.4479 -3912146.8074 -2050103.9020 4591494.5659  332135.9111     222.0319     164.1063
400000716 300000179                                         -3166715.9053 -1990680.8386 5157396.7439 -3912146.8074 -2050103.9020 4591494.5659 -3374031.3064 -2687534.5848 4688572.4479  335024.3025     222.5044     168.1488
400000717 300000180                                         -5024649.2825 -1346350.7175 3678298.5650 -4591494.5659 -2050103.9020 3912146.8074 -4400885.2099 -1361638.6226 4400885.2099  344128.0612     222.4289     159.8022
400000718 300000180                                         -4074905.2917 -2716603.5278 4074905.2917 -3912146.8074 -2050103.9020 4591494.5659 -4591494.5659 -2050103.9020 3912146.8074  343384.2298     221.7926     160.2334
400000719 300000180                                         -3678298.5650 -1346350.7175 5024649.2825 -4400885.2099 -1361638.6226 4400885.2099 -3912146.8074 -2050103.9020 4591494.5659  344128.0612     220.5860     170.8056
400000720 300000180                                         -4591494.5659 -2050103.9020 3912146.8074 -3912146.8074 -2050103.9020 4591494.5659 -4400885.2099 -1361638.6226 4400885.2099  347308.3434     221.0672     165.5029
400000721 300000181                                         -4504977.3029 -4504977.3029       0.0000 -4126944.5164 -4805928.6788  678984.1624 -4805928.6788 -4126944.5164  678984.1624  328324.9483     249.6279      98.5017
400000722 300000181                                         -3678298.5650 -5024649.2825 1346350.7175 -4400885.2099 -4400885.2099 1361638.6226 -4126944.5164 -4805928.6788  678984.1624  329212.3599     249.8392      99.8474
400000723 300000181                                         -5024649.2825 -3678298.5650 1346350.7175 -4805928.6788 -4126944.5164  678984.1624 -4400885.2099 -4400885.2099 1361638.6226  329212.3599     252.9053      93.3413
400000724 300000181                                         -4126944.5164 -4805928.6788  678984.1624 -4400885.2099 -4400885.2099 1361638.6226 -4805928.6788 -4126944.5164  678984.1624  332074.9378     241.5623     111.4593
400000725 300000182                                         -2600949.8585 -5201899.7171 2600949.8585 -3374031.3064 -4688572.4479 2687534.5848 -3166715.9053 -5157396.7439 1990680.8386  331958.1435     267.6690     121.2401
400000726 300000182                                         -4074905.2917 -4074905.2917 2716603.5278 -3912146.8074 -4591494.5659 2050103.9020 -3374031.3064 -4688572.4479 2687534.5848  332135.9111     264.4461     119.8993
400000727 300000182                                         -3678298.5650 -5024649.2825 1346350.7175 -3166715.9053 -5157396.7439 1990680.8386 -3912146.8074 -4591494.5659 2050103.9020  331417.2039     259.9409     115.9385
400000728 300000182                                         -3374031.3064 -4688572.4479 2687534.5848 -3912146.8074 -4591494.5659 2050103.9020 -3166715.9053 -5157396.7439 1990680.8386  335024.3025     263.0644     126.8255
400000729 300000183                                         -5201899.7171 -2600949.8585 2600949.8585 -5157396.7439 -3166715.9053 1990680.8386 -4688572.4479 -3374031.3064 2687534.5848  331958.1435     271.9164      83.0441
400000730 300000183                                         -5024649.2825 -3678298.5650 1346350.7175 -4591494.5659 -3912146.8074 2050103.9020 -5157396.7439 -3166715.9053 1990680.8386  331417.2039     265.2050      88.8263
400000731 300000183                                         -4074905.2917 -4074905.2917 2716603.5278 -4688572.4479 -3374031.3064 2687534.5848 -4591494.5659 -3912146.8074 2050103.9020  332135.9111     267.8020     102.6331
400000732 300000183                                         -5157396.7439 -3166715.9053 1990680.8386 -4591494.5659 -3912146.8074 2050103.9020 -4688572.4479 -3374031.3064 2687534.5848  335024.3025     269.6620      91.6025
400000733 300000184                                         -3678298.5650 -5024649.2825 1346350.7175 -3912146.8074 -4591494.5659 2050103.9020 -4400885.2099 -4400885.2099 1361638.6226  344128.0612     257.9380     102.2469
400000734 300000184                                         -4074905.2917 -4074905.2917 2716603.5278 -4591494.5659 -3912146.8074 2050103.9020 -3912146.8074 -4591494.5659 2050103.9020  343384.2298     262.7138     110.3833
400000735 300000184                                         -5024649.2825 -3678298.5650 1346350.7175 -4400885.2099 -4400885.2099 1361638.6226 -4591494.5659 -3912146.8074 2050103.9020  344128.0612     260.3310      90.6501
400000736 300000184                                         -3912146.8074 -4591494.5659 2050103.9020 -4591494.5659 -3912146.8074 2050103.9020 -4400885.2099 -4400885.2099 1361638.6226  347308.3434     259.0767     102.7693
400000737 300000185                                               0.0000 -4504977.3029 4504977.3029 -678984.1624 -4126944.5164 4805928.6788 -678984.1624 -4805928.6788 4126944.5164  328324.9483     231.7936     157.1503
400000738 300000185                                         -1346350.7175 -3678298.5650 5024649.2825 -1361638.6226 -4400885.2099 4400885.2099 -678984.1624 -4126944.5164 4805928.6788  329212.3599     228.0833     152.3136
400000739 300000185                                         -1346350.7175 -5024649.2825 3678298.5650 -678984.1624 -4805928.6788 4126944.5164 -1361638.6226 -4400885.2099 4400885.2099  329212.3599     238.7530     141.6857
400000740 300000185                                         -678984.1624 -4126944.5164 4805928.6788 -1361638.6226 -4400885.2099 4400885.2099 -678984.1624 -4805928.6788 4126944.5164  332074.9378     232.3547     149.4901
400000741 300000186                                         -2600949.8585 -2600949.8585 5201899.7171 -2687534.5848 -3374031.3064 4688572.4479 -1990680.8386 -3166715.9053 5157396.7439  331958.1435     219.7260     157.7659
400000742 300000186                                         -2716603.5278 -4074905.2917 4074905.2917 -2050103.9020 -3912146.8074 4591494.5659 -2687534.5848 -3374031.3064 4688572.4479  332135.9111     234.0345     132.2043
400000743 300000186                                         -1346350.7175 -3678298.5650 5024649.2825 -1990680.8386 -3166715.9053 5157396.7439 -2050103.9020 -3912146.8074 4591494.5659  331417.2039     220.1971     160.2501
400000744 300000186                                         -2687534.5848 -3374031.3064 4688572.4479 -2050103.9020 -3912146.8074 4591494.5659 -1990680.8386 -3166715.9053 5157396.7439  335024.3025     224.1654     151.3480
400000745 300000187                                         -2600949.8585 -5201899.7171 2600949.8585 -1990680.8386 -5157396.7439 3166715.9053 -2687534.5848 -4688572.4479 3374031.3064  331958.1435     278.5347     105.4993
400000746 300000187                                         -1346350.7175 -5024649.2825 3678298.5650 -2050103.9020 -4591494.5659 3912146.8074 -1990680.8386 -5157396.7439 3166715.9053  331417.2039     270.6585     105.9746
400000747 300000187                                         -2716603.5278 -4074905.2917 4074905.2917 -2687534.5848 -4688572.4479 3374031.3064 -2050103.9020 -4591494.5659 3912146.8074  332135.9111     265.0855     104.6046
400000748 300000187                                         -1990680.8386 -5157396.7439 3166715.9053 -2050103.9020 -4591494.5659 3912146.8074 -2687534.5848 -4688572.4479 3374031.3064  335024.3025     286.0119     101.7875
400000749 300000188                                         -1346350.7175 -3678298.5650 5024649.2825 -2050103.9020 -3912146.8074 4591494.5659 -1361638.6226 -4400885.2099 4400885.2099  344128.0612     224.0854     153.6869
400000750 300000188                                         -2716603.5278 -4074905.2917 4074905.2917 -2050103.9020 -4591494.5659 3912146.8074 -2050103.9020 -3912146.8074 4591494.5659  343384.2298     241.9258     123.5537
400000751 300000188                                         -1346350.7175 -5024649.2825 3678298.5650 -1361638.6226 -4400885.2099 4400885.2099 -2050103.9020 -4591494.5659 3912146.8074  344128.0612     238.9206     132.9821
400000752 300000188                                         -2050103.9020 -3912146.8074 4591494.5659 -2050103.9020 -4591494.5659 3912146.8074 -1361638.6226 -4400885.2099 4400885.2099  347308.3434     230.9304     142.7910
400000753 300000189                                         -5201899.7171 -2600949.8585 2600949.8585 -4688572.4479 -3374031.3064 2687534.5848 -4688572.4479 -2687534.5848 3374031.3064  387995.8446     263.3455      87.7499
400000754 300000189                                         -4074905.2917 -4074905.2917 2716603.5278 -4122015.5885 -3435012.9904 3435012.9904 -4688572.4479 -3374031.3064 2687534.5848  388281.7658     263.5409     106.7703
400000755 300000189                                         -4074905.2917 -2716603.5278 4074905.2917 -4688572.4479 -2687534.5848 3374031.3064 -4122015.5885 -3435012.9904 3435012.9904  388281.7658     239.9974     120.5530
400000756 300000189                                         -4688572.4479 -3374031.3064 2687534.5848 -4122015.5885 -3435012.9904 3435012.9904 -4688572.4479 -2687534.5848 3374031.3064  392517.4362     257.1609      99.5805
400000757 300000190                                         -2600949.8585 -5201899.7171 2600949.8585 -2687534.5848 -4688572.4479 3374031.3064 -3374031.3064 -4688572.4479 2687534.5848  387995.8446     270.9823     115.1890
400000758 300000190                                         -2716603.5278 -4074905.2917 4074905.2917 -3435012.9904 -4122015.5885 3435012.9904 -2687534.5848 -4688572.4479 3374031.3064  388281.7658     257.7577     107.1206
400000759 300000190                                         -4074905.2917 -4074905.2917 2716603.5278 -3374031.3064 -4688572.4479 2687534.5848 -3435012.9904 -4122015.5885 3435012.9904  388281.7658     264.9126     111.1922
400000760 300000190                                         -2687534.5848 -4688572.4479 3374031.3064 -3435012.9904 -4122015.5885 3435012.9904 -3374031.3064 -4688572.4479 2687534.5848  392517.4362     265.7199     110.5360
400000761 300000191                                         -2600949.8585 -2600949.8585 5201899.7171 -3374031.3064 -2687534.5848 4688572.4479 -2687534.5848 -3374031.3064 4688572.4479  387995.8446     222.7662     157.3168
400000762 300000191                                         -4074905.2917 -2716603.5278 4074905.2917 -3435012.9904 -3435012.9904 4122015.5885 -3374031.3064 -2687534.5848 4688572.4479  388281.7658     223.5098     161.9448
400000763 300000191                                         -2716603.5278 -4074905.2917 4074905.2917 -2687534.5848 -3374031.3064 4688572.4479 -3435012.9904 -3435012.9904 4122015.5885  388281.7658     235.0239     128.9668
400000764 300000191                                         -3374031.3064 -2687534.5848 4688572.4479 -3435012.9904 -3435012.9904 4122015.5885 -2687534.5848 -3374031.3064 4688572.4479  392517.4362     225.6894     154.9622
400000765 300000192                                         -4074905.2917 -4074905.2917 2716603.5278 -3435012.9904 -4122015.5885 3435012.9904 -4122015.5885 -3435012.9904 3435012.9904  405996.4825     259.3439     110.5213
400000766 300000192                                         -2716603.5278 -4074905.2917 4074905.2917 -3435012.9904 -3435012.9904 4122015.5885 -3435012.9904 -4122015.5885 3435012.9904  405996.4825     245.9977     115.0157
400000767 300000192                                         -4074905.2917 -2716603.5278 4074905.2917 -4122015.5885 -3435012.9904 3435012.9904 -3435012.9904 -3435012.9904 4122015.5885  405996.4825     234.8890     137.2632
400000768 300000192                                         -3435012.9904 -4122015.5885 3435012.9904 -3435012.9904 -3435012.9904 4122015.5885 -4122015.5885 -3435012.9904 3435012.9904  410731.3740     247.3107     119.5420
400000769 300000193                                               0.0000       0.0000 6371000.0000       0.0000 -624467.2010 6340321.8936  624467.2010       0.0000 6340321.8936  195921.5441     209.6509     271.6880
400000770 300000193                                               0.0000 -1242920.4416 6248583.0214  627459.2093 -627459.2093 6308900.9250       0.0000 -624467.2010 6340321.8936  196860.2699     209.2707     259.2967
400000771 300000193                                         1242920.4416       0.0000 6248583.0214  624467.2010       0.0000 6340321.8936  627459.2093 -627459.2093 6308900.9250  196860.2699     210.4491     257.8419
400000772 300000193                                               0.0000 -624467.2010 6340321.8936  627459.2093 -627459.2093 6308900.9250  624467.2010       0.0000 6340321.8936  197817.4310     209.3721     268.7294
400000773 300000194                                               0.0000 -2438076.1476 5886036.5016  639129.1082 -1869698.6039 6056845.8882       0.0000 -1849403.6788 6096666.8789  200521.8161     211.1279     253.9461
400000774 300000194                                         1266279.9131 -1266279.9131 6114140.2800  636326.6289 -1260914.7366 6212473.2151  639129.1082 -1869698.6039 6056845.8882  200560.6406     210.1534     251.7453
400000775 300000194                                               0.0000 -1242920.4416 6248583.0214       0.0000 -1849403.6788 6096666.8789  636326.6289 -1260914.7366 6212473.2151  199642.5528     211.5885     236.4279
400000776 300000194                                          639129.1082 -1869698.6039 6056845.8882  636326.6289 -1260914.7366 6212473.2151       0.0000 -1849403.6788 6096666.8789  201535.9727     212.6454     234.3664
400000777 300000195                                         2438076.1476       0.0000 5886036.5016 1849403.6788       0.0000 6096666.8789 1869698.6039 -639129.1082 6056845.8882  200521.8161     218.4760     177.0391
400000778 300000195                                         1242920.4416       0.0000 6248583.0214 1260914.7366 -636326.6289 6212473.2151 1849403.6788       0.0000 6096666.8789  199642.5528     215.0260     221.7521
400000779 300000195                                         1266279.9131 -1266279.9131 6114140.2800 1869698.6039 -639129.1082 6056845.8882 1260914.7366 -636326.6289 6212473.2151  200560.6406     201.3621     256.9146
400000780 300000195                                         1849403.6788       0.0000 6096666.8789 1260914.7366 -636326.6289 6212473.2151 1869698.6039 -639129.1082 6056845.8882  201535.9727     215.9139     214.1854
400000781 300000196                                               0.0000 -1242920.4416 6248583.0214  636326.6289 -1260914.7366 6212473.2151  627459.2093 -627459.2093 6308900.9250  204548.8197     209.2435     250.8198
400000782 300000196                                         1266279.9131 -1266279.9131 6114140.2800 1260914.7366 -636326.6289 6212473.2151  636326.6289 -1260914.7366 6212473.2151  203612.8458     196.3331     275.3941
400000783 300000196                                         1242920.4416       0.0000 6248583.0214  627459.2093 -627459.2093 6308900.9250 1260914.7366 -636326.6289 6212473.2151  204548.8197     209.6245     260.4223
400000784 300000196                                          636326.6289 -1260914.7366 6212473.2151 1260914.7366 -636326.6289 6212473.2151  627459.2093 -627459.2093 6308900.9250  205583.5447     199.9769     274.4578
400000785 300000197                                               0.0000 -4504977.3029 4504977.3029  678984.1624 -4126944.5164 4805928.6788       0.0000 -4041719.6134 4924849.5984  213029.7505     224.8510     144.9748
400000786 300000197                                         1346350.7175 -3678298.5650 5024649.2825  677162.3725 -3630292.7893 5191537.9595  678984.1624 -4126944.5164 4805928.6788  213259.5913     224.4621     155.5964
400000787 300000197                                               0.0000 -3539537.9546 5297292.9000       0.0000 -4041719.6134 4924849.5984  677162.3725 -3630292.7893 5191537.9595  212458.1628     222.1678     166.3391
400000788 300000197                                          678984.1624 -4126944.5164 4805928.6788  677162.3725 -3630292.7893 5191537.9595       0.0000 -4041719.6134 4924849.5984  214297.3599     223.1236     160.6830
400000789 300000198                                         2600949.8585 -2600949.8585 5201899.7171 1976963.3461 -2604139.2443 5468063.2517 1990680.8386 -3166715.9053 5157396.7439  213953.8407     218.8355     168.5583
400000790 300000198                                         1330561.6814 -2577802.4491 5672228.9398 1345228.8674 -3143878.6287 5375502.5311 1976963.3461 -2604139.2443 5468063.2517  213196.7862     215.4744     190.9306
400000791 300000198                                         1346350.7175 -3678298.5650 5024649.2825 1990680.8386 -3166715.9053 5157396.7439 1345228.8674 -3143878.6287 5375502.5311  213817.3983     217.2683     191.2629
400000792 300000198                                         1976963.3461 -2604139.2443 5468063.2517 1345228.8674 -3143878.6287 5375502.5311 1990680.8386 -3166715.9053 5157396.7439  215042.4187     217.1107     186.3322
400000793 300000199                                               0.0000 -2438076.1476 5886036.5016       0.0000 -3003268.6103 5618720.3752  669073.8784 -2522238.0841 5812081.9155  209920.2574     211.9766     242.9329
400000794 300000199                                               0.0000 -3539537.9546 5297292.9000  671168.2896 -3085738.1156 5533298.6915       0.0000 -3003268.6103 5618720.3752  210577.3796     214.8293     241.0951
400000795 300000199                                         1330561.6814 -2577802.4491 5672228.9398  669073.8784 -2522238.0841 5812081.9155  671168.2896 -3085738.1156 5533298.6915  210758.2000     212.0566     236.6696
400000796 300000199                                               0.0000 -3003268.6103 5618720.3752  671168.2896 -3085738.1156 5533298.6915  669073.8784 -2522238.0841 5812081.9155  211783.6604     212.6580     234.3701
400000797 300000200                                         1346350.7175 -3678298.5650 5024649.2825 1345228.8674 -3143878.6287 5375502.5311  677162.3725 -3630292.7893 5191537.9595  217445.2803     218.5601     178.6683
400000798 300000200                                         1330561.6814 -2577802.4491 5672228.9398  671168.2896 -3085738.1156 5533298.6915 1345228.8674 -3143878.6287 5375502.5311  218077.9738     214.2709     226.4921
400000799 300000200                                               0.0000 -3539537.9546 5297292.9000  677162.3725 -3630292.7893 5191537.9595  671168.2896 -3085738.1156 5533298.6915  218265.1507     216.2268     226.6166
400000800 300000200                                         1345228.8674 -3143878.6287 5375502.5311  671168.2896 -3085738.1156 5533298.6915  677162.3725 -3630292.7893 5191537.9595  219375.9096     216.1135     212.2897
400000801 300000201                                         4504977.3029       0.0000 4504977.3029 4041719.6134       0.0000 4924849.5984 4126944.5164 -678984.1624 4805928.6788  213029.7505     234.1864     144.8424
400000802 300000201                                         3539537.9546       0.0000 5297292.9000 3630292.7893 -677162.3725 5191537.9595 4041719.6134       0.0000 4924849.5984  212458.1628     227.8654     168.8938
400000803 300000201                                         3678298.5650 -1346350.7175 5024649.2825 4126944.5164 -678984.1624 4805928.6788 3630292.7893 -677162.3725 5191537.9595  213259.5913     228.4576     144.1172
400000804 300000201                                         4041719.6134       0.0000 4924849.5984 3630292.7893 -677162.3725 5191537.9595 4126944.5164 -678984.1624 4805928.6788  214297.3599     230.0096     153.2962
400000805 300000202                                         2438076.1476       0.0000 5886036.5016 2522238.0841 -669073.8784 5812081.9155 3003268.6103       0.0000 5618720.3752  209920.2574     223.3040     152.2972
400000806 300000202                                         2577802.4491 -1330561.6814 5672228.9398 3085738.1156 -671168.2896 5533298.6915 2522238.0841 -669073.8784 5812081.9155  210758.2000     222.4242     157.0774
400000807 300000202                                         3539537.9546       0.0000 5297292.9000 3003268.6103       0.0000 5618720.3752 3085738.1156 -671168.2896 5533298.6915  210577.3796     227.8185     138.3367
400000808 300000202                                         2522238.0841 -669073.8784 5812081.9155 3085738.1156 -671168.2896 5533298.6915 3003268.6103       0.0000 5618720.3752  211783.6604     224.6216     149.1729
400000809 300000203                                         2600949.8585 -2600949.8585 5201899.7171 3166715.9053 -1990680.8386 5157396.7439 2604139.2443 -1976963.3461 5468063.2517  213953.8407     221.5383     166.3842
400000810 300000203                                         3678298.5650 -1346350.7175 5024649.2825 3143878.6287 -1345228.8674 5375502.5311 3166715.9053 -1990680.8386 5157396.7439  213817.3983     225.5386     154.3815
400000811 300000203                                         2577802.4491 -1330561.6814 5672228.9398 2604139.2443 -1976963.3461 5468063.2517 3143878.6287 -1345228.8674 5375502.5311  213196.7862     223.8860     152.1391
400000812 300000203                                         3166715.9053 -1990680.8386 5157396.7439 3143878.6287 -1345228.8674 5375502.5311 2604139.2443 -1976963.3461 5468063.2517  215042.4187     223.6612     158.6344
400000813 300000204                                         3539537.9546       0.0000 5297292.9000 3085738.1156 -671168.2896 5533298.6915 3630292.7893 -677162.3725 5191537.9595  218265.1507     227.2924     146.1208
400000814 300000204                                         2577802.4491 -1330561.6814 5672228.9398 3143878.6287 -1345228.8674 5375502.5311 3085738.1156 -671168.2896 5533298.6915  218077.9738     226.2620     144.3129
400000815 300000204                                         3678298.5650 -1346350.7175 5024649.2825 3630292.7893 -677162.3725 5191537.9595 3143878.6287 -1345228.8674 5375502.5311  217445.2803     226.7104     147.9159
400000816 300000204                                         3085738.1156 -671168.2896 5533298.6915 3143878.6287 -1345228.8674 5375502.5311 3630292.7893 -677162.3725 5191537.9595  219375.9096     227.2512     141.3699
400000817 300000205                                               0.0000 -2438076.1476 5886036.5016  669073.8784 -2522238.0841 5812081.9155  639129.1082 -1869698.6039 6056845.8882  232651.5371     211.4462     245.7346
400000818 300000205                                         1330561.6814 -2577802.4491 5672228.9398 1306164.9224 -1933504.7432 5928333.1219  669073.8784 -2522238.0841 5812081.9155  231845.9895     211.1000     238.5431
400000819 300000205                                         1266279.9131 -1266279.9131 6114140.2800  639129.1082 -1869698.6039 6056845.8882 1306164.9224 -1933504.7432 5928333.1219  232712.3450     211.2515     228.5032
400000820 300000205                                          669073.8784 -2522238.0841 5812081.9155 1306164.9224 -1933504.7432 5928333.1219  639129.1082 -1869698.6039 6056845.8882  234046.8072     210.6063     245.5547
400000821 300000206                                         2600949.8585 -2600949.8585 5201899.7171 2604139.2443 -1976963.3461 5468063.2517 1976963.3461 -2604139.2443 5468063.2517  228300.1373     219.3807     166.6510
400000822 300000206                                         2577802.4491 -1330561.6814 5672228.9398 1973179.1775 -1973179.1775 5727370.1528 2604139.2443 -1976963.3461 5468063.2517  229212.6770     220.0913     162.2567
400000823 300000206                                         1330561.6814 -2577802.4491 5672228.9398 1976963.3461 -2604139.2443 5468063.2517 1973179.1775 -1973179.1775 5727370.1528  229212.6770     214.3860     182.0699
400000824 300000206                                         2604139.2443 -1976963.3461 5468063.2517 1973179.1775 -1973179.1775 5727370.1528 1976963.3461 -2604139.2443 5468063.2517  230526.8451     214.2207     196.0919
400000825 300000207                                         2438076.1476       0.0000 5886036.5016 1869698.6039 -639129.1082 6056845.8882 2522238.0841 -669073.8784 5812081.9155  232651.5371     219.3215     169.8972
400000826 300000207                                         1266279.9131 -1266279.9131 6114140.2800 1933504.7432 -1306164.9224 5928333.1219 1869698.6039 -639129.1082 6056845.8882  232712.3450     199.5914     257.7358
400000827 300000207                                         2577802.4491 -1330561.6814 5672228.9398 2522238.0841 -669073.8784 5812081.9155 1933504.7432 -1306164.9224 5928333.1219  231845.9895     218.4768     171.8882
400000828 300000207                                         1869698.6039 -639129.1082 6056845.8882 1933504.7432 -1306164.9224 5928333.1219 2522238.0841 -669073.8784 5812081.9155  234046.8072     214.2155     204.8542
400000829 300000208                                         1330561.6814 -2577802.4491 5672228.9398 1973179.1775 -1973179.1775 5727370.1528 1306164.9224 -1933504.7432 5928333.1219  238189.0310     213.2061     193.6828
400000830 300000208                                         2577802.4491 -1330561.6814 5672228.9398 1933504.7432 -1306164.9224 5928333.1219 1973179.1775 -1973179.1775 5727370.1528  238189.0310     214.5161     203.2194
400000831 300000208                                         1266279.9131 -1266279.9131 6114140.2800 1306164.9224 -1933504.7432 5928333.1219 1933504.7432 -1306164.9224 5928333.1219  237302.7613     200.8444     254.1404
400000832 300000208                                         1973179.1775 -1973179.1775 5727370.1528 1933504.7432 -1306164.9224 5928333.1219 1306164.9224 -1933504.7432 5928333.1219  239617.8861     203.7284     253.7146
400000833 300000209                                               0.0000 -6371000.0000       0.0000  624467.2010 -6340321.8936       0.0000       0.0000 -6340321.8936  624467.2010  195921.5441     251.0895      98.3492
400000834 300000209                                         1242920.4416 -6248583.0214       0.0000  627459.2093 -6308900.9250  627459.2093  624467.2010 -6340321.8936       0.0000  196860.2699     243.3683     110.7481
400000835 300000209                                               0.0000 -6248583.0214 1242920.4416       0.0000 -6340321.8936  624467.2010  627459.2093 -6308900.9250  627459.2093  196860.2699     216.6555     126.3132
400000836 300000209                                          624467.2010 -6340321.8936       0.0000  627459.2093 -6308900.9250  627459.2093       0.0000 -6340321.8936  624467.2010  197817.4310     228.9325     127.7510
400000837 300000210                                         2438076.1476 -5886036.5016       0.0000 1869698.6039 -6056845.8882  639129.1082 1849403.6788 -6096666.8789       0.0000  200521.8161     214.7678     144.7772
400000838 300000210                                         1266279.9131 -6114140.2800 1266279.9131 1260914.7366 -6212473.2151  636326.6289 1869698.6039 -6056845.8882  639129.1082  200560.6406     197.5961     152.2734
400000839 300000210                                         1242920.4416 -6248583.0214       0.0000 1849403.6788 -6096666.8789       0.0000 1260914.7366 -6212473.2151  636326.6289  199642.5528     215.5428     160.4466
400000840 300000210                                         1869698.6039 -6056845.8882  639129.1082 1260914.7366 -6212473.2151  636326.6289 1849403.6788 -6096666.8789       0.0000  201535.9727     209.7754     158.9128
400000841 300000211                                               0.0000 -5886036.5016 2438076.1476       0.0000 -6096666.8789 1849403.6788  639129.1082 -6056845.8882 1869698.6039  200521.8161     260.2854     101.3878
400000842 300000211                                               0.0000 -6248583.0214 1242920.4416  636326.6289 -6212473.2151 1260914.7366       0.0000 -6096666.8789 1849403.6788  199642.5528     227.9005     117.8717
400000843 300000211                                         1266279.9131 -6114140.2800 1266279.9131  639129.1082 -6056845.8882 1869698.6039  636326.6289 -6212473.2151 1260914.7366  200560.6406     240.6879     100.6550
400000844 300000211                                               0.0000 -6096666.8789 1849403.6788  636326.6289 -6212473.2151 1260914.7366  639129.1082 -6056845.8882 1869698.6039  201535.9727     241.4654     123.3132
400000845 300000212                                         1242920.4416 -6248583.0214       0.0000 1260914.7366 -6212473.2151  636326.6289  627459.2093 -6308900.9250  627459.2093  204548.8197     217.4597     145.2583
400000846 300000212                                         1266279.9131 -6114140.2800 1266279.9131  636326.6289 -6212473.2151 1260914.7366 1260914.7366 -6212473.2151  636326.6289  203612.8458     212.5972     134.0677
400000847 300000212                                               0.0000 -6248583.0214 1242920.4416  627459.2093 -6308900.9250  627459.2093  636326.6289 -6212473.2151 1260914.7366  204548.8197     216.5197     121.7205
400000848 300000212                                         1260914.7366 -6212473.2151  636326.6289  636326.6289 -6212473.2151 1260914.7366  627459.2093 -6308900.9250  627459.2093  205583.5447     204.1179     150.1806
400000849 300000213                                         4504977.3029 -4504977.3029       0.0000 4126944.5164 -4805928.6788  678984.1624 4041719.6134 -4924849.5984       0.0000  213029.7505     231.7270     106.6930
400000850 300000213                                         3678298.5650 -5024649.2825 1346350.7175 3630292.7893 -5191537.9595  677162.3725 4126944.5164 -4805928.6788  678984.1624  213259.5913     250.0496      86.4312
400000851 300000213                                         3539537.9546 -5297292.9000       0.0000 4041719.6134 -4924849.5984       0.0000 3630292.7893 -5191537.9595  677162.3725  212458.1628     223.0959     128.1376
400000852 300000213                                         4126944.5164 -4805928.6788  678984.1624 3630292.7893 -5191537.9595  677162.3725 4041719.6134 -4924849.5984       0.0000  214297.3599     225.2804     127.8691
400000853 300000214                                         2600949.8585 -5201899.7171 2600949.8585 2604139.2443 -5468063.2517 1976963.3461 3166715.9053 -5157396.7439 1990680.8386  213953.8407     249.5041      91.7968
400000854 300000214                                         2577802.4491 -5672228.9398 1330561.6814 3143878.6287 -5375502.5311 1345228.8674 2604139.2443 -5468063.2517 1976963.3461  213196.7862     260.0954      74.5306
400000855 300000214                                         3678298.5650 -5024649.2825 1346350.7175 3166715.9053 -5157396.7439 1990680.8386 3143878.6287 -5375502.5311 1345228.8674  213817.3983     263.3282      73.2169
400000856 300000214                                         2604139.2443 -5468063.2517 1976963.3461 3143878.6287 -5375502.5311 1345228.8674 3166715.9053 -5157396.7439 1990680.8386  215042.4187     257.5465      83.1452
400000857 300000215                                         2438076.1476 -5886036.5016       0.0000 3003268.6103 -5618720.3752       0.0000 2522238.0841 -5812081.9155  669073.8784  209920.2574     211.6365     141.4849
400000858 300000215                                         3539537.9546 -5297292.9000       0.0000 3085738.1156 -5533298.6915  671168.2896 3003268.6103 -5618720.3752       0.0000  210577.3796     216.5321     139.0794
400000859 300000215                                         2577802.4491 -5672228.9398 1330561.6814 2522238.0841 -5812081.9155  669073.8784 3085738.1156 -5533298.6915  671168.2896  210758.2000     230.6087     123.9932
400000860 300000215                                         3003268.6103 -5618720.3752       0.0000 3085738.1156 -5533298.6915  671168.2896 2522238.0841 -5812081.9155  669073.8784  211783.6604     214.3815     140.0362
400000861 300000216                                         3678298.5650 -5024649.2825 1346350.7175 3143878.6287 -5375502.5311 1345228.8674 3630292.7893 -5191537.9595  677162.3725  217445.2803     258.4923      77.4163
400000862 300000216                                         2577802.4491 -5672228.9398 1330561.6814 3085738.1156 -5533298.6915  671168.2896 3143878.6287 -5375502.5311 1345228.8674  218077.9738     248.4984      98.2695
400000863 300000216                                         3539537.9546 -5297292.9000       0.0000 3630292.7893 -5191537.9595  677162.3725 3085738.1156 -5533298.6915  671168.2896  218265.1507     221.9029     133.9556
400000864 300000216                                         3143878.6287 -5375502.5311 1345228.8674 3085738.1156 -5533298.6915  671168.2896 3630292.7893 -5191537.9595  677162.3725  219375.9096     243.4863     103.5826
400000865 300000217                                               0.0000 -4504977.3029 4504977.3029       0.0000 -4924849.5984 4041719.6134  678984.1624 -4805928.6788 4126944.5164  213029.7505     233.1442     155.9604
400000866 300000217                                               0.0000 -5297292.9000 3539537.9546  677162.3725 -5191537.9595 3630292.7893       0.0000 -4924849.5984 4041719.6134  212458.1628     242.5816     148.5512
400000867 300000217                                         1346350.7175 -5024649.2825 3678298.5650  678984.1624 -4805928.6788 4126944.5164  677162.3725 -5191537.9595 3630292.7893  213259.5913     241.7386     145.0752
400000868 300000217                                               0.0000 -4924849.5984 4041719.6134  677162.3725 -5191537.9595 3630292.7893  678984.1624 -4805928.6788 4126944.5164  214297.3599     237.8042     154.2863
400000869 300000218                                               0.0000 -5886036.5016 2438076.1476  669073.8784 -5812081.9155 2522238.0841       0.0000 -5618720.3752 3003268.6103  209920.2574     273.2922      72.3442
400000870 300000218                                         1330561.6814 -5672228.9398 2577802.4491  671168.2896 -5533298.6915 3085738.1156  669073.8784 -5812081.9155 2522238.0841  210758.2000     266.4460      89.7495
400000871 300000218                                               0.0000 -5297292.9000 3539537.9546       0.0000 -5618720.3752 3003268.6103  671168.2896 -5533298.6915 3085738.1156  210577.3796     260.8064     104.5441
400000872 300000218                                          669073.8784 -5812081.9155 2522238.0841  671168.2896 -5533298.6915 3085738.1156       0.0000 -5618720.3752 3003268.6103  211783.6604     269.5120      77.0044
400000873 300000219                                         2600949.8585 -5201899.7171 2600949.8585 1990680.8386 -5157396.7439 3166715.9053 1976963.3461 -5468063.2517 2604139.2443  213953.8407     252.4087      95.2436
400000874 300000219                                         1346350.7175 -5024649.2825 3678298.5650 1345228.8674 -5375502.5311 3143878.6287 1990680.8386 -5157396.7439 3166715.9053  213817.3983     253.9500      96.0524
400000875 300000219                                         1330561.6814 -5672228.9398 2577802.4491 1976963.3461 -5468063.2517 2604139.2443 1345228.8674 -5375502.5311 3143878.6287  213196.7862     257.8510      90.2150
400000876 300000219                                         1990680.8386 -5157396.7439 3166715.9053 1345228.8674 -5375502.5311 3143878.6287 1976963.3461 -5468063.2517 2604139.2443  215042.4187     256.3939      92.4432
400000877 300000220                                               0.0000 -5297292.9000 3539537.9546  671168.2896 -5533298.6915 3085738.1156  677162.3725 -5191537.9595 3630292.7893  218265.1507     254.4416     128.6244
400000878 300000220                                         1330561.6814 -5672228.9398 2577802.4491 1345228.8674 -5375502.5311 3143878.6287  671168.2896 -5533298.6915 3085738.1156  218077.9738     261.0556      94.5449
400000879 300000220                                         1346350.7175 -5024649.2825 3678298.5650  677162.3725 -5191537.9595 3630292.7893 1345228.8674 -5375502.5311 3143878.6287  217445.2803     252.4351     108.4632
400000880 300000220                                          671168.2896 -5533298.6915 3085738.1156 1345228.8674 -5375502.5311 3143878.6287  677162.3725 -5191537.9595 3630292.7893  219375.9096     257.4082     106.1840
400000881 300000221                                         2438076.1476 -5886036.5016       0.0000 2522238.0841 -5812081.9155  669073.8784 1869698.6039 -6056845.8882  639129.1082  232651.5371     209.1704     147.5776
400000882 300000221                                         2577802.4491 -5672228.9398 1330561.6814 1933504.7432 -5928333.1219 1306164.9224 2522238.0841 -5812081.9155  669073.8784  231845.9895     230.7833     121.0951
400000883 300000221                                         1266279.9131 -6114140.2800 1266279.9131 1869698.6039 -6056845.8882  639129.1082 1933504.7432 -5928333.1219 1306164.9224  232712.3450     210.8036     133.6367
400000884 300000221                                         2522238.0841 -5812081.9155  669073.8784 1933504.7432 -5928333.1219 1306164.9224 1869698.6039 -6056845.8882  639129.1082  234046.8072     211.5555     147.1470
400000885 300000222                                         2600949.8585 -5201899.7171 2600949.8585 1976963.3461 -5468063.2517 2604139.2443 2604139.2443 -5468063.2517 1976963.3461  228300.1373     249.6472      95.7533
400000886 300000222                                         1330561.6814 -5672228.9398 2577802.4491 1973179.1775 -5727370.1528 1973179.1775 1976963.3461 -5468063.2517 2604139.2443  229212.6770     254.0299      93.9450
400000887 300000222                                         2577802.4491 -5672228.9398 1330561.6814 2604139.2443 -5468063.2517 1976963.3461 1973179.1775 -5727370.1528 1973179.1775  229212.6770     256.4299      83.3440
400000888 300000222                                         1976963.3461 -5468063.2517 2604139.2443 1973179.1775 -5727370.1528 1973179.1775 2604139.2443 -5468063.2517 1976963.3461  230526.8451     248.1219     101.8418
400000889 300000223                                               0.0000 -5886036.5016 2438076.1476  639129.1082 -6056845.8882 1869698.6039  669073.8784 -5812081.9155 2522238.0841  232651.5371     267.3410      79.1136
400000890 300000223                                         1266279.9131 -6114140.2800 1266279.9131 1306164.9224 -5928333.1219 1933504.7432  639129.1082 -6056845.8882 1869698.6039  232712.3450     257.1964      80.3097
400000891 300000223                                         1330561.6814 -5672228.9398 2577802.4491  669073.8784 -5812081.9155 2522238.0841 1306164.9224 -5928333.1219 1933504.7432  231845.9895     260.4155      95.0929
400000892 300000223                                          639129.1082 -6056845.8882 1869698.6039 1306164.9224 -5928333.1219 1933504.7432  669073.8784 -5812081.9155 2522238.0841  234046.8072     263.8112      82.1144
400000893 300000224                                         2577802.4491 -5672228.9398 1330561.6814 1973179.1775 -5727370.1528 1973179.1775 1933504.7432 -5928333.1219 1306164.9224  238189.0310     256.6289      77.4542
400000894 300000224                                         1330561.6814 -5672228.9398 2577802.4491 1306164.9224 -5928333.1219 1933504.7432 1973179.1775 -5727370.1528 1973179.1775  238189.0310     253.5249      98.0261
400000895 300000224                                         1266279.9131 -6114140.2800 1266279.9131 1933504.7432 -5928333.1219 1306164.9224 1306164.9224 -5928333.1219 1933504.7432  237302.7613     252.3864      82.7890
400000896 300000224                                         1973179.1775 -5727370.1528 1973179.1775 1306164.9224 -5928333.1219 1933504.7432 1933504.7432 -5928333.1219 1306164.9224  239617.8861     259.7373      78.2812
400000897 300000225                                         6371000.0000       0.0000       0.0000 6340321.8936       0.0000  624467.2010 6340321.8936 -624467.2010       0.0000  195921.5441     228.3857     108.5187
400000898 300000225                                         6248583.0214       0.0000 1242920.4416 6308900.9250 -627459.2093  627459.2093 6340321.8936       0.0000  624467.2010  196860.2699     222.1313     124.2826
400000899 300000225                                         6248583.0214 -1242920.4416       0.0000 6340321.8936 -624467.2010       0.0000 6308900.9250 -627459.2093  627459.2093  196860.2699     232.7210     102.2407
400000900 300000225                                         6340321.8936       0.0000  624467.2010 6308900.9250 -627459.2093  627459.2093 6340321.8936 -624467.2010       0.0000  197817.4310     219.6636     124.3559
400000901 300000226                                         5886036.5016       0.0000 2438076.1476 6056845.8882 -639129.1082 1869698.6039 6096666.8789       0.0000 1849403.6788  200521.8161     285.7350     160.7680
400000902 300000226                                         6114140.2800 -1266279.9131 1266279.9131 6212473.2151 -636326.6289 1260914.7366 6056845.8882 -639129.1082 1869698.6039  200560.6406     253.1538     121.3838
400000903 300000226                                         6248583.0214       0.0000 1242920.4416 6096666.8789       0.0000 1849403.6788 6212473.2151 -636326.6289 1260914.7366  199642.5528     252.3683     125.8950
400000904 300000226                                         6056845.8882 -639129.1082 1869698.6039 6212473.2151 -636326.6289 1260914.7366 6096666.8789       0.0000 1849403.6788  201535.9727     269.2943     135.2914
400000905 300000227                                         5886036.5016 -2438076.1476       0.0000 6096666.8789 -1849403.6788       0.0000 6056845.8882 -1869698.6039  639129.1082  200521.8161     236.0987     102.7933
400000906 300000227                                         6248583.0214 -1242920.4416       0.0000 6212473.2151 -1260914.7366  636326.6289 6096666.8789 -1849403.6788       0.0000  199642.5528     234.9228     102.4944
400000907 300000227                                         6114140.2800 -1266279.9131 1266279.9131 6056845.8882 -1869698.6039  639129.1082 6212473.2151 -1260914.7366  636326.6289  200560.6406     219.5222     125.4257
400000908 300000227                                         6096666.8789 -1849403.6788       0.0000 6212473.2151 -1260914.7366  636326.6289 6056845.8882 -1869698.6039  639129.1082  201535.9727     221.8948     124.3618
400000909 300000228                                         6248583.0214       0.0000 1242920.4416 6212473.2151 -636326.6289 1260914.7366 6308900.9250 -627459.2093  627459.2093  204548.8197     228.6246     118.8052
400000910 300000228                                         6114140.2800 -1266279.9131 1266279.9131 6212473.2151 -1260914.7366  636326.6289 6212473.2151 -636326.6289 1260914.7366  203612.8458     221.8689     121.0496
400000911 300000228                                         6248583.0214 -1242920.4416       0.0000 6308900.9250 -627459.2093  627459.2093 6212473.2151 -1260914.7366  636326.6289  204548.8197     218.7347     123.7059
400000912 300000228                                         6212473.2151 -636326.6289 1260914.7366 6212473.2151 -1260914.7366  636326.6289 6308900.9250 -627459.2093  627459.2093  205583.5447     220.8505     124.9796
400000913 300000229                                         4504977.3029       0.0000 4504977.3029 4805928.6788 -678984.1624 4126944.5164 4924849.5984       0.0000 4041719.6134  213029.7505     239.1479     142.7238
400000914 300000229                                         5024649.2825 -1346350.7175 3678298.5650 5191537.9595 -677162.3725 3630292.7893 4805928.6788 -678984.1624 4126944.5164  213259.5913     256.2386      93.0567
400000915 300000229                                         5297292.9000       0.0000 3539537.9546 4924849.5984       0.0000 4041719.6134 5191537.9595 -677162.3725 3630292.7893  212458.1628     252.1941     111.5647
400000916 300000229                                         4805928.6788 -678984.1624 4126944.5164 5191537.9595 -677162.3725 3630292.7893 4924849.5984       0.0000 4041719.6134  214297.3599     253.8759     116.7808
400000917 300000230                                         5201899.7171 -2600949.8585 2600949.8585 5468063.2517 -1976963.3461 2604139.2443 5157396.7439 -1990680.8386 3166715.9053  213953.8407     269.2623      82.8399
400000918 300000230                                         5672228.9398 -1330561.6814 2577802.4491 5375502.5311 -1345228.8674 3143878.6287 5468063.2517 -1976963.3461 2604139.2443  213196.7862     275.8056      88.0592
400000919 300000230                                         5024649.2825 -1346350.7175 3678298.5650 5157396.7439 -1990680.8386 3166715.9053 5375502.5311 -1345228.8674 3143878.6287  213817.3983     262.7165      93.5217
400000920 300000230                                         5468063.2517 -1976963.3461 2604139.2443 5375502.5311 -1345228.8674 3143878.6287 5157396.7439 -1990680.8386 3166715.9053  215042.4187     269.7803      80.0490
400000921 300000231                                         5886036.5016       0.0000 2438076.1476 5618720.3752       0.0000 3003268.6103 5812081.9155 -669073.8784 2522238.0841  209920.2574     288.0777     157.2486
400000922 300000231                                         5297292.9000       0.0000 3539537.9546 5533298.6915 -671168.2896 3085738.1156 5618720.3752       0.0000 3003268.6103  210577.3796     277.6719     150.5140
400000923 300000231                                         5672228.9398 -1330561.6814 2577802.4491 5812081.9155 -669073.8784 2522238.0841 5533298.6915 -671168.2896 3085738.1156  210758.2000     289.5374     141.7957
400000924 300000231                                         5618720.3752       0.0000 3003268.6103 5533298.6915 -671168.2896 3085738.1156 5812081.9155 -669073.8784 2522238.0841  211783.6604     289.6220     142.4013
400000925 300000232                                         5024649.2825 -1346350.7175 3678298.5650 5375502.5311 -1345228.8674 3143878.6287 5191537.9595 -677162.3725 3630292.7893  217445.2803     261.5466      87.0007
400000926 300000232                                         5672228.9398 -1330561.6814 2577802.4491 5533298.6915 -671168.2896 3085738.1156 5375502.5311 -1345228.8674 3143878.6287  218077.9738     281.0643     121.4869
400000927 300000232                                         5297292.9000       0.0000 3539537.9546 5191537.9595 -677162.3725 3630292.7893 5533298.6915 -671168.2896 3085738.1156  218265.1507     262.9550     127.9969
400000928 300000232                                         5375502.5311 -1345228.8674 3143878.6287 5533298.6915 -671168.2896 3085738.1156 5191537.9595 -677162.3725 3630292.7893  219375.9096     270.1188      98.4881
400000929 300000233                                         4504977.3029 -4504977.3029       0.0000 4924849.5984 -4041719.6134       0.0000 4805928.6788 -4126944.5164  678984.1624  213029.7505     239.5462      95.9834
400000930 300000233                                         5297292.9000 -3539537.9546       0.0000 5191537.9595 -3630292.7893  677162.3725 4924849.5984 -4041719.6134       0.0000  212458.1628     239.8886      99.5128
400000931 300000233                                         5024649.2825 -3678298.5650 1346350.7175 4805928.6788 -4126944.5164  678984.1624 5191537.9595 -3630292.7893  677162.3725  213259.5913     263.1622      80.8674
400000932 300000233                                         4924849.5984 -4041719.6134       0.0000 5191537.9595 -3630292.7893  677162.3725 4805928.6788 -4126944.5164  678984.1624  214297.3599     241.4088     101.7028
400000933 300000234                                         5886036.5016 -2438076.1476       0.0000 5812081.9155 -2522238.0841  669073.8784 5618720.3752 -3003268.6103       0.0000  209920.2574     235.1528     103.0238
400000934 300000234                                         5672228.9398 -2577802.4491 1330561.6814 5533298.6915 -3085738.1156  671168.2896 5812081.9155 -2522238.0841  669073.8784  210758.2000     258.4387      85.2902
400000935 300000234                                         5297292.9000 -3539537.9546       0.0000 5618720.3752 -3003268.6103       0.0000 5533298.6915 -3085738.1156  671168.2896  210577.3796     236.9071     103.5009
400000936 300000234                                         5812081.9155 -2522238.0841  669073.8784 5533298.6915 -3085738.1156  671168.2896 5618720.3752 -3003268.6103       0.0000  211783.6604     229.4440     117.5045
400000937 300000235                                         5201899.7171 -2600949.8585 2600949.8585 5157396.7439 -3166715.9053 1990680.8386 5468063.2517 -2604139.2443 1976963.3461  213953.8407     272.4742      74.7391
400000938 300000235                                         5024649.2825 -3678298.5650 1346350.7175 5375502.5311 -3143878.6287 1345228.8674 5157396.7439 -3166715.9053 1990680.8386  213817.3983     276.5225      81.4346
400000939 300000235                                         5672228.9398 -2577802.4491 1330561.6814 5468063.2517 -2604139.2443 1976963.3461 5375502.5311 -3143878.6287 1345228.8674  213196.7862     276.6257      75.9169
400000940 300000235                                         5157396.7439 -3166715.9053 1990680.8386 5375502.5311 -3143878.6287 1345228.8674 5468063.2517 -2604139.2443 1976963.3461  215042.4187     276.0558      77.9746
400000941 300000236                                         5297292.9000 -3539537.9546       0.0000 5533298.6915 -3085738.1156  671168.2896 5191537.9595 -3630292.7893  677162.3725  218265.1507     236.5168     110.8092
400000942 300000236                                         5672228.9398 -2577802.4491 1330561.6814 5375502.5311 -3143878.6287 1345228.8674 5533298.6915 -3085738.1156  671168.2896  218077.9738     270.9528      76.4517
400000943 300000236                                         5024649.2825 -3678298.5650 1346350.7175 5191537.9595 -3630292.7893  677162.3725 5375502.5311 -3143878.6287 1345228.8674  217445.2803     272.4207      75.8465
400000944 300000236                                         5533298.6915 -3085738.1156  671168.2896 5375502.5311 -3143878.6287 1345228.8674 5191537.9595 -3630292.7893  677162.3725  219375.9096     263.5533      81.3379
400000945 300000237                                         5886036.5016       0.0000 2438076.1476 5812081.9155 -669073.8784 2522238.0841 6056845.8882 -639129.1082 1869698.6039  232651.5371     288.4663     159.3346
400000946 300000237                                         5672228.9398 -1330561.6814 2577802.4491 5928333.1219 -1306164.9224 1933504.7432 5812081.9155 -669073.8784 2522238.0841  231845.9895     288.0098     152.8517
400000947 300000237                                         6114140.2800 -1266279.9131 1266279.9131 6056845.8882 -639129.1082 1869698.6039 5928333.1219 -1306164.9224 1933504.7432  232712.3450     274.7862     130.2953
400000948 300000237                                         5812081.9155 -669073.8784 2522238.0841 5928333.1219 -1306164.9224 1933504.7432 6056845.8882 -639129.1082 1869698.6039  234046.8072     285.8458     165.0407
400000949 300000238                                         5201899.7171 -2600949.8585 2600949.8585 5468063.2517 -2604139.2443 1976963.3461 5468063.2517 -1976963.3461 2604139.2443  228300.1373     272.7021      75.5978
400000950 300000238                                         5672228.9398 -2577802.4491 1330561.6814 5727370.1528 -1973179.1775 1973179.1775 5468063.2517 -2604139.2443 1976963.3461  229212.6770     275.6165      72.8882
400000951 300000238                                         5672228.9398 -1330561.6814 2577802.4491 5468063.2517 -1976963.3461 2604139.2443 5727370.1528 -1973179.1775 1973179.1775  229212.6770     277.3212      86.4802
400000952 300000238                                         5468063.2517 -2604139.2443 1976963.3461 5727370.1528 -1973179.1775 1973179.1775 5468063.2517 -1976963.3461 2604139.2443  230526.8451     274.8541      70.4238
400000953 300000239                                         5886036.5016 -2438076.1476       0.0000 6056845.8882 -1869698.6039  639129.1082 5812081.9155 -2522238.0841  669073.8784  232651.5371     223.6085     122.3350
400000954 300000239                                         6114140.2800 -1266279.9131 1266279.9131 5928333.1219 -1933504.7432 1306164.9224 6056845.8882 -1869698.6039  639129.1082  232712.3450     244.4406      97.3934
400000955 300000239                                         5672228.9398 -2577802.4491 1330561.6814 5812081.9155 -2522238.0841  669073.8784 5928333.1219 -1933504.7432 1306164.9224  231845.9895     264.8279      74.1359
400000956 300000239                                         6056845.8882 -1869698.6039  639129.1082 5928333.1219 -1933504.7432 1306164.9224 5812081.9155 -2522238.0841  669073.8784  234046.8072     243.9309      96.6421
400000957 300000240                                         5672228.9398 -1330561.6814 2577802.4491 5727370.1528 -1973179.1775 1973179.1775 5928333.1219 -1306164.9224 1933504.7432  238189.0310     287.4627     129.2594
400000958 300000240                                         5672228.9398 -2577802.4491 1330561.6814 5928333.1219 -1933504.7432 1306164.9224 5727370.1528 -1973179.1775 1973179.1775  238189.0310     274.0004      69.0817
400000959 300000240                                         6114140.2800 -1266279.9131 1266279.9131 5928333.1219 -1306164.9224 1933504.7432 5928333.1219 -1933504.7432 1306164.9224  237302.7613     272.1236     106.4113
400000960 300000240                                         5727370.1528 -1973179.1775 1973179.1775 5928333.1219 -1933504.7432 1306164.9224 5928333.1219 -1306164.9224 1933504.7432  239617.8861     280.3092      94.9003
400000961 300000241                                               0.0000 -4504977.3029 4504977.3029  678984.1624 -4805928.6788 4126944.5164  678984.1624 -4126944.5164 4805928.6788  328324.9483     230.4932     141.4814
400000962 300000241                                         1346350.7175 -5024649.2825 3678298.5650 1361638.6226 -4400885.2099 4400885.2099  678984.1624 -4805928.6788 4126944.5164  329212.3599     237.1092     145.4365
400000963 300000241                                         1346350.7175 -3678298.5650 5024649.2825  678984.1624 -4126944.5164 4805928.6788 1361638.6226 -4400885.2099 4400885.2099  329212.3599     227.2289     149.7117
400000964 300000241                                          678984.1624 -4805928.6788 4126944.5164 1361638.6226 -4400885.2099 4400885.2099  678984.1624 -4126944.5164 4805928.6788  332074.9378     232.4328     144.5962
400000965 300000242                                         2600949.8585 -5201899.7171 2600949.8585 2687534.5848 -4688572.4479 3374031.3064 1990680.8386 -5157396.7439 3166715.9053  331958.1435     252.7670      93.9992
400000966 300000242                                         2716603.5278 -4074905.2917 4074905.2917 2050103.9020 -4591494.5659 3912146.8074 2687534.5848 -4688572.4479 3374031.3064  332135.9111     242.6360     113.0035
400000967 300000242                                         1346350.7175 -5024649.2825 3678298.5650 1990680.8386 -5157396.7439 3166715.9053 2050103.9020 -4591494.5659 3912146.8074  331417.2039     248.1460     106.5137
400000968 300000242                                         2687534.5848 -4688572.4479 3374031.3064 2050103.9020 -4591494.5659 3912146.8074 1990680.8386 -5157396.7439 3166715.9053  335024.3025     248.7275     101.2615
400000969 300000243                                         2600949.8585 -2600949.8585 5201899.7171 1990680.8386 -3166715.9053 5157396.7439 2687534.5848 -3374031.3064 4688572.4479  331958.1435     220.1204     165.7211
400000970 300000243                                         1346350.7175 -3678298.5650 5024649.2825 2050103.9020 -3912146.8074 4591494.5659 1990680.8386 -3166715.9053 5157396.7439  331417.2039     220.5066     156.3382
400000971 300000243                                         2716603.5278 -4074905.2917 4074905.2917 2687534.5848 -3374031.3064 4688572.4479 2050103.9020 -3912146.8074 4591494.5659  332135.9111     225.6493     147.7800
400000972 300000243                                         1990680.8386 -3166715.9053 5157396.7439 2050103.9020 -3912146.8074 4591494.5659 2687534.5848 -3374031.3064 4688572.4479  335024.3025     221.6377     161.8162
400000973 300000244                                         1346350.7175 -5024649.2825 3678298.5650 2050103.9020 -4591494.5659 3912146.8074 1361638.6226 -4400885.2099 4400885.2099  344128.0612     237.6269     125.9433
400000974 300000244                                         2716603.5278 -4074905.2917 4074905.2917 2050103.9020 -3912146.8074 4591494.5659 2050103.9020 -4591494.5659 3912146.8074  343384.2298     231.3298     138.3896
400000975 300000244                                         1346350.7175 -3678298.5650 5024649.2825 1361638.6226 -4400885.2099 4400885.2099 2050103.9020 -3912146.8074 4591494.5659  344128.0612     224.1422     158.8953
400000976 300000244                                         2050103.9020 -4591494.5659 3912146.8074 2050103.9020 -3912146.8074 4591494.5659 1361638.6226 -4400885.2099 4400885.2099  347308.3434     228.5529     143.6797
400000977 300000245                                         4504977.3029 -4504977.3029       0.0000 4805928.6788 -4126944.5164  678984.1624 4126944.5164 -4805928.6788  678984.1624  328324.9483     240.4924      98.3173
400000978 300000245                                         5024649.2825 -3678298.5650 1346350.7175 4400885.2099 -4400885.2099 1361638.6226 4805928.6788 -4126944.5164  678984.1624  329212.3599     271.2497      74.0556
400000979 300000245                                         3678298.5650 -5024649.2825 1346350.7175 4126944.5164 -4805928.6788  678984.1624 4400885.2099 -4400885.2099 1361638.6226  329212.3599     267.1587      69.5168
400000980 300000245                                         4805928.6788 -4126944.5164  678984.1624 4400885.2099 -4400885.2099 1361638.6226 4126944.5164 -4805928.6788  678984.1624  332074.9378     259.9624      80.4691
400000981 300000246                                         5201899.7171 -2600949.8585 2600949.8585 4688572.4479 -3374031.3064 2687534.5848 5157396.7439 -3166715.9053 1990680.8386  331958.1435     266.1314      79.7220
400000982 300000246                                         4074905.2917 -4074905.2917 2716603.5278 4591494.5659 -3912146.8074 2050103.9020 4688572.4479 -3374031.3064 2687534.5848  332135.9111     259.5960      84.1762
400000983 300000246                                         5024649.2825 -3678298.5650 1346350.7175 5157396.7439 -3166715.9053 1990680.8386 4591494.5659 -3912146.8074 2050103.9020  331417.2039     273.5150      74.8681
400000984 300000246                                         4688572.4479 -3374031.3064 2687534.5848 4591494.5659 -3912146.8074 2050103.9020 5157396.7439 -3166715.9053 1990680.8386  335024.3025     266.1697      76.6421
400000985 300000247                                         2600949.8585 -5201899.7171 2600949.8585 3166715.9053 -5157396.7439 1990680.8386 3374031.3064 -4688572.4479 2687534.5848  331958.1435     250.3570      92.5245
400000986 300000247                                         3678298.5650 -5024649.2825 1346350.7175 3912146.8074 -4591494.5659 2050103.9020 3166715.9053 -5157396.7439 1990680.8386  331417.2039     264.2034      71.6736
400000987 300000247                                         4074905.2917 -4074905.2917 2716603.5278 3374031.3064 -4688572.4479 2687534.5848 3912146.8074 -4591494.5659 2050103.9020  332135.9111     256.9052      83.8512
400000988 300000247                                         3166715.9053 -5157396.7439 1990680.8386 3912146.8074 -4591494.5659 2050103.9020 3374031.3064 -4688572.4479 2687534.5848  335024.3025     256.3644      84.3264
400000989 300000248                                         5024649.2825 -3678298.5650 1346350.7175 4591494.5659 -3912146.8074 2050103.9020 4400885.2099 -4400885.2099 1361638.6226  344128.0612     273.9912      74.4917
400000990 300000248                                         4074905.2917 -4074905.2917 2716603.5278 3912146.8074 -4591494.5659 2050103.9020 4591494.5659 -3912146.8074 2050103.9020  343384.2298     261.0009      80.1880
400000991 300000248                                         3678298.5650 -5024649.2825 1346350.7175 4400885.2099 -4400885.2099 1361638.6226 3912146.8074 -4591494.5659 2050103.9020  344128.0612     269.9205      67.4907
400000992 300000248                                         4591494.5659 -3912146.8074 2050103.9020 3912146.8074 -4591494.5659 2050103.9020 4400885.2099 -4400885.2099 1361638.6226  347308.3434     268.9825      70.4292
400000993 300000249                                         4504977.3029       0.0000 4504977.3029 4126944.5164 -678984.1624 4805928.6788 4805928.6788 -678984.1624 4126944.5164  328324.9483     237.5957     129.0949
400000994 300000249                                         3678298.5650 -1346350.7175 5024649.2825 4400885.2099 -1361638.6226 4400885.2099 4126944.5164 -678984.1624 4805928.6788  329212.3599     233.1234     140.0018
400000995 300000249                                         5024649.2825 -1346350.7175 3678298.5650 4805928.6788 -678984.1624 4126944.5164 4400885.2099 -1361638.6226 4400885.2099  329212.3599     247.5603     112.3693
400000996 300000249                                         4126944.5164 -678984.1624 4805928.6788 4400885.2099 -1361638.6226 4400885.2099 4805928.6788 -678984.1624 4126944.5164  332074.9378     240.5734     122.8594
400000997 300000250                                         2600949.8585 -2600949.8585 5201899.7171 3374031.3064 -2687534.5848 4688572.4479 3166715.9053 -1990680.8386 5157396.7439  331958.1435     223.6023     166.5018
400000998 300000250                                         4074905.2917 -2716603.5278 4074905.2917 3912146.8074 -2050103.9020 4591494.5659 3374031.3064 -2687534.5848 4688572.4479  332135.9111     232.4232     139.8600
400000999 300000250                                         3678298.5650 -1346350.7175 5024649.2825 3166715.9053 -1990680.8386 5157396.7439 3912146.8074 -2050103.9020 4591494.5659  331417.2039     227.7897     151.4688
400001000 300000250                                         3374031.3064 -2687534.5848 4688572.4479 3912146.8074 -2050103.9020 4591494.5659 3166715.9053 -1990680.8386 5157396.7439  335024.3025     226.9895     156.0542
400001001 300000251                                         5201899.7171 -2600949.8585 2600949.8585 5157396.7439 -1990680.8386 3166715.9053 4688572.4479 -2687534.5848 3374031.3064  331958.1435     262.9040      90.9650
400001002 300000251                                         5024649.2825 -1346350.7175 3678298.5650 4591494.5659 -2050103.9020 3912146.8074 5157396.7439 -1990680.8386 3166715.9053  331417.2039     255.0682     108.7577
400001003 300000251                                         4074905.2917 -2716603.5278 4074905.2917 4688572.4479 -2687534.5848 3374031.3064 4591494.5659 -2050103.9020 3912146.8074  332135.9111     246.8209     109.3162
400001004 300000251                                         5157396.7439 -1990680.8386 3166715.9053 4591494.5659 -2050103.9020 3912146.8074 4688572.4479 -2687534.5848 3374031.3064  335024.3025     255.0700     103.4109
400001005 300000252                                         3678298.5650 -1346350.7175 5024649.2825 3912146.8074 -2050103.9020 4591494.5659 4400885.2099 -1361638.6226 4400885.2099  344128.0612     232.2609     143.0793
400001006 300000252                                         4074905.2917 -2716603.5278 4074905.2917 4591494.5659 -2050103.9020 3912146.8074 3912146.8074 -2050103.9020 4591494.5659  343384.2298     237.6735     128.1491
400001007 300000252                                         5024649.2825 -1346350.7175 3678298.5650 4400885.2099 -1361638.6226 4400885.2099 4591494.5659 -2050103.9020 3912146.8074  344128.0612     245.4162     120.9521
400001008 300000252                                         3912146.8074 -2050103.9020 4591494.5659 4591494.5659 -2050103.9020 3912146.8074 4400885.2099 -1361638.6226 4400885.2099  347308.3434     237.7803     132.0484
400001009 300000253                                         2600949.8585 -5201899.7171 2600949.8585 3374031.3064 -4688572.4479 2687534.5848 2687534.5848 -4688572.4479 3374031.3064  387995.8446     250.7662      95.5325
400001010 300000253                                         4074905.2917 -4074905.2917 2716603.5278 3435012.9904 -4122015.5885 3435012.9904 3374031.3064 -4688572.4479 2687534.5848  388281.7658     252.2490      88.5415
400001011 300000253                                         2716603.5278 -4074905.2917 4074905.2917 2687534.5848 -4688572.4479 3374031.3064 3435012.9904 -4122015.5885 3435012.9904  388281.7658     244.8900     104.8452
400001012 300000253                                         3374031.3064 -4688572.4479 2687534.5848 3435012.9904 -4122015.5885 3435012.9904 2687534.5848 -4688572.4479 3374031.3064  392517.4362     250.0581      93.4748
400001013 300000254                                         5201899.7171 -2600949.8585 2600949.8585 4688572.4479 -2687534.5848 3374031.3064 4688572.4479 -3374031.3064 2687534.5848  387995.8446     262.1554      85.2148
400001014 300000254                                         4074905.2917 -2716603.5278 4074905.2917 4122015.5885 -3435012.9904 3435012.9904 4688572.4479 -2687534.5848 3374031.3064  388281.7658     247.7992     102.2084
400001015 300000254                                         4074905.2917 -4074905.2917 2716603.5278 4688572.4479 -3374031.3064 2687534.5848 4122015.5885 -3435012.9904 3435012.9904  388281.7658     254.7879      89.1526
400001016 300000254                                         4688572.4479 -2687534.5848 3374031.3064 4122015.5885 -3435012.9904 3435012.9904 4688572.4479 -3374031.3064 2687534.5848  392517.4362     255.6539      88.1132
400001017 300000255                                         2600949.8585 -2600949.8585 5201899.7171 2687534.5848 -3374031.3064 4688572.4479 3374031.3064 -2687534.5848 4688572.4479  387995.8446     223.2606     169.8776
400001018 300000255                                         2716603.5278 -4074905.2917 4074905.2917 3435012.9904 -3435012.9904 4122015.5885 2687534.5848 -3374031.3064 4688572.4479  388281.7658     229.4150     143.9799
400001019 300000255                                         4074905.2917 -2716603.5278 4074905.2917 3374031.3064 -2687534.5848 4688572.4479 3435012.9904 -3435012.9904 4122015.5885  388281.7658     233.7799     135.1195
400001020 300000255                                         2687534.5848 -3374031.3064 4688572.4479 3435012.9904 -3435012.9904 4122015.5885 3374031.3064 -2687534.5848 4688572.4479  392517.4362     227.6269     154.4709
400001021 300000256                                         4074905.2917 -4074905.2917 2716603.5278 4122015.5885 -3435012.9904 3435012.9904 3435012.9904 -4122015.5885 3435012.9904  405996.4825     249.2750      95.9954
400001022 300000256                                         4074905.2917 -2716603.5278 4074905.2917 3435012.9904 -3435012.9904 4122015.5885 4122015.5885 -3435012.9904 3435012.9904  405996.4825     240.8251     113.3173
400001023 300000256                                         2716603.5278 -4074905.2917 4074905.2917 3435012.9904 -4122015.5885 3435012.9904 3435012.9904 -3435012.9904 4122015.5885  405996.4825     238.4085     120.5868
400001024 300000256                                         4122015.5885 -3435012.9904 3435012.9904 3435012.9904 -3435012.9904 4122015.5885 3435012.9904 -4122015.5885 3435012.9904  410731.3740     242.6106     107.6626
400001025 300000257                                         6371000.0000       0.0000       0.0000 6340321.8936       0.0000 -624467.2010 6340321.8936  624467.2010       0.0000  195921.5441     254.2817      72.5108
400001026 300000257                                         6248583.0214       0.0000 -1242920.4416 6308900.9250  627459.2093 -627459.2093 6340321.8936       0.0000 -624467.2010  196860.2699     281.9226      64.6988
400001027 300000257                                         6248583.0214 1242920.4416       0.0000 6340321.8936  624467.2010       0.0000 6308900.9250  627459.2093 -627459.2093  196860.2699     242.9953      97.2866
400001028 300000257                                         6340321.8936       0.0000 -624467.2010 6308900.9250  627459.2093 -627459.2093 6340321.8936  624467.2010       0.0000  197817.4310     263.6288      67.3370
400001029 300000258                                         5886036.5016       0.0000 -2438076.1476 6056845.8882  639129.1082 -1869698.6039 6096666.8789       0.0000 -1849403.6788  200521.8161     283.2602      74.1875
400001030 300000258                                         6114140.2800 1266279.9131 -1266279.9131 6212473.2151  636326.6289 -1260914.7366 6056845.8882  639129.1082 -1869698.6039  200560.6406     291.4981      71.9723
400001031 300000258                                         6248583.0214       0.0000 -1242920.4416 6096666.8789       0.0000 -1849403.6788 6212473.2151  636326.6289 -1260914.7366  199642.5528     289.0300      78.2117
400001032 300000258                                         6056845.8882  639129.1082 -1869698.6039 6212473.2151  636326.6289 -1260914.7366 6096666.8789       0.0000 -1849403.6788  201535.9727     288.7070      76.1157
400001033 300000259                                         5886036.5016 2438076.1476       0.0000 6096666.8789 1849403.6788       0.0000 6056845.8882 1869698.6039 -639129.1082  200521.8161     219.1092     111.9082
400001034 300000259                                         6248583.0214 1242920.4416       0.0000 6212473.2151 1260914.7366 -636326.6289 6096666.8789 1849403.6788       0.0000  199642.5528     224.5991     127.4144
400001035 300000259                                         6114140.2800 1266279.9131 -1266279.9131 6056845.8882 1869698.6039 -639129.1082 6212473.2151 1260914.7366 -636326.6289  200560.6406     263.1712      90.9634
400001036 300000259                                         6096666.8789 1849403.6788       0.0000 6212473.2151 1260914.7366 -636326.6289 6056845.8882 1869698.6039 -639129.1082  201535.9727     229.6188     116.2196
400001037 300000260                                         6248583.0214       0.0000 -1242920.4416 6212473.2151  636326.6289 -1260914.7366 6308900.9250  627459.2093 -627459.2093  204548.8197     286.4032      73.3435
400001038 300000260                                         6114140.2800 1266279.9131 -1266279.9131 6212473.2151 1260914.7366 -636326.6289 6212473.2151  636326.6289 -1260914.7366  203612.8458     284.3712      72.9745
400001039 300000260                                         6248583.0214 1242920.4416       0.0000 6308900.9250  627459.2093 -627459.2093 6212473.2151 1260914.7366 -636326.6289  204548.8197     249.2647      99.2137
400001040 300000260                                         6212473.2151  636326.6289 -1260914.7366 6212473.2151 1260914.7366 -636326.6289 6308900.9250  627459.2093 -627459.2093  205583.5447     278.3007      72.6046
400001041 300000261                                         4504977.3029       0.0000 -4504977.3029 4805928.6788  678984.1624 -4126944.5164 4924849.5984       0.0000 -4041719.6134  213029.7505     218.9545      68.6359
400001042 300000261                                         5024649.2825 1346350.7175 -3678298.5650 5191537.9595  677162.3725 -3630292.7893 4805928.6788  678984.1624 -4126944.5164  213259.5913     237.5782      68.9197
400001043 300000261                                         5297292.9000       0.0000 -3539537.9546 4924849.5984       0.0000 -4041719.6134 5191537.9595  677162.3725 -3630292.7893  212458.1628     235.3572      70.4202
400001044 300000261                                         4805928.6788  678984.1624 -4126944.5164 5191537.9595  677162.3725 -3630292.7893 4924849.5984       0.0000 -4041719.6134  214297.3599     229.9365      69.8418
400001045 300000262                                         5201899.7171 2600949.8585 -2600949.8585 5468063.2517 1976963.3461 -2604139.2443 5157396.7439 1990680.8386 -3166715.9053  213953.8407     269.1369      65.1869
400001046 300000262                                         5672228.9398 1330561.6814 -2577802.4491 5375502.5311 1345228.8674 -3143878.6287 5468063.2517 1976963.3461 -2604139.2443  213196.7862     274.9991      60.7296
400001047 300000262                                         5024649.2825 1346350.7175 -3678298.5650 5157396.7439 1990680.8386 -3166715.9053 5375502.5311 1345228.8674 -3143878.6287  213817.3983     258.1852      56.2772
400001048 300000262                                         5468063.2517 1976963.3461 -2604139.2443 5375502.5311 1345228.8674 -3143878.6287 5157396.7439 1990680.8386 -3166715.9053  215042.4187     268.3620      61.7030
400001049 300000263                                         5886036.5016       0.0000 -2438076.1476 5618720.3752       0.0000 -3003268.6103 5812081.9155  669073.8784 -2522238.0841  209920.2574     272.8921      66.5199
400001050 300000263                                         5297292.9000       0.0000 -3539537.9546 5533298.6915  671168.2896 -3085738.1156 5618720.3752       0.0000 -3003268.6103  210577.3796     256.3562      66.9128
400001051 300000263                                         5672228.9398 1330561.6814 -2577802.4491 5812081.9155  669073.8784 -2522238.0841 5533298.6915  671168.2896 -3085738.1156  210758.2000     275.5490      58.3585
400001052 300000263                                         5618720.3752       0.0000 -3003268.6103 5533298.6915  671168.2896 -3085738.1156 5812081.9155  669073.8784 -2522238.0841  211783.6604     268.4504      66.1868
400001053 300000264                                         5024649.2825 1346350.7175 -3678298.5650 5375502.5311 1345228.8674 -3143878.6287 5191537.9595  677162.3725 -3630292.7893  217445.2803     253.0163      61.1535
400001054 300000264                                         5672228.9398 1330561.6814 -2577802.4491 5533298.6915  671168.2896 -3085738.1156 5375502.5311 1345228.8674 -3143878.6287  218077.9738     271.6318      52.6937
400001055 300000264                                         5297292.9000       0.0000 -3539537.9546 5191537.9595  677162.3725 -3630292.7893 5533298.6915  671168.2896 -3085738.1156  218265.1507     250.0660      68.5520
400001056 300000264                                         5375502.5311 1345228.8674 -3143878.6287 5533298.6915  671168.2896 -3085738.1156 5191537.9595  677162.3725 -3630292.7893  219375.9096     259.1958      61.8561
400001057 300000265                                         4504977.3029 4504977.3029       0.0000 4924849.5984 4041719.6134       0.0000 4805928.6788 4126944.5164 -678984.1624  213029.7505     261.0338      89.5826
400001058 300000265                                         5297292.9000 3539537.9546       0.0000 5191537.9595 3630292.7893 -677162.3725 4924849.5984 4041719.6134       0.0000  212458.1628     255.1848     106.9795
400001059 300000265                                         5024649.2825 3678298.5650 -1346350.7175 4805928.6788 4126944.5164 -678984.1624 5191537.9595 3630292.7893 -677162.3725  213259.5913     270.3444     102.6023
400001060 300000265                                         4924849.5984 4041719.6134       0.0000 5191537.9595 3630292.7893 -677162.3725 4805928.6788 4126944.5164 -678984.1624  214297.3599     262.6425     116.0023
400001061 300000266                                         5886036.5016 2438076.1476       0.0000 5812081.9155 2522238.0841 -669073.8784 5618720.3752 3003268.6103       0.0000  209920.2574     219.8684     119.1808
400001062 300000266                                         5672228.9398 2577802.4491 -1330561.6814 5533298.6915 3085738.1156 -671168.2896 5812081.9155 2522238.0841 -669073.8784  210758.2000     264.5915      75.3447
400001063 300000266                                         5297292.9000 3539537.9546       0.0000 5618720.3752 3003268.6103       0.0000 5533298.6915 3085738.1156 -671168.2896  210577.3796     229.7385     121.2128
400001064 300000266                                         5812081.9155 2522238.0841 -669073.8784 5533298.6915 3085738.1156 -671168.2896 5618720.3752 3003268.6103       0.0000  211783.6604     232.3224     102.1274
400001065 300000267                                         5201899.7171 2600949.8585 -2600949.8585 5157396.7439 3166715.9053 -1990680.8386 5468063.2517 2604139.2443 -1976963.3461  213953.8407     283.3733      65.2233
400001066 300000267                                         5024649.2825 3678298.5650 -1346350.7175 5375502.5311 3143878.6287 -1345228.8674 5157396.7439 3166715.9053 -1990680.8386  213817.3983     284.3965      74.0684
400001067 300000267                                         5672228.9398 2577802.4491 -1330561.6814 5468063.2517 2604139.2443 -1976963.3461 5375502.5311 3143878.6287 -1345228.8674  213196.7862     283.4626      64.1206
400001068 300000267                                         5157396.7439 3166715.9053 -1990680.8386 5375502.5311 3143878.6287 -1345228.8674 5468063.2517 2604139.2443 -1976963.3461  215042.4187     286.3576      69.3472
400001069 300000268                                         5297292.9000 3539537.9546       0.0000 5533298.6915 3085738.1156 -671168.2896 5191537.9595 3630292.7893 -677162.3725  218265.1507     255.0890      91.8203
400001070 300000268                                         5672228.9398 2577802.4491 -1330561.6814 5375502.5311 3143878.6287 -1345228.8674 5533298.6915 3085738.1156 -671168.2896  218077.9738     274.0483      67.6663
400001071 300000268                                         5024649.2825 3678298.5650 -1346350.7175 5191537.9595 3630292.7893 -677162.3725 5375502.5311 3143878.6287 -1345228.8674  217445.2803     275.6508      86.4179
400001072 300000268                                         5533298.6915 3085738.1156 -671168.2896 5375502.5311 3143878.6287 -1345228.8674 5191537.9595 3630292.7893 -677162.3725  219375.9096     270.4928      75.5297
400001073 300000269                                         5886036.5016       0.0000 -2438076.1476 5812081.9155  669073.8784 -2522238.0841 6056845.8882  639129.1082 -1869698.6039  232651.5371     280.9058      72.4411
400001074 300000269                                         5672228.9398 1330561.6814 -2577802.4491 5928333.1219 1306164.9224 -1933504.7432 5812081.9155  669073.8784 -2522238.0841  231845.9895     283.0983      56.5514
400001075 300000269                                         6114140.2800 1266279.9131 -1266279.9131 6056845.8882  639129.1082 -1869698.6039 5928333.1219 1306164.9224 -1933504.7432  232712.3450     291.5065      64.9636
400001076 300000269                                         5812081.9155  669073.8784 -2522238.0841 5928333.1219 1306164.9224 -1933504.7432 6056845.8882  639129.1082 -1869698.6039  234046.8072     285.9402      62.7181
400001077 300000270                                         5201899.7171 2600949.8585 -2600949.8585 5468063.2517 2604139.2443 -1976963.3461 5468063.2517 1976963.3461 -2604139.2443  228300.1373     279.6189      67.0932
400001078 300000270                                         5672228.9398 2577802.4491 -1330561.6814 5727370.1528 1973179.1775 -1973179.1775 5468063.2517 2604139.2443 -1976963.3461  229212.6770     286.0555      61.3226
400001079 300000270                                         5672228.9398 1330561.6814 -2577802.4491 5468063.2517 1976963.3461 -2604139.2443 5727370.1528 1973179.1775 -1973179.1775  229212.6770     279.8333      63.3968
400001080 300000270                                         5468063.2517 2604139.2443 -1976963.3461 5727370.1528 1973179.1775 -1973179.1775 5468063.2517 1976963.3461 -2604139.2443  230526.8451     282.1038      64.0706
400001081 300000271                                         5886036.5016 2438076.1476       0.0000 6056845.8882 1869698.6039 -639129.1082 5812081.9155 2522238.0841 -669073.8784  232651.5371     226.4254     109.6603
400001082 300000271                                         6114140.2800 1266279.9131 -1266279.9131 5928333.1219 1933504.7432 -1306164.9224 6056845.8882 1869698.6039 -639129.1082  232712.3450     271.9362      74.7617
400001083 300000271                                         5672228.9398 2577802.4491 -1330561.6814 5812081.9155 2522238.0841 -669073.8784 5928333.1219 1933504.7432 -1306164.9224  231845.9895     272.4336      69.4206
400001084 300000271                                         6056845.8882 1869698.6039 -639129.1082 5928333.1219 1933504.7432 -1306164.9224 5812081.9155 2522238.0841 -669073.8784  234046.8072     257.3290      81.4753
400001085 300000272                                         5672228.9398 1330561.6814 -2577802.4491 5727370.1528 1973179.1775 -1973179.1775 5928333.1219 1306164.9224 -1933504.7432  238189.0310     287.6693      64.6130
400001086 300000272                                         5672228.9398 2577802.4491 -1330561.6814 5928333.1219 1933504.7432 -1306164.9224 5727370.1528 1973179.1775 -1973179.1775  238189.0310     283.5653      60.2106
400001087 300000272                                         6114140.2800 1266279.9131 -1266279.9131 5928333.1219 1306164.9224 -1933504.7432 5928333.1219 1933504.7432 -1306164.9224  237302.7613     287.9795      65.9508
400001088 300000272                                         5727370.1528 1973179.1775 -1973179.1775 5928333.1219 1933504.7432 -1306164.9224 5928333.1219 1306164.9224 -1933504.7432  239617.8861     285.5234      60.5579
400001089 300000273                                               0.0000       0.0000 -6371000.0000       0.0000  624467.2010 -6340321.8936  624467.2010       0.0000 -6340321.8936  195921.5441     121.7159       0.0492
400001090 300000273                                               0.0000 1242920.4416 -6248583.0214  627459.2093  627459.2093 -6308900.9250       0.0000  624467.2010 -6340321.8936  196860.2699     111.2382       0.0545
400001091 300000273                                         1242920.4416       0.0000 -6248583.0214  624467.2010       0.0000 -6340321.8936  627459.2093  627459.2093 -6308900.9250  196860.2699     128.8670       0.0545
400001092 300000273                                               0.0000  624467.2010 -6340321.8936  627459.2093  627459.2093 -6308900.9250  624467.2010       0.0000 -6340321.8936  197817.4310     120.7483       0.0503
400001093 300000274                                               0.0000 2438076.1476 -5886036.5016  639129.1082 1869698.6039 -6056845.8882       0.0000 1849403.6788 -6096666.8789  200521.8161     146.1224       2.6630
400001094 300000274                                         1266279.9131 1266279.9131 -6114140.2800  636326.6289 1260914.7366 -6212473.2151  639129.1082 1869698.6039 -6056845.8882  200560.6406     141.3416       0.4550
400001095 300000274                                               0.0000 1242920.4416 -6248583.0214       0.0000 1849403.6788 -6096666.8789  636326.6289 1260914.7366 -6212473.2151  199642.5528     126.0860       0.1836
400001096 300000274                                          639129.1082 1869698.6039 -6056845.8882  636326.6289 1260914.7366 -6212473.2151       0.0000 1849403.6788 -6096666.8789  201535.9727     144.0050       0.5063
400001097 300000275                                         2438076.1476       0.0000 -5886036.5016 1849403.6788       0.0000 -6096666.8789 1869698.6039  639129.1082 -6056845.8882  200521.8161     161.1203       2.5076
400001098 300000275                                         1242920.4416       0.0000 -6248583.0214 1260914.7366  636326.6289 -6212473.2151 1849403.6788       0.0000 -6096666.8789  199642.5528     128.8200       0.1827
400001099 300000275                                         1266279.9131 1266279.9131 -6114140.2800 1869698.6039  639129.1082 -6056845.8882 1260914.7366  636326.6289 -6212473.2151  200560.6406     129.4785       0.4513
400001100 300000275                                         1849403.6788       0.0000 -6096666.8789 1260914.7366  636326.6289 -6212473.2151 1869698.6039  639129.1082 -6056845.8882  201535.9727     130.3196       0.4977
400001101 300000276                                               0.0000 1242920.4416 -6248583.0214  636326.6289 1260914.7366 -6212473.2151  627459.2093  627459.2093 -6308900.9250  204548.8197     115.4704       0.0687
400001102 300000276                                         1266279.9131 1266279.9131 -6114140.2800 1260914.7366  636326.6289 -6212473.2151  636326.6289 1260914.7366 -6212473.2151  203612.8458     118.1071       0.1895
400001103 300000276                                         1242920.4416       0.0000 -6248583.0214  627459.2093  627459.2093 -6308900.9250 1260914.7366  636326.6289 -6212473.2151  204548.8197     123.6920       0.0687
400001104 300000276                                          636326.6289 1260914.7366 -6212473.2151 1260914.7366  636326.6289 -6212473.2151  627459.2093  627459.2093 -6308900.9250  205583.5447     113.4632       0.0762
400001105 300000277                                               0.0000 4504977.3029 -4504977.3029  678984.1624 4126944.5164 -4805928.6788       0.0000 4041719.6134 -4924849.5984  213029.7505     209.3651      56.6099
400001106 300000277                                         1346350.7175 3678298.5650 -5024649.2825  677162.3725 3630292.7893 -5191537.9595  678984.1624 4126944.5164 -4805928.6788  213259.5913     204.9854      45.4318
400001107 300000277                                               0.0000 3539537.9546 -5297292.9000       0.0000 4041719.6134 -4924849.5984  677162.3725 3630292.7893 -5191537.9595  212458.1628     202.3964      42.2559
400001108 300000277                                          678984.1624 4126944.5164 -4805928.6788  677162.3725 3630292.7893 -5191537.9595       0.0000 4041719.6134 -4924849.5984  214297.3599     205.0991      47.7250
400001109 300000278                                         2600949.8585 2600949.8585 -5201899.7171 1976963.3461 2604139.2443 -5468063.2517 1990680.8386 3166715.9053 -5157396.7439  213953.8407     199.1005      36.9222
400001110 300000278                                         1330561.6814 2577802.4491 -5672228.9398 1345228.8674 3143878.6287 -5375502.5311 1976963.3461 2604139.2443 -5468063.2517  213196.7862     191.9676      27.0616
400001111 300000278                                         1346350.7175 3678298.5650 -5024649.2825 1990680.8386 3166715.9053 -5157396.7439 1345228.8674 3143878.6287 -5375502.5311  213817.3983     201.7360      39.8325
400001112 300000278                                         1976963.3461 2604139.2443 -5468063.2517 1345228.8674 3143878.6287 -5375502.5311 1990680.8386 3166715.9053 -5157396.7439  215042.4187     197.2247      34.2007
400001113 300000279                                               0.0000 2438076.1476 -5886036.5016       0.0000 3003268.6103 -5618720.3752  669073.8784 2522238.0841 -5812081.9155  209920.2574     180.9417      14.6066
400001114 300000279                                               0.0000 3539537.9546 -5297292.9000  671168.2896 3085738.1156 -5533298.6915       0.0000 3003268.6103 -5618720.3752  210577.3796     194.4369      28.1417
400001115 300000279                                         1330561.6814 2577802.4491 -5672228.9398  669073.8784 2522238.0841 -5812081.9155  671168.2896 3085738.1156 -5533298.6915  210758.2000     186.6057      19.0453
400001116 300000279                                               0.0000 3003268.6103 -5618720.3752  671168.2896 3085738.1156 -5533298.6915  669073.8784 2522238.0841 -5812081.9155  211783.6604     188.2338      19.8784
400001117 300000280                                         1346350.7175 3678298.5650 -5024649.2825 1345228.8674 3143878.6287 -5375502.5311  677162.3725 3630292.7893 -5191537.9595  217445.2803     201.1487      39.3302
400001118 300000280                                         1330561.6814 2577802.4491 -5672228.9398  671168.2896 3085738.1156 -5533298.6915 1345228.8674 3143878.6287 -5375502.5311  218077.9738     191.0655      26.0285
400001119 300000280                                               0.0000 3539537.9546 -5297292.9000  677162.3725 3630292.7893 -5191537.9595  671168.2896 3085738.1156 -5533298.6915  218265.1507     198.4949      33.8008
400001120 300000280                                         1345228.8674 3143878.6287 -5375502.5311  671168.2896 3085738.1156 -5533298.6915  677162.3725 3630292.7893 -5191537.9595  219375.9096     196.7989      32.2201
400001121 300000281                                         4504977.3029       0.0000 -4504977.3029 4041719.6134       0.0000 -4924849.5984 4126944.5164  678984.1624 -4805928.6788  213029.7505     207.0650      57.2391
400001122 300000281                                         3539537.9546       0.0000 -5297292.9000 3630292.7893  677162.3725 -5191537.9595 4041719.6134       0.0000 -4924849.5984  212458.1628     201.6302      42.2983
400001123 300000281                                         3678298.5650 1346350.7175 -5024649.2825 4126944.5164  678984.1624 -4805928.6788 3630292.7893  677162.3725 -5191537.9595  213259.5913     203.3415      47.4450
400001124 300000281                                         4041719.6134       0.0000 -4924849.5984 3630292.7893  677162.3725 -5191537.9595 4126944.5164  678984.1624 -4805928.6788  214297.3599     203.9453      49.2628
400001125 300000282                                         2438076.1476       0.0000 -5886036.5016 2522238.0841  669073.8784 -5812081.9155 3003268.6103       0.0000 -5618720.3752  209920.2574     186.7149      12.8988
400001126 300000282                                         2577802.4491 1330561.6814 -5672228.9398 3085738.1156  671168.2896 -5533298.6915 2522238.0841  669073.8784 -5812081.9155  210758.2000     191.4721      17.7165
400001127 300000282                                         3539537.9546       0.0000 -5297292.9000 3003268.6103       0.0000 -5618720.3752 3085738.1156  671168.2896 -5533298.6915  210577.3796     193.9176      27.9576
400001128 300000282                                         2522238.0841  669073.8784 -5812081.9155 3085738.1156  671168.2896 -5533298.6915 3003268.6103       0.0000 -5618720.3752  211783.6604     190.6237      18.8019
400001129 300000283                                         2600949.8585 2600949.8585 -5201899.7171 3166715.9053 1990680.8386 -5157396.7439 2604139.2443 1976963.3461 -5468063.2517  213953.8407     199.1870      36.4685
400001130 300000283                                         3678298.5650 1346350.7175 -5024649.2825 3143878.6287 1345228.8674 -5375502.5311 3166715.9053 1990680.8386 -5157396.7439  213817.3983     200.5294      41.3040
400001131 300000283                                         2577802.4491 1330561.6814 -5672228.9398 2604139.2443 1976963.3461 -5468063.2517 3143878.6287 1345228.8674 -5375502.5311  213196.7862     194.4633      26.1017
400001132 300000283                                         3166715.9053 1990680.8386 -5157396.7439 3143878.6287 1345228.8674 -5375502.5311 2604139.2443 1976963.3461 -5468063.2517  215042.4187     198.3602      34.5599
400001133 300000284                                         3539537.9546       0.0000 -5297292.9000 3085738.1156  671168.2896 -5533298.6915 3630292.7893  677162.3725 -5191537.9595  218265.1507     197.7902      34.3416
400001134 300000284                                         2577802.4491 1330561.6814 -5672228.9398 3143878.6287 1345228.8674 -5375502.5311 3085738.1156  671168.2896 -5533298.6915  218077.9738     193.7590      25.3715
400001135 300000284                                         3678298.5650 1346350.7175 -5024649.2825 3630292.7893  677162.3725 -5191537.9595 3143878.6287 1345228.8674 -5375502.5311  217445.2803     200.3159      40.5335
400001136 300000284                                         3085738.1156  671168.2896 -5533298.6915 3143878.6287 1345228.8674 -5375502.5311 3630292.7893  677162.3725 -5191537.9595  219375.9096     197.4344      33.1229
400001137 300000285                                               0.0000 2438076.1476 -5886036.5016  669073.8784 2522238.0841 -5812081.9155  639129.1082 1869698.6039 -6056845.8882  232651.5371     167.8046       6.4424
400001138 300000285                                         1330561.6814 2577802.4491 -5672228.9398 1306164.9224 1933504.7432 -5928333.1219  669073.8784 2522238.0841 -5812081.9155  231845.9895     176.7485      12.5833
400001139 300000285                                         1266279.9131 1266279.9131 -6114140.2800  639129.1082 1869698.6039 -6056845.8882 1306164.9224 1933504.7432 -5928333.1219  232712.3450     140.2987       1.9784
400001140 300000285                                          669073.8784 2522238.0841 -5812081.9155 1306164.9224 1933504.7432 -5928333.1219  639129.1082 1869698.6039 -6056845.8882  234046.8072     164.7130       5.6529
400001141 300000286                                         2600949.8585 2600949.8585 -5201899.7171 2604139.2443 1976963.3461 -5468063.2517 1976963.3461 2604139.2443 -5468063.2517  228300.1373     196.1763      32.1671
400001142 300000286                                         2577802.4491 1330561.6814 -5672228.9398 1973179.1775 1973179.1775 -5727370.1528 2604139.2443 1976963.3461 -5468063.2517  229212.6770     191.5568      20.2014
400001143 300000286                                         1330561.6814 2577802.4491 -5672228.9398 1976963.3461 2604139.2443 -5468063.2517 1973179.1775 1973179.1775 -5727370.1528  229212.6770     188.3799      21.1883
400001144 300000286                                         2604139.2443 1976963.3461 -5468063.2517 1973179.1775 1973179.1775 -5727370.1528 1976963.3461 2604139.2443 -5468063.2517  230526.8451     191.5140      24.0340
400001145 300000287                                         2438076.1476       0.0000 -5886036.5016 1869698.6039  639129.1082 -6056845.8882 2522238.0841  669073.8784 -5812081.9155  232651.5371     177.6468       6.1343
400001146 300000287                                         1266279.9131 1266279.9131 -6114140.2800 1933504.7432 1306164.9224 -5928333.1219 1869698.6039  639129.1082 -6056845.8882  232712.3450     155.0714       1.9705
400001147 300000287                                         2577802.4491 1330561.6814 -5672228.9398 2522238.0841  669073.8784 -5812081.9155 1933504.7432 1306164.9224 -5928333.1219  231845.9895     186.7665      10.9814
400001148 300000287                                         1869698.6039  639129.1082 -6056845.8882 1933504.7432 1306164.9224 -5928333.1219 2522238.0841  669073.8784 -5812081.9155  234046.8072     176.8987       5.3374
400001149 300000288                                         1330561.6814 2577802.4491 -5672228.9398 1973179.1775 1973179.1775 -5727370.1528 1306164.9224 1933504.7432 -5928333.1219  238189.0310     177.9313      13.5450
400001150 300000288                                         2577802.4491 1330561.6814 -5672228.9398 1933504.7432 1306164.9224 -5928333.1219 1973179.1775 1973179.1775 -5727370.1528  238189.0310     186.5287      12.4083
400001151 300000288                                         1266279.9131 1266279.9131 -6114140.2800 1306164.9224 1933504.7432 -5928333.1219 1933504.7432 1306164.9224 -5928333.1219  237302.7613     149.6094       3.2892
400001152 300000288                                         1973179.1775 1973179.1775 -5727370.1528 1933504.7432 1306164.9224 -5928333.1219 1306164.9224 1933504.7432 -5928333.1219  239617.8861     173.5003       8.7109
400001153 300000289                                               0.0000 6371000.0000       0.0000  624467.2010 6340321.8936       0.0000       0.0000 6340321.8936 -624467.2010  195921.5441     235.9219      83.7571
400001154 300000289                                         1242920.4416 6248583.0214       0.0000  627459.2093 6308900.9250 -627459.2093  624467.2010 6340321.8936       0.0000  196860.2699     236.7198      84.4182
400001155 300000289                                               0.0000 6248583.0214 -1242920.4416       0.0000 6340321.8936 -624467.2010  627459.2093 6308900.9250 -627459.2093  196860.2699     242.4813      85.7442
400001156 300000289                                          624467.2010 6340321.8936       0.0000  627459.2093 6308900.9250 -627459.2093       0.0000 6340321.8936 -624467.2010  197817.4310     234.8085      86.3015
400001157 300000290                                         2438076.1476 5886036.5016       0.0000 1869698.6039 6056845.8882 -639129.1082 1849403.6788 6096666.8789       0.0000  200521.8161     242.3959      83.1725
400001158 300000290                                         1266279.9131 6114140.2800 -1266279.9131 1260914.7366 6212473.2151 -636326.6289 1869698.6039 6056845.8882 -639129.1082  200560.6406     257.8043      73.8026
400001159 300000290                                         1242920.4416 6248583.0214       0.0000 1849403.6788 6096666.8789       0.0000 1260914.7366 6212473.2151 -636326.6289  199642.5528     238.5071      85.1665
400001160 300000290                                         1869698.6039 6056845.8882 -639129.1082 1260914.7366 6212473.2151 -636326.6289 1849403.6788 6096666.8789       0.0000  201535.9727     243.6439      82.4375
400001161 300000291                                               0.0000 5886036.5016 -2438076.1476       0.0000 6096666.8789 -1849403.6788  639129.1082 6056845.8882 -1869698.6039  200521.8161     280.9832      57.4181
400001162 300000291                                               0.0000 6248583.0214 -1242920.4416  636326.6289 6212473.2151 -1260914.7366       0.0000 6096666.8789 -1849403.6788  199642.5528     270.0636      69.5853
400001163 300000291                                         1266279.9131 6114140.2800 -1266279.9131  639129.1082 6056845.8882 -1869698.6039  636326.6289 6212473.2151 -1260914.7366  200560.6406     276.7622      63.5210
400001164 300000291                                               0.0000 6096666.8789 -1849403.6788  636326.6289 6212473.2151 -1260914.7366  639129.1082 6056845.8882 -1869698.6039  201535.9727     278.1958      63.3195
400001165 300000292                                         1242920.4416 6248583.0214       0.0000 1260914.7366 6212473.2151 -636326.6289  627459.2093 6308900.9250 -627459.2093  204548.8197     237.9691      85.9431
400001166 300000292                                         1266279.9131 6114140.2800 -1266279.9131  636326.6289 6212473.2151 -1260914.7366 1260914.7366 6212473.2151 -636326.6289  203612.8458     262.9645      71.2222
400001167 300000292                                               0.0000 6248583.0214 -1242920.4416  627459.2093 6308900.9250 -627459.2093  636326.6289 6212473.2151 -1260914.7366  204548.8197     253.7555      78.2776
400001168 300000292                                         1260914.7366 6212473.2151 -636326.6289  636326.6289 6212473.2151 -1260914.7366  627459.2093 6308900.9250 -627459.2093  205583.5447     247.2508      81.7504
400001169 300000293                                         4504977.3029 4504977.3029       0.0000 4126944.5164 4805928.6788 -678984.1624 4041719.6134 4924849.5984       0.0000  213029.7505     262.4956      62.6301
400001170 300000293                                         3678298.5650 5024649.2825 -1346350.7175 3630292.7893 5191537.9595 -677162.3725 4126944.5164 4805928.6788 -678984.1624  213259.5913     265.9372      66.4373
400001171 300000293                                         3539537.9546 5297292.9000       0.0000 4041719.6134 4924849.5984       0.0000 3630292.7893 5191537.9595 -677162.3725  212458.1628     261.1399      63.8789
400001172 300000293                                         4126944.5164 4805928.6788 -678984.1624 3630292.7893 5191537.9595 -677162.3725 4041719.6134 4924849.5984       0.0000  214297.3599     261.2671      65.9087
400001173 300000294                                         2600949.8585 5201899.7171 -2600949.8585 2604139.2443 5468063.2517 -1976963.3461 3166715.9053 5157396.7439 -1990680.8386  213953.8407     278.2244      55.5441
400001174 300000294                                         2577802.4491 5672228.9398 -1330561.6814 3143878.6287 5375502.5311 -1345228.8674 2604139.2443 5468063.2517 -1976963.3461  213196.7862     277.4368      60.8879
400001175 300000294                                         3678298.5650 5024649.2825 -1346350.7175 3166715.9053 5157396.7439 -1990680.8386 3143878.6287 5375502.5311 -1345228.8674  213817.3983     279.0678      56.7908
400001176 300000294                                         2604139.2443 5468063.2517 -1976963.3461 3143878.6287 5375502.5311 -1345228.8674 3166715.9053 5157396.7439 -1990680.8386  215042.4187     279.5344      57.8347
400001177 300000295                                         2438076.1476 5886036.5016       0.0000 3003268.6103 5618720.3752       0.0000 2522238.0841 5812081.9155 -669073.8784  209920.2574     247.0567      75.1157
400001178 300000295                                         3539537.9546 5297292.9000       0.0000 3085738.1156 5533298.6915 -671168.2896 3003268.6103 5618720.3752       0.0000  210577.3796     254.7841      67.3612
400001179 300000295                                         2577802.4491 5672228.9398 -1330561.6814 2522238.0841 5812081.9155 -669073.8784 3085738.1156 5533298.6915 -671168.2896  210758.2000     261.3027      70.1682
400001180 300000295                                         3003268.6103 5618720.3752       0.0000 3085738.1156 5533298.6915 -671168.2896 2522238.0841 5812081.9155 -669073.8784  211783.6604     253.3553      69.6317
400001181 300000296                                         3678298.5650 5024649.2825 -1346350.7175 3143878.6287 5375502.5311 -1345228.8674 3630292.7893 5191537.9595 -677162.3725  217445.2803     271.3626      62.0597
400001182 300000296                                         2577802.4491 5672228.9398 -1330561.6814 3085738.1156 5533298.6915 -671168.2896 3143878.6287 5375502.5311 -1345228.8674  218077.9738     268.4914      64.4131
400001183 300000296                                         3539537.9546 5297292.9000       0.0000 3630292.7893 5191537.9595 -677162.3725 3085738.1156 5533298.6915 -671168.2896  218265.1507     260.0144      65.2487
400001184 300000296                                         3143878.6287 5375502.5311 -1345228.8674 3085738.1156 5533298.6915 -671168.2896 3630292.7893 5191537.9595 -677162.3725  219375.9096     264.0282      65.6991
400001185 300000297                                               0.0000 4504977.3029 -4504977.3029       0.0000 4924849.5984 -4041719.6134  678984.1624 4805928.6788 -4126944.5164  213029.7505     225.1988      66.1973
400001186 300000297                                               0.0000 5297292.9000 -3539537.9546  677162.3725 5191537.9595 -3630292.7893       0.0000 4924849.5984 -4041719.6134  212458.1628     241.3226      65.2073
400001187 300000297                                         1346350.7175 5024649.2825 -3678298.5650  678984.1624 4805928.6788 -4126944.5164  677162.3725 5191537.9595 -3630292.7893  213259.5913     239.1874      66.0094
400001188 300000297                                               0.0000 4924849.5984 -4041719.6134  677162.3725 5191537.9595 -3630292.7893  678984.1624 4805928.6788 -4126944.5164  214297.3599     235.6235      66.0313
400001189 300000298                                               0.0000 5886036.5016 -2438076.1476  669073.8784 5812081.9155 -2522238.0841       0.0000 5618720.3752 -3003268.6103  209920.2574     272.6486      58.2730
400001190 300000298                                         1330561.6814 5672228.9398 -2577802.4491  671168.2896 5533298.6915 -3085738.1156  669073.8784 5812081.9155 -2522238.0841  210758.2000     271.3070      58.9755
400001191 300000298                                               0.0000 5297292.9000 -3539537.9546       0.0000 5618720.3752 -3003268.6103  671168.2896 5533298.6915 -3085738.1156  210577.3796     256.9838      63.2782
400001192 300000298                                          669073.8784 5812081.9155 -2522238.0841  671168.2896 5533298.6915 -3085738.1156       0.0000 5618720.3752 -3003268.6103  211783.6604     267.9907      60.2690
400001193 300000299                                         2600949.8585 5201899.7171 -2600949.8585 1990680.8386 5157396.7439 -3166715.9053 1976963.3461 5468063.2517 -2604139.2443  213953.8407     268.6720      62.4830
400001194 300000299                                         1346350.7175 5024649.2825 -3678298.5650 1345228.8674 5375502.5311 -3143878.6287 1990680.8386 5157396.7439 -3166715.9053  213817.3983     254.5166      64.1785
400001195 300000299                                         1330561.6814 5672228.9398 -2577802.4491 1976963.3461 5468063.2517 -2604139.2443 1345228.8674 5375502.5311 -3143878.6287  213196.7862     270.2536      59.6887
400001196 300000299                                         1990680.8386 5157396.7439 -3166715.9053 1345228.8674 5375502.5311 -3143878.6287 1976963.3461 5468063.2517 -2604139.2443  215042.4187     265.0474      62.1758
400001197 300000300                                               0.0000 5297292.9000 -3539537.9546  671168.2896 5533298.6915 -3085738.1156  677162.3725 5191537.9595 -3630292.7893  218265.1507     250.8558      63.7926
400001198 300000300                                         1330561.6814 5672228.9398 -2577802.4491 1345228.8674 5375502.5311 -3143878.6287  671168.2896 5533298.6915 -3085738.1156  218077.9738     265.6254      61.7726
400001199 300000300                                         1346350.7175 5024649.2825 -3678298.5650  677162.3725 5191537.9595 -3630292.7893 1345228.8674 5375502.5311 -3143878.6287  217445.2803     249.5690      64.8771
400001200 300000300                                          671168.2896 5533298.6915 -3085738.1156 1345228.8674 5375502.5311 -3143878.6287  677162.3725 5191537.9595 -3630292.7893  219375.9096     255.0419      64.4908
400001201 300000301                                         2438076.1476 5886036.5016       0.0000 2522238.0841 5812081.9155 -669073.8784 1869698.6039 6056845.8882 -639129.1082  232651.5371     249.1088      77.2693
400001202 300000301                                         2577802.4491 5672228.9398 -1330561.6814 1933504.7432 5928333.1219 -1306164.9224 2522238.0841 5812081.9155 -669073.8784  231845.9895     268.8145      67.1852
400001203 300000301                                         1266279.9131 6114140.2800 -1266279.9131 1869698.6039 6056845.8882 -639129.1082 1933504.7432 5928333.1219 -1306164.9224  232712.3450     267.8751      69.3201
400001204 300000301                                         2522238.0841 5812081.9155 -669073.8784 1933504.7432 5928333.1219 -1306164.9224 1869698.6039 6056845.8882 -639129.1082  234046.8072     262.2831      70.9811
400001205 300000302                                         2600949.8585 5201899.7171 -2600949.8585 1976963.3461 5468063.2517 -2604139.2443 2604139.2443 5468063.2517 -1976963.3461  228300.1373     275.7861      58.0020
400001206 300000302                                         1330561.6814 5672228.9398 -2577802.4491 1973179.1775 5727370.1528 -1973179.1775 1976963.3461 5468063.2517 -2604139.2443  229212.6770     277.1739      59.5675
400001207 300000302                                         2577802.4491 5672228.9398 -1330561.6814 2604139.2443 5468063.2517 -1976963.3461 1973179.1775 5727370.1528 -1973179.1775  229212.6770     279.3443      60.8419
400001208 300000302                                         1976963.3461 5468063.2517 -2604139.2443 1973179.1775 5727370.1528 -1973179.1775 2604139.2443 5468063.2517 -1976963.3461  230526.8451     278.6837      58.9131
400001209 300000303                                               0.0000 5886036.5016 -2438076.1476  639129.1082 6056845.8882 -1869698.6039  669073.8784 5812081.9155 -2522238.0841  232651.5371     278.4692      57.4950
400001210 300000303                                         1266279.9131 6114140.2800 -1266279.9131 1306164.9224 5928333.1219 -1933504.7432  639129.1082 6056845.8882 -1869698.6039  232712.3450     282.4102      58.8349
400001211 300000303                                         1330561.6814 5672228.9398 -2577802.4491  669073.8784 5812081.9155 -2522238.0841 1306164.9224 5928333.1219 -1933504.7432  231845.9895     278.2899      57.1946
400001212 300000303                                          639129.1082 6056845.8882 -1869698.6039 1306164.9224 5928333.1219 -1933504.7432  669073.8784 5812081.9155 -2522238.0841  234046.8072     280.7812      58.9588
400001213 300000304                                         2577802.4491 5672228.9398 -1330561.6814 1973179.1775 5727370.1528 -1973179.1775 1933504.7432 5928333.1219 -1306164.9224  238189.0310     280.4067      60.0233
400001214 300000304                                         1330561.6814 5672228.9398 -2577802.4491 1306164.9224 5928333.1219 -1933504.7432 1973179.1775 5727370.1528 -1973179.1775  238189.0310     280.2435      58.8845
400001215 300000304                                         1266279.9131 6114140.2800 -1266279.9131 1933504.7432 5928333.1219 -1306164.9224 1306164.9224 5928333.1219 -1933504.7432  237302.7613     281.7877      60.1545
400001216 300000304                                         1973179.1775 5727370.1528 -1973179.1775 1306164.9224 5928333.1219 -1933504.7432 1933504.7432 5928333.1219 -1306164.9224  239617.8861     283.1654      59.6584
400001217 300000305                                         4504977.3029       0.0000 -4504977.3029 4126944.5164  678984.1624 -4805928.6788 4805928.6788  678984.1624 -4126944.5164  328324.9483     212.6596      64.8925
400001218 300000305                                         3678298.5650 1346350.7175 -5024649.2825 4400885.2099 1361638.6226 -4400885.2099 4126944.5164  678984.1624 -4805928.6788  329212.3599     208.4079      55.5023
400001219 300000305                                         5024649.2825 1346350.7175 -3678298.5650 4805928.6788  678984.1624 -4126944.5164 4400885.2099 1361638.6226 -4400885.2099  329212.3599     228.6543      68.8394
400001220 300000305                                         4126944.5164  678984.1624 -4805928.6788 4400885.2099 1361638.6226 -4400885.2099 4805928.6788  678984.1624 -4126944.5164  332074.9378     215.3393      64.6013
400001221 300000306                                         2600949.8585 2600949.8585 -5201899.7171 3374031.3064 2687534.5848 -4688572.4479 3166715.9053 1990680.8386 -5157396.7439  331958.1435     204.2968      47.0035
400001222 300000306                                         4074905.2917 2716603.5278 -4074905.2917 3912146.8074 2050103.9020 -4591494.5659 3374031.3064 2687534.5848 -4688572.4479  332135.9111     219.4099      61.3178
400001223 300000306                                         3678298.5650 1346350.7175 -5024649.2825 3166715.9053 1990680.8386 -5157396.7439 3912146.8074 2050103.9020 -4591494.5659  331417.2039     204.5357      50.8052
400001224 300000306                                         3374031.3064 2687534.5848 -4688572.4479 3912146.8074 2050103.9020 -4591494.5659 3166715.9053 1990680.8386 -5157396.7439  335024.3025     208.4338      53.9581
400001225 300000307                                         5201899.7171 2600949.8585 -2600949.8585 5157396.7439 1990680.8386 -3166715.9053 4688572.4479 2687534.5848 -3374031.3064  331958.1435     257.6681      60.6448
400001226 300000307                                         5024649.2825 1346350.7175 -3678298.5650 4591494.5659 2050103.9020 -3912146.8074 5157396.7439 1990680.8386 -3166715.9053  331417.2039     247.1077      59.2045
400001227 300000307                                         4074905.2917 2716603.5278 -4074905.2917 4688572.4479 2687534.5848 -3374031.3064 4591494.5659 2050103.9020 -3912146.8074  332135.9111     241.6600      60.3769
400001228 300000307                                         5157396.7439 1990680.8386 -3166715.9053 4591494.5659 2050103.9020 -3912146.8074 4688572.4479 2687534.5848 -3374031.3064  335024.3025     246.9162      59.2604
400001229 300000308                                         3678298.5650 1346350.7175 -5024649.2825 3912146.8074 2050103.9020 -4591494.5659 4400885.2099 1361638.6226 -4400885.2099  344128.0612     210.7493      57.3424
400001230 300000308                                         4074905.2917 2716603.5278 -4074905.2917 4591494.5659 2050103.9020 -3912146.8074 3912146.8074 2050103.9020 -4591494.5659  343384.2298     226.4020      63.5708
400001231 300000308                                         5024649.2825 1346350.7175 -3678298.5650 4400885.2099 1361638.6226 -4400885.2099 4591494.5659 2050103.9020 -3912146.8074  344128.0612     233.0741      64.9496
400001232 300000308                                         3912146.8074 2050103.9020 -4591494.5659 4591494.5659 2050103.9020 -3912146.8074 4400885.2099 1361638.6226 -4400885.2099  347308.3434     222.4023      63.6672
400001233 300000309                                               0.0000 4504977.3029 -4504977.3029  678984.1624 4805928.6788 -4126944.5164  678984.1624 4126944.5164 -4805928.6788  328324.9483     216.5811      63.3128
400001234 300000309                                         1346350.7175 5024649.2825 -3678298.5650 1361638.6226 4400885.2099 -4400885.2099  678984.1624 4805928.6788 -4126944.5164  329212.3599     231.8141      64.5277
400001235 300000309                                         1346350.7175 3678298.5650 -5024649.2825  678984.1624 4126944.5164 -4805928.6788 1361638.6226 4400885.2099 -4400885.2099  329212.3599     210.2600      53.9832
400001236 300000309                                          678984.1624 4805928.6788 -4126944.5164 1361638.6226 4400885.2099 -4400885.2099  678984.1624 4126944.5164 -4805928.6788  332074.9378     218.0435      62.3827
400001237 300000310                                         2600949.8585 5201899.7171 -2600949.8585 2687534.5848 4688572.4479 -3374031.3064 1990680.8386 5157396.7439 -3166715.9053  331958.1435     261.1615      64.8977
400001238 300000310                                         2716603.5278 4074905.2917 -4074905.2917 2050103.9020 4591494.5659 -3912146.8074 2687534.5848 4688572.4479 -3374031.3064  332135.9111     242.2324      67.1228
400001239 300000310                                         1346350.7175 5024649.2825 -3678298.5650 1990680.8386 5157396.7439 -3166715.9053 2050103.9020 4591494.5659 -3912146.8074  331417.2039     247.2821      66.0286
400001240 300000310                                         2687534.5848 4688572.4479 -3374031.3064 2050103.9020 4591494.5659 -3912146.8074 1990680.8386 5157396.7439 -3166715.9053  335024.3025     250.4959      67.0982
400001241 300000311                                         2600949.8585 2600949.8585 -5201899.7171 1990680.8386 3166715.9053 -5157396.7439 2687534.5848 3374031.3064 -4688572.4479  331958.1435     204.8028      47.8592
400001242 300000311                                         1346350.7175 3678298.5650 -5024649.2825 2050103.9020 3912146.8074 -4591494.5659 1990680.8386 3166715.9053 -5157396.7439  331417.2039     207.3789      49.0638
400001243 300000311                                         2716603.5278 4074905.2917 -4074905.2917 2687534.5848 3374031.3064 -4688572.4479 2050103.9020 3912146.8074 -4591494.5659  332135.9111     219.1286      64.4752
400001244 300000311                                         1990680.8386 3166715.9053 -5157396.7439 2050103.9020 3912146.8074 -4591494.5659 2687534.5848 3374031.3064 -4688572.4479  335024.3025     209.3820      53.9789
400001245 300000312                                         1346350.7175 5024649.2825 -3678298.5650 2050103.9020 4591494.5659 -3912146.8074 1361638.6226 4400885.2099 -4400885.2099  344128.0612     235.3246      64.0880
400001246 300000312                                         2716603.5278 4074905.2917 -4074905.2917 2050103.9020 3912146.8074 -4591494.5659 2050103.9020 4591494.5659 -3912146.8074  343384.2298     228.1709      68.8504
400001247 300000312                                         1346350.7175 3678298.5650 -5024649.2825 1361638.6226 4400885.2099 -4400885.2099 2050103.9020 3912146.8074 -4591494.5659  344128.0612     212.3166      56.9640
400001248 300000312                                         2050103.9020 4591494.5659 -3912146.8074 2050103.9020 3912146.8074 -4591494.5659 1361638.6226 4400885.2099 -4400885.2099  347308.3434     223.9208      64.5999
400001249 300000313                                         4504977.3029 4504977.3029       0.0000 4805928.6788 4126944.5164 -678984.1624 4126944.5164 4805928.6788 -678984.1624  328324.9483     258.3558      72.4999
400001250 300000313                                         5024649.2825 3678298.5650 -1346350.7175 4400885.2099 4400885.2099 -1361638.6226 4805928.6788 4126944.5164 -678984.1624  329212.3599     275.8930      74.3493
400001251 300000313                                         3678298.5650 5024649.2825 -1346350.7175 4126944.5164 4805928.6788 -678984.1624 4400885.2099 4400885.2099 -1361638.6226  329212.3599     275.4858      58.7437
400001252 300000313                                         4805928.6788 4126944.5164 -678984.1624 4400885.2099 4400885.2099 -1361638.6226 4126944.5164 4805928.6788 -678984.1624  332074.9378     268.4803      66.4037
400001253 300000314                                         5201899.7171 2600949.8585 -2600949.8585 4688572.4479 3374031.3064 -2687534.5848 5157396.7439 3166715.9053 -1990680.8386  331958.1435     282.7980      65.7422
400001254 300000314                                         4074905.2917 4074905.2917 -2716603.5278 4591494.5659 3912146.8074 -2050103.9020 4688572.4479 3374031.3064 -2687534.5848  332135.9111     286.1193      45.8245
400001255 300000314                                         5024649.2825 3678298.5650 -1346350.7175 5157396.7439 3166715.9053 -1990680.8386 4591494.5659 3912146.8074 -2050103.9020  331417.2039     284.9726      74.2264
400001256 300000314                                         4688572.4479 3374031.3064 -2687534.5848 4591494.5659 3912146.8074 -2050103.9020 5157396.7439 3166715.9053 -1990680.8386  335024.3025     285.8012      58.5308
400001257 300000315                                         2600949.8585 5201899.7171 -2600949.8585 3166715.9053 5157396.7439 -1990680.8386 3374031.3064 4688572.4479 -2687534.5848  331958.1435     274.9280      54.8055
400001258 300000315                                         3678298.5650 5024649.2825 -1346350.7175 3912146.8074 4591494.5659 -2050103.9020 3166715.9053 5157396.7439 -1990680.8386  331417.2039     280.1693      55.2163
400001259 300000315                                         4074905.2917 4074905.2917 -2716603.5278 3374031.3064 4688572.4479 -2687534.5848 3912146.8074 4591494.5659 -2050103.9020  332135.9111     271.0986      65.1575
400001260 300000315                                         3166715.9053 5157396.7439 -1990680.8386 3912146.8074 4591494.5659 -2050103.9020 3374031.3064 4688572.4479 -2687534.5848  335024.3025     275.8821      56.8732
400001261 300000316                                         5024649.2825 3678298.5650 -1346350.7175 4591494.5659 3912146.8074 -2050103.9020 4400885.2099 4400885.2099 -1361638.6226  344128.0612     286.2336      63.6463
400001262 300000316                                         4074905.2917 4074905.2917 -2716603.5278 3912146.8074 4591494.5659 -2050103.9020 4591494.5659 3912146.8074 -2050103.9020  343384.2298     283.1138      60.0812
400001263 300000316                                         3678298.5650 5024649.2825 -1346350.7175 4400885.2099 4400885.2099 -1361638.6226 3912146.8074 4591494.5659 -2050103.9020  344128.0612     280.2091      66.8633
400001264 300000316                                         4591494.5659 3912146.8074 -2050103.9020 3912146.8074 4591494.5659 -2050103.9020 4400885.2099 4400885.2099 -1361638.6226  347308.3434     286.9007      54.9892
400001265 300000317                                         2600949.8585 2600949.8585 -5201899.7171 2687534.5848 3374031.3064 -4688572.4479 3374031.3064 2687534.5848 -4688572.4479  387995.8446     208.3674      52.7614
400001266 300000317                                         2716603.5278 4074905.2917 -4074905.2917 3435012.9904 3435012.9904 -4122015.5885 2687534.5848 3374031.3064 -4688572.4479  388281.7658     223.6480      64.2596
400001267 300000317                                         4074905.2917 2716603.5278 -4074905.2917 3374031.3064 2687534.5848 -4688572.4479 3435012.9904 3435012.9904 -4122015.5885  388281.7658     223.6556      62.8586
400001268 300000317                                         2687534.5848 3374031.3064 -4688572.4479 3435012.9904 3435012.9904 -4122015.5885 3374031.3064 2687534.5848 -4688572.4479  392517.4362     217.2280      61.0033
400001269 300000318                                         2600949.8585 5201899.7171 -2600949.8585 3374031.3064 4688572.4479 -2687534.5848 2687534.5848 4688572.4479 -3374031.3064  387995.8446     264.5880      61.0829
400001270 300000318                                         4074905.2917 4074905.2917 -2716603.5278 3435012.9904 4122015.5885 -3435012.9904 3374031.3064 4688572.4479 -2687534.5848  388281.7658     266.2526      57.5893
400001271 300000318                                         2716603.5278 4074905.2917 -4074905.2917 2687534.5848 4688572.4479 -3374031.3064 3435012.9904 4122015.5885 -3435012.9904  388281.7658     247.1475      64.9020
400001272 300000318                                         3374031.3064 4688572.4479 -2687534.5848 3435012.9904 4122015.5885 -3435012.9904 2687534.5848 4688572.4479 -3374031.3064  392517.4362     258.3415      61.5157
400001273 300000319                                         5201899.7171 2600949.8585 -2600949.8585 4688572.4479 2687534.5848 -3374031.3064 4688572.4479 3374031.3064 -2687534.5848  387995.8446     268.7659      58.6146
400001274 300000319                                         4074905.2917 2716603.5278 -4074905.2917 4122015.5885 3435012.9904 -3435012.9904 4688572.4479 2687534.5848 -3374031.3064  388281.7658     247.7345      58.8714
400001275 300000319                                         4074905.2917 4074905.2917 -2716603.5278 4688572.4479 3374031.3064 -2687534.5848 4122015.5885 3435012.9904 -3435012.9904  388281.7658     274.2077      50.0484
400001276 300000319                                         4688572.4479 2687534.5848 -3374031.3064 4122015.5885 3435012.9904 -3435012.9904 4688572.4479 3374031.3064 -2687534.5848  392517.4362     265.9692      54.1284
400001277 300000320                                         2716603.5278 4074905.2917 -4074905.2917 3435012.9904 4122015.5885 -3435012.9904 3435012.9904 3435012.9904 -4122015.5885  405996.4825     240.2267      65.5181
400001278 300000320                                         4074905.2917 4074905.2917 -2716603.5278 4122015.5885 3435012.9904 -3435012.9904 3435012.9904 4122015.5885 -3435012.9904  405996.4825     263.1038      56.1460
400001279 300000320                                         4074905.2917 2716603.5278 -4074905.2917 3435012.9904 3435012.9904 -4122015.5885 4122015.5885 3435012.9904 -3435012.9904  405996.4825     238.3042      64.6543
400001280 300000320                                         3435012.9904 4122015.5885 -3435012.9904 4122015.5885 3435012.9904 -3435012.9904 3435012.9904 3435012.9904 -4122015.5885  410731.3740     247.1681      62.8894
400001281 300000321                                               0.0000 6371000.0000       0.0000       0.0000 6340321.8936 -624467.2010 -624467.2010 6340321.8936       0.0000  195921.5441     235.6096      84.3777
400001282 300000321                                               0.0000 6248583.0214 -1242920.4416 -627459.2093 6308900.9250 -627459.2093       0.0000 6340321.8936 -624467.2010  196860.2699     242.9351      84.7316
400001283 300000321                                         -1242920.4416 6248583.0214       0.0000 -624467.2010 6340321.8936       0.0000 -627459.2093 6308900.9250 -627459.2093  196860.2699     227.0760      90.8758
400001284 300000321                                               0.0000 6340321.8936 -624467.2010 -627459.2093 6308900.9250 -627459.2093 -624467.2010 6340321.8936       0.0000  197817.4310     236.8256      83.9480
400001285 300000322                                               0.0000 5886036.5016 -2438076.1476 -639129.1082 6056845.8882 -1869698.6039       0.0000 6096666.8789 -1849403.6788  200521.8161     279.4741      59.1674
400001286 300000322                                         -1266279.9131 6114140.2800 -1266279.9131 -636326.6289 6212473.2151 -1260914.7366 -639129.1082 6056845.8882 -1869698.6039  200560.6406     268.1278      70.8872
400001287 300000322                                               0.0000 6248583.0214 -1242920.4416       0.0000 6096666.8789 -1849403.6788 -636326.6289 6212473.2151 -1260914.7366  199642.5528     269.1776      70.9462
400001288 300000322                                         -639129.1082 6056845.8882 -1869698.6039 -636326.6289 6212473.2151 -1260914.7366       0.0000 6096666.8789 -1849403.6788  201535.9727     274.8133      66.8233
400001289 300000323                                         -2438076.1476 5886036.5016       0.0000 -1849403.6788 6096666.8789       0.0000 -1869698.6039 6056845.8882 -639129.1082  200521.8161     224.5895     100.0346
400001290 300000323                                         -1242920.4416 6248583.0214       0.0000 -1260914.7366 6212473.2151 -636326.6289 -1849403.6788 6096666.8789       0.0000  199642.5528     220.2070     110.4855
400001291 300000323                                         -1266279.9131 6114140.2800 -1266279.9131 -1869698.6039 6056845.8882 -639129.1082 -1260914.7366 6212473.2151 -636326.6289  200560.6406     242.6821      81.4415
400001292 300000323                                         -1849403.6788 6096666.8789       0.0000 -1260914.7366 6212473.2151 -636326.6289 -1869698.6039 6056845.8882 -639129.1082  201535.9727     227.1088     102.9861
400001293 300000324                                               0.0000 6248583.0214 -1242920.4416 -636326.6289 6212473.2151 -1260914.7366 -627459.2093 6308900.9250 -627459.2093  204548.8197     251.2136      79.4673
400001294 300000324                                         -1266279.9131 6114140.2800 -1266279.9131 -1260914.7366 6212473.2151 -636326.6289 -636326.6289 6212473.2151 -1260914.7366  203612.8458     254.2788      76.7447
400001295 300000324                                         -1242920.4416 6248583.0214       0.0000 -627459.2093 6308900.9250 -627459.2093 -1260914.7366 6212473.2151 -636326.6289  204548.8197     227.8300      89.5569
400001296 300000324                                         -636326.6289 6212473.2151 -1260914.7366 -1260914.7366 6212473.2151 -636326.6289 -627459.2093 6308900.9250 -627459.2093  205583.5447     245.6376      79.8123
400001297 300000325                                               0.0000 4504977.3029 -4504977.3029 -678984.1624 4805928.6788 -4126944.5164       0.0000 4924849.5984 -4041719.6134  213029.7505     225.5083      66.0036
400001298 300000325                                         -1346350.7175 5024649.2825 -3678298.5650 -677162.3725 5191537.9595 -3630292.7893 -678984.1624 4805928.6788 -4126944.5164  213259.5913     238.3913      69.1547
400001299 300000325                                               0.0000 5297292.9000 -3539537.9546       0.0000 4924849.5984 -4041719.6134 -677162.3725 5191537.9595 -3630292.7893  212458.1628     240.8072      67.1257
400001300 300000325                                         -678984.1624 4805928.6788 -4126944.5164 -677162.3725 5191537.9595 -3630292.7893       0.0000 4924849.5984 -4041719.6134  214297.3599     235.2620      68.0836
400001301 300000326                                         -2600949.8585 5201899.7171 -2600949.8585 -1976963.3461 5468063.2517 -2604139.2443 -1990680.8386 5157396.7439 -3166715.9053  213953.8407     271.0621      57.1187
400001302 300000326                                         -1330561.6814 5672228.9398 -2577802.4491 -1345228.8674 5375502.5311 -3143878.6287 -1976963.3461 5468063.2517 -2604139.2443  213196.7862     268.9522      59.2726
400001303 300000326                                         -1346350.7175 5024649.2825 -3678298.5650 -1990680.8386 5157396.7439 -3166715.9053 -1345228.8674 5375502.5311 -3143878.6287  213817.3983     254.9395      64.9399
400001304 300000326                                         -1976963.3461 5468063.2517 -2604139.2443 -1345228.8674 5375502.5311 -3143878.6287 -1990680.8386 5157396.7439 -3166715.9053  215042.4187     265.2321      59.9874
400001305 300000327                                               0.0000 5886036.5016 -2438076.1476       0.0000 5618720.3752 -3003268.6103 -669073.8784 5812081.9155 -2522238.0841  209920.2574     272.3584      58.7663
400001306 300000327                                               0.0000 5297292.9000 -3539537.9546 -671168.2896 5533298.6915 -3085738.1156       0.0000 5618720.3752 -3003268.6103  210577.3796     256.8959      64.8558
400001307 300000327                                         -1330561.6814 5672228.9398 -2577802.4491 -669073.8784 5812081.9155 -2522238.0841 -671168.2896 5533298.6915 -3085738.1156  210758.2000     270.4610      58.3791
400001308 300000327                                               0.0000 5618720.3752 -3003268.6103 -671168.2896 5533298.6915 -3085738.1156 -669073.8784 5812081.9155 -2522238.0841  211783.6604     266.9035      62.2796
400001309 300000328                                         -1346350.7175 5024649.2825 -3678298.5650 -1345228.8674 5375502.5311 -3143878.6287 -677162.3725 5191537.9595 -3630292.7893  217445.2803     248.3651      68.2111
400001310 300000328                                         -1330561.6814 5672228.9398 -2577802.4491 -671168.2896 5533298.6915 -3085738.1156 -1345228.8674 5375502.5311 -3143878.6287  218077.9738     265.2374      61.2304
400001311 300000328                                               0.0000 5297292.9000 -3539537.9546 -677162.3725 5191537.9595 -3630292.7893 -671168.2896 5533298.6915 -3085738.1156  218265.1507     249.6820      67.3186
400001312 300000328                                         -1345228.8674 5375502.5311 -3143878.6287 -671168.2896 5533298.6915 -3085738.1156 -677162.3725 5191537.9595 -3630292.7893  219375.9096     254.4873      66.4747
400001313 300000329                                         -4504977.3029 4504977.3029       0.0000 -4041719.6134 4924849.5984       0.0000 -4126944.5164 4805928.6788 -678984.1624  213029.7505     219.3985     100.9290
400001314 300000329                                         -3539537.9546 5297292.9000       0.0000 -3630292.7893 5191537.9595 -677162.3725 -4041719.6134 4924849.5984       0.0000  212458.1628     231.1817      92.1196
400001315 300000329                                         -3678298.5650 5024649.2825 -1346350.7175 -4126944.5164 4805928.6788 -678984.1624 -3630292.7893 5191537.9595 -677162.3725  213259.5913     251.5139      77.9399
400001316 300000329                                         -4041719.6134 4924849.5984       0.0000 -3630292.7893 5191537.9595 -677162.3725 -4126944.5164 4805928.6788 -678984.1624  214297.3599     227.7460      99.8761
400001317 300000330                                         -2438076.1476 5886036.5016       0.0000 -2522238.0841 5812081.9155 -669073.8784 -3003268.6103 5618720.3752       0.0000  209920.2574     224.4668     111.2801
400001318 300000330                                         -2577802.4491 5672228.9398 -1330561.6814 -3085738.1156 5533298.6915 -671168.2896 -2522238.0841 5812081.9155 -669073.8784  210758.2000     258.0444      69.8645
400001319 300000330                                         -3539537.9546 5297292.9000       0.0000 -3003268.6103 5618720.3752       0.0000 -3085738.1156 5533298.6915 -671168.2896  210577.3796     223.6226     103.1413
400001320 300000330                                         -2522238.0841 5812081.9155 -669073.8784 -3085738.1156 5533298.6915 -671168.2896 -3003268.6103 5618720.3752       0.0000  211783.6604     238.3650      88.1446
400001321 300000331                                         -2600949.8585 5201899.7171 -2600949.8585 -3166715.9053 5157396.7439 -1990680.8386 -2604139.2443 5468063.2517 -1976963.3461  213953.8407     276.7914      58.6868
400001322 300000331                                         -3678298.5650 5024649.2825 -1346350.7175 -3143878.6287 5375502.5311 -1345228.8674 -3166715.9053 5157396.7439 -1990680.8386  213817.3983     280.4105      50.7164
400001323 300000331                                         -2577802.4491 5672228.9398 -1330561.6814 -2604139.2443 5468063.2517 -1976963.3461 -3143878.6287 5375502.5311 -1345228.8674  213196.7862     276.8206      57.9611
400001324 300000331                                         -3166715.9053 5157396.7439 -1990680.8386 -3143878.6287 5375502.5311 -1345228.8674 -2604139.2443 5468063.2517 -1976963.3461  215042.4187     280.3107      52.5293
400001325 300000332                                         -3539537.9546 5297292.9000       0.0000 -3085738.1156 5533298.6915 -671168.2896 -3630292.7893 5191537.9595 -677162.3725  218265.1507     229.4557     104.7626
400001326 300000332                                         -2577802.4491 5672228.9398 -1330561.6814 -3143878.6287 5375502.5311 -1345228.8674 -3085738.1156 5533298.6915 -671168.2896  218077.9738     268.6985      58.8684
400001327 300000332                                         -3678298.5650 5024649.2825 -1346350.7175 -3630292.7893 5191537.9595 -677162.3725 -3143878.6287 5375502.5311 -1345228.8674  217445.2803     267.4184      59.7157
400001328 300000332                                         -3085738.1156 5533298.6915 -671168.2896 -3143878.6287 5375502.5311 -1345228.8674 -3630292.7893 5191537.9595 -677162.3725  219375.9096     257.5598      68.8885
400001329 300000333                                               0.0000 5886036.5016 -2438076.1476 -669073.8784 5812081.9155 -2522238.0841 -639129.1082 6056845.8882 -1869698.6039  232651.5371     277.8039      58.5148
400001330 300000333                                         -1330561.6814 5672228.9398 -2577802.4491 -1306164.9224 5928333.1219 -1933504.7432 -669073.8784 5812081.9155 -2522238.0841  231845.9895     275.5857      60.1435
400001331 300000333                                         -1266279.9131 6114140.2800 -1266279.9131 -639129.1082 6056845.8882 -1869698.6039 -1306164.9224 5928333.1219 -1933504.7432  232712.3450     275.0223      64.5275
400001332 300000333                                         -669073.8784 5812081.9155 -2522238.0841 -1306164.9224 5928333.1219 -1933504.7432 -639129.1082 6056845.8882 -1869698.6039  234046.8072     278.1397      61.1725
400001333 300000334                                         -2600949.8585 5201899.7171 -2600949.8585 -2604139.2443 5468063.2517 -1976963.3461 -1976963.3461 5468063.2517 -2604139.2443  228300.1373     275.3529      58.5876
400001334 300000334                                         -2577802.4491 5672228.9398 -1330561.6814 -1973179.1775 5727370.1528 -1973179.1775 -2604139.2443 5468063.2517 -1976963.3461  229212.6770     276.0043      61.5980
400001335 300000334                                         -1330561.6814 5672228.9398 -2577802.4491 -1976963.3461 5468063.2517 -2604139.2443 -1973179.1775 5727370.1528 -1973179.1775  229212.6770     274.2916      58.7781
400001336 300000334                                         -2604139.2443 5468063.2517 -1976963.3461 -1973179.1775 5727370.1528 -1973179.1775 -1976963.3461 5468063.2517 -2604139.2443  230526.8451     276.2268      58.0861
400001337 300000335                                         -2438076.1476 5886036.5016       0.0000 -1869698.6039 6056845.8882 -639129.1082 -2522238.0841 5812081.9155 -669073.8784  232651.5371     232.5790      96.6787
400001338 300000335                                         -1266279.9131 6114140.2800 -1266279.9131 -1933504.7432 5928333.1219 -1306164.9224 -1869698.6039 6056845.8882 -639129.1082  232712.3450     254.5964      73.8289
400001339 300000335                                         -2577802.4491 5672228.9398 -1330561.6814 -2522238.0841 5812081.9155 -669073.8784 -1933504.7432 5928333.1219 -1306164.9224  231845.9895     259.4628      73.5764
400001340 300000335                                         -1869698.6039 6056845.8882 -639129.1082 -1933504.7432 5928333.1219 -1306164.9224 -2522238.0841 5812081.9155 -669073.8784  234046.8072     245.1217      83.2317
400001341 300000336                                         -1330561.6814 5672228.9398 -2577802.4491 -1973179.1775 5727370.1528 -1973179.1775 -1306164.9224 5928333.1219 -1933504.7432  238189.0310     275.9162      60.5824
400001342 300000336                                         -2577802.4491 5672228.9398 -1330561.6814 -1933504.7432 5928333.1219 -1306164.9224 -1973179.1775 5727370.1528 -1973179.1775  238189.0310     272.0728      66.1094
400001343 300000336                                         -1266279.9131 6114140.2800 -1266279.9131 -1306164.9224 5928333.1219 -1933504.7432 -1933504.7432 5928333.1219 -1306164.9224  237302.7613     271.3155      65.5677
400001344 300000336                                         -1973179.1775 5727370.1528 -1973179.1775 -1933504.7432 5928333.1219 -1306164.9224 -1306164.9224 5928333.1219 -1933504.7432  239617.8861     275.6664      62.3337
400001345 300000337                                               0.0000       0.0000 -6371000.0000 -624467.2010       0.0000 -6340321.8936       0.0000  624467.2010 -6340321.8936  195921.5441     123.9158       0.0492
400001346 300000337                                         -1242920.4416       0.0000 -6248583.0214 -627459.2093  627459.2093 -6308900.9250 -624467.2010       0.0000 -6340321.8936  196860.2699     152.9211       0.0545
400001347 300000337                                               0.0000 1242920.4416 -6248583.0214       0.0000  624467.2010 -6340321.8936 -627459.2093  627459.2093 -6308900.9250  196860.2699     117.2177       0.0545
400001348 300000337                                         -624467.2010       0.0000 -6340321.8936 -627459.2093  627459.2093 -6308900.9250       0.0000  624467.2010 -6340321.8936  197817.4310     129.0540       0.0503
400001349 300000338                                         -2438076.1476       0.0000 -5886036.5016 -1869698.6039  639129.1082 -6056845.8882 -1849403.6788       0.0000 -6096666.8789  200521.8161     173.9690       2.5464
400001350 300000338                                         -1266279.9131 1266279.9131 -6114140.2800 -1260914.7366  636326.6289 -6212473.2151 -1869698.6039  639129.1082 -6056845.8882  200560.6406     134.9722       0.4646
400001351 300000338                                         -1242920.4416       0.0000 -6248583.0214 -1849403.6788       0.0000 -6096666.8789 -1260914.7366  636326.6289 -6212473.2151  199642.5528     168.7749       0.1830
400001352 300000338                                         -1869698.6039  639129.1082 -6056845.8882 -1260914.7366  636326.6289 -6212473.2151 -1849403.6788       0.0000 -6096666.8789  201535.9727     162.0698       0.5082
400001353 300000339                                               0.0000 2438076.1476 -5886036.5016       0.0000 1849403.6788 -6096666.8789 -639129.1082 1869698.6039 -6056845.8882  200521.8161     135.6895       2.6785
400001354 300000339                                               0.0000 1242920.4416 -6248583.0214 -636326.6289 1260914.7366 -6212473.2151       0.0000 1849403.6788 -6096666.8789  199642.5528     114.2696       0.1836
400001355 300000339                                         -1266279.9131 1266279.9131 -6114140.2800 -639129.1082 1869698.6039 -6056845.8882 -636326.6289 1260914.7366 -6212473.2151  200560.6406     118.7274       0.4613
400001356 300000339                                               0.0000 1849403.6788 -6096666.8789 -636326.6289 1260914.7366 -6212473.2151 -639129.1082 1869698.6039 -6056845.8882  201535.9727     120.2514       0.5100
400001357 300000340                                         -1242920.4416       0.0000 -6248583.0214 -1260914.7366  636326.6289 -6212473.2151 -627459.2093  627459.2093 -6308900.9250  204548.8197     149.2401       0.0687
400001358 300000340                                         -1266279.9131 1266279.9131 -6114140.2800 -636326.6289 1260914.7366 -6212473.2151 -1260914.7366  636326.6289 -6212473.2151  203612.8458     124.2738       0.1901
400001359 300000340                                               0.0000 1242920.4416 -6248583.0214 -627459.2093  627459.2093 -6308900.9250 -636326.6289 1260914.7366 -6212473.2151  204548.8197     117.5614       0.0687
400001360 300000340                                         -1260914.7366  636326.6289 -6212473.2151 -636326.6289 1260914.7366 -6212473.2151 -627459.2093  627459.2093 -6308900.9250  205583.5447     127.1756       0.0762
400001361 300000341                                         -4504977.3029       0.0000 -4504977.3029 -4126944.5164  678984.1624 -4805928.6788 -4041719.6134       0.0000 -4924849.5984  213029.7505     222.6138      50.9603
400001362 300000341                                         -3678298.5650 1346350.7175 -5024649.2825 -3630292.7893  677162.3725 -5191537.9595 -4126944.5164  678984.1624 -4805928.6788  213259.5913     215.3539      45.8220
400001363 300000341                                         -3539537.9546       0.0000 -5297292.9000 -4041719.6134       0.0000 -4924849.5984 -3630292.7893  677162.3725 -5191537.9595  212458.1628     213.3165      41.2553
400001364 300000341                                         -4126944.5164  678984.1624 -4805928.6788 -3630292.7893  677162.3725 -5191537.9595 -4041719.6134       0.0000 -4924849.5984  214297.3599     216.8864      46.3789
400001365 300000342                                         -2600949.8585 2600949.8585 -5201899.7171 -2604139.2443 1976963.3461 -5468063.2517 -3166715.9053 1990680.8386 -5157396.7439  213953.8407     204.6911      36.7605
400001366 300000342                                         -2577802.4491 1330561.6814 -5672228.9398 -3143878.6287 1345228.8674 -5375502.5311 -2604139.2443 1976963.3461 -5468063.2517  213196.7862     197.8999      27.5433
400001367 300000342                                         -3678298.5650 1346350.7175 -5024649.2825 -3166715.9053 1990680.8386 -5157396.7439 -3143878.6287 1345228.8674 -5375502.5311  213817.3983     209.0346      40.7838
400001368 300000342                                         -2604139.2443 1976963.3461 -5468063.2517 -3143878.6287 1345228.8674 -5375502.5311 -3166715.9053 1990680.8386 -5157396.7439  215042.4187     203.7485      34.7646
400001369 300000343                                         -2438076.1476       0.0000 -5886036.5016 -3003268.6103       0.0000 -5618720.3752 -2522238.0841  669073.8784 -5812081.9155  209920.2574     189.2562      13.5050
400001370 300000343                                         -3539537.9546       0.0000 -5297292.9000 -3085738.1156  671168.2896 -5533298.6915 -3003268.6103       0.0000 -5618720.3752  210577.3796     201.6080      28.0827
400001371 300000343                                         -2577802.4491 1330561.6814 -5672228.9398 -2522238.0841  669073.8784 -5812081.9155 -3085738.1156  671168.2896 -5533298.6915  210758.2000     192.2524      19.2617
400001372 300000343                                         -3003268.6103       0.0000 -5618720.3752 -3085738.1156  671168.2896 -5533298.6915 -2522238.0841  669073.8784 -5812081.9155  211783.6604     194.3667      19.9339
400001373 300000344                                         -3678298.5650 1346350.7175 -5024649.2825 -3143878.6287 1345228.8674 -5375502.5311 -3630292.7893  677162.3725 -5191537.9595  217445.2803     209.5115      40.1500
400001374 300000344                                         -2577802.4491 1330561.6814 -5672228.9398 -3085738.1156  671168.2896 -5533298.6915 -3143878.6287 1345228.8674 -5375502.5311  218077.9738     198.3484      26.2473
400001375 300000344                                         -3539537.9546       0.0000 -5297292.9000 -3630292.7893  677162.3725 -5191537.9595 -3085738.1156  671168.2896 -5533298.6915  218265.1507     206.4610      34.3727
400001376 300000344                                         -3143878.6287 1345228.8674 -5375502.5311 -3085738.1156  671168.2896 -5533298.6915 -3630292.7893  677162.3725 -5191537.9595  219375.9096     204.3835      33.4962
400001377 300000345                                               0.0000 4504977.3029 -4504977.3029       0.0000 4041719.6134 -4924849.5984 -678984.1624 4126944.5164 -4805928.6788  213029.7505     210.1581      55.7022
400001378 300000345                                               0.0000 3539537.9546 -5297292.9000 -677162.3725 3630292.7893 -5191537.9595       0.0000 4041719.6134 -4924849.5984  212458.1628     203.1276      41.7481
400001379 300000345                                         -1346350.7175 3678298.5650 -5024649.2825 -678984.1624 4126944.5164 -4805928.6788 -677162.3725 3630292.7893 -5191537.9595  213259.5913     205.1352      45.9125
400001380 300000345                                               0.0000 4041719.6134 -4924849.5984 -677162.3725 3630292.7893 -5191537.9595 -678984.1624 4126944.5164 -4805928.6788  214297.3599     205.8401      47.6155
400001381 300000346                                               0.0000 2438076.1476 -5886036.5016 -669073.8784 2522238.0841 -5812081.9155       0.0000 3003268.6103 -5618720.3752  209920.2574     178.3448      14.6735
400001382 300000346                                         -1330561.6814 2577802.4491 -5672228.9398 -671168.2896 3085738.1156 -5533298.6915 -669073.8784 2522238.0841 -5812081.9155  210758.2000     188.6900      19.0700
400001383 300000346                                               0.0000 3539537.9546 -5297292.9000       0.0000 3003268.6103 -5618720.3752 -671168.2896 3085738.1156 -5533298.6915  210577.3796     195.2291      28.0548
400001384 300000346                                         -669073.8784 2522238.0841 -5812081.9155 -671168.2896 3085738.1156 -5533298.6915       0.0000 3003268.6103 -5618720.3752  211783.6604     188.0287      20.2324
400001385 300000347                                         -2600949.8585 2600949.8585 -5201899.7171 -1990680.8386 3166715.9053 -5157396.7439 -1976963.3461 2604139.2443 -5468063.2517  213953.8407     202.6035      36.7644
400001386 300000347                                         -1346350.7175 3678298.5650 -5024649.2825 -1345228.8674 3143878.6287 -5375502.5311 -1990680.8386 3166715.9053 -5157396.7439  213817.3983     202.2380      41.2286
400001387 300000347                                         -1330561.6814 2577802.4491 -5672228.9398 -1976963.3461 2604139.2443 -5468063.2517 -1345228.8674 3143878.6287 -5375502.5311  213196.7862     195.9871      27.2027
400001388 300000347                                         -1990680.8386 3166715.9053 -5157396.7439 -1345228.8674 3143878.6287 -5375502.5311 -1976963.3461 2604139.2443 -5468063.2517  215042.4187     200.1477      34.6979
400001389 300000348                                               0.0000 3539537.9546 -5297292.9000 -671168.2896 3085738.1156 -5533298.6915 -677162.3725 3630292.7893 -5191537.9595  218265.1507     199.1364      33.6862
400001390 300000348                                         -1330561.6814 2577802.4491 -5672228.9398 -1345228.8674 3143878.6287 -5375502.5311 -671168.2896 3085738.1156 -5533298.6915  218077.9738     195.1858      26.0690
400001391 300000348                                         -1346350.7175 3678298.5650 -5024649.2825 -677162.3725 3630292.7893 -5191537.9595 -1345228.8674 3143878.6287 -5375502.5311  217445.2803     202.7739      39.2934
400001392 300000348                                         -671168.2896 3085738.1156 -5533298.6915 -1345228.8674 3143878.6287 -5375502.5311 -677162.3725 3630292.7893 -5191537.9595  219375.9096     199.3988      32.8781
400001393 300000349                                         -2438076.1476       0.0000 -5886036.5016 -2522238.0841  669073.8784 -5812081.9155 -1869698.6039  639129.1082 -6056845.8882  232651.5371     177.9227       6.3596
400001394 300000349                                         -2577802.4491 1330561.6814 -5672228.9398 -1933504.7432 1306164.9224 -5928333.1219 -2522238.0841  669073.8784 -5812081.9155  231845.9895     182.2465      12.9008
400001395 300000349                                         -1266279.9131 1266279.9131 -6114140.2800 -1869698.6039  639129.1082 -6056845.8882 -1933504.7432 1306164.9224 -5928333.1219  232712.3450     142.4986       2.0329
400001396 300000349                                         -2522238.0841  669073.8784 -5812081.9155 -1933504.7432 1306164.9224 -5928333.1219 -1869698.6039  639129.1082 -6056845.8882  234046.8072     169.9226       5.8096
400001397 300000350                                         -2600949.8585 2600949.8585 -5201899.7171 -1976963.3461 2604139.2443 -5468063.2517 -2604139.2443 1976963.3461 -5468063.2517  228300.1373     200.9470      32.5488
400001398 300000350                                         -1330561.6814 2577802.4491 -5672228.9398 -1973179.1775 1973179.1775 -5727370.1528 -1976963.3461 2604139.2443 -5468063.2517  229212.6770     192.0461      21.5046
400001399 300000350                                         -2577802.4491 1330561.6814 -5672228.9398 -2604139.2443 1976963.3461 -5468063.2517 -1973179.1775 1973179.1775 -5727370.1528  229212.6770     192.5288      21.6892
400001400 300000350                                         -1976963.3461 2604139.2443 -5468063.2517 -1973179.1775 1973179.1775 -5727370.1528 -2604139.2443 1976963.3461 -5468063.2517  230526.8451     194.9302      24.7231
400001401 300000351                                               0.0000 2438076.1476 -5886036.5016 -639129.1082 1869698.6039 -6056845.8882 -669073.8784 2522238.0841 -5812081.9155  232651.5371     150.7086       6.6421
400001402 300000351                                         -1266279.9131 1266279.9131 -6114140.2800 -1306164.9224 1933504.7432 -5928333.1219 -639129.1082 1869698.6039 -6056845.8882  232712.3450     133.4471       2.0507
400001403 300000351                                         -1330561.6814 2577802.4491 -5672228.9398 -669073.8784 2522238.0841 -5812081.9155 -1306164.9224 1933504.7432 -5928333.1219  231845.9895     178.2567      12.7019
400001404 300000351                                         -639129.1082 1869698.6039 -6056845.8882 -1306164.9224 1933504.7432 -5928333.1219 -669073.8784 2522238.0841 -5812081.9155  234046.8072     153.5715       5.8579
400001405 300000352                                         -2577802.4491 1330561.6814 -5672228.9398 -1973179.1775 1973179.1775 -5727370.1528 -1933504.7432 1306164.9224 -5928333.1219  238189.0310     183.0229      13.9014
400001406 300000352                                         -1330561.6814 2577802.4491 -5672228.9398 -1306164.9224 1933504.7432 -5928333.1219 -1973179.1775 1973179.1775 -5727370.1528  238189.0310     180.3121      13.9817
400001407 300000352                                         -1266279.9131 1266279.9131 -6114140.2800 -1933504.7432 1306164.9224 -5928333.1219 -1306164.9224 1933504.7432 -5928333.1219  237302.7613     141.0759       3.4374
400001408 300000352                                         -1973179.1775 1973179.1775 -5727370.1528 -1306164.9224 1933504.7432 -5928333.1219 -1933504.7432 1306164.9224 -5928333.1219  239617.8861     165.3284       9.6918
400001409 300000353                                         -6371000.0000       0.0000       0.0000 -6340321.8936  624467.2010       0.0000 -6340321.8936       0.0000 -624467.2010  195921.5441     266.8242      56.5734
400001410 300000353                                         -6248583.0214 1242920.4416       0.0000 -6308900.9250  627459.2093 -627459.2093 -6340321.8936  624467.2010       0.0000  196860.2699     259.5696      61.1255
400001411 300000353                                         -6248583.0214       0.0000 -1242920.4416 -6340321.8936       0.0000 -624467.2010 -6308900.9250  627459.2093 -627459.2093  196860.2699     250.7389      73.2705
400001412 300000353                                         -6340321.8936  624467.2010       0.0000 -6308900.9250  627459.2093 -627459.2093 -6340321.8936       0.0000 -624467.2010  197817.4310     260.7790      61.5552
400001413 300000354                                         -5886036.5016 2438076.1476       0.0000 -6056845.8882 1869698.6039 -639129.1082 -6096666.8789 1849403.6788       0.0000  200521.8161     243.3971      79.3546
400001414 300000354                                         -6114140.2800 1266279.9131 -1266279.9131 -6212473.2151 1260914.7366 -636326.6289 -6056845.8882 1869698.6039 -639129.1082  200560.6406     234.7479      84.9536
400001415 300000354                                         -6248583.0214 1242920.4416       0.0000 -6096666.8789 1849403.6788       0.0000 -6212473.2151 1260914.7366 -636326.6289  199642.5528     251.1015      70.0102
400001416 300000354                                         -6056845.8882 1869698.6039 -639129.1082 -6212473.2151 1260914.7366 -636326.6289 -6096666.8789 1849403.6788       0.0000  201535.9727     243.4585      78.1263
400001417 300000355                                         -5886036.5016       0.0000 -2438076.1476 -6096666.8789       0.0000 -1849403.6788 -6056845.8882  639129.1082 -1869698.6039  200521.8161     250.4427      77.9967
400001418 300000355                                         -6248583.0214       0.0000 -1242920.4416 -6212473.2151  636326.6289 -1260914.7366 -6096666.8789       0.0000 -1849403.6788  199642.5528     245.3306      79.9234
400001419 300000355                                         -6114140.2800 1266279.9131 -1266279.9131 -6056845.8882  639129.1082 -1869698.6039 -6212473.2151  636326.6289 -1260914.7366  200560.6406     243.3547      82.1225
400001420 300000355                                         -6096666.8789       0.0000 -1849403.6788 -6212473.2151  636326.6289 -1260914.7366 -6056845.8882  639129.1082 -1869698.6039  201535.9727     247.4818      80.3339
400001421 300000356                                         -6248583.0214 1242920.4416       0.0000 -6212473.2151 1260914.7366 -636326.6289 -6308900.9250  627459.2093 -627459.2093  204548.8197     251.7469      68.9597
400001422 300000356                                         -6114140.2800 1266279.9131 -1266279.9131 -6212473.2151  636326.6289 -1260914.7366 -6212473.2151 1260914.7366 -636326.6289  203612.8458     237.1267      84.1496
400001423 300000356                                         -6248583.0214       0.0000 -1242920.4416 -6308900.9250  627459.2093 -627459.2093 -6212473.2151  636326.6289 -1260914.7366  204548.8197     244.3039      77.9525
400001424 300000356                                         -6212473.2151 1260914.7366 -636326.6289 -6212473.2151  636326.6289 -1260914.7366 -6308900.9250  627459.2093 -627459.2093  205583.5447     242.7396      78.2365
400001425 300000357                                         -4504977.3029 4504977.3029       0.0000 -4805928.6788 4126944.5164 -678984.1624 -4924849.5984 4041719.6134       0.0000  213029.7505     219.4969     109.7698
400001426 300000357                                         -5024649.2825 3678298.5650 -1346350.7175 -5191537.9595 3630292.7893 -677162.3725 -4805928.6788 4126944.5164 -678984.1624  213259.5913     230.0172     115.1961
400001427 300000357                                         -5297292.9000 3539537.9546       0.0000 -4924849.5984 4041719.6134       0.0000 -5191537.9595 3630292.7893 -677162.3725  212458.1628     224.3925     103.6499
400001428 300000357                                         -4805928.6788 4126944.5164 -678984.1624 -5191537.9595 3630292.7893 -677162.3725 -4924849.5984 4041719.6134       0.0000  214297.3599     215.9649     117.2565
400001429 300000358                                         -5201899.7171 2600949.8585 -2600949.8585 -5468063.2517 2604139.2443 -1976963.3461 -5157396.7439 3166715.9053 -1990680.8386  213953.8407     268.6552      61.7433
400001430 300000358                                         -5672228.9398 2577802.4491 -1330561.6814 -5375502.5311 3143878.6287 -1345228.8674 -5468063.2517 2604139.2443 -1976963.3461  213196.7862     256.6230      75.5426
400001431 300000358                                         -5024649.2825 3678298.5650 -1346350.7175 -5157396.7439 3166715.9053 -1990680.8386 -5375502.5311 3143878.6287 -1345228.8674  213817.3983     265.0088      70.7775
400001432 300000358                                         -5468063.2517 2604139.2443 -1976963.3461 -5375502.5311 3143878.6287 -1345228.8674 -5157396.7439 3166715.9053 -1990680.8386  215042.4187     266.4827      66.5350
400001433 300000359                                         -5886036.5016 2438076.1476       0.0000 -5618720.3752 3003268.6103       0.0000 -5812081.9155 2522238.0841 -669073.8784  209920.2574     233.2527      88.2878
400001434 300000359                                         -5297292.9000 3539537.9546       0.0000 -5533298.6915 3085738.1156 -671168.2896 -5618720.3752 3003268.6103       0.0000  210577.3796     225.6573      93.6944
400001435 300000359                                         -5672228.9398 2577802.4491 -1330561.6814 -5812081.9155 2522238.0841 -669073.8784 -5533298.6915 3085738.1156 -671168.2896  210758.2000     220.5601     104.1437
400001436 300000359                                         -5618720.3752 3003268.6103       0.0000 -5533298.6915 3085738.1156 -671168.2896 -5812081.9155 2522238.0841 -669073.8784  211783.6604     223.8145      99.0686
400001437 300000360                                         -5024649.2825 3678298.5650 -1346350.7175 -5375502.5311 3143878.6287 -1345228.8674 -5191537.9595 3630292.7893 -677162.3725  217445.2803     245.0608      88.2928
400001438 300000360                                         -5672228.9398 2577802.4491 -1330561.6814 -5533298.6915 3085738.1156 -671168.2896 -5375502.5311 3143878.6287 -1345228.8674  218077.9738     231.6925      97.2670
400001439 300000360                                         -5297292.9000 3539537.9546       0.0000 -5191537.9595 3630292.7893 -677162.3725 -5533298.6915 3085738.1156 -671168.2896  218265.1507     224.0335     100.1999
400001440 300000360                                         -5375502.5311 3143878.6287 -1345228.8674 -5533298.6915 3085738.1156 -671168.2896 -5191537.9595 3630292.7893 -677162.3725  219375.9096     221.9454     114.4407
400001441 300000361                                         -4504977.3029       0.0000 -4504977.3029 -4924849.5984       0.0000 -4041719.6134 -4805928.6788  678984.1624 -4126944.5164  213029.7505     232.1625      55.0823
400001442 300000361                                         -5297292.9000       0.0000 -3539537.9546 -5191537.9595  677162.3725 -3630292.7893 -4924849.5984       0.0000 -4041719.6134  212458.1628     240.6141      59.0122
400001443 300000361                                         -5024649.2825 1346350.7175 -3678298.5650 -4805928.6788  678984.1624 -4126944.5164 -5191537.9595  677162.3725 -3630292.7893  213259.5913     239.6140      59.4240
400001444 300000361                                         -4924849.5984       0.0000 -4041719.6134 -5191537.9595  677162.3725 -3630292.7893 -4805928.6788  678984.1624 -4126944.5164  214297.3599     235.3303      61.0705
400001445 300000362                                         -5886036.5016       0.0000 -2438076.1476 -5812081.9155  669073.8784 -2522238.0841 -5618720.3752       0.0000 -3003268.6103  209920.2574     243.8507      76.4857
400001446 300000362                                         -5672228.9398 1330561.6814 -2577802.4491 -5533298.6915  671168.2896 -3085738.1156 -5812081.9155  669073.8784 -2522238.0841  210758.2000     250.3561      69.4672
400001447 300000362                                         -5297292.9000       0.0000 -3539537.9546 -5618720.3752       0.0000 -3003268.6103 -5533298.6915  671168.2896 -3085738.1156  210577.3796     245.0335      66.0864
400001448 300000362                                         -5812081.9155  669073.8784 -2522238.0841 -5533298.6915  671168.2896 -3085738.1156 -5618720.3752       0.0000 -3003268.6103  211783.6604     245.9871      71.4555
400001449 300000363                                         -5201899.7171 2600949.8585 -2600949.8585 -5157396.7439 1990680.8386 -3166715.9053 -5468063.2517 1976963.3461 -2604139.2443  213953.8407     261.3300      58.8712
400001450 300000363                                         -5024649.2825 1346350.7175 -3678298.5650 -5375502.5311 1345228.8674 -3143878.6287 -5157396.7439 1990680.8386 -3166715.9053  213817.3983     251.3301      59.4803
400001451 300000363                                         -5672228.9398 1330561.6814 -2577802.4491 -5468063.2517 1976963.3461 -2604139.2443 -5375502.5311 1345228.8674 -3143878.6287  213196.7862     256.2386      62.9868
400001452 300000363                                         -5157396.7439 1990680.8386 -3166715.9053 -5375502.5311 1345228.8674 -3143878.6287 -5468063.2517 1976963.3461 -2604139.2443  215042.4187     256.9087      60.5738
400001453 300000364                                         -5297292.9000       0.0000 -3539537.9546 -5533298.6915  671168.2896 -3085738.1156 -5191537.9595  677162.3725 -3630292.7893  218265.1507     246.8652      60.8668
400001454 300000364                                         -5672228.9398 1330561.6814 -2577802.4491 -5375502.5311 1345228.8674 -3143878.6287 -5533298.6915  671168.2896 -3085738.1156  218077.9738     252.7683      63.5383
400001455 300000364                                         -5024649.2825 1346350.7175 -3678298.5650 -5191537.9595  677162.3725 -3630292.7893 -5375502.5311 1345228.8674 -3143878.6287  217445.2803     247.2598      58.7818
400001456 300000364                                         -5533298.6915  671168.2896 -3085738.1156 -5375502.5311 1345228.8674 -3143878.6287 -5191537.9595  677162.3725 -3630292.7893  219375.9096     249.8150      61.0613
400001457 300000365                                         -5886036.5016 2438076.1476       0.0000 -5812081.9155 2522238.0841 -669073.8784 -6056845.8882 1869698.6039 -639129.1082  232651.5371     235.8262      86.4159
400001458 300000365                                         -5672228.9398 2577802.4491 -1330561.6814 -5928333.1219 1933504.7432 -1306164.9224 -5812081.9155 2522238.0841 -669073.8784  231845.9895     226.2369      96.7844
400001459 300000365                                         -6114140.2800 1266279.9131 -1266279.9131 -6056845.8882 1869698.6039 -639129.1082 -5928333.1219 1933504.7432 -1306164.9224  232712.3450     229.3026      91.9534
400001460 300000365                                         -5812081.9155 2522238.0841 -669073.8784 -5928333.1219 1933504.7432 -1306164.9224 -6056845.8882 1869698.6039 -639129.1082  234046.8072     228.9943      92.0059
400001461 300000366                                         -5201899.7171 2600949.8585 -2600949.8585 -5468063.2517 1976963.3461 -2604139.2443 -5468063.2517 2604139.2443 -1976963.3461  228300.1373     265.5286      61.0078
400001462 300000366                                         -5672228.9398 1330561.6814 -2577802.4491 -5727370.1528 1973179.1775 -1973179.1775 -5468063.2517 1976963.3461 -2604139.2443  229212.6770     259.1572      67.7035
400001463 300000366                                         -5672228.9398 2577802.4491 -1330561.6814 -5468063.2517 2604139.2443 -1976963.3461 -5727370.1528 1973179.1775 -1973179.1775  229212.6770     258.0963      78.3670
400001464 300000366                                         -5468063.2517 1976963.3461 -2604139.2443 -5727370.1528 1973179.1775 -1973179.1775 -5468063.2517 2604139.2443 -1976963.3461  230526.8451     263.7856      67.2834
400001465 300000367                                         -5886036.5016       0.0000 -2438076.1476 -6056845.8882  639129.1082 -1869698.6039 -5812081.9155  669073.8784 -2522238.0841  232651.5371     247.8297      77.4356
400001466 300000367                                         -6114140.2800 1266279.9131 -1266279.9131 -5928333.1219 1306164.9224 -1933504.7432 -6056845.8882  639129.1082 -1869698.6039  232712.3450     246.5762      82.9722
400001467 300000367                                         -5672228.9398 1330561.6814 -2577802.4491 -5812081.9155  669073.8784 -2522238.0841 -5928333.1219 1306164.9224 -1933504.7432  231845.9895     251.1049      77.0148
400001468 300000367                                         -6056845.8882  639129.1082 -1869698.6039 -5928333.1219 1306164.9224 -1933504.7432 -5812081.9155  669073.8784 -2522238.0841  234046.8072     250.3710      78.7227
400001469 300000368                                         -5672228.9398 2577802.4491 -1330561.6814 -5727370.1528 1973179.1775 -1973179.1775 -5928333.1219 1933504.7432 -1306164.9224  238189.0310     242.3157      92.1896
400001470 300000368                                         -5672228.9398 1330561.6814 -2577802.4491 -5928333.1219 1306164.9224 -1933504.7432 -5727370.1528 1973179.1775 -1973179.1775  238189.0310     254.5024      79.1898
400001471 300000368                                         -6114140.2800 1266279.9131 -1266279.9131 -5928333.1219 1933504.7432 -1306164.9224 -5928333.1219 1306164.9224 -1933504.7432  237302.7613     237.7628      89.9311
400001472 300000368                                         -5727370.1528 1973179.1775 -1973179.1775 -5928333.1219 1306164.9224 -1933504.7432 -5928333.1219 1933504.7432 -1306164.9224  239617.8861     247.7943      86.9798
400001473 300000369                                               0.0000 4504977.3029 -4504977.3029 -678984.1624 4126944.5164 -4805928.6788 -678984.1624 4805928.6788 -4126944.5164  328324.9483     217.7989      61.8566
400001474 300000369                                         -1346350.7175 3678298.5650 -5024649.2825 -1361638.6226 4400885.2099 -4400885.2099 -678984.1624 4126944.5164 -4805928.6788  329212.3599     211.4727      54.8178
400001475 300000369                                         -1346350.7175 5024649.2825 -3678298.5650 -678984.1624 4805928.6788 -4126944.5164 -1361638.6226 4400885.2099 -4400885.2099  329212.3599     230.8401      67.3505
400001476 300000369                                         -678984.1624 4126944.5164 -4805928.6788 -1361638.6226 4400885.2099 -4400885.2099 -678984.1624 4805928.6788 -4126944.5164  332074.9378     219.6976      62.8498
400001477 300000370                                         -2600949.8585 2600949.8585 -5201899.7171 -2687534.5848 3374031.3064 -4688572.4479 -1990680.8386 3166715.9053 -5157396.7439  331958.1435     208.5502      46.7034
400001478 300000370                                         -2716603.5278 4074905.2917 -4074905.2917 -2050103.9020 3912146.8074 -4591494.5659 -2687534.5848 3374031.3064 -4688572.4479  332135.9111     221.2736      60.7602
400001479 300000370                                         -1346350.7175 3678298.5650 -5024649.2825 -1990680.8386 3166715.9053 -5157396.7439 -2050103.9020 3912146.8074 -4591494.5659  331417.2039     208.1148      50.5354
400001480 300000370                                         -2687534.5848 3374031.3064 -4688572.4479 -2050103.9020 3912146.8074 -4591494.5659 -1990680.8386 3166715.9053 -5157396.7439  335024.3025     211.8704      54.1336
400001481 300000371                                         -2600949.8585 5201899.7171 -2600949.8585 -1990680.8386 5157396.7439 -3166715.9053 -2687534.5848 4688572.4479 -3374031.3064  331958.1435     262.1003      62.4104
400001482 300000371                                         -1346350.7175 5024649.2825 -3678298.5650 -2050103.9020 4591494.5659 -3912146.8074 -1990680.8386 5157396.7439 -3166715.9053  331417.2039     247.8647      65.9602
400001483 300000371                                         -2716603.5278 4074905.2917 -4074905.2917 -2687534.5848 4688572.4479 -3374031.3064 -2050103.9020 4591494.5659 -3912146.8074  332135.9111     240.4234      63.9035
400001484 300000371                                         -1990680.8386 5157396.7439 -3166715.9053 -2050103.9020 4591494.5659 -3912146.8074 -2687534.5848 4688572.4479 -3374031.3064  335024.3025     251.2939      63.1719
400001485 300000372                                         -1346350.7175 3678298.5650 -5024649.2825 -2050103.9020 3912146.8074 -4591494.5659 -1361638.6226 4400885.2099 -4400885.2099  344128.0612     213.8170      57.2204
400001486 300000372                                         -2716603.5278 4074905.2917 -4074905.2917 -2050103.9020 4591494.5659 -3912146.8074 -2050103.9020 3912146.8074 -4591494.5659  343384.2298     228.7051      62.9426
400001487 300000372                                         -1346350.7175 5024649.2825 -3678298.5650 -1361638.6226 4400885.2099 -4400885.2099 -2050103.9020 4591494.5659 -3912146.8074  344128.0612     233.5367      66.6843
400001488 300000372                                         -2050103.9020 3912146.8074 -4591494.5659 -2050103.9020 4591494.5659 -3912146.8074 -1361638.6226 4400885.2099 -4400885.2099  347308.3434     224.6065      62.7484
400001489 300000373                                         -4504977.3029       0.0000 -4504977.3029 -4805928.6788  678984.1624 -4126944.5164 -4126944.5164  678984.1624 -4805928.6788  328324.9483     225.0701      52.6274
400001490 300000373                                         -5024649.2825 1346350.7175 -3678298.5650 -4400885.2099 1361638.6226 -4400885.2099 -4805928.6788  678984.1624 -4126944.5164  329212.3599     234.7399      58.8363
400001491 300000373                                         -3678298.5650 1346350.7175 -5024649.2825 -4126944.5164  678984.1624 -4805928.6788 -4400885.2099 1361638.6226 -4400885.2099  329212.3599     220.9741      51.9295
400001492 300000373                                         -4805928.6788  678984.1624 -4126944.5164 -4400885.2099 1361638.6226 -4400885.2099 -4126944.5164  678984.1624 -4805928.6788  332074.9378     223.1175      55.9016
400001493 300000374                                         -5201899.7171 2600949.8585 -2600949.8585 -4688572.4479 2687534.5848 -3374031.3064 -5157396.7439 1990680.8386 -3166715.9053  331958.1435     256.4354      62.1842
400001494 300000374                                         -4074905.2917 2716603.5278 -4074905.2917 -4591494.5659 2050103.9020 -3912146.8074 -4688572.4479 2687534.5848 -3374031.3064  332135.9111     242.2382      59.6567
400001495 300000374                                         -5024649.2825 1346350.7175 -3678298.5650 -5157396.7439 1990680.8386 -3166715.9053 -4591494.5659 2050103.9020 -3912146.8074  331417.2039     246.1610      58.9081
400001496 300000374                                         -4688572.4479 2687534.5848 -3374031.3064 -4591494.5659 2050103.9020 -3912146.8074 -5157396.7439 1990680.8386 -3166715.9053  335024.3025     249.4569      59.9161
400001497 300000375                                         -2600949.8585 2600949.8585 -5201899.7171 -3166715.9053 1990680.8386 -5157396.7439 -3374031.3064 2687534.5848 -4688572.4479  331958.1435     210.7628      45.7919
400001498 300000375                                         -3678298.5650 1346350.7175 -5024649.2825 -3912146.8074 2050103.9020 -4591494.5659 -3166715.9053 1990680.8386 -5157396.7439  331417.2039     216.0886      48.2855
400001499 300000375                                         -4074905.2917 2716603.5278 -4074905.2917 -3374031.3064 2687534.5848 -4688572.4479 -3912146.8074 2050103.9020 -4591494.5659  332135.9111     225.6644      58.3318
400001500 300000375                                         -3166715.9053 1990680.8386 -5157396.7439 -3912146.8074 2050103.9020 -4591494.5659 -3374031.3064 2687534.5848 -4688572.4479  335024.3025     217.5159      51.5156
400001501 300000376                                         -5024649.2825 1346350.7175 -3678298.5650 -4591494.5659 2050103.9020 -3912146.8074 -4400885.2099 1361638.6226 -4400885.2099  344128.0612     238.2325      58.4657
400001502 300000376                                         -4074905.2917 2716603.5278 -4074905.2917 -3912146.8074 2050103.9020 -4591494.5659 -4591494.5659 2050103.9020 -3912146.8074  343384.2298     234.1663      56.2719
400001503 300000376                                         -3678298.5650 1346350.7175 -5024649.2825 -4400885.2099 1361638.6226 -4400885.2099 -3912146.8074 2050103.9020 -4591494.5659  344128.0612     222.5104      52.9526
400001504 300000376                                         -4591494.5659 2050103.9020 -3912146.8074 -3912146.8074 2050103.9020 -4591494.5659 -4400885.2099 1361638.6226 -4400885.2099  347308.3434     231.5266      56.5252
400001505 300000377                                         -4504977.3029 4504977.3029       0.0000 -4126944.5164 4805928.6788 -678984.1624 -4805928.6788 4126944.5164 -678984.1624  328324.9483     218.0341     110.6596
400001506 300000377                                         -3678298.5650 5024649.2825 -1346350.7175 -4400885.2099 4400885.2099 -1361638.6226 -4126944.5164 4805928.6788 -678984.1624  329212.3599     263.4648      66.2303
400001507 300000377                                         -5024649.2825 3678298.5650 -1346350.7175 -4805928.6788 4126944.5164 -678984.1624 -4400885.2099 4400885.2099 -1361638.6226  329212.3599     252.7950      82.9018
400001508 300000377                                         -4126944.5164 4805928.6788 -678984.1624 -4400885.2099 4400885.2099 -1361638.6226 -4805928.6788 4126944.5164 -678984.1624  332074.9378     241.6737      93.2247
400001509 300000378                                         -2600949.8585 5201899.7171 -2600949.8585 -3374031.3064 4688572.4479 -2687534.5848 -3166715.9053 5157396.7439 -1990680.8386  331958.1435     272.7427      66.3991
400001510 300000378                                         -4074905.2917 4074905.2917 -2716603.5278 -3912146.8074 4591494.5659 -2050103.9020 -3374031.3064 4688572.4479 -2687534.5848  332135.9111     270.4234      68.6170
400001511 300000378                                         -3678298.5650 5024649.2825 -1346350.7175 -3166715.9053 5157396.7439 -1990680.8386 -3912146.8074 4591494.5659 -2050103.9020  331417.2039     281.3878      62.7468
400001512 300000378                                         -3374031.3064 4688572.4479 -2687534.5848 -3912146.8074 4591494.5659 -2050103.9020 -3166715.9053 5157396.7439 -1990680.8386  335024.3025     276.6672      70.1912
400001513 300000379                                         -5201899.7171 2600949.8585 -2600949.8585 -5157396.7439 3166715.9053 -1990680.8386 -4688572.4479 3374031.3064 -2687534.5848  331958.1435     266.0943      68.9748
400001514 300000379                                         -5024649.2825 3678298.5650 -1346350.7175 -4591494.5659 3912146.8074 -2050103.9020 -5157396.7439 3166715.9053 -1990680.8386  331417.2039     272.2259      74.7184
400001515 300000379                                         -4074905.2917 4074905.2917 -2716603.5278 -4688572.4479 3374031.3064 -2687534.5848 -4591494.5659 3912146.8074 -2050103.9020  332135.9111     272.3411      72.6398
400001516 300000379                                         -5157396.7439 3166715.9053 -1990680.8386 -4591494.5659 3912146.8074 -2050103.9020 -4688572.4479 3374031.3064 -2687534.5848  335024.3025     271.6659      72.7585
400001517 300000380                                         -3678298.5650 5024649.2825 -1346350.7175 -3912146.8074 4591494.5659 -2050103.9020 -4400885.2099 4400885.2099 -1361638.6226  344128.0612     279.5870      61.2400
400001518 300000380                                         -4074905.2917 4074905.2917 -2716603.5278 -4591494.5659 3912146.8074 -2050103.9020 -3912146.8074 4591494.5659 -2050103.9020  343384.2298     275.4330      68.8405
400001519 300000380                                         -5024649.2825 3678298.5650 -1346350.7175 -4400885.2099 4400885.2099 -1361638.6226 -4591494.5659 3912146.8074 -2050103.9020  344128.0612     273.1178      60.5926
400001520 300000380                                         -3912146.8074 4591494.5659 -2050103.9020 -4591494.5659 3912146.8074 -2050103.9020 -4400885.2099 4400885.2099 -1361638.6226  347308.3434     279.5654      65.1795
400001521 300000381                                         -2600949.8585 2600949.8585 -5201899.7171 -3374031.3064 2687534.5848 -4688572.4479 -2687534.5848 3374031.3064 -4688572.4479  387995.8446     213.5360      51.7401
400001522 300000381                                         -4074905.2917 2716603.5278 -4074905.2917 -3435012.9904 3435012.9904 -4122015.5885 -3374031.3064 2687534.5848 -4688572.4479  388281.7658     229.7429      60.7788
400001523 300000381                                         -2716603.5278 4074905.2917 -4074905.2917 -2687534.5848 3374031.3064 -4688572.4479 -3435012.9904 3435012.9904 -4122015.5885  388281.7658     227.5216      61.5979
400001524 300000381                                         -3374031.3064 2687534.5848 -4688572.4479 -3435012.9904 3435012.9904 -4122015.5885 -2687534.5848 3374031.3064 -4688572.4479  392517.4362     223.5273      59.2559
400001525 300000382                                         -5201899.7171 2600949.8585 -2600949.8585 -4688572.4479 3374031.3064 -2687534.5848 -4688572.4479 2687534.5848 -3374031.3064  387995.8446     258.7749      66.0876
400001526 300000382                                         -4074905.2917 4074905.2917 -2716603.5278 -4122015.5885 3435012.9904 -3435012.9904 -4688572.4479 3374031.3064 -2687534.5848  388281.7658     261.8218      75.7916
400001527 300000382                                         -4074905.2917 2716603.5278 -4074905.2917 -4688572.4479 2687534.5848 -3374031.3064 -4122015.5885 3435012.9904 -3435012.9904  388281.7658     243.2917      65.5614
400001528 300000382                                         -4688572.4479 3374031.3064 -2687534.5848 -4122015.5885 3435012.9904 -3435012.9904 -4688572.4479 2687534.5848 -3374031.3064  392517.4362     255.9528      65.3594
400001529 300000383                                         -2600949.8585 5201899.7171 -2600949.8585 -2687534.5848 4688572.4479 -3374031.3064 -3374031.3064 4688572.4479 -2687534.5848  387995.8446     261.6852      63.6299
400001530 300000383                                         -2716603.5278 4074905.2917 -4074905.2917 -3435012.9904 4122015.5885 -3435012.9904 -2687534.5848 4688572.4479 -3374031.3064  388281.7658     243.2152      63.1096
400001531 300000383                                         -4074905.2917 4074905.2917 -2716603.5278 -3374031.3064 4688572.4479 -2687534.5848 -3435012.9904 4122015.5885 -3435012.9904  388281.7658     259.0598      65.5761
400001532 300000383                                         -2687534.5848 4688572.4479 -3374031.3064 -3435012.9904 4122015.5885 -3435012.9904 -3374031.3064 4688572.4479 -2687534.5848  392517.4362     254.2325      65.3226
400001533 300000384                                         -4074905.2917 2716603.5278 -4074905.2917 -4122015.5885 3435012.9904 -3435012.9904 -3435012.9904 3435012.9904 -4122015.5885  405996.4825     237.6625      65.5528
400001534 300000384                                         -4074905.2917 4074905.2917 -2716603.5278 -3435012.9904 4122015.5885 -3435012.9904 -4122015.5885 3435012.9904 -3435012.9904  405996.4825     254.4305      68.3939
400001535 300000384                                         -2716603.5278 4074905.2917 -4074905.2917 -3435012.9904 3435012.9904 -4122015.5885 -3435012.9904 4122015.5885 -3435012.9904  405996.4825     237.8805      63.3160
400001536 300000384                                         -4122015.5885 3435012.9904 -3435012.9904 -3435012.9904 4122015.5885 -3435012.9904 -3435012.9904 3435012.9904 -4122015.5885  410731.3740     242.5222      63.9834
400001537 300000385                                         -6371000.0000       0.0000       0.0000 -6340321.8936       0.0000 -624467.2010 -6340321.8936 -624467.2010       0.0000  195921.5441     269.7960      55.2699
400001538 300000385                                         -6248583.0214       0.0000 -1242920.4416 -6308900.9250 -627459.2093 -627459.2093 -6340321.8936       0.0000 -624467.2010  196860.2699     252.7456      72.8138
400001539 300000385                                         -6248583.0214 -1242920.4416       0.0000 -6340321.8936 -624467.2010       0.0000 -6308900.9250 -627459.2093 -627459.2093  196860.2699     272.9753      56.5498
400001540 300000385                                         -6340321.8936       0.0000 -624467.2010 -6308900.9250 -627459.2093 -627459.2093 -6340321.8936 -624467.2010       0.0000  197817.4310     267.9308      59.1411
400001541 300000386                                         -5886036.5016       0.0000 -2438076.1476 -6056845.8882 -639129.1082 -1869698.6039 -6096666.8789       0.0000 -1849403.6788  200521.8161     251.0531      76.1749
400001542 300000386                                         -6114140.2800 -1266279.9131 -1266279.9131 -6212473.2151 -636326.6289 -1260914.7366 -6056845.8882 -639129.1082 -1869698.6039  200560.6406     253.8208      71.8606
400001543 300000386                                         -6248583.0214       0.0000 -1242920.4416 -6096666.8789       0.0000 -1849403.6788 -6212473.2151 -636326.6289 -1260914.7366  199642.5528     249.1534      75.3451
400001544 300000386                                         -6056845.8882 -639129.1082 -1869698.6039 -6212473.2151 -636326.6289 -1260914.7366 -6096666.8789       0.0000 -1849403.6788  201535.9727     251.3505      75.3758
400001545 300000387                                         -5886036.5016 -2438076.1476       0.0000 -6096666.8789 -1849403.6788       0.0000 -6056845.8882 -1869698.6039 -639129.1082  200521.8161     280.4662      54.1043
400001546 300000387                                         -6248583.0214 -1242920.4416       0.0000 -6212473.2151 -1260914.7366 -636326.6289 -6096666.8789 -1849403.6788       0.0000  199642.5528     276.0132      55.8703
400001547 300000387                                         -6114140.2800 -1266279.9131 -1266279.9131 -6056845.8882 -1869698.6039 -639129.1082 -6212473.2151 -1260914.7366 -636326.6289  200560.6406     262.6055      69.1354
400001548 300000387                                         -6096666.8789 -1849403.6788       0.0000 -6212473.2151 -1260914.7366 -636326.6289 -6056845.8882 -1869698.6039 -639129.1082  201535.9727     274.4593      59.1917
400001549 300000388                                         -6248583.0214       0.0000 -1242920.4416 -6212473.2151 -636326.6289 -1260914.7366 -6308900.9250 -627459.2093 -627459.2093  204548.8197     251.3571      74.1113
400001550 300000388                                         -6114140.2800 -1266279.9131 -1266279.9131 -6212473.2151 -1260914.7366 -636326.6289 -6212473.2151 -636326.6289 -1260914.7366  203612.8458     256.6582      72.9990
400001551 300000388                                         -6248583.0214 -1242920.4416       0.0000 -6308900.9250 -627459.2093 -627459.2093 -6212473.2151 -1260914.7366 -636326.6289  204548.8197     270.4513      61.4930
400001552 300000388                                         -6212473.2151 -636326.6289 -1260914.7366 -6212473.2151 -1260914.7366 -636326.6289 -6308900.9250 -627459.2093 -627459.2093  205583.5447     257.6880      71.3201
400001553 300000389                                         -4504977.3029       0.0000 -4504977.3029 -4805928.6788 -678984.1624 -4126944.5164 -4924849.5984       0.0000 -4041719.6134  213029.7505     232.4740      57.6524
400001554 300000389                                         -5024649.2825 -1346350.7175 -3678298.5650 -5191537.9595 -677162.3725 -3630292.7893 -4805928.6788 -678984.1624 -4126944.5164  213259.5913     238.2885      61.5362
400001555 300000389                                         -5297292.9000       0.0000 -3539537.9546 -4924849.5984       0.0000 -4041719.6134 -5191537.9595 -677162.3725 -3630292.7893  212458.1628     238.4506      60.9626
400001556 300000389                                         -4805928.6788 -678984.1624 -4126944.5164 -5191537.9595 -677162.3725 -3630292.7893 -4924849.5984       0.0000 -4041719.6134  214297.3599     236.2293      59.5107
400001557 300000390                                         -5201899.7171 -2600949.8585 -2600949.8585 -5468063.2517 -1976963.3461 -2604139.2443 -5157396.7439 -1990680.8386 -3166715.9053  213953.8407     233.5178      80.5686
400001558 300000390                                         -5672228.9398 -1330561.6814 -2577802.4491 -5375502.5311 -1345228.8674 -3143878.6287 -5468063.2517 -1976963.3461 -2604139.2443  213196.7862     235.8947      81.0511
400001559 300000390                                         -5024649.2825 -1346350.7175 -3678298.5650 -5157396.7439 -1990680.8386 -3166715.9053 -5375502.5311 -1345228.8674 -3143878.6287  213817.3983     238.3184      70.1400
400001560 300000390                                         -5468063.2517 -1976963.3461 -2604139.2443 -5375502.5311 -1345228.8674 -3143878.6287 -5157396.7439 -1990680.8386 -3166715.9053  215042.4187     234.7206      78.1067
400001561 300000391                                         -5886036.5016       0.0000 -2438076.1476 -5618720.3752       0.0000 -3003268.6103 -5812081.9155 -669073.8784 -2522238.0841  209920.2574     242.0538      79.0203
400001562 300000391                                         -5297292.9000       0.0000 -3539537.9546 -5533298.6915 -671168.2896 -3085738.1156 -5618720.3752       0.0000 -3003268.6103  210577.3796     241.5948      68.4874
400001563 300000391                                         -5672228.9398 -1330561.6814 -2577802.4491 -5812081.9155 -669073.8784 -2522238.0841 -5533298.6915 -671168.2896 -3085738.1156  210758.2000     240.2194      77.4826
400001564 300000391                                         -5618720.3752       0.0000 -3003268.6103 -5533298.6915 -671168.2896 -3085738.1156 -5812081.9155 -669073.8784 -2522238.0841  211783.6604     240.4634      76.3025
400001565 300000392                                         -5024649.2825 -1346350.7175 -3678298.5650 -5375502.5311 -1345228.8674 -3143878.6287 -5191537.9595 -677162.3725 -3630292.7893  217445.2803     240.5099      65.7345
400001566 300000392                                         -5672228.9398 -1330561.6814 -2577802.4491 -5533298.6915 -671168.2896 -3085738.1156 -5375502.5311 -1345228.8674 -3143878.6287  218077.9738     238.7900      76.7712
400001567 300000392                                         -5297292.9000       0.0000 -3539537.9546 -5191537.9595 -677162.3725 -3630292.7893 -5533298.6915 -671168.2896 -3085738.1156  218265.1507     240.5828      65.2825
400001568 300000392                                         -5375502.5311 -1345228.8674 -3143878.6287 -5533298.6915 -671168.2896 -3085738.1156 -5191537.9595 -677162.3725 -3630292.7893  219375.9096     240.5158      69.0314
400001569 300000393                                         -4504977.3029 -4504977.3029       0.0000 -4924849.5984 -4041719.6134       0.0000 -4805928.6788 -4126944.5164 -678984.1624  213029.7505     284.8896      50.8843
400001570 300000393                                         -5297292.9000 -3539537.9546       0.0000 -5191537.9595 -3630292.7893 -677162.3725 -4924849.5984 -4041719.6134       0.0000  212458.1628     284.5893      52.0438
400001571 300000393                                         -5024649.2825 -3678298.5650 -1346350.7175 -4805928.6788 -4126944.5164 -678984.1624 -5191537.9595 -3630292.7893 -677162.3725  213259.5913     282.1539      54.2317
400001572 300000393                                         -4924849.5984 -4041719.6134       0.0000 -5191537.9595 -3630292.7893 -677162.3725 -4805928.6788 -4126944.5164 -678984.1624  214297.3599     284.5046      54.2329
400001573 300000394                                         -5886036.5016 -2438076.1476       0.0000 -5812081.9155 -2522238.0841 -669073.8784 -5618720.3752 -3003268.6103       0.0000  209920.2574     283.1590      54.3152
400001574 300000394                                         -5672228.9398 -2577802.4491 -1330561.6814 -5533298.6915 -3085738.1156 -671168.2896 -5812081.9155 -2522238.0841 -669073.8784  210758.2000     277.0564      59.1781
400001575 300000394                                         -5297292.9000 -3539537.9546       0.0000 -5618720.3752 -3003268.6103       0.0000 -5533298.6915 -3085738.1156 -671168.2896  210577.3796     283.9853      53.0985
400001576 300000394                                         -5812081.9155 -2522238.0841 -669073.8784 -5533298.6915 -3085738.1156 -671168.2896 -5618720.3752 -3003268.6103       0.0000  211783.6604     283.8748      55.1080
400001577 300000395                                         -5201899.7171 -2600949.8585 -2600949.8585 -5157396.7439 -3166715.9053 -1990680.8386 -5468063.2517 -2604139.2443 -1976963.3461  213953.8407     254.4526      67.3854
400001578 300000395                                         -5024649.2825 -3678298.5650 -1346350.7175 -5375502.5311 -3143878.6287 -1345228.8674 -5157396.7439 -3166715.9053 -1990680.8386  213817.3983     272.0004      59.9167
400001579 300000395                                         -5672228.9398 -2577802.4491 -1330561.6814 -5468063.2517 -2604139.2443 -1976963.3461 -5375502.5311 -3143878.6287 -1345228.8674  213196.7862     269.8689      60.8676
400001580 300000395                                         -5157396.7439 -3166715.9053 -1990680.8386 -5375502.5311 -3143878.6287 -1345228.8674 -5468063.2517 -2604139.2443 -1976963.3461  215042.4187     266.8888      61.9490
400001581 300000396                                         -5297292.9000 -3539537.9546       0.0000 -5533298.6915 -3085738.1156 -671168.2896 -5191537.9595 -3630292.7893 -677162.3725  218265.1507     284.1978      53.0334
400001582 300000396                                         -5672228.9398 -2577802.4491 -1330561.6814 -5375502.5311 -3143878.6287 -1345228.8674 -5533298.6915 -3085738.1156 -671168.2896  218077.9738     275.8015      58.8118
400001583 300000396                                         -5024649.2825 -3678298.5650 -1346350.7175 -5191537.9595 -3630292.7893 -677162.3725 -5375502.5311 -3143878.6287 -1345228.8674  217445.2803     278.1582      57.2043
400001584 300000396                                         -5533298.6915 -3085738.1156 -671168.2896 -5375502.5311 -3143878.6287 -1345228.8674 -5191537.9595 -3630292.7893 -677162.3725  219375.9096     280.4726      55.9626
400001585 300000397                                         -5886036.5016       0.0000 -2438076.1476 -5812081.9155 -669073.8784 -2522238.0841 -6056845.8882 -639129.1082 -1869698.6039  232651.5371     247.0024      78.0013
400001586 300000397                                         -5672228.9398 -1330561.6814 -2577802.4491 -5928333.1219 -1306164.9224 -1933504.7432 -5812081.9155 -669073.8784 -2522238.0841  231845.9895     242.8943      83.1313
400001587 300000397                                         -6114140.2800 -1266279.9131 -1266279.9131 -6056845.8882 -639129.1082 -1869698.6039 -5928333.1219 -1306164.9224 -1933504.7432  232712.3450     252.8128      75.9464
400001588 300000397                                         -5812081.9155 -669073.8784 -2522238.0841 -5928333.1219 -1306164.9224 -1933504.7432 -6056845.8882 -639129.1082 -1869698.6039  234046.8072     249.0171      79.4193
400001589 300000398                                         -5201899.7171 -2600949.8585 -2600949.8585 -5468063.2517 -2604139.2443 -1976963.3461 -5468063.2517 -1976963.3461 -2604139.2443  228300.1373     242.9613      77.5011
400001590 300000398                                         -5672228.9398 -2577802.4491 -1330561.6814 -5727370.1528 -1973179.1775 -1973179.1775 -5468063.2517 -2604139.2443 -1976963.3461  229212.6770     260.9664      68.5405
400001591 300000398                                         -5672228.9398 -1330561.6814 -2577802.4491 -5468063.2517 -1976963.3461 -2604139.2443 -5727370.1528 -1973179.1775 -1973179.1775  229212.6770     239.9751      81.9210
400001592 300000398                                         -5468063.2517 -2604139.2443 -1976963.3461 -5727370.1528 -1973179.1775 -1973179.1775 -5468063.2517 -1976963.3461 -2604139.2443  230526.8451     247.0922      78.4941
400001593 300000399                                         -5886036.5016 -2438076.1476       0.0000 -6056845.8882 -1869698.6039 -639129.1082 -5812081.9155 -2522238.0841 -669073.8784  232651.5371     280.6453      56.4878
400001594 300000399                                         -6114140.2800 -1266279.9131 -1266279.9131 -5928333.1219 -1933504.7432 -1306164.9224 -6056845.8882 -1869698.6039 -639129.1082  232712.3450     262.4866      69.6215
400001595 300000399                                         -5672228.9398 -2577802.4491 -1330561.6814 -5812081.9155 -2522238.0841 -669073.8784 -5928333.1219 -1933504.7432 -1306164.9224  231845.9895     270.5559      64.1958
400001596 300000399                                         -6056845.8882 -1869698.6039 -639129.1082 -5928333.1219 -1933504.7432 -1306164.9224 -5812081.9155 -2522238.0841 -669073.8784  234046.8072     270.6308      64.0096
400001597 300000400                                         -5672228.9398 -1330561.6814 -2577802.4491 -5727370.1528 -1973179.1775 -1973179.1775 -5928333.1219 -1306164.9224 -1933504.7432  238189.0310     245.1503      82.4469
400001598 300000400                                         -5672228.9398 -2577802.4491 -1330561.6814 -5928333.1219 -1933504.7432 -1306164.9224 -5727370.1528 -1973179.1775 -1973179.1775  238189.0310     263.8330      68.2875
400001599 300000400                                         -6114140.2800 -1266279.9131 -1266279.9131 -5928333.1219 -1306164.9224 -1933504.7432 -5928333.1219 -1933504.7432 -1306164.9224  237302.7613     258.6903      71.0486
400001600 300000400                                         -5727370.1528 -1973179.1775 -1973179.1775 -5928333.1219 -1933504.7432 -1306164.9224 -5928333.1219 -1306164.9224 -1933504.7432  239617.8861     255.6621      75.1547
400001601 300000401                                               0.0000       0.0000 -6371000.0000       0.0000 -624467.2010 -6340321.8936 -624467.2010       0.0000 -6340321.8936  195921.5441     136.2048       0.0492
400001602 300000401                                               0.0000 -1242920.4416 -6248583.0214 -627459.2093 -627459.2093 -6308900.9250       0.0000 -624467.2010 -6340321.8936  196860.2699     151.1124       0.0545
400001603 300000401                                         -1242920.4416       0.0000 -6248583.0214 -624467.2010       0.0000 -6340321.8936 -627459.2093 -627459.2093 -6308900.9250  196860.2699     158.7869       0.0545
400001604 300000401                                               0.0000 -624467.2010 -6340321.8936 -627459.2093 -627459.2093 -6308900.9250 -624467.2010       0.0000 -6340321.8936  197817.4310     155.8785       0.0503
400001605 300000402                                               0.0000 -2438076.1476 -5886036.5016 -639129.1082 -1869698.6039 -6056845.8882       0.0000 -1849403.6788 -6096666.8789  200521.8161     180.5437       2.2229
400001606 300000402                                         -1266279.9131 -1266279.9131 -6114140.2800 -636326.6289 -1260914.7366 -6212473.2151 -639129.1082 -1869698.6039 -6056845.8882  200560.6406     167.6251       0.4283
400001607 300000402                                               0.0000 -1242920.4416 -6248583.0214       0.0000 -1849403.6788 -6096666.8789 -636326.6289 -1260914.7366 -6212473.2151  199642.5528     156.5405       0.1819
400001608 300000402                                         -639129.1082 -1869698.6039 -6056845.8882 -636326.6289 -1260914.7366 -6212473.2151       0.0000 -1849403.6788 -6096666.8789  201535.9727     167.7036       0.4760
400001609 300000403                                         -2438076.1476       0.0000 -5886036.5016 -1849403.6788       0.0000 -6096666.8789 -1869698.6039 -639129.1082 -6056845.8882  200521.8161     178.3211       2.4782
400001610 300000403                                         -1242920.4416       0.0000 -6248583.0214 -1260914.7366 -636326.6289 -6212473.2151 -1849403.6788       0.0000 -6096666.8789  199642.5528     173.2206       0.1824
400001611 300000403                                         -1266279.9131 -1266279.9131 -6114140.2800 -1869698.6039 -639129.1082 -6056845.8882 -1260914.7366 -636326.6289 -6212473.2151  200560.6406     174.7566       0.4301
400001612 300000403                                         -1849403.6788       0.0000 -6096666.8789 -1260914.7366 -636326.6289 -6212473.2151 -1869698.6039 -639129.1082 -6056845.8882  201535.9727     175.3182       0.4793
400001613 300000404                                               0.0000 -1242920.4416 -6248583.0214 -636326.6289 -1260914.7366 -6212473.2151 -627459.2093 -627459.2093 -6308900.9250  204548.8197     153.3815       0.0687
400001614 300000404                                         -1266279.9131 -1266279.9131 -6114140.2800 -1260914.7366 -636326.6289 -6212473.2151 -636326.6289 -1260914.7366 -6212473.2151  203612.8458     159.4443       0.1884
400001615 300000404                                         -1242920.4416       0.0000 -6248583.0214 -627459.2093 -627459.2093 -6308900.9250 -1260914.7366 -636326.6289 -6212473.2151  204548.8197     161.1297       0.0687
400001616 300000404                                         -636326.6289 -1260914.7366 -6212473.2151 -1260914.7366 -636326.6289 -6212473.2151 -627459.2093 -627459.2093 -6308900.9250  205583.5447     157.5478       0.0762
400001617 300000405                                               0.0000 -4504977.3029 -4504977.3029 -678984.1624 -4126944.5164 -4805928.6788       0.0000 -4041719.6134 -4924849.5984  213029.7505     215.6104      51.1891
400001618 300000405                                         -1346350.7175 -3678298.5650 -5024649.2825 -677162.3725 -3630292.7893 -5191537.9595 -678984.1624 -4126944.5164 -4805928.6788  213259.5913     211.0915      45.4321
400001619 300000405                                               0.0000 -3539537.9546 -5297292.9000       0.0000 -4041719.6134 -4924849.5984 -677162.3725 -3630292.7893 -5191537.9595  212458.1628     208.3769      40.3880
400001620 300000405                                         -678984.1624 -4126944.5164 -4805928.6788 -677162.3725 -3630292.7893 -5191537.9595       0.0000 -4041719.6134 -4924849.5984  214297.3599     211.2105      45.7064
400001621 300000406                                         -2600949.8585 -2600949.8585 -5201899.7171 -1976963.3461 -2604139.2443 -5468063.2517 -1990680.8386 -3166715.9053 -5157396.7439  213953.8407     207.5338      36.8266
400001622 300000406                                         -1330561.6814 -2577802.4491 -5672228.9398 -1345228.8674 -3143878.6287 -5375502.5311 -1976963.3461 -2604139.2443 -5468063.2517  213196.7862     200.3426      26.6115
400001623 300000406                                         -1346350.7175 -3678298.5650 -5024649.2825 -1990680.8386 -3166715.9053 -5157396.7439 -1345228.8674 -3143878.6287 -5375502.5311  213817.3983     208.2590      40.0804
400001624 300000406                                         -1976963.3461 -2604139.2443 -5468063.2517 -1345228.8674 -3143878.6287 -5375502.5311 -1990680.8386 -3166715.9053 -5157396.7439  215042.4187     205.3735      34.5394
400001625 300000407                                               0.0000 -2438076.1476 -5886036.5016       0.0000 -3003268.6103 -5618720.3752 -669073.8784 -2522238.0841 -5812081.9155  209920.2574     194.6335      12.4391
400001626 300000407                                               0.0000 -3539537.9546 -5297292.9000 -671168.2896 -3085738.1156 -5533298.6915       0.0000 -3003268.6103 -5618720.3752  210577.3796     201.8003      26.4838
400001627 300000407                                         -1330561.6814 -2577802.4491 -5672228.9398 -669073.8784 -2522238.0841 -5812081.9155 -671168.2896 -3085738.1156 -5533298.6915  210758.2000     196.6200      17.7618
400001628 300000407                                               0.0000 -3003268.6103 -5618720.3752 -671168.2896 -3085738.1156 -5533298.6915 -669073.8784 -2522238.0841 -5812081.9155  211783.6604     197.7030      18.4439
400001629 300000408                                         -1346350.7175 -3678298.5650 -5024649.2825 -1345228.8674 -3143878.6287 -5375502.5311 -677162.3725 -3630292.7893 -5191537.9595  217445.2803     207.3749      39.5496
400001630 300000408                                         -1330561.6814 -2577802.4491 -5672228.9398 -671168.2896 -3085738.1156 -5533298.6915 -1345228.8674 -3143878.6287 -5375502.5311  218077.9738     200.2231      25.0569
400001631 300000408                                               0.0000 -3539537.9546 -5297292.9000 -677162.3725 -3630292.7893 -5191537.9595 -671168.2896 -3085738.1156 -5533298.6915  218265.1507     204.5011      32.9492
400001632 300000408                                         -1345228.8674 -3143878.6287 -5375502.5311 -671168.2896 -3085738.1156 -5533298.6915 -677162.3725 -3630292.7893 -5191537.9595  219375.9096     203.7735      32.4697
400001633 300000409                                         -4504977.3029       0.0000 -4504977.3029 -4041719.6134       0.0000 -4924849.5984 -4126944.5164 -678984.1624 -4805928.6788  213029.7505     223.3898      51.8006
400001634 300000409                                         -3539537.9546       0.0000 -5297292.9000 -3630292.7893 -677162.3725 -5191537.9595 -4041719.6134       0.0000 -4924849.5984  212458.1628     214.5972      42.0218
400001635 300000409                                         -3678298.5650 -1346350.7175 -5024649.2825 -4126944.5164 -678984.1624 -4805928.6788 -3630292.7893 -677162.3725 -5191537.9595  213259.5913     218.1591      44.5824
400001636 300000409                                         -4041719.6134       0.0000 -4924849.5984 -3630292.7893 -677162.3725 -5191537.9595 -4126944.5164 -678984.1624 -4805928.6788  214297.3599     219.0648      46.6000
400001637 300000410                                         -2438076.1476       0.0000 -5886036.5016 -2522238.0841 -669073.8784 -5812081.9155 -3003268.6103       0.0000 -5618720.3752  209920.2574     189.7569      13.1816
400001638 300000410                                         -2577802.4491 -1330561.6814 -5672228.9398 -3085738.1156 -671168.2896 -5533298.6915 -2522238.0841 -669073.8784 -5812081.9155  210758.2000     194.8273      18.2812
400001639 300000410                                         -3539537.9546       0.0000 -5297292.9000 -3003268.6103       0.0000 -5618720.3752 -3085738.1156 -671168.2896 -5533298.6915  210577.3796     201.2302      28.1756
400001640 300000410                                         -2522238.0841 -669073.8784 -5812081.9155 -3085738.1156 -671168.2896 -5533298.6915 -3003268.6103       0.0000 -5618720.3752  211783.6604     194.4870      19.4501
400001641 300000411                                         -2600949.8585 -2600949.8585 -5201899.7171 -3166715.9053 -1990680.8386 -5157396.7439 -2604139.2443 -1976963.3461 -5468063.2517  213953.8407     207.8926      36.4226
400001642 300000411                                         -3678298.5650 -1346350.7175 -5024649.2825 -3143878.6287 -1345228.8674 -5375502.5311 -3166715.9053 -1990680.8386 -5157396.7439  213817.3983     212.7228      38.9742
400001643 300000411                                         -2577802.4491 -1330561.6814 -5672228.9398 -2604139.2443 -1976963.3461 -5468063.2517 -3143878.6287 -1345228.8674 -5375502.5311  213196.7862     200.8391      26.5968
400001644 300000411                                         -3166715.9053 -1990680.8386 -5157396.7439 -3143878.6287 -1345228.8674 -5375502.5311 -2604139.2443 -1976963.3461 -5468063.2517  215042.4187     207.1315      33.5072
400001645 300000412                                         -3539537.9546       0.0000 -5297292.9000 -3085738.1156 -671168.2896 -5533298.6915 -3630292.7893 -677162.3725 -5191537.9595  218265.1507     207.9777      34.0090
400001646 300000412                                         -2577802.4491 -1330561.6814 -5672228.9398 -3143878.6287 -1345228.8674 -5375502.5311 -3085738.1156 -671168.2896 -5533298.6915  218077.9738     200.6200      25.7015
400001647 300000412                                         -3678298.5650 -1346350.7175 -5024649.2825 -3630292.7893 -677162.3725 -5191537.9595 -3143878.6287 -1345228.8674 -5375502.5311  217445.2803     213.2536      38.2667
400001648 300000412                                         -3085738.1156 -671168.2896 -5533298.6915 -3143878.6287 -1345228.8674 -5375502.5311 -3630292.7893 -677162.3725 -5191537.9595  219375.9096     207.9659      32.6633
400001649 300000413                                               0.0000 -2438076.1476 -5886036.5016 -669073.8784 -2522238.0841 -5812081.9155 -639129.1082 -1869698.6039 -6056845.8882  232651.5371     189.1519       5.4044
400001650 300000413                                         -1330561.6814 -2577802.4491 -5672228.9398 -1306164.9224 -1933504.7432 -5928333.1219 -669073.8784 -2522238.0841 -5812081.9155  231845.9895     192.0604      10.7836
400001651 300000413                                         -1266279.9131 -1266279.9131 -6114140.2800 -639129.1082 -1869698.6039 -6056845.8882 -1306164.9224 -1933504.7432 -5928333.1219  232712.3450     180.3038       1.7413
400001652 300000413                                         -669073.8784 -2522238.0841 -5812081.9155 -1306164.9224 -1933504.7432 -5928333.1219 -639129.1082 -1869698.6039 -6056845.8882  234046.8072     187.4800       4.8847
400001653 300000414                                         -2600949.8585 -2600949.8585 -5201899.7171 -2604139.2443 -1976963.3461 -5468063.2517 -1976963.3461 -2604139.2443 -5468063.2517  228300.1373     204.4712      32.2245
400001654 300000414                                         -2577802.4491 -1330561.6814 -5672228.9398 -1973179.1775 -1973179.1775 -5727370.1528 -2604139.2443 -1976963.3461 -5468063.2517  229212.6770     196.4695      20.8217
400001655 300000414                                         -1330561.6814 -2577802.4491 -5672228.9398 -1976963.3461 -2604139.2443 -5468063.2517 -1973179.1775 -1973179.1775 -5727370.1528  229212.6770     196.6252      20.8108
400001656 300000414                                         -2604139.2443 -1976963.3461 -5468063.2517 -1973179.1775 -1973179.1775 -5727370.1528 -1976963.3461 -2604139.2443 -5468063.2517  230526.8451     198.4492      24.3590
400001657 300000415                                         -2438076.1476       0.0000 -5886036.5016 -1869698.6039 -639129.1082 -6056845.8882 -2522238.0841 -669073.8784 -5812081.9155  232651.5371     182.6028       6.1492
400001658 300000415                                         -1266279.9131 -1266279.9131 -6114140.2800 -1933504.7432 -1306164.9224 -5928333.1219 -1869698.6039 -639129.1082 -6056845.8882  232712.3450     179.8436       1.7605
400001659 300000415                                         -2577802.4491 -1330561.6814 -5672228.9398 -2522238.0841 -669073.8784 -5812081.9155 -1933504.7432 -1306164.9224 -5928333.1219  231845.9895     189.0097      11.3650
400001660 300000415                                         -1869698.6039 -639129.1082 -6056845.8882 -1933504.7432 -1306164.9224 -5928333.1219 -2522238.0841 -669073.8784 -5812081.9155  234046.8072     182.5968       5.3334
400001661 300000416                                         -1330561.6814 -2577802.4491 -5672228.9398 -1973179.1775 -1973179.1775 -5727370.1528 -1306164.9224 -1933504.7432 -5928333.1219  238189.0310     191.9546      12.4714
400001662 300000416                                         -2577802.4491 -1330561.6814 -5672228.9398 -1933504.7432 -1306164.9224 -5928333.1219 -1973179.1775 -1973179.1775 -5727370.1528  238189.0310     190.9524      12.6297
400001663 300000416                                         -1266279.9131 -1266279.9131 -6114140.2800 -1306164.9224 -1933504.7432 -5928333.1219 -1933504.7432 -1306164.9224 -5928333.1219  237302.7613     182.5011       2.8920
400001664 300000416                                         -1973179.1775 -1973179.1775 -5727370.1528 -1933504.7432 -1306164.9224 -5928333.1219 -1306164.9224 -1933504.7432 -5928333.1219  239617.8861     188.0488       8.0335
400001665 300000417                                               0.0000 -6371000.0000       0.0000 -624467.2010 -6340321.8936       0.0000       0.0000 -6340321.8936 -624467.2010  195921.5441     277.8495      59.0766
400001666 300000417                                         -1242920.4416 -6248583.0214       0.0000 -627459.2093 -6308900.9250 -627459.2093 -624467.2010 -6340321.8936       0.0000  196860.2699     281.1826      58.4471
400001667 300000417                                               0.0000 -6248583.0214 -1242920.4416       0.0000 -6340321.8936 -624467.2010 -627459.2093 -6308900.9250 -627459.2093  196860.2699     284.7921      66.2422
400001668 300000417                                         -624467.2010 -6340321.8936       0.0000 -627459.2093 -6308900.9250 -627459.2093       0.0000 -6340321.8936 -624467.2010  197817.4310     282.7965      59.6193
400001669 300000418                                         -2438076.1476 -5886036.5016       0.0000 -1869698.6039 -6056845.8882 -639129.1082 -1849403.6788 -6096666.8789       0.0000  200521.8161     286.0985      53.5960
400001670 300000418                                         -1266279.9131 -6114140.2800 -1266279.9131 -1260914.7366 -6212473.2151 -636326.6289 -1869698.6039 -6056845.8882 -639129.1082  200560.6406     292.7231      56.8863
400001671 300000418                                         -1242920.4416 -6248583.0214       0.0000 -1849403.6788 -6096666.8789       0.0000 -1260914.7366 -6212473.2151 -636326.6289  199642.5528     283.9655      56.9228
400001672 300000418                                         -1869698.6039 -6056845.8882 -639129.1082 -1260914.7366 -6212473.2151 -636326.6289 -1849403.6788 -6096666.8789       0.0000  201535.9727     288.6001      54.4199
400001673 300000419                                               0.0000 -5886036.5016 -2438076.1476       0.0000 -6096666.8789 -1849403.6788 -639129.1082 -6056845.8882 -1869698.6039  200521.8161     280.7408      69.4203
400001674 300000419                                               0.0000 -6248583.0214 -1242920.4416 -636326.6289 -6212473.2151 -1260914.7366       0.0000 -6096666.8789 -1849403.6788  199642.5528     285.3482      71.0085
400001675 300000419                                         -1266279.9131 -6114140.2800 -1266279.9131 -639129.1082 -6056845.8882 -1869698.6039 -636326.6289 -6212473.2151 -1260914.7366  200560.6406     288.5807      65.8941
400001676 300000419                                               0.0000 -6096666.8789 -1849403.6788 -636326.6289 -6212473.2151 -1260914.7366 -639129.1082 -6056845.8882 -1869698.6039  201535.9727     285.1566      71.1334
400001677 300000420                                         -1242920.4416 -6248583.0214       0.0000 -1260914.7366 -6212473.2151 -636326.6289 -627459.2093 -6308900.9250 -627459.2093  204548.8197     285.3833      58.9972
400001678 300000420                                         -1266279.9131 -6114140.2800 -1266279.9131 -636326.6289 -6212473.2151 -1260914.7366 -1260914.7366 -6212473.2151 -636326.6289  203612.8458     291.0231      60.6739
400001679 300000420                                               0.0000 -6248583.0214 -1242920.4416 -627459.2093 -6308900.9250 -627459.2093 -636326.6289 -6212473.2151 -1260914.7366  204548.8197     287.2431      66.1877
400001680 300000420                                         -1260914.7366 -6212473.2151 -636326.6289 -636326.6289 -6212473.2151 -1260914.7366 -627459.2093 -6308900.9250 -627459.2093  205583.5447     289.0525      60.4381
400001681 300000421                                         -4504977.3029 -4504977.3029       0.0000 -4126944.5164 -4805928.6788 -678984.1624 -4041719.6134 -4924849.5984       0.0000  213029.7505     286.6141      49.1095
400001682 300000421                                         -3678298.5650 -5024649.2825 -1346350.7175 -3630292.7893 -5191537.9595 -677162.3725 -4126944.5164 -4805928.6788 -678984.1624  213259.5913     290.6225      54.4485
400001683 300000421                                         -3539537.9546 -5297292.9000       0.0000 -4041719.6134 -4924849.5984       0.0000 -3630292.7893 -5191537.9595 -677162.3725  212458.1628     287.6555      51.2498
400001684 300000421                                         -4126944.5164 -4805928.6788 -678984.1624 -3630292.7893 -5191537.9595 -677162.3725 -4041719.6134 -4924849.5984       0.0000  214297.3599     288.8486      53.1877
400001685 300000422                                         -2600949.8585 -5201899.7171 -2600949.8585 -2604139.2443 -5468063.2517 -1976963.3461 -3166715.9053 -5157396.7439 -1990680.8386  213953.8407     275.3638      60.9798
400001686 300000422                                         -2577802.4491 -5672228.9398 -1330561.6814 -3143878.6287 -5375502.5311 -1345228.8674 -2604139.2443 -5468063.2517 -1976963.3461  213196.7862     290.8825      56.4196
400001687 300000422                                         -3678298.5650 -5024649.2825 -1346350.7175 -3166715.9053 -5157396.7439 -1990680.8386 -3143878.6287 -5375502.5311 -1345228.8674  213817.3983     288.6154      53.9902
400001688 300000422                                         -2604139.2443 -5468063.2517 -1976963.3461 -3143878.6287 -5375502.5311 -1345228.8674 -3166715.9053 -5157396.7439 -1990680.8386  215042.4187     286.5784      56.8651
400001689 300000423                                         -2438076.1476 -5886036.5016       0.0000 -3003268.6103 -5618720.3752       0.0000 -2522238.0841 -5812081.9155 -669073.8784  209920.2574     286.9027      55.0409
400001690 300000423                                         -3539537.9546 -5297292.9000       0.0000 -3085738.1156 -5533298.6915 -671168.2896 -3003268.6103 -5618720.3752       0.0000  210577.3796     288.3906      54.2257
400001691 300000423                                         -2577802.4491 -5672228.9398 -1330561.6814 -2522238.0841 -5812081.9155 -669073.8784 -3085738.1156 -5533298.6915 -671168.2896  210758.2000     294.7201      54.9361
400001692 300000423                                         -3003268.6103 -5618720.3752       0.0000 -3085738.1156 -5533298.6915 -671168.2896 -2522238.0841 -5812081.9155 -669073.8784  211783.6604     291.1754      54.2271
400001693 300000424                                         -3678298.5650 -5024649.2825 -1346350.7175 -3143878.6287 -5375502.5311 -1345228.8674 -3630292.7893 -5191537.9595 -677162.3725  217445.2803     291.8455      54.4903
400001694 300000424                                         -2577802.4491 -5672228.9398 -1330561.6814 -3085738.1156 -5533298.6915 -671168.2896 -3143878.6287 -5375502.5311 -1345228.8674  218077.9738     294.3077      54.6190
400001695 300000424                                         -3539537.9546 -5297292.9000       0.0000 -3630292.7893 -5191537.9595 -677162.3725 -3085738.1156 -5533298.6915 -671168.2896  218265.1507     290.9076      54.3523
400001696 300000424                                         -3143878.6287 -5375502.5311 -1345228.8674 -3085738.1156 -5533298.6915 -671168.2896 -3630292.7893 -5191537.9595 -677162.3725  219375.9096     293.3250      54.4665
400001697 300000425                                               0.0000 -4504977.3029 -4504977.3029       0.0000 -4924849.5984 -4041719.6134 -678984.1624 -4805928.6788 -4126944.5164  213029.7505     221.5016      63.9634
400001698 300000425                                               0.0000 -5297292.9000 -3539537.9546 -677162.3725 -5191537.9595 -3630292.7893       0.0000 -4924849.5984 -4041719.6134  212458.1628     225.9149      72.6459
400001699 300000425                                         -1346350.7175 -5024649.2825 -3678298.5650 -678984.1624 -4805928.6788 -4126944.5164 -677162.3725 -5191537.9595 -3630292.7893  213259.5913     223.4202      74.7924
400001700 300000425                                               0.0000 -4924849.5984 -4041719.6134 -677162.3725 -5191537.9595 -3630292.7893 -678984.1624 -4805928.6788 -4126944.5164  214297.3599     222.2669      72.2337
400001701 300000426                                               0.0000 -5886036.5016 -2438076.1476 -669073.8784 -5812081.9155 -2522238.0841       0.0000 -5618720.3752 -3003268.6103  209920.2574     268.2849      63.4619
400001702 300000426                                         -1330561.6814 -5672228.9398 -2577802.4491 -671168.2896 -5533298.6915 -3085738.1156 -669073.8784 -5812081.9155 -2522238.0841  210758.2000     263.6526      60.7995
400001703 300000426                                               0.0000 -5297292.9000 -3539537.9546       0.0000 -5618720.3752 -3003268.6103 -671168.2896 -5533298.6915 -3085738.1156  210577.3796     246.2505      66.6336
400001704 300000426                                         -669073.8784 -5812081.9155 -2522238.0841 -671168.2896 -5533298.6915 -3085738.1156       0.0000 -5618720.3752 -3003268.6103  211783.6604     259.7472      63.0486
400001705 300000427                                         -2600949.8585 -5201899.7171 -2600949.8585 -1990680.8386 -5157396.7439 -3166715.9053 -1976963.3461 -5468063.2517 -2604139.2443  213953.8407     253.2116      65.6574
400001706 300000427                                         -1346350.7175 -5024649.2825 -3678298.5650 -1345228.8674 -5375502.5311 -3143878.6287 -1990680.8386 -5157396.7439 -3166715.9053  213817.3983     235.1489      71.6447
400001707 300000427                                         -1330561.6814 -5672228.9398 -2577802.4491 -1976963.3461 -5468063.2517 -2604139.2443 -1345228.8674 -5375502.5311 -3143878.6287  213196.7862     256.5730      62.4877
400001708 300000427                                         -1990680.8386 -5157396.7439 -3166715.9053 -1345228.8674 -5375502.5311 -3143878.6287 -1976963.3461 -5468063.2517 -2604139.2443  215042.4187     246.8294      67.6084
400001709 300000428                                               0.0000 -5297292.9000 -3539537.9546 -671168.2896 -5533298.6915 -3085738.1156 -677162.3725 -5191537.9595 -3630292.7893  218265.1507     235.6601      71.5943
400001710 300000428                                         -1330561.6814 -5672228.9398 -2577802.4491 -1345228.8674 -5375502.5311 -3143878.6287 -671168.2896 -5533298.6915 -3085738.1156  218077.9738     253.0875      63.5796
400001711 300000428                                         -1346350.7175 -5024649.2825 -3678298.5650 -677162.3725 -5191537.9595 -3630292.7893 -1345228.8674 -5375502.5311 -3143878.6287  217445.2803     230.9811      73.9781
400001712 300000428                                         -671168.2896 -5533298.6915 -3085738.1156 -1345228.8674 -5375502.5311 -3143878.6287 -677162.3725 -5191537.9595 -3630292.7893  219375.9096     238.9727      70.8624
400001713 300000429                                         -2438076.1476 -5886036.5016       0.0000 -2522238.0841 -5812081.9155 -669073.8784 -1869698.6039 -6056845.8882 -639129.1082  232651.5371     289.9639      55.0751
400001714 300000429                                         -2577802.4491 -5672228.9398 -1330561.6814 -1933504.7432 -5928333.1219 -1306164.9224 -2522238.0841 -5812081.9155 -669073.8784  231845.9895     294.6253      56.3652
400001715 300000429                                         -1266279.9131 -6114140.2800 -1266279.9131 -1869698.6039 -6056845.8882 -639129.1082 -1933504.7432 -5928333.1219 -1306164.9224  232712.3450     293.7489      56.6692
400001716 300000429                                         -2522238.0841 -5812081.9155 -669073.8784 -1933504.7432 -5928333.1219 -1306164.9224 -1869698.6039 -6056845.8882 -639129.1082  234046.8072     294.1990      55.8887
400001717 300000430                                         -2600949.8585 -5201899.7171 -2600949.8585 -1976963.3461 -5468063.2517 -2604139.2443 -2604139.2443 -5468063.2517 -1976963.3461  228300.1373     269.1245      62.6741
400001718 300000430                                         -1330561.6814 -5672228.9398 -2577802.4491 -1973179.1775 -5727370.1528 -1973179.1775 -1976963.3461 -5468063.2517 -2604139.2443  229212.6770     272.2540      58.6689
400001719 300000430                                         -2577802.4491 -5672228.9398 -1330561.6814 -2604139.2443 -5468063.2517 -1976963.3461 -1973179.1775 -5727370.1528 -1973179.1775  229212.6770     288.1864      58.3288
400001720 300000430                                         -1976963.3461 -5468063.2517 -2604139.2443 -1973179.1775 -5727370.1528 -1973179.1775 -2604139.2443 -5468063.2517 -1976963.3461  230526.8451     277.5596      60.2239
400001721 300000431                                               0.0000 -5886036.5016 -2438076.1476 -639129.1082 -6056845.8882 -1869698.6039 -669073.8784 -5812081.9155 -2522238.0841  232651.5371     278.3168      64.2889
400001722 300000431                                         -1266279.9131 -6114140.2800 -1266279.9131 -1306164.9224 -5928333.1219 -1933504.7432 -639129.1082 -6056845.8882 -1869698.6039  232712.3450     287.3199      63.4298
400001723 300000431                                         -1330561.6814 -5672228.9398 -2577802.4491 -669073.8784 -5812081.9155 -2522238.0841 -1306164.9224 -5928333.1219 -1933504.7432  231845.9895     276.4128      57.4292
400001724 300000431                                         -639129.1082 -6056845.8882 -1869698.6039 -1306164.9224 -5928333.1219 -1933504.7432 -669073.8784 -5812081.9155 -2522238.0841  234046.8072     281.5922      62.4598
400001725 300000432                                         -2577802.4491 -5672228.9398 -1330561.6814 -1973179.1775 -5727370.1528 -1973179.1775 -1933504.7432 -5928333.1219 -1306164.9224  238189.0310     291.5180      56.8161
400001726 300000432                                         -1330561.6814 -5672228.9398 -2577802.4491 -1306164.9224 -5928333.1219 -1933504.7432 -1973179.1775 -5727370.1528 -1973179.1775  238189.0310     280.3763      56.7062
400001727 300000432                                         -1266279.9131 -6114140.2800 -1266279.9131 -1933504.7432 -5928333.1219 -1306164.9224 -1306164.9224 -5928333.1219 -1933504.7432  237302.7613     290.1463      59.9014
400001728 300000432                                         -1973179.1775 -5727370.1528 -1973179.1775 -1306164.9224 -5928333.1219 -1933504.7432 -1933504.7432 -5928333.1219 -1306164.9224  239617.8861     288.2011      57.7332
400001729 300000433                                         -4504977.3029       0.0000 -4504977.3029 -4126944.5164 -678984.1624 -4805928.6788 -4805928.6788 -678984.1624 -4126944.5164  328324.9483     228.1404      56.0470
400001730 300000433                                         -3678298.5650 -1346350.7175 -5024649.2825 -4400885.2099 -1361638.6226 -4400885.2099 -4126944.5164 -678984.1624 -4805928.6788  329212.3599     223.8278      50.8770
400001731 300000433                                         -5024649.2825 -1346350.7175 -3678298.5650 -4805928.6788 -678984.1624 -4126944.5164 -4400885.2099 -1361638.6226 -4400885.2099  329212.3599     233.8039      60.1477
400001732 300000433                                         -4126944.5164 -678984.1624 -4805928.6788 -4400885.2099 -1361638.6226 -4400885.2099 -4805928.6788 -678984.1624 -4126944.5164  332074.9378     228.5151      55.8309
400001733 300000434                                         -2600949.8585 -2600949.8585 -5201899.7171 -3374031.3064 -2687534.5848 -4688572.4479 -3166715.9053 -1990680.8386 -5157396.7439  331958.1435     215.2012      44.8603
400001734 300000434                                         -4074905.2917 -2716603.5278 -4074905.2917 -3912146.8074 -2050103.9020 -4591494.5659 -3374031.3064 -2687534.5848 -4688572.4479  332135.9111     225.1990      59.8977
400001735 300000434                                         -3678298.5650 -1346350.7175 -5024649.2825 -3166715.9053 -1990680.8386 -5157396.7439 -3912146.8074 -2050103.9020 -4591494.5659  331417.2039     218.7878      47.4546
400001736 300000434                                         -3374031.3064 -2687534.5848 -4688572.4479 -3912146.8074 -2050103.9020 -4591494.5659 -3166715.9053 -1990680.8386 -5157396.7439  335024.3025     220.3041      50.7987
400001737 300000435                                         -5201899.7171 -2600949.8585 -2600949.8585 -5157396.7439 -1990680.8386 -3166715.9053 -4688572.4479 -2687534.5848 -3374031.3064  331958.1435     232.8904      77.1658
400001738 300000435                                         -5024649.2825 -1346350.7175 -3678298.5650 -4591494.5659 -2050103.9020 -3912146.8074 -5157396.7439 -1990680.8386 -3166715.9053  331417.2039     235.3546      68.2159
400001739 300000435                                         -4074905.2917 -2716603.5278 -4074905.2917 -4688572.4479 -2687534.5848 -3374031.3064 -4591494.5659 -2050103.9020 -3912146.8074  332135.9111     227.9829      70.8604
400001740 300000435                                         -5157396.7439 -1990680.8386 -3166715.9053 -4591494.5659 -2050103.9020 -3912146.8074 -4688572.4479 -2687534.5848 -3374031.3064  335024.3025     231.5278      73.2034
400001741 300000436                                         -3678298.5650 -1346350.7175 -5024649.2825 -3912146.8074 -2050103.9020 -4591494.5659 -4400885.2099 -1361638.6226 -4400885.2099  344128.0612     224.5299      53.2441
400001742 300000436                                         -4074905.2917 -2716603.5278 -4074905.2917 -4591494.5659 -2050103.9020 -3912146.8074 -3912146.8074 -2050103.9020 -4591494.5659  343384.2298     227.0617      65.3004
400001743 300000436                                         -5024649.2825 -1346350.7175 -3678298.5650 -4400885.2099 -1361638.6226 -4400885.2099 -4591494.5659 -2050103.9020 -3912146.8074  344128.0612     232.9362      62.8966
400001744 300000436                                         -3912146.8074 -2050103.9020 -4591494.5659 -4591494.5659 -2050103.9020 -3912146.8074 -4400885.2099 -1361638.6226 -4400885.2099  347308.3434     228.1280      60.7638
400001745 300000437                                               0.0000 -4504977.3029 -4504977.3029 -678984.1624 -4805928.6788 -4126944.5164 -678984.1624 -4126944.5164 -4805928.6788  328324.9483     219.5406      57.6788
400001746 300000437                                         -1346350.7175 -5024649.2825 -3678298.5650 -1361638.6226 -4400885.2099 -4400885.2099 -678984.1624 -4805928.6788 -4126944.5164  329212.3599     222.8641      69.0340
400001747 300000437                                         -1346350.7175 -3678298.5650 -5024649.2825 -678984.1624 -4126944.5164 -4805928.6788 -1361638.6226 -4400885.2099 -4400885.2099  329212.3599     215.9495      52.9775
400001748 300000437                                         -678984.1624 -4805928.6788 -4126944.5164 -1361638.6226 -4400885.2099 -4400885.2099 -678984.1624 -4126944.5164 -4805928.6788  332074.9378     221.0837      59.5018
400001749 300000438                                         -2600949.8585 -5201899.7171 -2600949.8585 -2687534.5848 -4688572.4479 -3374031.3064 -1990680.8386 -5157396.7439 -3166715.9053  331958.1435     243.0061      71.4798
400001750 300000438                                         -2716603.5278 -4074905.2917 -4074905.2917 -2050103.9020 -4591494.5659 -3912146.8074 -2687534.5848 -4688572.4479 -3374031.3064  332135.9111     225.5242      74.7252
400001751 300000438                                         -1346350.7175 -5024649.2825 -3678298.5650 -1990680.8386 -5157396.7439 -3166715.9053 -2050103.9020 -4591494.5659 -3912146.8074  331417.2039     228.8186      74.7041
400001752 300000438                                         -2687534.5848 -4688572.4479 -3374031.3064 -2050103.9020 -4591494.5659 -3912146.8074 -1990680.8386 -5157396.7439 -3166715.9053  335024.3025     230.5311      75.4486
400001753 300000439                                         -2600949.8585 -2600949.8585 -5201899.7171 -1990680.8386 -3166715.9053 -5157396.7439 -2687534.5848 -3374031.3064 -4688572.4479  331958.1435     214.1739      45.3085
400001754 300000439                                         -1346350.7175 -3678298.5650 -5024649.2825 -2050103.9020 -3912146.8074 -4591494.5659 -1990680.8386 -3166715.9053 -5157396.7439  331417.2039     214.0608      47.8980
400001755 300000439                                         -2716603.5278 -4074905.2917 -4074905.2917 -2687534.5848 -3374031.3064 -4688572.4479 -2050103.9020 -3912146.8074 -4591494.5659  332135.9111     221.8862      60.6816
400001756 300000439                                         -1990680.8386 -3166715.9053 -5157396.7439 -2050103.9020 -3912146.8074 -4591494.5659 -2687534.5848 -3374031.3064 -4688572.4479  335024.3025     217.6527      50.5183
400001757 300000440                                         -1346350.7175 -5024649.2825 -3678298.5650 -2050103.9020 -4591494.5659 -3912146.8074 -1361638.6226 -4400885.2099 -4400885.2099  344128.0612     224.5898      70.1784
400001758 300000440                                         -2716603.5278 -4074905.2917 -4074905.2917 -2050103.9020 -3912146.8074 -4591494.5659 -2050103.9020 -4591494.5659 -3912146.8074  343384.2298     223.4151      67.5222
400001759 300000440                                         -1346350.7175 -3678298.5650 -5024649.2825 -1361638.6226 -4400885.2099 -4400885.2099 -2050103.9020 -3912146.8074 -4591494.5659  344128.0612     217.7748      55.5646
400001760 300000440                                         -2050103.9020 -4591494.5659 -3912146.8074 -2050103.9020 -3912146.8074 -4591494.5659 -1361638.6226 -4400885.2099 -4400885.2099  347308.3434     222.3463      64.2236
400001761 300000441                                         -4504977.3029 -4504977.3029       0.0000 -4805928.6788 -4126944.5164 -678984.1624 -4126944.5164 -4805928.6788 -678984.1624  328324.9483     286.7607      51.8709
400001762 300000441                                         -5024649.2825 -3678298.5650 -1346350.7175 -4400885.2099 -4400885.2099 -1361638.6226 -4805928.6788 -4126944.5164 -678984.1624  329212.3599     282.4620      54.0416
400001763 300000441                                         -3678298.5650 -5024649.2825 -1346350.7175 -4126944.5164 -4805928.6788 -678984.1624 -4400885.2099 -4400885.2099 -1361638.6226  329212.3599     288.6664      52.0893
400001764 300000441                                         -4805928.6788 -4126944.5164 -678984.1624 -4400885.2099 -4400885.2099 -1361638.6226 -4126944.5164 -4805928.6788 -678984.1624  332074.9378     287.0927      51.7144
400001765 300000442                                         -5201899.7171 -2600949.8585 -2600949.8585 -4688572.4479 -3374031.3064 -2687534.5848 -5157396.7439 -3166715.9053 -1990680.8386  331958.1435     248.5096      69.6585
400001766 300000442                                         -4074905.2917 -4074905.2917 -2716603.5278 -4591494.5659 -3912146.8074 -2050103.9020 -4688572.4479 -3374031.3064 -2687534.5848  332135.9111     249.4763      71.7700
400001767 300000442                                         -5024649.2825 -3678298.5650 -1346350.7175 -5157396.7439 -3166715.9053 -1990680.8386 -4591494.5659 -3912146.8074 -2050103.9020  331417.2039     269.3590      61.4020
400001768 300000442                                         -4688572.4479 -3374031.3064 -2687534.5848 -4591494.5659 -3912146.8074 -2050103.9020 -5157396.7439 -3166715.9053 -1990680.8386  335024.3025     256.9866      66.8839
400001769 300000443                                         -2600949.8585 -5201899.7171 -2600949.8585 -3166715.9053 -5157396.7439 -1990680.8386 -3374031.3064 -4688572.4479 -2687534.5848  331958.1435     263.1442      66.0191
400001770 300000443                                         -3678298.5650 -5024649.2825 -1346350.7175 -3912146.8074 -4591494.5659 -2050103.9020 -3166715.9053 -5157396.7439 -1990680.8386  331417.2039     281.9149      56.4809
400001771 300000443                                         -4074905.2917 -4074905.2917 -2716603.5278 -3374031.3064 -4688572.4479 -2687534.5848 -3912146.8074 -4591494.5659 -2050103.9020  332135.9111     253.7323      68.9696
400001772 300000443                                         -3166715.9053 -5157396.7439 -1990680.8386 -3912146.8074 -4591494.5659 -2050103.9020 -3374031.3064 -4688572.4479 -2687534.5848  335024.3025     267.3717      63.6594
400001773 300000444                                         -5024649.2825 -3678298.5650 -1346350.7175 -4591494.5659 -3912146.8074 -2050103.9020 -4400885.2099 -4400885.2099 -1361638.6226  344128.0612     275.2219      59.3342
400001774 300000444                                         -4074905.2917 -4074905.2917 -2716603.5278 -3912146.8074 -4591494.5659 -2050103.9020 -4591494.5659 -3912146.8074 -2050103.9020  343384.2298     257.6480      67.9853
400001775 300000444                                         -3678298.5650 -5024649.2825 -1346350.7175 -4400885.2099 -4400885.2099 -1361638.6226 -3912146.8074 -4591494.5659 -2050103.9020  344128.0612     283.4059      53.2773
400001776 300000444                                         -4591494.5659 -3912146.8074 -2050103.9020 -3912146.8074 -4591494.5659 -2050103.9020 -4400885.2099 -4400885.2099 -1361638.6226  347308.3434     273.0795      59.3350
400001777 300000445                                         -2600949.8585 -2600949.8585 -5201899.7171 -2687534.5848 -3374031.3064 -4688572.4479 -3374031.3064 -2687534.5848 -4688572.4479  387995.8446     218.4338      49.1825
400001778 300000445                                         -2716603.5278 -4074905.2917 -4074905.2917 -3435012.9904 -3435012.9904 -4122015.5885 -2687534.5848 -3374031.3064 -4688572.4479  388281.7658     224.8067      64.8603
400001779 300000445                                         -4074905.2917 -2716603.5278 -4074905.2917 -3374031.3064 -2687534.5848 -4688572.4479 -3435012.9904 -3435012.9904 -4122015.5885  388281.7658     226.1228      62.7167
400001780 300000445                                         -2687534.5848 -3374031.3064 -4688572.4479 -3435012.9904 -3435012.9904 -4122015.5885 -3374031.3064 -2687534.5848 -4688572.4479  392517.4362     224.1898      57.8966
400001781 300000446                                         -2600949.8585 -5201899.7171 -2600949.8585 -3374031.3064 -4688572.4479 -2687534.5848 -2687534.5848 -4688572.4479 -3374031.3064  387995.8446     246.0497      71.0337
400001782 300000446                                         -4074905.2917 -4074905.2917 -2716603.5278 -3435012.9904 -4122015.5885 -3435012.9904 -3374031.3064 -4688572.4479 -2687534.5848  388281.7658     236.5367      75.8046
400001783 300000446                                         -2716603.5278 -4074905.2917 -4074905.2917 -2687534.5848 -4688572.4479 -3374031.3064 -3435012.9904 -4122015.5885 -3435012.9904  388281.7658     226.8266      76.0007
400001784 300000446                                         -3374031.3064 -4688572.4479 -2687534.5848 -3435012.9904 -4122015.5885 -3435012.9904 -2687534.5848 -4688572.4479 -3374031.3064  392517.4362     233.8912      75.1231
400001785 300000447                                         -5201899.7171 -2600949.8585 -2600949.8585 -4688572.4479 -2687534.5848 -3374031.3064 -4688572.4479 -3374031.3064 -2687534.5848  387995.8446     235.5187      76.8453
400001786 300000447                                         -4074905.2917 -2716603.5278 -4074905.2917 -4122015.5885 -3435012.9904 -3435012.9904 -4688572.4479 -2687534.5848 -3374031.3064  388281.7658     229.8306      70.9997
400001787 300000447                                         -4074905.2917 -4074905.2917 -2716603.5278 -4688572.4479 -3374031.3064 -2687534.5848 -4122015.5885 -3435012.9904 -3435012.9904  388281.7658     237.5442      74.7074
400001788 300000447                                         -4688572.4479 -2687534.5848 -3374031.3064 -4122015.5885 -3435012.9904 -3435012.9904 -4688572.4479 -3374031.3064 -2687534.5848  392517.4362     234.2860      74.3292
400001789 300000448                                         -2716603.5278 -4074905.2917 -4074905.2917 -3435012.9904 -4122015.5885 -3435012.9904 -3435012.9904 -3435012.9904 -4122015.5885  405996.4825     227.4832      72.1810
400001790 300000448                                         -4074905.2917 -4074905.2917 -2716603.5278 -4122015.5885 -3435012.9904 -3435012.9904 -3435012.9904 -4122015.5885 -3435012.9904  405996.4825     232.9077      74.4007
400001791 300000448                                         -4074905.2917 -2716603.5278 -4074905.2917 -3435012.9904 -3435012.9904 -4122015.5885 -4122015.5885 -3435012.9904 -3435012.9904  405996.4825     228.9054      68.3541
400001792 300000448                                         -3435012.9904 -4122015.5885 -3435012.9904 -4122015.5885 -3435012.9904 -3435012.9904 -3435012.9904 -3435012.9904 -4122015.5885  410731.3740     230.8880      71.2091
400001793 300000449                                               0.0000 -6371000.0000       0.0000       0.0000 -6340321.8936 -624467.2010  624467.2010 -6340321.8936       0.0000  195921.5441     273.4804      64.2848
400001794 300000449                                               0.0000 -6248583.0214 -1242920.4416  627459.2093 -6308900.9250 -627459.2093       0.0000 -6340321.8936 -624467.2010  196860.2699     281.4271      70.7776
400001795 300000449                                         1242920.4416 -6248583.0214       0.0000  624467.2010 -6340321.8936       0.0000  627459.2093 -6308900.9250 -627459.2093  196860.2699     260.0447      84.3904
400001796 300000449                                               0.0000 -6340321.8936 -624467.2010  627459.2093 -6308900.9250 -627459.2093  624467.2010 -6340321.8936       0.0000  197817.4310     274.2500      65.6296
400001797 300000450                                               0.0000 -5886036.5016 -2438076.1476  639129.1082 -6056845.8882 -1869698.6039       0.0000 -6096666.8789 -1849403.6788  200521.8161     278.7087      77.1713
400001798 300000450                                         1266279.9131 -6114140.2800 -1266279.9131  636326.6289 -6212473.2151 -1260914.7366  639129.1082 -6056845.8882 -1869698.6039  200560.6406     278.2898     100.3060
400001799 300000450                                               0.0000 -6248583.0214 -1242920.4416       0.0000 -6096666.8789 -1849403.6788  636326.6289 -6212473.2151 -1260914.7366  199642.5528     282.2684      78.9496
400001800 300000450                                          639129.1082 -6056845.8882 -1869698.6039  636326.6289 -6212473.2151 -1260914.7366       0.0000 -6096666.8789 -1849403.6788  201535.9727     280.1388      87.5650
400001801 300000451                                         2438076.1476 -5886036.5016       0.0000 1849403.6788 -6096666.8789       0.0000 1869698.6039 -6056845.8882 -639129.1082  200521.8161     221.3142     136.6213
400001802 300000451                                         1242920.4416 -6248583.0214       0.0000 1260914.7366 -6212473.2151 -636326.6289 1849403.6788 -6096666.8789       0.0000  199642.5528     229.7882     149.0434
400001803 300000451                                         1266279.9131 -6114140.2800 -1266279.9131 1869698.6039 -6056845.8882 -639129.1082 1260914.7366 -6212473.2151 -636326.6289  200560.6406     245.9871     113.5583
400001804 300000451                                         1849403.6788 -6096666.8789       0.0000 1260914.7366 -6212473.2151 -636326.6289 1869698.6039 -6056845.8882 -639129.1082  201535.9727     231.3688     129.3105
400001805 300000452                                               0.0000 -6248583.0214 -1242920.4416  636326.6289 -6212473.2151 -1260914.7366  627459.2093 -6308900.9250 -627459.2093  204548.8197     280.5994      80.0634
400001806 300000452                                         1266279.9131 -6114140.2800 -1266279.9131 1260914.7366 -6212473.2151 -636326.6289  636326.6289 -6212473.2151 -1260914.7366  203612.8458     270.4605      93.5206
400001807 300000452                                         1242920.4416 -6248583.0214       0.0000  627459.2093 -6308900.9250 -627459.2093 1260914.7366 -6212473.2151 -636326.6289  204548.8197     253.0889     109.5296
400001808 300000452                                          636326.6289 -6212473.2151 -1260914.7366 1260914.7366 -6212473.2151 -636326.6289  627459.2093 -6308900.9250 -627459.2093  205583.5447     271.8303      84.2245
400001809 300000453                                               0.0000 -4504977.3029 -4504977.3029  678984.1624 -4805928.6788 -4126944.5164       0.0000 -4924849.5984 -4041719.6134  213029.7505     221.3460      65.5841
400001810 300000453                                         1346350.7175 -5024649.2825 -3678298.5650  677162.3725 -5191537.9595 -3630292.7893  678984.1624 -4805928.6788 -4126944.5164  213259.5913     230.4620      69.5537
400001811 300000453                                               0.0000 -5297292.9000 -3539537.9546       0.0000 -4924849.5984 -4041719.6134  677162.3725 -5191537.9595 -3630292.7893  212458.1628     228.1310      71.8072
400001812 300000453                                          678984.1624 -4805928.6788 -4126944.5164  677162.3725 -5191537.9595 -3630292.7893       0.0000 -4924849.5984 -4041719.6134  214297.3599     224.3187      71.2722
400001813 300000454                                         2600949.8585 -5201899.7171 -2600949.8585 1976963.3461 -5468063.2517 -2604139.2443 1990680.8386 -5157396.7439 -3166715.9053  213953.8407     248.6058      67.4794
400001814 300000454                                         1330561.6814 -5672228.9398 -2577802.4491 1345228.8674 -5375502.5311 -3143878.6287 1976963.3461 -5468063.2517 -2604139.2443  213196.7862     266.7944      88.2038
400001815 300000454                                         1346350.7175 -5024649.2825 -3678298.5650 1990680.8386 -5157396.7439 -3166715.9053 1345228.8674 -5375502.5311 -3143878.6287  213817.3983     247.6188      69.9164
400001816 300000454                                         1976963.3461 -5468063.2517 -2604139.2443 1345228.8674 -5375502.5311 -3143878.6287 1990680.8386 -5157396.7439 -3166715.9053  215042.4187     257.5559      80.9476
400001817 300000455                                               0.0000 -5886036.5016 -2438076.1476       0.0000 -5618720.3752 -3003268.6103  669073.8784 -5812081.9155 -2522238.0841  209920.2574     268.2728      69.4423
400001818 300000455                                               0.0000 -5297292.9000 -3539537.9546  671168.2896 -5533298.6915 -3085738.1156       0.0000 -5618720.3752 -3003268.6103  210577.3796     248.7731      67.2831
400001819 300000455                                         1330561.6814 -5672228.9398 -2577802.4491  669073.8784 -5812081.9155 -2522238.0841  671168.2896 -5533298.6915 -3085738.1156  210758.2000     267.1677      77.1916
400001820 300000455                                               0.0000 -5618720.3752 -3003268.6103  671168.2896 -5533298.6915 -3085738.1156  669073.8784 -5812081.9155 -2522238.0841  211783.6604     262.2742      70.0959
400001821 300000456                                         1346350.7175 -5024649.2825 -3678298.5650 1345228.8674 -5375502.5311 -3143878.6287  677162.3725 -5191537.9595 -3630292.7893  217445.2803     243.9179      66.8899
400001822 300000456                                         1330561.6814 -5672228.9398 -2577802.4491  671168.2896 -5533298.6915 -3085738.1156 1345228.8674 -5375502.5311 -3143878.6287  218077.9738     262.8028      75.0617
400001823 300000456                                               0.0000 -5297292.9000 -3539537.9546  677162.3725 -5191537.9595 -3630292.7893  671168.2896 -5533298.6915 -3085738.1156  218265.1507     241.8325      69.0643
400001824 300000456                                         1345228.8674 -5375502.5311 -3143878.6287  671168.2896 -5533298.6915 -3085738.1156  677162.3725 -5191537.9595 -3630292.7893  219375.9096     250.0019      68.6389
400001825 300000457                                         4504977.3029 -4504977.3029       0.0000 4041719.6134 -4924849.5984       0.0000 4126944.5164 -4805928.6788 -678984.1624  213029.7505     224.4443     112.5233
400001826 300000457                                         3539537.9546 -5297292.9000       0.0000 3630292.7893 -5191537.9595 -677162.3725 4041719.6134 -4924849.5984       0.0000  212458.1628     222.5173     123.8839
400001827 300000457                                         3678298.5650 -5024649.2825 -1346350.7175 4126944.5164 -4805928.6788 -678984.1624 3630292.7893 -5191537.9595 -677162.3725  213259.5913     243.5781      95.0791
400001828 300000457                                         4041719.6134 -4924849.5984       0.0000 3630292.7893 -5191537.9595 -677162.3725 4126944.5164 -4805928.6788 -678984.1624  214297.3599     229.5227     114.8967
400001829 300000458                                         2438076.1476 -5886036.5016       0.0000 2522238.0841 -5812081.9155 -669073.8784 3003268.6103 -5618720.3752       0.0000  209920.2574     218.5508     135.0924
400001830 300000458                                         2577802.4491 -5672228.9398 -1330561.6814 3085738.1156 -5533298.6915 -671168.2896 2522238.0841 -5812081.9155 -669073.8784  210758.2000     235.1059     108.5529
400001831 300000458                                         3539537.9546 -5297292.9000       0.0000 3003268.6103 -5618720.3752       0.0000 3085738.1156 -5533298.6915 -671168.2896  210577.3796     214.8879     130.4893
400001832 300000458                                         2522238.0841 -5812081.9155 -669073.8784 3085738.1156 -5533298.6915 -671168.2896 3003268.6103 -5618720.3752       0.0000  211783.6604     220.4777     125.7753
400001833 300000459                                         2600949.8585 -5201899.7171 -2600949.8585 3166715.9053 -5157396.7439 -1990680.8386 2604139.2443 -5468063.2517 -1976963.3461  213953.8407     264.2731      96.0132
400001834 300000459                                         3678298.5650 -5024649.2825 -1346350.7175 3143878.6287 -5375502.5311 -1345228.8674 3166715.9053 -5157396.7439 -1990680.8386  213817.3983     260.5070      81.1159
400001835 300000459                                         2577802.4491 -5672228.9398 -1330561.6814 2604139.2443 -5468063.2517 -1976963.3461 3143878.6287 -5375502.5311 -1345228.8674  213196.7862     256.8933      93.3151
400001836 300000459                                         3166715.9053 -5157396.7439 -1990680.8386 3143878.6287 -5375502.5311 -1345228.8674 2604139.2443 -5468063.2517 -1976963.3461  215042.4187     259.5888      92.5377
400001837 300000460                                         3539537.9546 -5297292.9000       0.0000 3085738.1156 -5533298.6915 -671168.2896 3630292.7893 -5191537.9595 -677162.3725  218265.1507     219.9634     124.5591
400001838 300000460                                         2577802.4491 -5672228.9398 -1330561.6814 3143878.6287 -5375502.5311 -1345228.8674 3085738.1156 -5533298.6915 -671168.2896  218077.9738     243.3957      98.8805
400001839 300000460                                         3678298.5650 -5024649.2825 -1346350.7175 3630292.7893 -5191537.9595 -677162.3725 3143878.6287 -5375502.5311 -1345228.8674  217445.2803     249.0757      88.1812
400001840 300000460                                         3085738.1156 -5533298.6915 -671168.2896 3143878.6287 -5375502.5311 -1345228.8674 3630292.7893 -5191537.9595 -677162.3725  219375.9096     233.7225     105.7106
400001841 300000461                                               0.0000 -5886036.5016 -2438076.1476  669073.8784 -5812081.9155 -2522238.0841  639129.1082 -6056845.8882 -1869698.6039  232651.5371     275.2338      79.9105
400001842 300000461                                         1330561.6814 -5672228.9398 -2577802.4491 1306164.9224 -5928333.1219 -1933504.7432  669073.8784 -5812081.9155 -2522238.0841  231845.9895     272.6778      93.2155
400001843 300000461                                         1266279.9131 -6114140.2800 -1266279.9131  639129.1082 -6056845.8882 -1869698.6039 1306164.9224 -5928333.1219 -1933504.7432  232712.3450     277.1115     103.4613
400001844 300000461                                          669073.8784 -5812081.9155 -2522238.0841 1306164.9224 -5928333.1219 -1933504.7432  639129.1082 -6056845.8882 -1869698.6039  234046.8072     275.2052      96.2338
400001845 300000462                                         2600949.8585 -5201899.7171 -2600949.8585 2604139.2443 -5468063.2517 -1976963.3461 1976963.3461 -5468063.2517 -2604139.2443  228300.1373     257.9700      71.7867
400001846 300000462                                         2577802.4491 -5672228.9398 -1330561.6814 1973179.1775 -5727370.1528 -1973179.1775 2604139.2443 -5468063.2517 -1976963.3461  229212.6770     256.2366      88.8584
400001847 300000462                                         1330561.6814 -5672228.9398 -2577802.4491 1976963.3461 -5468063.2517 -2604139.2443 1973179.1775 -5727370.1528 -1973179.1775  229212.6770     271.8805     105.5869
400001848 300000462                                         2604139.2443 -5468063.2517 -1976963.3461 1973179.1775 -5727370.1528 -1973179.1775 1976963.3461 -5468063.2517 -2604139.2443  230526.8451     263.8508      76.4287
400001849 300000463                                         2438076.1476 -5886036.5016       0.0000 1869698.6039 -6056845.8882 -639129.1082 2522238.0841 -5812081.9155 -669073.8784  232651.5371     224.4251     128.1744
400001850 300000463                                         1266279.9131 -6114140.2800 -1266279.9131 1933504.7432 -5928333.1219 -1306164.9224 1869698.6039 -6056845.8882 -639129.1082  232712.3450     246.8516     109.3521
400001851 300000463                                         2577802.4491 -5672228.9398 -1330561.6814 2522238.0841 -5812081.9155 -669073.8784 1933504.7432 -5928333.1219 -1306164.9224  231845.9895     246.3980     104.5564
400001852 300000463                                         1869698.6039 -6056845.8882 -639129.1082 1933504.7432 -5928333.1219 -1306164.9224 2522238.0841 -5812081.9155 -669073.8784  234046.8072     239.1798     112.3820
400001853 300000464                                         1330561.6814 -5672228.9398 -2577802.4491 1973179.1775 -5727370.1528 -1973179.1775 1306164.9224 -5928333.1219 -1933504.7432  238189.0310     273.1576     110.5302
400001854 300000464                                         2577802.4491 -5672228.9398 -1330561.6814 1933504.7432 -5928333.1219 -1306164.9224 1973179.1775 -5727370.1528 -1973179.1775  238189.0310     250.0543      96.0854
400001855 300000464                                         1266279.9131 -6114140.2800 -1266279.9131 1306164.9224 -5928333.1219 -1933504.7432 1933504.7432 -5928333.1219 -1306164.9224  237302.7613     266.7583      85.4584
400001856 300000464                                         1973179.1775 -5727370.1528 -1973179.1775 1933504.7432 -5928333.1219 -1306164.9224 1306164.9224 -5928333.1219 -1933504.7432  239617.8861     265.4677      88.5228
400001857 300000465                                               0.0000       0.0000 -6371000.0000  624467.2010       0.0000 -6340321.8936       0.0000 -624467.2010 -6340321.8936  195921.5441     132.6879       0.0492
400001858 300000465                                         1242920.4416       0.0000 -6248583.0214  627459.2093 -627459.2093 -6308900.9250  624467.2010       0.0000 -6340321.8936  196860.2699     141.2480       0.0545
400001859 300000465                                               0.0000 -1242920.4416 -6248583.0214       0.0000 -624467.2010 -6340321.8936  627459.2093 -627459.2093 -6308900.9250  196860.2699     154.4223       0.0545
400001860 300000465                                          624467.2010       0.0000 -6340321.8936  627459.2093 -627459.2093 -6308900.9250       0.0000 -624467.2010 -6340321.8936  197817.4310     146.3158       0.0503
400001861 300000466                                         2438076.1476       0.0000 -5886036.5016 1869698.6039 -639129.1082 -6056845.8882 1849403.6788       0.0000 -6096666.8789  200521.8161     168.8282       2.4746
400001862 300000466                                         1266279.9131 -1266279.9131 -6114140.2800 1260914.7366 -636326.6289 -6212473.2151 1869698.6039 -639129.1082 -6056845.8882  200560.6406     173.8650       0.4387
400001863 300000466                                         1242920.4416       0.0000 -6248583.0214 1849403.6788       0.0000 -6096666.8789 1260914.7366 -636326.6289 -6212473.2151  199642.5528     142.7681       0.1827
400001864 300000466                                         1869698.6039 -639129.1082 -6056845.8882 1260914.7366 -636326.6289 -6212473.2151 1849403.6788       0.0000 -6096666.8789  201535.9727     161.0799       0.4908
400001865 300000467                                               0.0000 -2438076.1476 -5886036.5016       0.0000 -1849403.6788 -6096666.8789  639129.1082 -1869698.6039 -6056845.8882  200521.8161     180.2540       2.2486
400001866 300000467                                               0.0000 -1242920.4416 -6248583.0214  636326.6289 -1260914.7366 -6212473.2151       0.0000 -1849403.6788 -6096666.8789  199642.5528     158.2537       0.1819
400001867 300000467                                         1266279.9131 -1266279.9131 -6114140.2800  639129.1082 -1869698.6039 -6056845.8882  636326.6289 -1260914.7366 -6212473.2151  200560.6406     165.4439       0.4411
400001868 300000467                                               0.0000 -1849403.6788 -6096666.8789  636326.6289 -1260914.7366 -6212473.2151  639129.1082 -1869698.6039 -6056845.8882  201535.9727     164.9018       0.4721
400001869 300000468                                         1242920.4416       0.0000 -6248583.0214 1260914.7366 -636326.6289 -6212473.2151  627459.2093 -627459.2093 -6308900.9250  204548.8197     154.8827       0.0687
400001870 300000468                                         1266279.9131 -1266279.9131 -6114140.2800  636326.6289 -1260914.7366 -6212473.2151 1260914.7366 -636326.6289 -6212473.2151  203612.8458     169.2440       0.1890
400001871 300000468                                               0.0000 -1242920.4416 -6248583.0214  627459.2093 -627459.2093 -6308900.9250  636326.6289 -1260914.7366 -6212473.2151  204548.8197     156.5686       0.0687
400001872 300000468                                         1260914.7366 -636326.6289 -6212473.2151  636326.6289 -1260914.7366 -6212473.2151  627459.2093 -627459.2093 -6308900.9250  205583.5447     160.9776       0.0762
400001873 300000469                                         4504977.3029       0.0000 -4504977.3029 4126944.5164 -678984.1624 -4805928.6788 4041719.6134       0.0000 -4924849.5984  213029.7505     207.5961      56.4280
400001874 300000469                                         3678298.5650 -1346350.7175 -5024649.2825 3630292.7893 -677162.3725 -5191537.9595 4126944.5164 -678984.1624 -4805928.6788  213259.5913     204.6089      46.9281
400001875 300000469                                         3539537.9546       0.0000 -5297292.9000 4041719.6134       0.0000 -4924849.5984 3630292.7893 -677162.3725 -5191537.9595  212458.1628     201.5513      41.9601
400001876 300000469                                         4126944.5164 -678984.1624 -4805928.6788 3630292.7893 -677162.3725 -5191537.9595 4041719.6134       0.0000 -4924849.5984  214297.3599     204.9285      47.7034
400001877 300000470                                         2600949.8585 -2600949.8585 -5201899.7171 2604139.2443 -1976963.3461 -5468063.2517 3166715.9053 -1990680.8386 -5157396.7439  213953.8407     199.6127      37.6197
400001878 300000470                                         2577802.4491 -1330561.6814 -5672228.9398 3143878.6287 -1345228.8674 -5375502.5311 2604139.2443 -1976963.3461 -5468063.2517  213196.7862     194.5390      26.6516
400001879 300000470                                         3678298.5650 -1346350.7175 -5024649.2825 3166715.9053 -1990680.8386 -5157396.7439 3143878.6287 -1345228.8674 -5375502.5311  213817.3983     201.2554      41.5655
400001880 300000470                                         2604139.2443 -1976963.3461 -5468063.2517 3143878.6287 -1345228.8674 -5375502.5311 3166715.9053 -1990680.8386 -5157396.7439  215042.4187     198.1207      35.0551
400001881 300000471                                         2438076.1476       0.0000 -5886036.5016 3003268.6103       0.0000 -5618720.3752 2522238.0841 -669073.8784 -5812081.9155  209920.2574     186.8732      12.9911
400001882 300000471                                         3539537.9546       0.0000 -5297292.9000 3085738.1156 -671168.2896 -5533298.6915 3003268.6103       0.0000 -5618720.3752  210577.3796     194.1045      27.6671
400001883 300000471                                         2577802.4491 -1330561.6814 -5672228.9398 2522238.0841 -669073.8784 -5812081.9155 3085738.1156 -671168.2896 -5533298.6915  210758.2000     189.8503      18.7753
400001884 300000471                                         3003268.6103       0.0000 -5618720.3752 3085738.1156 -671168.2896 -5533298.6915 2522238.0841 -669073.8784 -5812081.9155  211783.6604     190.8274      19.0655
400001885 300000472                                         3678298.5650 -1346350.7175 -5024649.2825 3143878.6287 -1345228.8674 -5375502.5311 3630292.7893 -677162.3725 -5191537.9595  217445.2803     201.0438      41.0903
400001886 300000472                                         2577802.4491 -1330561.6814 -5672228.9398 3085738.1156 -671168.2896 -5533298.6915 3143878.6287 -1345228.8674 -5375502.5311  218077.9738     194.4130      25.8349
400001887 300000472                                         3539537.9546       0.0000 -5297292.9000 3630292.7893 -677162.3725 -5191537.9595 3085738.1156 -671168.2896 -5533298.6915  218265.1507     197.6345      34.0050
400001888 300000472                                         3143878.6287 -1345228.8674 -5375502.5311 3085738.1156 -671168.2896 -5533298.6915 3630292.7893 -677162.3725 -5191537.9595  219375.9096     197.9006      33.3765
400001889 300000473                                               0.0000 -4504977.3029 -4504977.3029       0.0000 -4041719.6134 -4924849.5984  678984.1624 -4126944.5164 -4805928.6788  213029.7505     214.5978      51.2765
400001890 300000473                                               0.0000 -3539537.9546 -5297292.9000  677162.3725 -3630292.7893 -5191537.9595       0.0000 -4041719.6134 -4924849.5984  212458.1628     208.1291      40.3979
400001891 300000473                                         1346350.7175 -3678298.5650 -5024649.2825  678984.1624 -4126944.5164 -4805928.6788  677162.3725 -3630292.7893 -5191537.9595  213259.5913     203.6178      46.8087
400001892 300000473                                               0.0000 -4041719.6134 -4924849.5984  677162.3725 -3630292.7893 -5191537.9595  678984.1624 -4126944.5164 -4805928.6788  214297.3599     210.0542      46.0239
400001893 300000474                                               0.0000 -2438076.1476 -5886036.5016  669073.8784 -2522238.0841 -5812081.9155       0.0000 -3003268.6103 -5618720.3752  209920.2574     194.6433      12.5867
400001894 300000474                                         1330561.6814 -2577802.4491 -5672228.9398  671168.2896 -3085738.1156 -5533298.6915  669073.8784 -2522238.0841 -5812081.9155  210758.2000     196.1510      17.5589
400001895 300000474                                               0.0000 -3539537.9546 -5297292.9000       0.0000 -3003268.6103 -5618720.3752  671168.2896 -3085738.1156 -5533298.6915  210577.3796     202.1318      26.5617
400001896 300000474                                          669073.8784 -2522238.0841 -5812081.9155  671168.2896 -3085738.1156 -5533298.6915       0.0000 -3003268.6103 -5618720.3752  211783.6604     198.7492      18.2911
400001897 300000475                                         2600949.8585 -2600949.8585 -5201899.7171 1990680.8386 -3166715.9053 -5157396.7439 1976963.3461 -2604139.2443 -5468063.2517  213953.8407     202.1459      35.8994
400001898 300000475                                         1346350.7175 -3678298.5650 -5024649.2825 1345228.8674 -3143878.6287 -5375502.5311 1990680.8386 -3166715.9053 -5157396.7439  213817.3983     203.3955      36.1302
400001899 300000475                                         1330561.6814 -2577802.4491 -5672228.9398 1976963.3461 -2604139.2443 -5468063.2517 1345228.8674 -3143878.6287 -5375502.5311  213196.7862     197.0026      26.0604
400001900 300000475                                         1990680.8386 -3166715.9053 -5157396.7439 1345228.8674 -3143878.6287 -5375502.5311 1976963.3461 -2604139.2443 -5468063.2517  215042.4187     201.4130      33.1836
400001901 300000476                                               0.0000 -3539537.9546 -5297292.9000  671168.2896 -3085738.1156 -5533298.6915  677162.3725 -3630292.7893 -5191537.9595  218265.1507     204.8977      32.7847
400001902 300000476                                         1330561.6814 -2577802.4491 -5672228.9398 1345228.8674 -3143878.6287 -5375502.5311  671168.2896 -3085738.1156 -5533298.6915  218077.9738     198.4072      24.6053
400001903 300000476                                         1346350.7175 -3678298.5650 -5024649.2825  677162.3725 -3630292.7893 -5191537.9595 1345228.8674 -3143878.6287 -5375502.5311  217445.2803     200.4980      39.0371
400001904 300000476                                          671168.2896 -3085738.1156 -5533298.6915 1345228.8674 -3143878.6287 -5375502.5311  677162.3725 -3630292.7893 -5191537.9595  219375.9096     202.5459      31.4771
400001905 300000477                                         2438076.1476       0.0000 -5886036.5016 2522238.0841 -669073.8784 -5812081.9155 1869698.6039 -639129.1082 -6056845.8882  232651.5371     180.8733       5.9950
400001906 300000477                                         2577802.4491 -1330561.6814 -5672228.9398 1933504.7432 -1306164.9224 -5928333.1219 2522238.0841 -669073.8784 -5812081.9155  231845.9895     184.4139      12.0999
400001907 300000477                                         1266279.9131 -1266279.9131 -6114140.2800 1869698.6039 -639129.1082 -6056845.8882 1933504.7432 -1306164.9224 -5928333.1219  232712.3450     176.4467       1.9047
400001908 300000477                                         2522238.0841 -669073.8784 -5812081.9155 1933504.7432 -1306164.9224 -5928333.1219 1869698.6039 -639129.1082 -6056845.8882  234046.8072     180.4284       5.5133
400001909 300000478                                         2600949.8585 -2600949.8585 -5201899.7171 1976963.3461 -2604139.2443 -5468063.2517 2604139.2443 -1976963.3461 -5468063.2517  228300.1373     199.1363      32.6376
400001910 300000478                                         1330561.6814 -2577802.4491 -5672228.9398 1973179.1775 -1973179.1775 -5727370.1528 1976963.3461 -2604139.2443 -5468063.2517  229212.6770     189.5280      21.9248
400001911 300000478                                         2577802.4491 -1330561.6814 -5672228.9398 2604139.2443 -1976963.3461 -5468063.2517 1973179.1775 -1973179.1775 -5727370.1528  229212.6770     190.5113      22.2190
400001912 300000478                                         1976963.3461 -2604139.2443 -5468063.2517 1973179.1775 -1973179.1775 -5727370.1528 2604139.2443 -1976963.3461 -5468063.2517  230526.8451     193.8644      24.6390
400001913 300000479                                               0.0000 -2438076.1476 -5886036.5016  639129.1082 -1869698.6039 -6056845.8882  669073.8784 -2522238.0841 -5812081.9155  232651.5371     185.7501       5.5036
400001914 300000479                                         1266279.9131 -1266279.9131 -6114140.2800 1306164.9224 -1933504.7432 -5928333.1219  639129.1082 -1869698.6039 -6056845.8882  232712.3450     168.0639       1.9027
400001915 300000479                                         1330561.6814 -2577802.4491 -5672228.9398  669073.8784 -2522238.0841 -5812081.9155 1306164.9224 -1933504.7432 -5928333.1219  231845.9895     179.0447      11.7699
400001916 300000479                                          639129.1082 -1869698.6039 -6056845.8882 1306164.9224 -1933504.7432 -5928333.1219  669073.8784 -2522238.0841 -5812081.9155  234046.8072     173.5012       5.2977
400001917 300000480                                         2577802.4491 -1330561.6814 -5672228.9398 1973179.1775 -1973179.1775 -5727370.1528 1933504.7432 -1306164.9224 -5928333.1219  238189.0310     184.2419      14.1639
400001918 300000480                                         1330561.6814 -2577802.4491 -5672228.9398 1306164.9224 -1933504.7432 -5928333.1219 1973179.1775 -1973179.1775 -5727370.1528  238189.0310     177.0218      14.5159
400001919 300000480                                         1266279.9131 -1266279.9131 -6114140.2800 1933504.7432 -1306164.9224 -5928333.1219 1306164.9224 -1933504.7432 -5928333.1219  237302.7613     174.1524       3.2443
400001920 300000480                                         1973179.1775 -1973179.1775 -5727370.1528 1306164.9224 -1933504.7432 -5928333.1219 1933504.7432 -1306164.9224 -5928333.1219  239617.8861     178.2781       9.4774
400001921 300000481                                         6371000.0000       0.0000       0.0000 6340321.8936 -624467.2010       0.0000 6340321.8936       0.0000 -624467.2010  195921.5441     257.7878      69.9748
400001922 300000481                                         6248583.0214 -1242920.4416       0.0000 6308900.9250 -627459.2093 -627459.2093 6340321.8936 -624467.2010       0.0000  196860.2699     262.1932      66.5662
400001923 300000481                                         6248583.0214       0.0000 -1242920.4416 6340321.8936       0.0000 -624467.2010 6308900.9250 -627459.2093 -627459.2093  196860.2699     283.8500      65.5157
400001924 300000481                                         6340321.8936 -624467.2010       0.0000 6308900.9250 -627459.2093 -627459.2093 6340321.8936       0.0000 -624467.2010  197817.4310     270.1876      62.3108
400001925 300000482                                         5886036.5016 -2438076.1476       0.0000 6056845.8882 -1869698.6039 -639129.1082 6096666.8789 -1849403.6788       0.0000  200521.8161     263.8532      69.4755
400001926 300000482                                         6114140.2800 -1266279.9131 -1266279.9131 6212473.2151 -1260914.7366 -636326.6289 6056845.8882 -1869698.6039 -639129.1082  200560.6406     285.7432      58.5202
400001927 300000482                                         6248583.0214 -1242920.4416       0.0000 6096666.8789 -1849403.6788       0.0000 6212473.2151 -1260914.7366 -636326.6289  199642.5528     263.4840      68.7686
400001928 300000482                                         6056845.8882 -1869698.6039 -639129.1082 6212473.2151 -1260914.7366 -636326.6289 6096666.8789 -1849403.6788       0.0000  201535.9727     273.1597      63.3484
400001929 300000483                                         5886036.5016       0.0000 -2438076.1476 6096666.8789       0.0000 -1849403.6788 6056845.8882 -639129.1082 -1869698.6039  200521.8161     282.3867      69.2426
400001930 300000483                                         6248583.0214       0.0000 -1242920.4416 6212473.2151 -636326.6289 -1260914.7366 6096666.8789       0.0000 -1849403.6788  199642.5528     288.4001      76.0056
400001931 300000483                                         6114140.2800 -1266279.9131 -1266279.9131 6056845.8882 -639129.1082 -1869698.6039 6212473.2151 -636326.6289 -1260914.7366  200560.6406     288.5047      65.8502
400001932 300000483                                         6096666.8789       0.0000 -1849403.6788 6212473.2151 -636326.6289 -1260914.7366 6056845.8882 -639129.1082 -1869698.6039  201535.9727     286.8504      71.2982
400001933 300000484                                         6248583.0214 -1242920.4416       0.0000 6212473.2151 -1260914.7366 -636326.6289 6308900.9250 -627459.2093 -627459.2093  204548.8197     272.6150      62.4269
400001934 300000484                                         6114140.2800 -1266279.9131 -1266279.9131 6212473.2151 -636326.6289 -1260914.7366 6212473.2151 -1260914.7366 -636326.6289  203612.8458     288.5203      60.8026
400001935 300000484                                         6248583.0214       0.0000 -1242920.4416 6308900.9250 -627459.2093 -627459.2093 6212473.2151 -636326.6289 -1260914.7366  204548.8197     287.4034      72.4532
400001936 300000484                                         6212473.2151 -1260914.7366 -636326.6289 6212473.2151 -636326.6289 -1260914.7366 6308900.9250 -627459.2093 -627459.2093  205583.5447     285.2757      62.9057
400001937 300000485                                         4504977.3029 -4504977.3029       0.0000 4805928.6788 -4126944.5164 -678984.1624 4924849.5984 -4041719.6134       0.0000  213029.7505     241.0124      94.2986
400001938 300000485                                         5024649.2825 -3678298.5650 -1346350.7175 5191537.9595 -3630292.7893 -677162.3725 4805928.6788 -4126944.5164 -678984.1624  213259.5913     261.8402     104.2400
400001939 300000485                                         5297292.9000 -3539537.9546       0.0000 4924849.5984 -4041719.6134       0.0000 5191537.9595 -3630292.7893 -677162.3725  212458.1628     245.2597      89.2917
400001940 300000485                                         4805928.6788 -4126944.5164 -678984.1624 5191537.9595 -3630292.7893 -677162.3725 4924849.5984 -4041719.6134       0.0000  214297.3599     250.5282      96.2588
400001941 300000486                                         5201899.7171 -2600949.8585 -2600949.8585 5468063.2517 -2604139.2443 -1976963.3461 5157396.7439 -3166715.9053 -1990680.8386  213953.8407     271.2866      62.6242
400001942 300000486                                         5672228.9398 -2577802.4491 -1330561.6814 5375502.5311 -3143878.6287 -1345228.8674 5468063.2517 -2604139.2443 -1976963.3461  213196.7862     278.9017      58.1369
400001943 300000486                                         5024649.2825 -3678298.5650 -1346350.7175 5157396.7439 -3166715.9053 -1990680.8386 5375502.5311 -3143878.6287 -1345228.8674  213817.3983     273.5935      59.4795
400001944 300000486                                         5468063.2517 -2604139.2443 -1976963.3461 5375502.5311 -3143878.6287 -1345228.8674 5157396.7439 -3166715.9053 -1990680.8386  215042.4187     276.6693      57.3668
400001945 300000487                                         5886036.5016 -2438076.1476       0.0000 5618720.3752 -3003268.6103       0.0000 5812081.9155 -2522238.0841 -669073.8784  209920.2574     260.1056      71.6559
400001946 300000487                                         5297292.9000 -3539537.9546       0.0000 5533298.6915 -3085738.1156 -671168.2896 5618720.3752 -3003268.6103       0.0000  210577.3796     253.8244      78.3111
400001947 300000487                                         5672228.9398 -2577802.4491 -1330561.6814 5812081.9155 -2522238.0841 -669073.8784 5533298.6915 -3085738.1156 -671168.2896  210758.2000     274.5724      63.4900
400001948 300000487                                         5618720.3752 -3003268.6103       0.0000 5533298.6915 -3085738.1156 -671168.2896 5812081.9155 -2522238.0841 -669073.8784  211783.6604     263.1856      70.2266
400001949 300000488                                         5024649.2825 -3678298.5650 -1346350.7175 5375502.5311 -3143878.6287 -1345228.8674 5191537.9595 -3630292.7893 -677162.3725  217445.2803     266.7298      72.1334
400001950 300000488                                         5672228.9398 -2577802.4491 -1330561.6814 5533298.6915 -3085738.1156 -671168.2896 5375502.5311 -3143878.6287 -1345228.8674  218077.9738     274.8443      62.6362
400001951 300000488                                         5297292.9000 -3539537.9546       0.0000 5191537.9595 -3630292.7893 -677162.3725 5533298.6915 -3085738.1156 -671168.2896  218265.1507     253.7755      78.9425
400001952 300000488                                         5375502.5311 -3143878.6287 -1345228.8674 5533298.6915 -3085738.1156 -671168.2896 5191537.9595 -3630292.7893 -677162.3725  219375.9096     265.3933      70.5575
400001953 300000489                                         4504977.3029       0.0000 -4504977.3029 4924849.5984       0.0000 -4041719.6134 4805928.6788 -678984.1624 -4126944.5164  213029.7505     217.4324      68.6798
400001954 300000489                                         5297292.9000       0.0000 -3539537.9546 5191537.9595 -677162.3725 -3630292.7893 4924849.5984       0.0000 -4041719.6134  212458.1628     232.1910      70.7151
400001955 300000489                                         5024649.2825 -1346350.7175 -3678298.5650 4805928.6788 -678984.1624 -4126944.5164 5191537.9595 -677162.3725 -3630292.7893  213259.5913     226.4491      72.0834
400001956 300000489                                         4924849.5984       0.0000 -4041719.6134 5191537.9595 -677162.3725 -3630292.7893 4805928.6788 -678984.1624 -4126944.5164  214297.3599     224.8038      70.7123
400001957 300000490                                         5886036.5016       0.0000 -2438076.1476 5812081.9155 -669073.8784 -2522238.0841 5618720.3752       0.0000 -3003268.6103  209920.2574     271.1831      63.4738
400001958 300000490                                         5672228.9398 -1330561.6814 -2577802.4491 5533298.6915 -671168.2896 -3085738.1156 5812081.9155 -669073.8784 -2522238.0841  210758.2000     266.8691      60.5350
400001959 300000490                                         5297292.9000       0.0000 -3539537.9546 5618720.3752       0.0000 -3003268.6103 5533298.6915 -671168.2896 -3085738.1156  210577.3796     253.5015      66.1930
400001960 300000490                                         5812081.9155 -669073.8784 -2522238.0841 5533298.6915 -671168.2896 -3085738.1156 5618720.3752       0.0000 -3003268.6103  211783.6604     264.4247      61.8311
400001961 300000491                                         5201899.7171 -2600949.8585 -2600949.8585 5157396.7439 -1990680.8386 -3166715.9053 5468063.2517 -1976963.3461 -2604139.2443  213953.8407     258.1958      67.1564
400001962 300000491                                         5024649.2825 -1346350.7175 -3678298.5650 5375502.5311 -1345228.8674 -3143878.6287 5157396.7439 -1990680.8386 -3166715.9053  213817.3983     243.0055      69.3861
400001963 300000491                                         5672228.9398 -1330561.6814 -2577802.4491 5468063.2517 -1976963.3461 -2604139.2443 5375502.5311 -1345228.8674 -3143878.6287  213196.7862     261.0267      64.3545
400001964 300000491                                         5157396.7439 -1990680.8386 -3166715.9053 5375502.5311 -1345228.8674 -3143878.6287 5468063.2517 -1976963.3461 -2604139.2443  215042.4187     254.5138      66.5921
400001965 300000492                                         5297292.9000       0.0000 -3539537.9546 5533298.6915 -671168.2896 -3085738.1156 5191537.9595 -677162.3725 -3630292.7893  218265.1507     243.9240      68.2053
400001966 300000492                                         5672228.9398 -1330561.6814 -2577802.4491 5375502.5311 -1345228.8674 -3143878.6287 5533298.6915 -671168.2896 -3085738.1156  218077.9738     258.8881      63.0363
400001967 300000492                                         5024649.2825 -1346350.7175 -3678298.5650 5191537.9595 -677162.3725 -3630292.7893 5375502.5311 -1345228.8674 -3143878.6287  217445.2803     237.1567      71.2106
400001968 300000492                                         5533298.6915 -671168.2896 -3085738.1156 5375502.5311 -1345228.8674 -3143878.6287 5191537.9595 -677162.3725 -3630292.7893  219375.9096     246.7698      67.5962
400001969 300000493                                         5886036.5016 -2438076.1476       0.0000 5812081.9155 -2522238.0841 -669073.8784 6056845.8882 -1869698.6039 -639129.1082  232651.5371     271.0136      65.0243
400001970 300000493                                         5672228.9398 -2577802.4491 -1330561.6814 5928333.1219 -1933504.7432 -1306164.9224 5812081.9155 -2522238.0841 -669073.8784  231845.9895     283.0206      58.4702
400001971 300000493                                         6114140.2800 -1266279.9131 -1266279.9131 6056845.8882 -1869698.6039 -639129.1082 5928333.1219 -1933504.7432 -1306164.9224  232712.3450     287.8851      55.9738
400001972 300000493                                         5812081.9155 -2522238.0841 -669073.8784 5928333.1219 -1933504.7432 -1306164.9224 6056845.8882 -1869698.6039 -639129.1082  234046.8072     282.3339      60.1437
400001973 300000494                                         5201899.7171 -2600949.8585 -2600949.8585 5468063.2517 -1976963.3461 -2604139.2443 5468063.2517 -2604139.2443 -1976963.3461  228300.1373     267.3065      65.7402
400001974 300000494                                         5672228.9398 -1330561.6814 -2577802.4491 5727370.1528 -1973179.1775 -1973179.1775 5468063.2517 -1976963.3461 -2604139.2443  229212.6770     270.9303      61.9279
400001975 300000494                                         5672228.9398 -2577802.4491 -1330561.6814 5468063.2517 -2604139.2443 -1976963.3461 5727370.1528 -1973179.1775 -1973179.1775  229212.6770     280.0042      59.0177
400001976 300000494                                         5468063.2517 -1976963.3461 -2604139.2443 5727370.1528 -1973179.1775 -1973179.1775 5468063.2517 -2604139.2443 -1976963.3461  230526.8451     273.5215      62.7854
400001977 300000495                                         5886036.5016       0.0000 -2438076.1476 6056845.8882 -639129.1082 -1869698.6039 5812081.9155 -669073.8784 -2522238.0841  232651.5371     278.2349      64.8697
400001978 300000495                                         6114140.2800 -1266279.9131 -1266279.9131 5928333.1219 -1306164.9224 -1933504.7432 6056845.8882 -639129.1082 -1869698.6039  232712.3450     286.2953      60.6706
400001979 300000495                                         5672228.9398 -1330561.6814 -2577802.4491 5812081.9155 -669073.8784 -2522238.0841 5928333.1219 -1306164.9224 -1933504.7432  231845.9895     275.5313      58.3548
400001980 300000495                                         6056845.8882 -639129.1082 -1869698.6039 5928333.1219 -1306164.9224 -1933504.7432 5812081.9155 -669073.8784 -2522238.0841  234046.8072     280.3903      61.3470
400001981 300000496                                         5672228.9398 -2577802.4491 -1330561.6814 5727370.1528 -1973179.1775 -1973179.1775 5928333.1219 -1933504.7432 -1306164.9224  238189.0310     283.9445      58.2472
400001982 300000496                                         5672228.9398 -1330561.6814 -2577802.4491 5928333.1219 -1306164.9224 -1933504.7432 5727370.1528 -1973179.1775 -1973179.1775  238189.0310     277.9697      55.6543
400001983 300000496                                         6114140.2800 -1266279.9131 -1266279.9131 5928333.1219 -1933504.7432 -1306164.9224 5928333.1219 -1306164.9224 -1933504.7432  237302.7613     287.2306      55.4461
400001984 300000496                                         5727370.1528 -1973179.1775 -1973179.1775 5928333.1219 -1306164.9224 -1933504.7432 5928333.1219 -1933504.7432 -1306164.9224  239617.8861     284.1271      55.3655
400001985 300000497                                               0.0000 -4504977.3029 -4504977.3029  678984.1624 -4126944.5164 -4805928.6788  678984.1624 -4805928.6788 -4126944.5164  328324.9483     217.7802      59.2454
400001986 300000497                                         1346350.7175 -3678298.5650 -5024649.2825 1361638.6226 -4400885.2099 -4400885.2099  678984.1624 -4126944.5164 -4805928.6788  329212.3599     203.2836      57.1490
400001987 300000497                                         1346350.7175 -5024649.2825 -3678298.5650  678984.1624 -4805928.6788 -4126944.5164 1361638.6226 -4400885.2099 -4400885.2099  329212.3599     224.7025      65.9957
400001988 300000497                                          678984.1624 -4126944.5164 -4805928.6788 1361638.6226 -4400885.2099 -4400885.2099  678984.1624 -4805928.6788 -4126944.5164  332074.9378     216.9934      59.8257
400001989 300000498                                         2600949.8585 -2600949.8585 -5201899.7171 2687534.5848 -3374031.3064 -4688572.4479 1990680.8386 -3166715.9053 -5157396.7439  331958.1435     207.6626      43.7345
400001990 300000498                                         2716603.5278 -4074905.2917 -4074905.2917 2050103.9020 -3912146.8074 -4591494.5659 2687534.5848 -3374031.3064 -4688572.4479  332135.9111     221.0305      49.3381
400001991 300000498                                         1346350.7175 -3678298.5650 -5024649.2825 1990680.8386 -3166715.9053 -5157396.7439 2050103.9020 -3912146.8074 -4591494.5659  331417.2039     211.2715      39.8921
400001992 300000498                                         2687534.5848 -3374031.3064 -4688572.4479 2050103.9020 -3912146.8074 -4591494.5659 1990680.8386 -3166715.9053 -5157396.7439  335024.3025     213.6705      44.6166
400001993 300000499                                         2600949.8585 -5201899.7171 -2600949.8585 1990680.8386 -5157396.7439 -3166715.9053 2687534.5848 -4688572.4479 -3374031.3064  331958.1435     256.0597      75.7675
400001994 300000499                                         1346350.7175 -5024649.2825 -3678298.5650 2050103.9020 -4591494.5659 -3912146.8074 1990680.8386 -5157396.7439 -3166715.9053  331417.2039     228.6877      68.4701
400001995 300000499                                         2716603.5278 -4074905.2917 -4074905.2917 2687534.5848 -4688572.4479 -3374031.3064 2050103.9020 -4591494.5659 -3912146.8074  332135.9111     229.9016      66.4825
400001996 300000499                                         1990680.8386 -5157396.7439 -3166715.9053 2050103.9020 -4591494.5659 -3912146.8074 2687534.5848 -4688572.4479 -3374031.3064  335024.3025     240.0333      66.7667
400001997 300000500                                         1346350.7175 -3678298.5650 -5024649.2825 2050103.9020 -3912146.8074 -4591494.5659 1361638.6226 -4400885.2099 -4400885.2099  344128.0612     210.1881      45.8442
400001998 300000500                                         2716603.5278 -4074905.2917 -4074905.2917 2050103.9020 -4591494.5659 -3912146.8074 2050103.9020 -3912146.8074 -4591494.5659  343384.2298     224.5793      52.4298
400001999 300000500                                         1346350.7175 -5024649.2825 -3678298.5650 1361638.6226 -4400885.2099 -4400885.2099 2050103.9020 -4591494.5659 -3912146.8074  344128.0612     219.5064      65.8883
400002000 300000500                                         2050103.9020 -3912146.8074 -4591494.5659 2050103.9020 -4591494.5659 -3912146.8074 1361638.6226 -4400885.2099 -4400885.2099  347308.3434     216.3686      52.7768
400002001 300000501                                         4504977.3029       0.0000 -4504977.3029 4805928.6788 -678984.1624 -4126944.5164 4126944.5164 -678984.1624 -4805928.6788  328324.9483     212.0033      62.7946
400002002 300000501                                         5024649.2825 -1346350.7175 -3678298.5650 4400885.2099 -1361638.6226 -4400885.2099 4805928.6788 -678984.1624 -4126944.5164  329212.3599     220.7625      70.5285
400002003 300000501                                         3678298.5650 -1346350.7175 -5024649.2825 4126944.5164 -678984.1624 -4805928.6788 4400885.2099 -1361638.6226 -4400885.2099  329212.3599     208.7396      56.0280
400002004 300000501                                         4805928.6788 -678984.1624 -4126944.5164 4400885.2099 -1361638.6226 -4400885.2099 4126944.5164 -678984.1624 -4805928.6788  332074.9378     213.7952      63.3270
400002005 300000502                                         5201899.7171 -2600949.8585 -2600949.8585 4688572.4479 -2687534.5848 -3374031.3064 5157396.7439 -1990680.8386 -3166715.9053  331958.1435     252.1206      67.8523
400002006 300000502                                         4074905.2917 -2716603.5278 -4074905.2917 4591494.5659 -2050103.9020 -3912146.8074 4688572.4479 -2687534.5848 -3374031.3064  332135.9111     230.1697      70.5401
400002007 300000502                                         5024649.2825 -1346350.7175 -3678298.5650 5157396.7439 -1990680.8386 -3166715.9053 4591494.5659 -2050103.9020 -3912146.8074  331417.2039     234.8926      70.7767
400002008 300000502                                         4688572.4479 -2687534.5848 -3374031.3064 4591494.5659 -2050103.9020 -3912146.8074 5157396.7439 -1990680.8386 -3166715.9053  335024.3025     238.8177      69.9765
400002009 300000503                                         2600949.8585 -2600949.8585 -5201899.7171 3166715.9053 -1990680.8386 -5157396.7439 3374031.3064 -2687534.5848 -4688572.4479  331958.1435     205.7810      45.6317
400002010 300000503                                         3678298.5650 -1346350.7175 -5024649.2825 3912146.8074 -2050103.9020 -4591494.5659 3166715.9053 -1990680.8386 -5157396.7439  331417.2039     206.4516      50.6430
400002011 300000503                                         4074905.2917 -2716603.5278 -4074905.2917 3374031.3064 -2687534.5848 -4688572.4479 3912146.8074 -2050103.9020 -4591494.5659  332135.9111     217.5491      60.5727
400002012 300000503                                         3166715.9053 -1990680.8386 -5157396.7439 3912146.8074 -2050103.9020 -4591494.5659 3374031.3064 -2687534.5848 -4688572.4479  335024.3025     209.9153      52.7241
400002013 300000504                                         5024649.2825 -1346350.7175 -3678298.5650 4591494.5659 -2050103.9020 -3912146.8074 4400885.2099 -1361638.6226 -4400885.2099  344128.0612     223.0330      69.3930
400002014 300000504                                         4074905.2917 -2716603.5278 -4074905.2917 3912146.8074 -2050103.9020 -4591494.5659 4591494.5659 -2050103.9020 -3912146.8074  343384.2298     220.2801      66.7828
400002015 300000504                                         3678298.5650 -1346350.7175 -5024649.2825 4400885.2099 -1361638.6226 -4400885.2099 3912146.8074 -2050103.9020 -4591494.5659  344128.0612     210.5387      58.1711
400002016 300000504                                         4591494.5659 -2050103.9020 -3912146.8074 3912146.8074 -2050103.9020 -4591494.5659 4400885.2099 -1361638.6226 -4400885.2099  347308.3434     216.9472      66.0032
400002017 300000505                                         4504977.3029 -4504977.3029       0.0000 4126944.5164 -4805928.6788 -678984.1624 4805928.6788 -4126944.5164 -678984.1624  328324.9483     239.2317     105.0875
400002018 300000505                                         3678298.5650 -5024649.2825 -1346350.7175 4400885.2099 -4400885.2099 -1361638.6226 4126944.5164 -4805928.6788 -678984.1624  329212.3599     256.8195      82.8838
400002019 300000505                                         5024649.2825 -3678298.5650 -1346350.7175 4805928.6788 -4126944.5164 -678984.1624 4400885.2099 -4400885.2099 -1361638.6226  329212.3599     267.2945      99.4366
400002020 300000505                                         4126944.5164 -4805928.6788 -678984.1624 4400885.2099 -4400885.2099 -1361638.6226 4805928.6788 -4126944.5164 -678984.1624  332074.9378     257.9320      87.7912
400002021 300000506                                         2600949.8585 -5201899.7171 -2600949.8585 3374031.3064 -4688572.4479 -2687534.5848 3166715.9053 -5157396.7439 -1990680.8386  331958.1435     262.6172      87.1970
400002022 300000506                                         4074905.2917 -4074905.2917 -2716603.5278 3912146.8074 -4591494.5659 -2050103.9020 3374031.3064 -4688572.4479 -2687534.5848  332135.9111     257.9719      80.4446
400002023 300000506                                         3678298.5650 -5024649.2825 -1346350.7175 3166715.9053 -5157396.7439 -1990680.8386 3912146.8074 -4591494.5659 -2050103.9020  331417.2039     266.3874      74.4362
400002024 300000506                                         3374031.3064 -4688572.4479 -2687534.5848 3912146.8074 -4591494.5659 -2050103.9020 3166715.9053 -5157396.7439 -1990680.8386  335024.3025     262.2272      79.7170
400002025 300000507                                         5201899.7171 -2600949.8585 -2600949.8585 5157396.7439 -3166715.9053 -1990680.8386 4688572.4479 -3374031.3064 -2687534.5848  331958.1435     266.8005      62.2270
400002026 300000507                                         5024649.2825 -3678298.5650 -1346350.7175 4591494.5659 -3912146.8074 -2050103.9020 5157396.7439 -3166715.9053 -1990680.8386  331417.2039     271.7804      61.3050
400002027 300000507                                         4074905.2917 -4074905.2917 -2716603.5278 4688572.4479 -3374031.3064 -2687534.5848 4591494.5659 -3912146.8074 -2050103.9020  332135.9111     265.4236      67.1326
400002028 300000507                                         5157396.7439 -3166715.9053 -1990680.8386 4591494.5659 -3912146.8074 -2050103.9020 4688572.4479 -3374031.3064 -2687534.5848  335024.3025     269.7952      60.4564
400002029 300000508                                         3678298.5650 -5024649.2825 -1346350.7175 3912146.8074 -4591494.5659 -2050103.9020 4400885.2099 -4400885.2099 -1361638.6226  344128.0612     268.6556      70.4397
400002030 300000508                                         4074905.2917 -4074905.2917 -2716603.5278 4591494.5659 -3912146.8074 -2050103.9020 3912146.8074 -4591494.5659 -2050103.9020  343384.2298     262.6557      80.5317
400002031 300000508                                         5024649.2825 -3678298.5650 -1346350.7175 4400885.2099 -4400885.2099 -1361638.6226 4591494.5659 -3912146.8074 -2050103.9020  344128.0612     268.1203      92.3656
400002032 300000508                                         3912146.8074 -4591494.5659 -2050103.9020 4591494.5659 -3912146.8074 -2050103.9020 4400885.2099 -4400885.2099 -1361638.6226  347308.3434     268.5120      77.2543
400002033 300000509                                         2600949.8585 -2600949.8585 -5201899.7171 3374031.3064 -2687534.5848 -4688572.4479 2687534.5848 -3374031.3064 -4688572.4479  387995.8446     210.6307      49.2770
400002034 300000509                                         4074905.2917 -2716603.5278 -4074905.2917 3435012.9904 -3435012.9904 -4122015.5885 3374031.3064 -2687534.5848 -4688572.4479  388281.7658     221.6009      60.9980
400002035 300000509                                         2716603.5278 -4074905.2917 -4074905.2917 2687534.5848 -3374031.3064 -4688572.4479 3435012.9904 -3435012.9904 -4122015.5885  388281.7658     224.9033      54.8323
400002036 300000509                                         3374031.3064 -2687534.5848 -4688572.4479 3435012.9904 -3435012.9904 -4122015.5885 2687534.5848 -3374031.3064 -4688572.4479  392517.4362     219.5365      55.5148
400002037 300000510                                         5201899.7171 -2600949.8585 -2600949.8585 4688572.4479 -3374031.3064 -2687534.5848 4688572.4479 -2687534.5848 -3374031.3064  387995.8446     256.9643      64.6262
400002038 300000510                                         4074905.2917 -4074905.2917 -2716603.5278 4122015.5885 -3435012.9904 -3435012.9904 4688572.4479 -3374031.3064 -2687534.5848  388281.7658     254.8622      64.8087
400002039 300000510                                         4074905.2917 -2716603.5278 -4074905.2917 4688572.4479 -2687534.5848 -3374031.3064 4122015.5885 -3435012.9904 -3435012.9904  388281.7658     235.2425      69.8216
400002040 300000510                                         4688572.4479 -3374031.3064 -2687534.5848 4122015.5885 -3435012.9904 -3435012.9904 4688572.4479 -2687534.5848 -3374031.3064  392517.4362     248.0043      67.4164
400002041 300000511                                         2600949.8585 -5201899.7171 -2600949.8585 2687534.5848 -4688572.4479 -3374031.3064 3374031.3064 -4688572.4479 -2687534.5848  387995.8446     256.6363      81.0751
400002042 300000511                                         2716603.5278 -4074905.2917 -4074905.2917 3435012.9904 -4122015.5885 -3435012.9904 2687534.5848 -4688572.4479 -3374031.3064  388281.7658     236.6945      66.6195
400002043 300000511                                         4074905.2917 -4074905.2917 -2716603.5278 3374031.3064 -4688572.4479 -2687534.5848 3435012.9904 -4122015.5885 -3435012.9904  388281.7658     246.1570      80.6439
400002044 300000511                                         2687534.5848 -4688572.4479 -3374031.3064 3435012.9904 -4122015.5885 -3435012.9904 3374031.3064 -4688572.4479 -2687534.5848  392517.4362     244.7491      80.2112
400002045 300000512                                         4074905.2917 -2716603.5278 -4074905.2917 4122015.5885 -3435012.9904 -3435012.9904 3435012.9904 -3435012.9904 -4122015.5885  405996.4825     230.5480      66.9304
400002046 300000512                                         4074905.2917 -4074905.2917 -2716603.5278 3435012.9904 -4122015.5885 -3435012.9904 4122015.5885 -3435012.9904 -3435012.9904  405996.4825     245.4066      67.7278
400002047 300000512                                         2716603.5278 -4074905.2917 -4074905.2917 3435012.9904 -3435012.9904 -4122015.5885 3435012.9904 -4122015.5885 -3435012.9904  405996.4825     232.1602      60.9704
400002048 300000512                                         4122015.5885 -3435012.9904 -3435012.9904 3435012.9904 -4122015.5885 -3435012.9904 3435012.9904 -3435012.9904 -4122015.5885  410731.3740     235.8801      65.1696
