400000001 300000001                                               0.0000       0.0000 6371000.0000  624467.2010       0.0000 6340321.8936       0.0000  624467.2010 6340321.8936  195921.5441     187.2940       0.5662
400000002 300000001                                         1242920.4416       0.0000 6248583.0214  627459.2093  627459.2093 6308900.9250  624467.2010       0.0000 6340321.8936  196860.2699     190.2379       3.5729
400000003 300000001                                               0.0000 1242920.4416 6248583.0214       0.0000  624467.2010 6340321.8936  627459.2093  627459.2093 6308900.9250  196860.2699     192.5569       3.4433
400000004 300000001                                          624467.2010       0.0000 6340321.8936  627459.2093  627459.2093 6308900.9250       0.0000  624467.2010 6340321.8936  197817.4310     189.0031       1.4372
400000005 300000002                                         2438076.1476       0.0000 5886036.5016 1869698.6039  639129.1082 6056845.8882 1849403.6788       0.0000 6096666.8789  200521.8161     206.2674      29.6327
400000006 300000002                                         1266279.9131 1266279.9131 6114140.2800 1260914.7366  636326.6289 6212473.2151 1869698.6039  639129.1082 6056845.8882  200560.6406     203.3811      19.4373
400000007 300000002                                         1242920.4416       0.0000 6248583.0214 1849403.6788       0.0000 6096666.8789 1260914.7366  636326.6289 6212473.2151  199642.5528     199.4890      13.7447
400000008 300000002                                         1869698.6039  639129.1082 6056845.8882 1260914.7366  636326.6289 6212473.2151 1849403.6788       0.0000 6096666.8789  201535.9727     203.1136      19.9923
400000009 300000003                                               0.0000 2438076.1476 5886036.5016       0.0000 1849403.6788 6096666.8789  639129.1082 1869698.6039 6056845.8882  200521.8161     193.8505      33.2875
400000010 300000003                                               0.0000 1242920.4416 6248583.0214  636326.6289 1260914.7366 6212473.2151       0.0000 1849403.6788 6096666.8789  199642.5528     196.5887      13.8947
400000011 300000003                                         1266279.9131 1266279.9131 6114140.2800  639129.1082 1869698.6039 6056845.8882  636326.6289 1260914.7366 6212473.2151  200560.6406     198.1944      19.4250
400000012 300000003                                               0.0000 1849403.6788 6096666.8789  636326.6289 1260914.7366 6212473.2151  639129.1082 1869698.6039 6056845.8882  201535.9727     197.8592      20.1647
400000013 300000004                                         1242920.4416       0.0000 6248583.0214 1260914.7366  636326.6289 6212473.2151  627459.2093  627459.2093 6308900.9250  204548.8197     194.4484       6.7949
400000014 300000004                                         1266279.9131 1266279.9131 6114140.2800  636326.6289 1260914.7366 6212473.2151 1260914.7366  636326.6289 6212473.2151  203612.8458     200.2958      14.4014
400000015 300000004                                               0.0000 1242920.4416 6248583.0214  627459.2093  627459.2093 6308900.9250  636326.6289 1260914.7366 6212473.2151  204548.8197     194.9525       6.9693
400000016 300000004                                         1260914.7366  636326.6289 6212473.2151  636326.6289 1260914.7366 6212473.2151  627459.2093  627459.2093 6308900.9250  205583.5447     197.2233       8.0391
400000017 300000005                                         4504977.3029       0.0000 4504977.3029 4126944.5164  678984.1624 4805928.6788 4041719.6134       0.0000 4924849.5984  213029.7505     228.5472      83.8315
400000018 300000005                                         3678298.5650 1346350.7175 5024649.2825 3630292.7893  677162.3725 5191537.9595 4126944.5164  678984.1624 4805928.6788  213259.5913     225.4943      75.1848
400000019 300000005                                         3539537.9546       0.0000 5297292.9000 4041719.6134       0.0000 4924849.5984 3630292.7893  677162.3725 5191537.9595  212458.1628     224.8188      68.5204
400000020 300000005                                         4126944.5164  678984.1624 4805928.6788 3630292.7893  677162.3725 5191537.9595 4041719.6134       0.0000 4924849.5984  214297.3599     226.0661      77.4953
400000021 300000006                                         2600949.8585 2600949.8585 5201899.7171 2604139.2443 1976963.3461 5468063.2517 3166715.9053 1990680.8386 5157396.7439  213953.8407     214.7846      74.3165
400000022 300000006                                         2577802.4491 1330561.6814 5672228.9398 3143878.6287 1345228.8674 5375502.5311 2604139.2443 1976963.3461 5468063.2517  213196.7862     214.2614      61.5940
400000023 300000006                                         3678298.5650 1346350.7175 5024649.2825 3166715.9053 1990680.8386 5157396.7439 3143878.6287 1345228.8674 5375502.5311  213817.3983     221.7014      73.7424
400000024 300000006                                         2604139.2443 1976963.3461 5468063.2517 3143878.6287 1345228.8674 5375502.5311 3166715.9053 1990680.8386 5157396.7439  215042.4187     215.8462      71.3514
400000025 300000007                                         2438076.1476       0.0000 5886036.5016 3003268.6103       0.0000 5618720.3752 2522238.0841  669073.8784 5812081.9155  209920.2574     211.6938      44.9658
400000026 300000007                                         3539537.9546       0.0000 5297292.9000 3085738.1156  671168.2896 5533298.6915 3003268.6103       0.0000 5618720.3752  210577.3796     214.7781      59.8285
400000027 300000007                                         2577802.4491 1330561.6814 5672228.9398 2522238.0841  669073.8784 5812081.9155 3085738.1156  671168.2896 5533298.6915  210758.2000     211.0128      48.4842
400000028 300000007                                         3003268.6103       0.0000 5618720.3752 3085738.1156  671168.2896 5533298.6915 2522238.0841  669073.8784 5812081.9155  211783.6604     207.9510      53.1008
400000029 300000008                                         3678298.5650 1346350.7175 5024649.2825 3143878.6287 1345228.8674 5375502.5311 3630292.7893  677162.3725 5191537.9595  217445.2803     225.4738      66.1076
400000030 300000008                                         2577802.4491 1330561.6814 5672228.9398 3085738.1156  671168.2896 5533298.6915 3143878.6287 1345228.8674 5375502.5311  218077.9738     217.6799      54.7928
400000031 300000008                                         3539537.9546       0.0000 5297292.9000 3630292.7893  677162.3725 5191537.9595 3085738.1156  671168.2896 5533298.6915  218265.1507     221.7734      61.9286
400000032 300000008                                         3143878.6287 1345228.8674 5375502.5311 3085738.1156  671168.2896 5533298.6915 3630292.7893  677162.3725 5191537.9595  219375.9096     221.3379      60.7485
400000033 300000009                                               0.0000 4504977.3029 4504977.3029       0.0000 4041719.6134 4924849.5984  678984.1624 4126944.5164 4805928.6788  213029.7505     218.9471      79.8529
400000034 300000009                                               0.0000 3539537.9546 5297292.9000  677162.3725 3630292.7893 5191537.9595       0.0000 4041719.6134 4924849.5984  212458.1628     206.9642      78.1202
400000035 300000009                                         1346350.7175 3678298.5650 5024649.2825  678984.1624 4126944.5164 4805928.6788  677162.3725 3630292.7893 5191537.9595  213259.5913     220.4774      71.5852
400000036 300000009                                               0.0000 4041719.6134 4924849.5984  677162.3725 3630292.7893 5191537.9595  678984.1624 4126944.5164 4805928.6788  214297.3599     213.3388      77.6795
400000037 300000010                                               0.0000 2438076.1476 5886036.5016  669073.8784 2522238.0841 5812081.9155       0.0000 3003268.6103 5618720.3752  209920.2574     194.5658      51.7749
400000038 300000010                                         1330561.6814 2577802.4491 5672228.9398  671168.2896 3085738.1156 5533298.6915  669073.8784 2522238.0841 5812081.9155  210758.2000     199.7869      56.1330
400000039 300000010                                               0.0000 3539537.9546 5297292.9000       0.0000 3003268.6103 5618720.3752  671168.2896 3085738.1156 5533298.6915  210577.3796     201.5376      64.7857
400000040 300000010                                          669073.8784 2522238.0841 5812081.9155  671168.2896 3085738.1156 5533298.6915       0.0000 3003268.6103 5618720.3752  211783.6604     197.7612      58.9738
400000041 300000011                                         2600949.8585 2600949.8585 5201899.7171 1990680.8386 3166715.9053 5157396.7439 1976963.3461 2604139.2443 5468063.2517  213953.8407     213.0135      75.3979
400000042 300000011                                         1346350.7175 3678298.5650 5024649.2825 1345228.8674 3143878.6287 5375502.5311 1990680.8386 3166715.9053 5157396.7439  213817.3983     215.3415      70.3544
400000043 300000011                                         1330561.6814 2577802.4491 5672228.9398 1976963.3461 2604139.2443 5468063.2517 1345228.8674 3143878.6287 5375502.5311  213196.7862     205.1725      62.3015
400000044 300000011                                         1990680.8386 3166715.9053 5157396.7439 1345228.8674 3143878.6287 5375502.5311 1976963.3461 2604139.2443 5468063.2517  215042.4187     210.4384      71.9104
400000045 300000012                                               0.0000 3539537.9546 5297292.9000  671168.2896 3085738.1156 5533298.6915  677162.3725 3630292.7893 5191537.9595  218265.1507     207.0189      70.1957
400000046 300000012                                         1330561.6814 2577802.4491 5672228.9398 1345228.8674 3143878.6287 5375502.5311  671168.2896 3085738.1156 5533298.6915  218077.9738     206.0450      60.0087
400000047 300000012                                         1346350.7175 3678298.5650 5024649.2825  677162.3725 3630292.7893 5191537.9595 1345228.8674 3143878.6287 5375502.5311  217445.2803     215.8380      69.3272
400000048 300000012                                          671168.2896 3085738.1156 5533298.6915 1345228.8674 3143878.6287 5375502.5311  677162.3725 3630292.7893 5191537.9595  219375.9096     209.6676      67.8376
400000049 300000013                                         2438076.1476       0.0000 5886036.5016 2522238.0841  669073.8784 5812081.9155 1869698.6039  639129.1082 6056845.8882  232651.5371     208.1462      35.8162
400000050 300000013                                         2577802.4491 1330561.6814 5672228.9398 1933504.7432 1306164.9224 5928333.1219 2522238.0841  669073.8784 5812081.9155  231845.9895     207.4089      43.6858
400000051 300000013                                         1266279.9131 1266279.9131 6114140.2800 1869698.6039  639129.1082 6056845.8882 1933504.7432 1306164.9224 5928333.1219  232712.3450     203.8246      27.6787
400000052 300000013                                         2522238.0841  669073.8784 5812081.9155 1933504.7432 1306164.9224 5928333.1219 1869698.6039  639129.1082 6056845.8882  234046.8072     201.0219      36.1579
400000053 300000014                                         2600949.8585 2600949.8585 5201899.7171 1976963.3461 2604139.2443 5468063.2517 2604139.2443 1976963.3461 5468063.2517  228300.1373     211.4818      72.3668
400000054 300000014                                         1330561.6814 2577802.4491 5672228.9398 1973179.1775 1973179.1775 5727370.1528 1976963.3461 2604139.2443 5468063.2517  229212.6770     204.4031      60.3464
400000055 300000014                                         2577802.4491 1330561.6814 5672228.9398 2604139.2443 1976963.3461 5468063.2517 1973179.1775 1973179.1775 5727370.1528  229212.6770     210.6681      57.0329
400000056 300000014                                         1976963.3461 2604139.2443 5468063.2517 1973179.1775 1973179.1775 5727370.1528 2604139.2443 1976963.3461 5468063.2517  230526.8451     208.4523      63.8848
400000057 300000015                                               0.0000 2438076.1476 5886036.5016  639129.1082 1869698.6039 6056845.8882  669073.8784 2522238.0841 5812081.9155  232651.5371     196.1092      41.1328
400000058 300000015                                         1266279.9131 1266279.9131 6114140.2800 1306164.9224 1933504.7432 5928333.1219  639129.1082 1869698.6039 6056845.8882  232712.3450     201.6814      28.0402
400000059 300000015                                         1330561.6814 2577802.4491 5672228.9398  669073.8784 2522238.0841 5812081.9155 1306164.9224 1933504.7432 5928333.1219  231845.9895     196.8740      48.2717
400000060 300000015                                          639129.1082 1869698.6039 6056845.8882 1306164.9224 1933504.7432 5928333.1219  669073.8784 2522238.0841 5812081.9155  234046.8072     198.7430      38.7340
400000061 300000016                                         2577802.4491 1330561.6814 5672228.9398 1973179.1775 1973179.1775 5727370.1528 1933504.7432 1306164.9224 5928333.1219  238189.0310     208.7135      46.4173
400000062 300000016                                         1330561.6814 2577802.4491 5672228.9398 1306164.9224 1933504.7432 5928333.1219 1973179.1775 1973179.1775 5727370.1528  238189.0310     202.0278      50.0407
400000063 300000016                                         1266279.9131 1266279.9131 6114140.2800 1933504.7432 1306164.9224 5928333.1219 1306164.9224 1933504.7432 5928333.1219  237302.7613     204.3833      31.5600
400000064 300000016                                         1973179.1775 1973179.1775 5727370.1528 1306164.9224 1933504.7432 5928333.1219 1933504.7432 1306164.9224 5928333.1219  239617.8861     205.2472      42.1303
400000065 300000017                                         6371000.0000       0.0000       0.0000 6340321.8936  624467.2010       0.0000 6340321.8936       0.0000  624467.2010  195921.5441     251.5368     102.0969
400000066 300000017                                         6248583.0214 1242920.4416       0.0000 6308900.9250  627459.2093  627459.2093 6340321.8936  624467.2010       0.0000  196860.2699     224.3140     147.9274
400000067 300000017                                         6248583.0214       0.0000 1242920.4416 6340321.8936       0.0000  624467.2010 6308900.9250  627459.2093  627459.2093  196860.2699     234.0461     117.2639
400000068 300000017                                         6340321.8936  624467.2010       0.0000 6308900.9250  627459.2093  627459.2093 6340321.8936       0.0000  624467.2010  197817.4310     235.9761     115.3069
400000069 300000018                                         5886036.5016 2438076.1476       0.0000 6056845.8882 1869698.6039  639129.1082 6096666.8789 1849403.6788       0.0000  200521.8161     213.0014     136.2359
400000070 300000018                                         6114140.2800 1266279.9131 1266279.9131 6212473.2151 1260914.7366  636326.6289 6056845.8882 1869698.6039  639129.1082  200560.6406     223.3801     112.7727
400000071 300000018                                         6248583.0214 1242920.4416       0.0000 6096666.8789 1849403.6788       0.0000 6212473.2151 1260914.7366  636326.6289  199642.5528     213.8902     143.4157
400000072 300000018                                         6056845.8882 1869698.6039  639129.1082 6212473.2151 1260914.7366  636326.6289 6096666.8789 1849403.6788       0.0000  201535.9727     213.3487     131.1303
400000073 300000019                                         5886036.5016       0.0000 2438076.1476 6096666.8789       0.0000 1849403.6788 6056845.8882  639129.1082 1869698.6039  200521.8161     287.3257     116.8156
400000074 300000019                                         6248583.0214       0.0000 1242920.4416 6212473.2151  636326.6289 1260914.7366 6096666.8789       0.0000 1849403.6788  199642.5528     267.8392      99.8617
400000075 300000019                                         6114140.2800 1266279.9131 1266279.9131 6056845.8882  639129.1082 1869698.6039 6212473.2151  636326.6289 1260914.7366  200560.6406     270.0237     111.0580
400000076 300000019                                         6096666.8789       0.0000 1849403.6788 6212473.2151  636326.6289 1260914.7366 6056845.8882  639129.1082 1869698.6039  201535.9727     282.2056     112.1456
400000077 300000020                                         6248583.0214 1242920.4416       0.0000 6212473.2151 1260914.7366  636326.6289 6308900.9250  627459.2093  627459.2093  204548.8197     210.4686     155.7819
400000078 300000020                                         6114140.2800 1266279.9131 1266279.9131 6212473.2151  636326.6289 1260914.7366 6212473.2151 1260914.7366  636326.6289  203612.8458     233.5276     109.2438
400000079 300000020                                         6248583.0214       0.0000 1242920.4416 6308900.9250  627459.2093  627459.2093 6212473.2151  636326.6289 1260914.7366  204548.8197     237.0092     110.1992
400000080 300000020                                         6212473.2151 1260914.7366  636326.6289 6212473.2151  636326.6289 1260914.7366 6308900.9250  627459.2093  627459.2093  205583.5447     220.9394     128.3036
400000081 300000021                                         4504977.3029 4504977.3029       0.0000 4805928.6788 4126944.5164  678984.1624 4924849.5984 4041719.6134       0.0000  213029.7505     267.3290     126.0222
400000082 300000021                                         5024649.2825 3678298.5650 1346350.7175 5191537.9595 3630292.7893  677162.3725 4805928.6788 4126944.5164  678984.1624  213259.5913     248.1529     106.0630
400000083 300000021                                         5297292.9000 3539537.9546       0.0000 4924849.5984 4041719.6134       0.0000 5191537.9595 3630292.7893  677162.3725  212458.1628     257.0338     104.5727
400000084 300000021                                         4805928.6788 4126944.5164  678984.1624 5191537.9595 3630292.7893  677162.3725 4924849.5984 4041719.6134       0.0000  214297.3599     257.5099     125.3786
400000085 300000022                                         5201899.7171 2600949.8585 2600949.8585 5468063.2517 2604139.2443 1976963.3461 5157396.7439 3166715.9053 1990680.8386  213953.8407     296.3666     125.7287
400000086 300000022                                         5672228.9398 2577802.4491 1330561.6814 5375502.5311 3143878.6287 1345228.8674 5468063.2517 2604139.2443 1976963.3461  213196.7862     282.9393     115.0750
400000087 300000022                                         5024649.2825 3678298.5650 1346350.7175 5157396.7439 3166715.9053 1990680.8386 5375502.5311 3143878.6287 1345228.8674  213817.3983     282.3483      89.3152
400000088 300000022                                         5468063.2517 2604139.2443 1976963.3461 5375502.5311 3143878.6287 1345228.8674 5157396.7439 3166715.9053 1990680.8386  215042.4187     292.2704     121.3756
400000089 300000023                                         5886036.5016 2438076.1476       0.0000 5618720.3752 3003268.6103       0.0000 5812081.9155 2522238.0841  669073.8784  209920.2574     209.2957     137.7300
400000090 300000023                                         5297292.9000 3539537.9546       0.0000 5533298.6915 3085738.1156  671168.2896 5618720.3752 3003268.6103       0.0000  210577.3796     212.5049     131.5686
400000091 300000023                                         5672228.9398 2577802.4491 1330561.6814 5812081.9155 2522238.0841  669073.8784 5533298.6915 3085738.1156  671168.2896  210758.2000     229.2305     101.6306
400000092 300000023                                         5618720.3752 3003268.6103       0.0000 5533298.6915 3085738.1156  671168.2896 5812081.9155 2522238.0841  669073.8784  211783.6604     210.0151     122.0810
400000093 300000024                                         5024649.2825 3678298.5650 1346350.7175 5375502.5311 3143878.6287 1345228.8674 5191537.9595 3630292.7893  677162.3725  217445.2803     242.1227     101.7818
400000094 300000024                                         5672228.9398 2577802.4491 1330561.6814 5533298.6915 3085738.1156  671168.2896 5375502.5311 3143878.6287 1345228.8674  218077.9738     247.0421      99.8428
400000095 300000024                                         5297292.9000 3539537.9546       0.0000 5191537.9595 3630292.7893  677162.3725 5533298.6915 3085738.1156  671168.2896  218265.1507     233.4510     109.8933
400000096 300000024                                         5375502.5311 3143878.6287 1345228.8674 5533298.6915 3085738.1156  671168.2896 5191537.9595 3630292.7893  677162.3725  219375.9096     235.8169     109.6176
400000097 300000025                                         4504977.3029       0.0000 4504977.3029 4924849.5984       0.0000 4041719.6134 4805928.6788  678984.1624 4126944.5164  213029.7505     243.0872      68.8459
400000098 300000025                                         5297292.9000       0.0000 3539537.9546 5191537.9595  677162.3725 3630292.7893 4924849.5984       0.0000 4041719.6134  212458.1628     251.8059      80.2242
400000099 300000025                                         5024649.2825 1346350.7175 3678298.5650 4805928.6788  678984.1624 4126944.5164 5191537.9595  677162.3725 3630292.7893  213259.5913     253.2932      72.3826
400000100 300000025                                         4924849.5984       0.0000 4041719.6134 5191537.9595  677162.3725 3630292.7893 4805928.6788  678984.1624 4126944.5164  214297.3599     250.2604      67.8610
400000101 300000026                                         5886036.5016       0.0000 2438076.1476 5812081.9155  669073.8784 2522238.0841 5618720.3752       0.0000 3003268.6103  209920.2574     277.3863     109.0656
400000102 300000026                                         5672228.9398 1330561.6814 2577802.4491 5533298.6915  671168.2896 3085738.1156 5812081.9155  669073.8784 2522238.0841  210758.2000     273.2869     106.6510
400000103 300000026                                         5297292.9000       0.0000 3539537.9546 5618720.3752       0.0000 3003268.6103 5533298.6915  671168.2896 3085738.1156  210577.3796     264.3677     111.4694
400000104 300000026                                         5812081.9155  669073.8784 2522238.0841 5533298.6915  671168.2896 3085738.1156 5618720.3752       0.0000 3003268.6103  211783.6604     272.5908     104.1790
400000105 300000027                                         5201899.7171 2600949.8585 2600949.8585 5157396.7439 1990680.8386 3166715.9053 5468063.2517 1976963.3461 2604139.2443  213953.8407     286.2536     124.1478
400000106 300000027                                         5024649.2825 1346350.7175 3678298.5650 5375502.5311 1345228.8674 3143878.6287 5157396.7439 1990680.8386 3166715.9053  213817.3983     267.1085      85.8695
400000107 300000027                                         5672228.9398 1330561.6814 2577802.4491 5468063.2517 1976963.3461 2604139.2443 5375502.5311 1345228.8674 3143878.6287  213196.7862     279.8816     115.6301
400000108 300000027                                         5157396.7439 1990680.8386 3166715.9053 5375502.5311 1345228.8674 3143878.6287 5468063.2517 1976963.3461 2604139.2443  215042.4187     277.5484     111.6675
400000109 300000028                                         5297292.9000       0.0000 3539537.9546 5533298.6915  671168.2896 3085738.1156 5191537.9595  677162.3725 3630292.7893  218265.1507     261.0776     108.8260
400000110 300000028                                         5672228.9398 1330561.6814 2577802.4491 5375502.5311 1345228.8674 3143878.6287 5533298.6915  671168.2896 3085738.1156  218077.9738     271.2051     115.7046
400000111 300000028                                         5024649.2825 1346350.7175 3678298.5650 5191537.9595  677162.3725 3630292.7893 5375502.5311 1345228.8674 3143878.6287  217445.2803     261.8187      86.9299
400000112 300000028                                         5533298.6915  671168.2896 3085738.1156 5375502.5311 1345228.8674 3143878.6287 5191537.9595  677162.3725 3630292.7893  219375.9096     264.8776     114.9022
400000113 300000029                                         5886036.5016 2438076.1476       0.0000 5812081.9155 2522238.0841  669073.8784 6056845.8882 1869698.6039  639129.1082  232651.5371     212.7829     132.6590
400000114 300000029                                         5672228.9398 2577802.4491 1330561.6814 5928333.1219 1933504.7432 1306164.9224 5812081.9155 2522238.0841  669073.8784  231845.9895     241.3267      95.6303
400000115 300000029                                         6114140.2800 1266279.9131 1266279.9131 6056845.8882 1869698.6039  639129.1082 5928333.1219 1933504.7432 1306164.9224  232712.3450     244.3436      96.9138
400000116 300000029                                         5812081.9155 2522238.0841  669073.8784 5928333.1219 1933504.7432 1306164.9224 6056845.8882 1869698.6039  639129.1082  234046.8072     224.8693     106.0389
400000117 300000030                                         5201899.7171 2600949.8585 2600949.8585 5468063.2517 1976963.3461 2604139.2443 5468063.2517 2604139.2443 1976963.3461  228300.1373     293.7272     128.2265
400000118 300000030                                         5672228.9398 1330561.6814 2577802.4491 5727370.1528 1973179.1775 1973179.1775 5468063.2517 1976963.3461 2604139.2443  229212.6770     291.5919     100.9990
400000119 300000030                                         5672228.9398 2577802.4491 1330561.6814 5468063.2517 2604139.2443 1976963.3461 5727370.1528 1973179.1775 1973179.1775  229212.6770     292.2715     123.4765
400000120 300000030                                         5468063.2517 1976963.3461 2604139.2443 5727370.1528 1973179.1775 1973179.1775 5468063.2517 2604139.2443 1976963.3461  230526.8451     295.3865     123.4272
400000121 300000031                                         5886036.5016       0.0000 2438076.1476 6056845.8882  639129.1082 1869698.6039 5812081.9155  669073.8784 2522238.0841  232651.5371     284.5629     118.3329
400000122 300000031                                         6114140.2800 1266279.9131 1266279.9131 5928333.1219 1306164.9224 1933504.7432 6056845.8882  639129.1082 1869698.6039  232712.3450     286.4127     131.2540
400000123 300000031                                         5672228.9398 1330561.6814 2577802.4491 5812081.9155  669073.8784 2522238.0841 5928333.1219 1306164.9224 1933504.7432  231845.9895     287.0402     125.9284
400000124 300000031                                         6056845.8882  639129.1082 1869698.6039 5928333.1219 1306164.9224 1933504.7432 5812081.9155  669073.8784 2522238.0841  234046.8072     291.0291     119.3886
400000125 300000032                                         5672228.9398 2577802.4491 1330561.6814 5727370.1528 1973179.1775 1973179.1775 5928333.1219 1933504.7432 1306164.9224  238189.0310     282.7697     109.9180
400000126 300000032                                         5672228.9398 1330561.6814 2577802.4491 5928333.1219 1306164.9224 1933504.7432 5727370.1528 1973179.1775 1973179.1775  238189.0310     294.4721     128.3302
400000127 300000032                                         6114140.2800 1266279.9131 1266279.9131 5928333.1219 1933504.7432 1306164.9224 5928333.1219 1306164.9224 1933504.7432  237302.7613     277.8727     118.0145
400000128 300000032                                         5727370.1528 1973179.1775 1973179.1775 5928333.1219 1306164.9224 1933504.7432 5928333.1219 1933504.7432 1306164.9224  239617.8861     291.6926     135.2422
400000129 300000033                                               0.0000 6371000.0000       0.0000       0.0000 6340321.8936  624467.2010  624467.2010 6340321.8936       0.0000  195921.5441     214.0483     111.5158
400000130 300000033                                               0.0000 6248583.0214 1242920.4416  627459.2093 6308900.9250  627459.2093       0.0000 6340321.8936  624467.2010  196860.2699     220.7031     104.9651
400000131 300000033                                         1242920.4416 6248583.0214       0.0000  624467.2010 6340321.8936       0.0000  627459.2093 6308900.9250  627459.2093  196860.2699     220.2119     108.7478
400000132 300000033                                               0.0000 6340321.8936  624467.2010  627459.2093 6308900.9250  627459.2093  624467.2010 6340321.8936       0.0000  197817.4310     218.8322     107.1683
400000133 300000034                                               0.0000 5886036.5016 2438076.1476  639129.1082 6056845.8882 1869698.6039       0.0000 6096666.8789 1849403.6788  200521.8161     248.0957      87.3858
400000134 300000034                                         1266279.9131 6114140.2800 1266279.9131  636326.6289 6212473.2151 1260914.7366  639129.1082 6056845.8882 1869698.6039  200560.6406     235.1873      97.0984
400000135 300000034                                               0.0000 6248583.0214 1242920.4416       0.0000 6096666.8789 1849403.6788  636326.6289 6212473.2151 1260914.7366  199642.5528     237.3882      85.8690
400000136 300000034                                          639129.1082 6056845.8882 1869698.6039  636326.6289 6212473.2151 1260914.7366       0.0000 6096666.8789 1849403.6788  201535.9727     241.1612      84.7654
400000137 300000035                                         2438076.1476 5886036.5016       0.0000 1849403.6788 6096666.8789       0.0000 1869698.6039 6056845.8882  639129.1082  200521.8161     232.7368     101.8311
400000138 300000035                                         1242920.4416 6248583.0214       0.0000 1260914.7366 6212473.2151  636326.6289 1849403.6788 6096666.8789       0.0000  199642.5528     227.1788     106.0433
400000139 300000035                                         1266279.9131 6114140.2800 1266279.9131 1869698.6039 6056845.8882  639129.1082 1260914.7366 6212473.2151  636326.6289  200560.6406     225.5833     103.1809
400000140 300000035                                         1849403.6788 6096666.8789       0.0000 1260914.7366 6212473.2151  636326.6289 1869698.6039 6056845.8882  639129.1082  201535.9727     230.8432     100.8472
400000141 300000036                                               0.0000 6248583.0214 1242920.4416  636326.6289 6212473.2151 1260914.7366  627459.2093 6308900.9250  627459.2093  204548.8197     228.5173      95.3886
400000142 300000036                                         1266279.9131 6114140.2800 1266279.9131 1260914.7366 6212473.2151  636326.6289  636326.6289 6212473.2151 1260914.7366  203612.8458     226.9332      99.4719
400000143 300000036                                         1242920.4416 6248583.0214       0.0000  627459.2093 6308900.9250  627459.2093 1260914.7366 6212473.2151  636326.6289  204548.8197     225.7813     103.2719
400000144 300000036                                          636326.6289 6212473.2151 1260914.7366 1260914.7366 6212473.2151  636326.6289  627459.2093 6308900.9250  627459.2093  205583.5447     229.1492      94.4536
400000145 300000037                                               0.0000 4504977.3029 4504977.3029  678984.1624 4805928.6788 4126944.5164       0.0000 4924849.5984 4041719.6134  213029.7505     247.1393      70.8734
400000146 300000037                                         1346350.7175 5024649.2825 3678298.5650  677162.3725 5191537.9595 3630292.7893  678984.1624 4805928.6788 4126944.5164  213259.5913     231.4574      91.4882
400000147 300000037                                               0.0000 5297292.9000 3539537.9546       0.0000 4924849.5984 4041719.6134  677162.3725 5191537.9595 3630292.7893  212458.1628     215.8588     101.7726
400000148 300000037                                          678984.1624 4805928.6788 4126944.5164  677162.3725 5191537.9595 3630292.7893       0.0000 4924849.5984 4041719.6134  214297.3599     243.1651      82.3024
400000149 300000038                                         2600949.8585 5201899.7171 2600949.8585 1976963.3461 5468063.2517 2604139.2443 1990680.8386 5157396.7439 3166715.9053  213953.8407     306.6900      69.4910
400000150 300000038                                         1330561.6814 5672228.9398 2577802.4491 1345228.8674 5375502.5311 3143878.6287 1976963.3461 5468063.2517 2604139.2443  213196.7862     300.8646      74.9439
400000151 300000038                                         1346350.7175 5024649.2825 3678298.5650 1990680.8386 5157396.7439 3166715.9053 1345228.8674 5375502.5311 3143878.6287  213817.3983     286.3027      70.0786
400000152 300000038                                         1976963.3461 5468063.2517 2604139.2443 1345228.8674 5375502.5311 3143878.6287 1990680.8386 5157396.7439 3166715.9053  215042.4187     303.8936      78.8518
400000153 300000039                                               0.0000 5886036.5016 2438076.1476       0.0000 5618720.3752 3003268.6103  669073.8784 5812081.9155 2522238.0841  209920.2574     268.6944      91.0395
400000154 300000039                                               0.0000 5297292.9000 3539537.9546  671168.2896 5533298.6915 3085738.1156       0.0000 5618720.3752 3003268.6103  210577.3796     238.7726      88.0775
400000155 300000039                                         1330561.6814 5672228.9398 2577802.4491  669073.8784 5812081.9155 2522238.0841  671168.2896 5533298.6915 3085738.1156  210758.2000     289.1278      78.9043
400000156 300000039                                               0.0000 5618720.3752 3003268.6103  671168.2896 5533298.6915 3085738.1156  669073.8784 5812081.9155 2522238.0841  211783.6604     268.9026      90.6668
400000157 300000040                                         1346350.7175 5024649.2825 3678298.5650 1345228.8674 5375502.5311 3143878.6287  677162.3725 5191537.9595 3630292.7893  217445.2803     238.7142      85.8890
400000158 300000040                                         1330561.6814 5672228.9398 2577802.4491  671168.2896 5533298.6915 3085738.1156 1345228.8674 5375502.5311 3143878.6287  218077.9738     294.3152      74.3215
400000159 300000040                                               0.0000 5297292.9000 3539537.9546  677162.3725 5191537.9595 3630292.7893  671168.2896 5533298.6915 3085738.1156  218265.1507     230.1156      93.3095
400000160 300000040                                         1345228.8674 5375502.5311 3143878.6287  671168.2896 5533298.6915 3085738.1156  677162.3725 5191537.9595 3630292.7893  219375.9096     248.9100      84.1340
400000161 300000041                                         4504977.3029 4504977.3029       0.0000 4041719.6134 4924849.5984       0.0000 4126944.5164 4805928.6788  678984.1624  213029.7505     277.4125      55.8245
400000162 300000041                                         3539537.9546 5297292.9000       0.0000 3630292.7893 5191537.9595  677162.3725 4041719.6134 4924849.5984       0.0000  212458.1628     273.6235      56.5051
400000163 300000041                                         3678298.5650 5024649.2825 1346350.7175 4126944.5164 4805928.6788  678984.1624 3630292.7893 5191537.9595  677162.3725  213259.5913     275.8244      64.9214
400000164 300000041                                         4041719.6134 4924849.5984       0.0000 3630292.7893 5191537.9595  677162.3725 4126944.5164 4805928.6788  678984.1624  214297.3599     275.7168      57.8677
400000165 300000042                                         2438076.1476 5886036.5016       0.0000 2522238.0841 5812081.9155  669073.8784 3003268.6103 5618720.3752       0.0000  209920.2574     244.4807      88.1181
400000166 300000042                                         2577802.4491 5672228.9398 1330561.6814 3085738.1156 5533298.6915  671168.2896 2522238.0841 5812081.9155  669073.8784  210758.2000     256.4078      78.3139
400000167 300000042                                         3539537.9546 5297292.9000       0.0000 3003268.6103 5618720.3752       0.0000 3085738.1156 5533298.6915  671168.2896  210577.3796     260.7143      71.5475
400000168 300000042                                         2522238.0841 5812081.9155  669073.8784 3085738.1156 5533298.6915  671168.2896 3003268.6103 5618720.3752       0.0000  211783.6604     252.9185      79.6006
400000169 300000043                                         2600949.8585 5201899.7171 2600949.8585 3166715.9053 5157396.7439 1990680.8386 2604139.2443 5468063.2517 1976963.3461  213953.8407     301.1062      47.2296
400000170 300000043                                         3678298.5650 5024649.2825 1346350.7175 3143878.6287 5375502.5311 1345228.8674 3166715.9053 5157396.7439 1990680.8386  213817.3983     284.8707      56.2864
400000171 300000043                                         2577802.4491 5672228.9398 1330561.6814 2604139.2443 5468063.2517 1976963.3461 3143878.6287 5375502.5311 1345228.8674  213196.7862     273.5715      66.8564
400000172 300000043                                         3166715.9053 5157396.7439 1990680.8386 3143878.6287 5375502.5311 1345228.8674 2604139.2443 5468063.2517 1976963.3461  215042.4187     287.9576      54.8860
400000173 300000044                                         3539537.9546 5297292.9000       0.0000 3085738.1156 5533298.6915  671168.2896 3630292.7893 5191537.9595  677162.3725  218265.1507     266.9338      65.5897
400000174 300000044                                         2577802.4491 5672228.9398 1330561.6814 3143878.6287 5375502.5311 1345228.8674 3085738.1156 5533298.6915  671168.2896  218077.9738     261.7106      77.0024
400000175 300000044                                         3678298.5650 5024649.2825 1346350.7175 3630292.7893 5191537.9595  677162.3725 3143878.6287 5375502.5311 1345228.8674  217445.2803     273.2844      65.7410
400000176 300000044                                         3085738.1156 5533298.6915  671168.2896 3143878.6287 5375502.5311 1345228.8674 3630292.7893 5191537.9595  677162.3725  219375.9096     265.8341      70.7736
400000177 300000045                                               0.0000 5886036.5016 2438076.1476  669073.8784 5812081.9155 2522238.0841  639129.1082 6056845.8882 1869698.6039  232651.5371     257.3815      93.8218
400000178 300000045                                         1330561.6814 5672228.9398 2577802.4491 1306164.9224 5928333.1219 1933504.7432  669073.8784 5812081.9155 2522238.0841  231845.9895     276.9449      81.8463
400000179 300000045                                         1266279.9131 6114140.2800 1266279.9131  639129.1082 6056845.8882 1869698.6039 1306164.9224 5928333.1219 1933504.7432  232712.3450     238.5894     109.9261
400000180 300000045                                          669073.8784 5812081.9155 2522238.0841 1306164.9224 5928333.1219 1933504.7432  639129.1082 6056845.8882 1869698.6039  234046.8072     257.4413      94.2232
400000181 300000046                                         2600949.8585 5201899.7171 2600949.8585 2604139.2443 5468063.2517 1976963.3461 1976963.3461 5468063.2517 2604139.2443  228300.1373     303.0400      50.3685
400000182 300000046                                         2577802.4491 5672228.9398 1330561.6814 1973179.1775 5727370.1528 1973179.1775 2604139.2443 5468063.2517 1976963.3461  229212.6770     277.4985      63.7979
400000183 300000046                                         1330561.6814 5672228.9398 2577802.4491 1976963.3461 5468063.2517 2604139.2443 1973179.1775 5727370.1528 1973179.1775  229212.6770     293.1025      71.7783
400000184 300000046                                         2604139.2443 5468063.2517 1976963.3461 1973179.1775 5727370.1528 1973179.1775 1976963.3461 5468063.2517 2604139.2443  230526.8451     293.5474      57.0202
400000185 300000047                                         2438076.1476 5886036.5016       0.0000 1869698.6039 6056845.8882  639129.1082 2522238.0841 5812081.9155  669073.8784  232651.5371     239.5842      94.5444
400000186 300000047                                         1266279.9131 6114140.2800 1266279.9131 1933504.7432 5928333.1219 1306164.9224 1869698.6039 6056845.8882  639129.1082  232712.3450     225.6701     105.0929
400000187 300000047                                         2577802.4491 5672228.9398 1330561.6814 2522238.0841 5812081.9155  669073.8784 1933504.7432 5928333.1219 1306164.9224  231845.9895     251.4354      82.1208
400000188 300000047                                         1869698.6039 6056845.8882  639129.1082 1933504.7432 5928333.1219 1306164.9224 2522238.0841 5812081.9155  669073.8784  234046.8072     242.3235      90.4500
400000189 300000048                                         1330561.6814 5672228.9398 2577802.4491 1973179.1775 5727370.1528 1973179.1775 1306164.9224 5928333.1219 1933504.7432  238189.0310     274.3648      83.1206
400000190 300000048                                         2577802.4491 5672228.9398 1330561.6814 1933504.7432 5928333.1219 1306164.9224 1973179.1775 5727370.1528 1973179.1775  238189.0310     259.8263      77.8126
400000191 300000048                                         1266279.9131 6114140.2800 1266279.9131 1306164.9224 5928333.1219 1933504.7432 1933504.7432 5928333.1219 1306164.9224  237302.7613     235.2915     109.6437
400000192 300000048                                         1973179.1775 5727370.1528 1973179.1775 1933504.7432 5928333.1219 1306164.9224 1306164.9224 5928333.1219 1933504.7432  239617.8861     254.3694      89.4708
400000193 300000049                                         4504977.3029       0.0000 4504977.3029 4805928.6788  678984.1624 4126944.5164 4126944.5164  678984.1624 4805928.6788  328324.9483     234.2584      76.4437
400000194 300000049                                         5024649.2825 1346350.7175 3678298.5650 4400885.2099 1361638.6226 4400885.2099 4805928.6788  678984.1624 4126944.5164  329212.3599     249.2070      68.8042
400000195 300000049                                         3678298.5650 1346350.7175 5024649.2825 4126944.5164  678984.1624 4805928.6788 4400885.2099 1361638.6226 4400885.2099  329212.3599     227.6752      81.6729
400000196 300000049                                         4805928.6788  678984.1624 4126944.5164 4400885.2099 1361638.6226 4400885.2099 4126944.5164  678984.1624 4805928.6788  332074.9378     237.6848      75.9710
400000197 300000050                                         5201899.7171 2600949.8585 2600949.8585 4688572.4479 2687534.5848 3374031.3064 5157396.7439 1990680.8386 3166715.9053  331958.1435     282.9015     116.3711
400000198 300000050                                         4074905.2917 2716603.5278 4074905.2917 4591494.5659 2050103.9020 3912146.8074 4688572.4479 2687534.5848 3374031.3064  332135.9111     257.1093      65.2935
400000199 300000050                                         5024649.2825 1346350.7175 3678298.5650 5157396.7439 1990680.8386 3166715.9053 4591494.5659 2050103.9020 3912146.8074  331417.2039     260.8180      71.4726
400000200 300000050                                         4688572.4479 2687534.5848 3374031.3064 4591494.5659 2050103.9020 3912146.8074 5157396.7439 1990680.8386 3166715.9053  335024.3025     268.4859      71.2564
400000201 300000051                                         2600949.8585 2600949.8585 5201899.7171 3166715.9053 1990680.8386 5157396.7439 3374031.3064 2687534.5848 4688572.4479  331958.1435     221.7884      78.3322
400000202 300000051                                         3678298.5650 1346350.7175 5024649.2825 3912146.8074 2050103.9020 4591494.5659 3166715.9053 1990680.8386 5157396.7439  331417.2039     226.2700      77.4850
400000203 300000051                                         4074905.2917 2716603.5278 4074905.2917 3374031.3064 2687534.5848 4688572.4479 3912146.8074 2050103.9020 4591494.5659  332135.9111     239.5571      74.9558
400000204 300000051                                         3166715.9053 1990680.8386 5157396.7439 3912146.8074 2050103.9020 4591494.5659 3374031.3064 2687534.5848 4688572.4479  335024.3025     230.1942      76.8631
400000205 300000052                                         5024649.2825 1346350.7175 3678298.5650 4591494.5659 2050103.9020 3912146.8074 4400885.2099 1361638.6226 4400885.2099  344128.0612     248.3319      72.7456
400000206 300000052                                         4074905.2917 2716603.5278 4074905.2917 3912146.8074 2050103.9020 4591494.5659 4591494.5659 2050103.9020 3912146.8074  343384.2298     241.6473      81.3991
400000207 300000052                                         3678298.5650 1346350.7175 5024649.2825 4400885.2099 1361638.6226 4400885.2099 3912146.8074 2050103.9020 4591494.5659  344128.0612     230.2117      79.7689
400000208 300000052                                         4591494.5659 2050103.9020 3912146.8074 3912146.8074 2050103.9020 4591494.5659 4400885.2099 1361638.6226 4400885.2099  347308.3434     236.1395      84.9573
400000209 300000053                                         4504977.3029 4504977.3029       0.0000 4126944.5164 4805928.6788  678984.1624 4805928.6788 4126944.5164  678984.1624  328324.9483     267.6178     117.4216
400000210 300000053                                         3678298.5650 5024649.2825 1346350.7175 4400885.2099 4400885.2099 1361638.6226 4126944.5164 4805928.6788  678984.1624  329212.3599     284.0012      86.4200
400000211 300000053                                         5024649.2825 3678298.5650 1346350.7175 4805928.6788 4126944.5164  678984.1624 4400885.2099 4400885.2099 1361638.6226  329212.3599     273.8291      88.6963
400000212 300000053                                         4126944.5164 4805928.6788  678984.1624 4400885.2099 4400885.2099 1361638.6226 4805928.6788 4126944.5164  678984.1624  332074.9378     273.1107     109.8444
400000213 300000054                                         2600949.8585 5201899.7171 2600949.8585 3374031.3064 4688572.4479 2687534.5848 3166715.9053 5157396.7439 1990680.8386  331958.1435     307.0016      65.1887
400000214 300000054                                         4074905.2917 4074905.2917 2716603.5278 3912146.8074 4591494.5659 2050103.9020 3374031.3064 4688572.4479 2687534.5848  332135.9111     305.4960     114.0545
400000215 300000054                                         3678298.5650 5024649.2825 1346350.7175 3166715.9053 5157396.7439 1990680.8386 3912146.8074 4591494.5659 2050103.9020  331417.2039     299.2550      75.5553
400000216 300000054                                         3374031.3064 4688572.4479 2687534.5848 3912146.8074 4591494.5659 2050103.9020 3166715.9053 5157396.7439 1990680.8386  335024.3025     308.4640     113.5266
400000217 300000055                                         5201899.7171 2600949.8585 2600949.8585 5157396.7439 3166715.9053 1990680.8386 4688572.4479 3374031.3064 2687534.5848  331958.1435     300.2853     108.4150
400000218 300000055                                         5024649.2825 3678298.5650 1346350.7175 4591494.5659 3912146.8074 2050103.9020 5157396.7439 3166715.9053 1990680.8386  331417.2039     295.7525      80.8104
400000219 300000055                                         4074905.2917 4074905.2917 2716603.5278 4688572.4479 3374031.3064 2687534.5848 4591494.5659 3912146.8074 2050103.9020  332135.9111     299.0196      74.6281
400000220 300000055                                         5157396.7439 3166715.9053 1990680.8386 4591494.5659 3912146.8074 2050103.9020 4688572.4479 3374031.3064 2687534.5848  335024.3025     302.0434      74.9729
400000221 300000056                                         3678298.5650 5024649.2825 1346350.7175 3912146.8074 4591494.5659 2050103.9020 4400885.2099 4400885.2099 1361638.6226  344128.0612     297.6900      75.2076
400000222 300000056                                         4074905.2917 4074905.2917 2716603.5278 4591494.5659 3912146.8074 2050103.9020 3912146.8074 4591494.5659 2050103.9020  343384.2298     301.5845     104.3399
400000223 300000056                                         5024649.2825 3678298.5650 1346350.7175 4400885.2099 4400885.2099 1361638.6226 4591494.5659 3912146.8074 2050103.9020  344128.0612     289.5110      67.1930
400000224 300000056                                         3912146.8074 4591494.5659 2050103.9020 4591494.5659 3912146.8074 2050103.9020 4400885.2099 4400885.2099 1361638.6226  347308.3434     296.6924      95.0837
400000225 300000057                                               0.0000 4504977.3029 4504977.3029  678984.1624 4126944.5164 4805928.6788  678984.1624 4805928.6788 4126944.5164  328324.9483     230.7251      73.6205
400000226 300000057                                         1346350.7175 3678298.5650 5024649.2825 1361638.6226 4400885.2099 4400885.2099  678984.1624 4126944.5164 4805928.6788  329212.3599     229.1544      69.6656
400000227 300000057                                         1346350.7175 5024649.2825 3678298.5650  678984.1624 4805928.6788 4126944.5164 1361638.6226 4400885.2099 4400885.2099  329212.3599     229.8335      85.4141
400000228 300000057                                          678984.1624 4126944.5164 4805928.6788 1361638.6226 4400885.2099 4400885.2099  678984.1624 4805928.6788 4126944.5164  332074.9378     231.1516      74.9235
400000229 300000058                                         2600949.8585 2600949.8585 5201899.7171 2687534.5848 3374031.3064 4688572.4479 1990680.8386 3166715.9053 5157396.7439  331958.1435     222.6185      74.9500
400000230 300000058                                         2716603.5278 4074905.2917 4074905.2917 2050103.9020 3912146.8074 4591494.5659 2687534.5848 3374031.3064 4688572.4479  332135.9111     244.5640      77.7638
400000231 300000058                                         1346350.7175 3678298.5650 5024649.2825 1990680.8386 3166715.9053 5157396.7439 2050103.9020 3912146.8074 4591494.5659  331417.2039     225.0736      71.4888
400000232 300000058                                         2687534.5848 3374031.3064 4688572.4479 2050103.9020 3912146.8074 4591494.5659 1990680.8386 3166715.9053 5157396.7439  335024.3025     230.1738      74.5523
400000233 300000059                                         2600949.8585 5201899.7171 2600949.8585 1990680.8386 5157396.7439 3166715.9053 2687534.5848 4688572.4479 3374031.3064  331958.1435     296.5297      75.9352
400000234 300000059                                         1346350.7175 5024649.2825 3678298.5650 2050103.9020 4591494.5659 3912146.8074 1990680.8386 5157396.7439 3166715.9053  331417.2039     263.5474      75.0334
400000235 300000059                                         2716603.5278 4074905.2917 4074905.2917 2687534.5848 4688572.4479 3374031.3064 2050103.9020 4591494.5659 3912146.8074  332135.9111     265.5110      77.9897
400000236 300000059                                         1990680.8386 5157396.7439 3166715.9053 2050103.9020 4591494.5659 3912146.8074 2687534.5848 4688572.4479 3374031.3064  335024.3025     274.6624      79.3156
400000237 300000060                                         1346350.7175 3678298.5650 5024649.2825 2050103.9020 3912146.8074 4591494.5659 1361638.6226 4400885.2099 4400885.2099  344128.0612     235.2911      70.6220
400000238 300000060                                         2716603.5278 4074905.2917 4074905.2917 2050103.9020 4591494.5659 3912146.8074 2050103.9020 3912146.8074 4591494.5659  343384.2298     253.9608      77.1975
400000239 300000060                                         1346350.7175 5024649.2825 3678298.5650 1361638.6226 4400885.2099 4400885.2099 2050103.9020 4591494.5659 3912146.8074  344128.0612     232.4576      87.0243
400000240 300000060                                         2050103.9020 3912146.8074 4591494.5659 2050103.9020 4591494.5659 3912146.8074 1361638.6226 4400885.2099 4400885.2099  347308.3434     248.0459      74.5972
400000241 300000061                                         5201899.7171 2600949.8585 2600949.8585 4688572.4479 3374031.3064 2687534.5848 4688572.4479 2687534.5848 3374031.3064  387995.8446     292.0649     102.4947
400000242 300000061                                         4074905.2917 4074905.2917 2716603.5278 4122015.5885 3435012.9904 3435012.9904 4688572.4479 3374031.3064 2687534.5848  388281.7658     286.0626      94.6824
400000243 300000061                                         4074905.2917 2716603.5278 4074905.2917 4688572.4479 2687534.5848 3374031.3064 4122015.5885 3435012.9904 3435012.9904  388281.7658     266.5432      68.2200
400000244 300000061                                         4688572.4479 3374031.3064 2687534.5848 4122015.5885 3435012.9904 3435012.9904 4688572.4479 2687534.5848 3374031.3064  392517.4362     284.9188      79.0565
400000245 300000062                                         2600949.8585 5201899.7171 2600949.8585 2687534.5848 4688572.4479 3374031.3064 3374031.3064 4688572.4479 2687534.5848  387995.8446     301.3102      64.7497
400000246 300000062                                         2716603.5278 4074905.2917 4074905.2917 3435012.9904 4122015.5885 3435012.9904 2687534.5848 4688572.4479 3374031.3064  388281.7658     269.5678      76.0416
400000247 300000062                                         4074905.2917 4074905.2917 2716603.5278 3374031.3064 4688572.4479 2687534.5848 3435012.9904 4122015.5885 3435012.9904  388281.7658     297.6144      82.8394
400000248 300000062                                         2687534.5848 4688572.4479 3374031.3064 3435012.9904 4122015.5885 3435012.9904 3374031.3064 4688572.4479 2687534.5848  392517.4362     285.3307      76.5997
400000249 300000063                                         2600949.8585 2600949.8585 5201899.7171 3374031.3064 2687534.5848 4688572.4479 2687534.5848 3374031.3064 4688572.4479  387995.8446     228.1541      76.0217
400000250 300000063                                         4074905.2917 2716603.5278 4074905.2917 3435012.9904 3435012.9904 4122015.5885 3374031.3064 2687534.5848 4688572.4479  388281.7658     236.6755      78.2838
400000251 300000063                                         2716603.5278 4074905.2917 4074905.2917 2687534.5848 3374031.3064 4688572.4479 3435012.9904 3435012.9904 4122015.5885  388281.7658     246.1793      76.1098
400000252 300000063                                         3374031.3064 2687534.5848 4688572.4479 3435012.9904 3435012.9904 4122015.5885 2687534.5848 3374031.3064 4688572.4479  392517.4362     235.7085      82.1414
400000253 300000064                                         4074905.2917 4074905.2917 2716603.5278 3435012.9904 4122015.5885 3435012.9904 4122015.5885 3435012.9904 3435012.9904  405996.4825     282.4484     103.2924
400000254 300000064                                         2716603.5278 4074905.2917 4074905.2917 3435012.9904 3435012.9904 4122015.5885 3435012.9904 4122015.5885 3435012.9904  405996.4825     251.7758      81.0914
400000255 300000064                                         4074905.2917 2716603.5278 4074905.2917 4122015.5885 3435012.9904 3435012.9904 3435012.9904 3435012.9904 4122015.5885  405996.4825     251.1637      84.9452
400000256 300000064                                         3435012.9904 4122015.5885 3435012.9904 3435012.9904 3435012.9904 4122015.5885 4122015.5885 3435012.9904 3435012.9904  410731.3740     261.6040      88.9979
400000257 300000065                                               0.0000       0.0000 6371000.0000       0.0000  624467.2010 6340321.8936 -624467.2010       0.0000 6340321.8936  195921.5441     188.2240       0.5706
400000258 300000065                                               0.0000 1242920.4416 6248583.0214 -627459.2093  627459.2093 6308900.9250       0.0000  624467.2010 6340321.8936  196860.2699     191.4958       3.6436
400000259 300000065                                         -1242920.4416       0.0000 6248583.0214 -624467.2010       0.0000 6340321.8936 -627459.2093  627459.2093 6308900.9250  196860.2699     191.4820       3.7197
400000260 300000065                                               0.0000  624467.2010 6340321.8936 -627459.2093  627459.2093 6308900.9250 -624467.2010       0.0000 6340321.8936  197817.4310     190.4818       1.4622
400000261 300000066                                               0.0000 2438076.1476 5886036.5016 -639129.1082 1869698.6039 6056845.8882       0.0000 1849403.6788 6096666.8789  200521.8161     188.4374      34.5180
400000262 300000066                                         -1266279.9131 1266279.9131 6114140.2800 -636326.6289 1260914.7366 6212473.2151 -639129.1082 1869698.6039 6056845.8882  200560.6406     195.3946      19.8502
400000263 300000066                                               0.0000 1242920.4416 6248583.0214       0.0000 1849403.6788 6096666.8789 -636326.6289 1260914.7366 6212473.2151  199642.5528     193.4832      14.7037
400000264 300000066                                         -639129.1082 1869698.6039 6056845.8882 -636326.6289 1260914.7366 6212473.2151       0.0000 1849403.6788 6096666.8789  201535.9727     190.3326      23.0441
400000265 300000067                                         -2438076.1476       0.0000 5886036.5016 -1849403.6788       0.0000 6096666.8789 -1869698.6039  639129.1082 6056845.8882  200521.8161     200.8167      29.6119
400000266 300000067                                         -1242920.4416       0.0000 6248583.0214 -1260914.7366  636326.6289 6212473.2151 -1849403.6788       0.0000 6096666.8789  199642.5528     195.6808      14.1437
400000267 300000067                                         -1266279.9131 1266279.9131 6114140.2800 -1869698.6039  639129.1082 6056845.8882 -1260914.7366  636326.6289 6212473.2151  200560.6406     197.9438      18.9107
400000268 300000067                                         -1849403.6788       0.0000 6096666.8789 -1260914.7366  636326.6289 6212473.2151 -1869698.6039  639129.1082 6056845.8882  201535.9727     198.3669      20.0324
400000269 300000068                                               0.0000 1242920.4416 6248583.0214 -636326.6289 1260914.7366 6212473.2151 -627459.2093  627459.2093 6308900.9250  204548.8197     193.1762       7.1905
400000270 300000068                                         -1266279.9131 1266279.9131 6114140.2800 -1260914.7366  636326.6289 6212473.2151 -636326.6289 1260914.7366 6212473.2151  203612.8458     196.4484      14.0325
400000271 300000068                                         -1242920.4416       0.0000 6248583.0214 -627459.2093  627459.2093 6308900.9250 -1260914.7366  636326.6289 6212473.2151  204548.8197     193.5457       7.3310
400000272 300000068                                         -636326.6289 1260914.7366 6212473.2151 -1260914.7366  636326.6289 6212473.2151 -627459.2093  627459.2093 6308900.9250  205583.5447     194.9824       8.0474
400000273 300000069                                               0.0000 4504977.3029 4504977.3029 -678984.1624 4126944.5164 4805928.6788       0.0000 4041719.6134 4924849.5984  213029.7505     217.8036      72.7951
400000274 300000069                                         -1346350.7175 3678298.5650 5024649.2825 -677162.3725 3630292.7893 5191537.9595 -678984.1624 4126944.5164 4805928.6788  213259.5913     208.9213      66.4501
400000275 300000069                                               0.0000 3539537.9546 5297292.9000       0.0000 4041719.6134 4924849.5984 -677162.3725 3630292.7893 5191537.9595  212458.1628     201.1001      75.5219
400000276 300000069                                         -678984.1624 4126944.5164 4805928.6788 -677162.3725 3630292.7893 5191537.9595       0.0000 4041719.6134 4924849.5984  214297.3599     205.9961      73.9012
400000277 300000070                                         -2600949.8585 2600949.8585 5201899.7171 -1976963.3461 2604139.2443 5468063.2517 -1990680.8386 3166715.9053 5157396.7439  213953.8407     197.5855      70.4907
400000278 300000070                                         -1330561.6814 2577802.4491 5672228.9398 -1345228.8674 3143878.6287 5375502.5311 -1976963.3461 2604139.2443 5468063.2517  213196.7862     194.7919      60.4479
400000279 300000070                                         -1346350.7175 3678298.5650 5024649.2825 -1990680.8386 3166715.9053 5157396.7439 -1345228.8674 3143878.6287 5375502.5311  213817.3983     202.4930      62.5465
400000280 300000070                                         -1976963.3461 2604139.2443 5468063.2517 -1345228.8674 3143878.6287 5375502.5311 -1990680.8386 3166715.9053 5157396.7439  215042.4187     195.2924      69.3837
400000281 300000071                                               0.0000 2438076.1476 5886036.5016       0.0000 3003268.6103 5618720.3752 -669073.8784 2522238.0841 5812081.9155  209920.2574     189.1087      51.5658
400000282 300000071                                               0.0000 3539537.9546 5297292.9000 -671168.2896 3085738.1156 5533298.6915       0.0000 3003268.6103 5618720.3752  210577.3796     197.2910      66.0131
400000283 300000071                                         -1330561.6814 2577802.4491 5672228.9398 -669073.8784 2522238.0841 5812081.9155 -671168.2896 3085738.1156 5533298.6915  210758.2000     193.6147      51.3103
400000284 300000071                                               0.0000 3003268.6103 5618720.3752 -671168.2896 3085738.1156 5533298.6915 -669073.8784 2522238.0841 5812081.9155  211783.6604     192.0633      55.8628
400000285 300000072                                         -1346350.7175 3678298.5650 5024649.2825 -1345228.8674 3143878.6287 5375502.5311 -677162.3725 3630292.7893 5191537.9595  217445.2803     201.7088      69.9008
400000286 300000072                                         -1330561.6814 2577802.4491 5672228.9398 -671168.2896 3085738.1156 5533298.6915 -1345228.8674 3143878.6287 5375502.5311  218077.9738     195.5236      59.4977
400000287 300000072                                               0.0000 3539537.9546 5297292.9000 -677162.3725 3630292.7893 5191537.9595 -671168.2896 3085738.1156 5533298.6915  218265.1507     199.8053      69.3037
400000288 300000072                                         -1345228.8674 3143878.6287 5375502.5311 -671168.2896 3085738.1156 5533298.6915 -677162.3725 3630292.7893 5191537.9595  219375.9096     197.8409      67.8539
400000289 300000073                                         -4504977.3029       0.0000 4504977.3029 -4041719.6134       0.0000 4924849.5984 -4126944.5164  678984.1624 4805928.6788  213029.7505     221.3689      82.9659
400000290 300000073                                         -3539537.9546       0.0000 5297292.9000 -3630292.7893  677162.3725 5191537.9595 -4041719.6134       0.0000 4924849.5984  212458.1628     217.5154      68.8277
400000291 300000073                                         -3678298.5650 1346350.7175 5024649.2825 -4126944.5164  678984.1624 4805928.6788 -3630292.7893  677162.3725 5191537.9595  213259.5913     221.1026      71.9066
400000292 300000073                                         -4041719.6134       0.0000 4924849.5984 -3630292.7893  677162.3725 5191537.9595 -4126944.5164  678984.1624 4805928.6788  214297.3599     220.7563      73.6469
400000293 300000074                                         -2438076.1476       0.0000 5886036.5016 -2522238.0841  669073.8784 5812081.9155 -3003268.6103       0.0000 5618720.3752  209920.2574     199.9643      48.0625
400000294 300000074                                         -2577802.4491 1330561.6814 5672228.9398 -3085738.1156  671168.2896 5533298.6915 -2522238.0841  669073.8784 5812081.9155  210758.2000     197.1456      56.3718
400000295 300000074                                         -3539537.9546       0.0000 5297292.9000 -3003268.6103       0.0000 5618720.3752 -3085738.1156  671168.2896 5533298.6915  210577.3796     209.7390      58.7188
400000296 300000074                                         -2522238.0841  669073.8784 5812081.9155 -3085738.1156  671168.2896 5533298.6915 -3003268.6103       0.0000 5618720.3752  211783.6604     200.7757      54.4343
400000297 300000075                                         -2600949.8585 2600949.8585 5201899.7171 -3166715.9053 1990680.8386 5157396.7439 -2604139.2443 1976963.3461 5468063.2517  213953.8407     209.9857      61.6041
400000298 300000075                                         -3678298.5650 1346350.7175 5024649.2825 -3143878.6287 1345228.8674 5375502.5311 -3166715.9053 1990680.8386 5157396.7439  213817.3983     209.7839      73.9594
400000299 300000075                                         -2577802.4491 1330561.6814 5672228.9398 -2604139.2443 1976963.3461 5468063.2517 -3143878.6287 1345228.8674 5375502.5311  213196.7862     202.5654      58.6220
400000300 300000075                                         -3166715.9053 1990680.8386 5157396.7439 -3143878.6287 1345228.8674 5375502.5311 -2604139.2443 1976963.3461 5468063.2517  215042.4187     210.4491      62.7009
400000301 300000076                                         -3539537.9546       0.0000 5297292.9000 -3085738.1156  671168.2896 5533298.6915 -3630292.7893  677162.3725 5191537.9595  218265.1507     212.9475      63.1942
400000302 300000076                                         -2577802.4491 1330561.6814 5672228.9398 -3143878.6287 1345228.8674 5375502.5311 -3085738.1156  671168.2896 5533298.6915  218077.9738     204.0154      58.0048
400000303 300000076                                         -3678298.5650 1346350.7175 5024649.2825 -3630292.7893  677162.3725 5191537.9595 -3143878.6287 1345228.8674 5375502.5311  217445.2803     212.8909      67.1596
400000304 300000076                                         -3085738.1156  671168.2896 5533298.6915 -3143878.6287 1345228.8674 5375502.5311 -3630292.7893  677162.3725 5191537.9595  219375.9096     209.9650      62.4893
400000305 300000077                                               0.0000 2438076.1476 5886036.5016 -669073.8784 2522238.0841 5812081.9155 -639129.1082 1869698.6039 6056845.8882  232651.5371     186.7465      41.2195
400000306 300000077                                         -1330561.6814 2577802.4491 5672228.9398 -1306164.9224 1933504.7432 5928333.1219 -669073.8784 2522238.0841 5812081.9155  231845.9895     192.0395      43.7832
400000307 300000077                                         -1266279.9131 1266279.9131 6114140.2800 -639129.1082 1869698.6039 6056845.8882 -1306164.9224 1933504.7432 5928333.1219  232712.3450     191.0372      30.9353
400000308 300000077                                         -669073.8784 2522238.0841 5812081.9155 -1306164.9224 1933504.7432 5928333.1219 -639129.1082 1869698.6039 6056845.8882  234046.8072     190.0380      37.1430
400000309 300000078                                         -2600949.8585 2600949.8585 5201899.7171 -2604139.2443 1976963.3461 5468063.2517 -1976963.3461 2604139.2443 5468063.2517  228300.1373     196.4863      68.7855
400000310 300000078                                         -2577802.4491 1330561.6814 5672228.9398 -1973179.1775 1973179.1775 5727370.1528 -2604139.2443 1976963.3461 5468063.2517  229212.6770     192.3269      60.5645
400000311 300000078                                         -1330561.6814 2577802.4491 5672228.9398 -1976963.3461 2604139.2443 5468063.2517 -1973179.1775 1973179.1775 5727370.1528  229212.6770     195.6399      53.4122
400000312 300000078                                         -2604139.2443 1976963.3461 5468063.2517 -1973179.1775 1973179.1775 5727370.1528 -1976963.3461 2604139.2443 5468063.2517  230526.8451     194.9551      59.7375
400000313 300000079                                         -2438076.1476       0.0000 5886036.5016 -1869698.6039  639129.1082 6056845.8882 -2522238.0841  669073.8784 5812081.9155  232651.5371     196.7066      40.1069
400000314 300000079                                         -1266279.9131 1266279.9131 6114140.2800 -1933504.7432 1306164.9224 5928333.1219 -1869698.6039  639129.1082 6056845.8882  232712.3450     196.1905      28.9920
400000315 300000079                                         -2577802.4491 1330561.6814 5672228.9398 -2522238.0841  669073.8784 5812081.9155 -1933504.7432 1306164.9224 5928333.1219  231845.9895     195.0657      44.2246
400000316 300000079                                         -1869698.6039  639129.1082 6056845.8882 -1933504.7432 1306164.9224 5928333.1219 -2522238.0841  669073.8784 5812081.9155  234046.8072     196.4421      36.3575
400000317 300000080                                         -1330561.6814 2577802.4491 5672228.9398 -1973179.1775 1973179.1775 5727370.1528 -1306164.9224 1933504.7432 5928333.1219  238189.0310     191.5647      49.6099
400000318 300000080                                         -2577802.4491 1330561.6814 5672228.9398 -1933504.7432 1306164.9224 5928333.1219 -1973179.1775 1973179.1775 5727370.1528  238189.0310     190.3026      50.5052
400000319 300000080                                         -1266279.9131 1266279.9131 6114140.2800 -1306164.9224 1933504.7432 5928333.1219 -1933504.7432 1306164.9224 5928333.1219  237302.7613     190.8771      33.8245
400000320 300000080                                         -1973179.1775 1973179.1775 5727370.1528 -1933504.7432 1306164.9224 5928333.1219 -1306164.9224 1933504.7432 5928333.1219  239617.8861     188.1781      43.0545
400000321 300000081                                               0.0000 6371000.0000       0.0000 -624467.2010 6340321.8936       0.0000       0.0000 6340321.8936  624467.2010  195921.5441     207.5391     125.3601
400000322 300000081                                         -1242920.4416 6248583.0214       0.0000 -627459.2093 6308900.9250  627459.2093 -624467.2010 6340321.8936       0.0000  196860.2699     189.7020     136.2234
400000323 300000081                                               0.0000 6248583.0214 1242920.4416       0.0000 6340321.8936  624467.2010 -627459.2093 6308900.9250  627459.2093  196860.2699     215.6292     111.4530
400000324 300000081                                         -624467.2010 6340321.8936       0.0000 -627459.2093 6308900.9250  627459.2093       0.0000 6340321.8936  624467.2010  197817.4310     202.2286     127.8943
400000325 300000082                                         -2438076.1476 5886036.5016       0.0000 -1869698.6039 6056845.8882  639129.1082 -1849403.6788 6096666.8789       0.0000  200521.8161     206.7245     128.2117
400000326 300000082                                         -1266279.9131 6114140.2800 1266279.9131 -1260914.7366 6212473.2151  636326.6289 -1869698.6039 6056845.8882  639129.1082  200560.6406     209.9508     118.8076
400000327 300000082                                         -1242920.4416 6248583.0214       0.0000 -1849403.6788 6096666.8789       0.0000 -1260914.7366 6212473.2151  636326.6289  199642.5528     208.3677     131.6709
400000328 300000082                                         -1869698.6039 6056845.8882  639129.1082 -1260914.7366 6212473.2151  636326.6289 -1849403.6788 6096666.8789       0.0000  201535.9727     213.2780     118.9996
400000329 300000083                                               0.0000 5886036.5016 2438076.1476       0.0000 6096666.8789 1849403.6788 -639129.1082 6056845.8882 1869698.6039  200521.8161     245.1859      85.8078
400000330 300000083                                               0.0000 6248583.0214 1242920.4416 -636326.6289 6212473.2151 1260914.7366       0.0000 6096666.8789 1849403.6788  199642.5528     234.3927      92.2639
400000331 300000083                                         -1266279.9131 6114140.2800 1266279.9131 -639129.1082 6056845.8882 1869698.6039 -636326.6289 6212473.2151 1260914.7366  200560.6406     224.5113     105.9537
400000332 300000083                                               0.0000 6096666.8789 1849403.6788 -636326.6289 6212473.2151 1260914.7366 -639129.1082 6056845.8882 1869698.6039  201535.9727     237.0114      92.6727
400000333 300000084                                         -1242920.4416 6248583.0214       0.0000 -1260914.7366 6212473.2151  636326.6289 -627459.2093 6308900.9250  627459.2093  204548.8197     191.6169     137.8330
400000334 300000084                                         -1266279.9131 6114140.2800 1266279.9131 -636326.6289 6212473.2151 1260914.7366 -1260914.7366 6212473.2151  636326.6289  203612.8458     210.6623     124.0401
400000335 300000084                                               0.0000 6248583.0214 1242920.4416 -627459.2093 6308900.9250  627459.2093 -636326.6289 6212473.2151 1260914.7366  204548.8197     219.9102     109.0860
400000336 300000084                                         -1260914.7366 6212473.2151  636326.6289 -636326.6289 6212473.2151 1260914.7366 -627459.2093 6308900.9250  627459.2093  205583.5447     205.4385     121.2954
400000337 300000085                                         -4504977.3029 4504977.3029       0.0000 -4126944.5164 4805928.6788  678984.1624 -4041719.6134 4924849.5984       0.0000  213029.7505     236.5479      88.2125
400000338 300000085                                         -3678298.5650 5024649.2825 1346350.7175 -3630292.7893 5191537.9595  677162.3725 -4126944.5164 4805928.6788  678984.1624  213259.5913     220.9156     101.9922
400000339 300000085                                         -3539537.9546 5297292.9000       0.0000 -4041719.6134 4924849.5984       0.0000 -3630292.7893 5191537.9595  677162.3725  212458.1628     237.6744      86.1214
400000340 300000085                                         -4126944.5164 4805928.6788  678984.1624 -3630292.7893 5191537.9595  677162.3725 -4041719.6134 4924849.5984       0.0000  214297.3599     233.9676      90.4118
400000341 300000086                                         -2600949.8585 5201899.7171 2600949.8585 -2604139.2443 5468063.2517 1976963.3461 -3166715.9053 5157396.7439 1990680.8386  213953.8407     258.4258      92.7515
400000342 300000086                                         -2577802.4491 5672228.9398 1330561.6814 -3143878.6287 5375502.5311 1345228.8674 -2604139.2443 5468063.2517 1976963.3461  213196.7862     237.0780      90.7010
400000343 300000086                                         -3678298.5650 5024649.2825 1346350.7175 -3166715.9053 5157396.7439 1990680.8386 -3143878.6287 5375502.5311 1345228.8674  213817.3983     223.2288     114.3523
400000344 300000086                                         -2604139.2443 5468063.2517 1976963.3461 -3143878.6287 5375502.5311 1345228.8674 -3166715.9053 5157396.7439 1990680.8386  215042.4187     240.4256      89.8410
400000345 300000087                                         -2438076.1476 5886036.5016       0.0000 -3003268.6103 5618720.3752       0.0000 -2522238.0841 5812081.9155  669073.8784  209920.2574     206.8586     135.7182
400000346 300000087                                         -3539537.9546 5297292.9000       0.0000 -3085738.1156 5533298.6915  671168.2896 -3003268.6103 5618720.3752       0.0000  210577.3796     233.2718     101.7883
400000347 300000087                                         -2577802.4491 5672228.9398 1330561.6814 -2522238.0841 5812081.9155  669073.8784 -3085738.1156 5533298.6915  671168.2896  210758.2000     220.5825     107.0626
400000348 300000087                                         -3003268.6103 5618720.3752       0.0000 -3085738.1156 5533298.6915  671168.2896 -2522238.0841 5812081.9155  669073.8784  211783.6604     214.0401     124.5332
400000349 300000088                                         -3678298.5650 5024649.2825 1346350.7175 -3143878.6287 5375502.5311 1345228.8674 -3630292.7893 5191537.9595  677162.3725  217445.2803     214.4603     108.7500
400000350 300000088                                         -2577802.4491 5672228.9398 1330561.6814 -3085738.1156 5533298.6915  671168.2896 -3143878.6287 5375502.5311 1345228.8674  218077.9738     224.1708     101.7911
400000351 300000088                                         -3539537.9546 5297292.9000       0.0000 -3630292.7893 5191537.9595  677162.3725 -3085738.1156 5533298.6915  671168.2896  218265.1507     233.2455      92.2124
400000352 300000088                                         -3143878.6287 5375502.5311 1345228.8674 -3085738.1156 5533298.6915  671168.2896 -3630292.7893 5191537.9595  677162.3725  219375.9096     216.3851     102.7516
400000353 300000089                                               0.0000 4504977.3029 4504977.3029       0.0000 4924849.5984 4041719.6134 -678984.1624 4805928.6788 4126944.5164  213029.7505     248.2436      65.5680
400000354 300000089                                               0.0000 5297292.9000 3539537.9546 -677162.3725 5191537.9595 3630292.7893       0.0000 4924849.5984 4041719.6134  212458.1628     219.3008     103.6211
400000355 300000089                                         -1346350.7175 5024649.2825 3678298.5650 -678984.1624 4805928.6788 4126944.5164 -677162.3725 5191537.9595 3630292.7893  213259.5913     224.4628      93.2478
400000356 300000089                                               0.0000 4924849.5984 4041719.6134 -677162.3725 5191537.9595 3630292.7893 -678984.1624 4805928.6788 4126944.5164  214297.3599     231.7130      84.3105
400000357 300000090                                               0.0000 5886036.5016 2438076.1476 -669073.8784 5812081.9155 2522238.0841       0.0000 5618720.3752 3003268.6103  209920.2574     256.7566      99.5271
400000358 300000090                                         -1330561.6814 5672228.9398 2577802.4491 -671168.2896 5533298.6915 3085738.1156 -669073.8784 5812081.9155 2522238.0841  210758.2000     247.9848     119.0738
400000359 300000090                                               0.0000 5297292.9000 3539537.9546       0.0000 5618720.3752 3003268.6103 -671168.2896 5533298.6915 3085738.1156  210577.3796     228.8591     107.8135
400000360 300000090                                         -669073.8784 5812081.9155 2522238.0841 -671168.2896 5533298.6915 3085738.1156       0.0000 5618720.3752 3003268.6103  211783.6604     250.9632     106.4572
400000361 300000091                                         -2600949.8585 5201899.7171 2600949.8585 -1990680.8386 5157396.7439 3166715.9053 -1976963.3461 5468063.2517 2604139.2443  213953.8407     259.4416     120.1141
400000362 300000091                                         -1346350.7175 5024649.2825 3678298.5650 -1345228.8674 5375502.5311 3143878.6287 -1990680.8386 5157396.7439 3166715.9053  213817.3983     234.4443     146.8761
400000363 300000091                                         -1330561.6814 5672228.9398 2577802.4491 -1976963.3461 5468063.2517 2604139.2443 -1345228.8674 5375502.5311 3143878.6287  213196.7862     251.7356     147.6084
400000364 300000091                                         -1990680.8386 5157396.7439 3166715.9053 -1345228.8674 5375502.5311 3143878.6287 -1976963.3461 5468063.2517 2604139.2443  215042.4187     247.2500     150.2737
400000365 300000092                                               0.0000 5297292.9000 3539537.9546 -671168.2896 5533298.6915 3085738.1156 -677162.3725 5191537.9595 3630292.7893  218265.1507     216.9910     118.9733
400000366 300000092                                         -1330561.6814 5672228.9398 2577802.4491 -1345228.8674 5375502.5311 3143878.6287 -671168.2896 5533298.6915 3085738.1156  218077.9738     242.9920     125.6009
400000367 300000092                                         -1346350.7175 5024649.2825 3678298.5650 -677162.3725 5191537.9595 3630292.7893 -1345228.8674 5375502.5311 3143878.6287  217445.2803     219.9205     118.3854
400000368 300000092                                         -671168.2896 5533298.6915 3085738.1156 -1345228.8674 5375502.5311 3143878.6287 -677162.3725 5191537.9595 3630292.7893  219375.9096     225.1815     111.9799
400000369 300000093                                         -2438076.1476 5886036.5016       0.0000 -2522238.0841 5812081.9155  669073.8784 -1869698.6039 6056845.8882  639129.1082  232651.5371     208.5931     127.7227
400000370 300000093                                         -2577802.4491 5672228.9398 1330561.6814 -1933504.7432 5928333.1219 1306164.9224 -2522238.0841 5812081.9155  669073.8784  231845.9895     226.0584     103.5495
400000371 300000093                                         -1266279.9131 6114140.2800 1266279.9131 -1869698.6039 6056845.8882  639129.1082 -1933504.7432 5928333.1219 1306164.9224  232712.3450     214.7575     114.7164
400000372 300000093                                         -2522238.0841 5812081.9155  669073.8784 -1933504.7432 5928333.1219 1306164.9224 -1869698.6039 6056845.8882  639129.1082  234046.8072     221.3279     108.2048
400000373 300000094                                         -2600949.8585 5201899.7171 2600949.8585 -1976963.3461 5468063.2517 2604139.2443 -2604139.2443 5468063.2517 1976963.3461  228300.1373     264.9964      98.4421
400000374 300000094                                         -1330561.6814 5672228.9398 2577802.4491 -1973179.1775 5727370.1528 1973179.1775 -1976963.3461 5468063.2517 2604139.2443  229212.6770     261.4755     116.4096
400000375 300000094                                         -2577802.4491 5672228.9398 1330561.6814 -2604139.2443 5468063.2517 1976963.3461 -1973179.1775 5727370.1528 1973179.1775  229212.6770     243.4836      94.3287
400000376 300000094                                         -1976963.3461 5468063.2517 2604139.2443 -1973179.1775 5727370.1528 1973179.1775 -2604139.2443 5468063.2517 1976963.3461  230526.8451     258.0626     103.6312
400000377 300000095                                               0.0000 5886036.5016 2438076.1476 -639129.1082 6056845.8882 1869698.6039 -669073.8784 5812081.9155 2522238.0841  232651.5371     246.3788     104.5587
400000378 300000095                                         -1266279.9131 6114140.2800 1266279.9131 -1306164.9224 5928333.1219 1933504.7432 -639129.1082 6056845.8882 1869698.6039  232712.3450     238.2149     114.3327
400000379 300000095                                         -1330561.6814 5672228.9398 2577802.4491 -669073.8784 5812081.9155 2522238.0841 -1306164.9224 5928333.1219 1933504.7432  231845.9895     254.1280     119.0427
400000380 300000095                                         -639129.1082 6056845.8882 1869698.6039 -1306164.9224 5928333.1219 1933504.7432 -669073.8784 5812081.9155 2522238.0841  234046.8072     249.4064     111.1787
400000381 300000096                                         -2577802.4491 5672228.9398 1330561.6814 -1973179.1775 5727370.1528 1973179.1775 -1933504.7432 5928333.1219 1306164.9224  238189.0310     233.5912     109.5372
400000382 300000096                                         -1330561.6814 5672228.9398 2577802.4491 -1306164.9224 5928333.1219 1933504.7432 -1973179.1775 5727370.1528 1973179.1775  238189.0310     255.8839     125.6686
400000383 300000096                                         -1266279.9131 6114140.2800 1266279.9131 -1933504.7432 5928333.1219 1306164.9224 -1306164.9224 5928333.1219 1933504.7432  237302.7613     229.5395     115.7306
400000384 300000096                                         -1973179.1775 5727370.1528 1973179.1775 -1306164.9224 5928333.1219 1933504.7432 -1933504.7432 5928333.1219 1306164.9224  239617.8861     238.6340     124.0820
400000385 300000097                                         -6371000.0000       0.0000       0.0000 -6340321.8936       0.0000  624467.2010 -6340321.8936  624467.2010       0.0000  195921.5441     263.5199      64.4536
400000386 300000097                                         -6248583.0214       0.0000 1242920.4416 -6308900.9250  627459.2093  627459.2093 -6340321.8936       0.0000  624467.2010  196860.2699     223.3280     109.3028
400000387 300000097                                         -6248583.0214 1242920.4416       0.0000 -6340321.8936  624467.2010       0.0000 -6308900.9250  627459.2093  627459.2093  196860.2699     254.0756      74.9906
400000388 300000097                                         -6340321.8936       0.0000  624467.2010 -6308900.9250  627459.2093  627459.2093 -6340321.8936  624467.2010       0.0000  197817.4310     245.2825      85.7185
400000389 300000098                                         -5886036.5016       0.0000 2438076.1476 -6056845.8882  639129.1082 1869698.6039 -6096666.8789       0.0000 1849403.6788  200521.8161     265.5196      64.6802
400000390 300000098                                         -6114140.2800 1266279.9131 1266279.9131 -6212473.2151  636326.6289 1260914.7366 -6056845.8882  639129.1082 1869698.6039  200560.6406     249.7604      76.0380
400000391 300000098                                         -6248583.0214       0.0000 1242920.4416 -6096666.8789       0.0000 1849403.6788 -6212473.2151  636326.6289 1260914.7366  199642.5528     251.3305      74.7732
400000392 300000098                                         -6056845.8882  639129.1082 1869698.6039 -6212473.2151  636326.6289 1260914.7366 -6096666.8789       0.0000 1849403.6788  201535.9727     257.9866      69.5209
400000393 300000099                                         -5886036.5016 2438076.1476       0.0000 -6096666.8789 1849403.6788       0.0000 -6056845.8882 1869698.6039  639129.1082  200521.8161     240.0104      90.3351
400000394 300000099                                         -6248583.0214 1242920.4416       0.0000 -6212473.2151 1260914.7366  636326.6289 -6096666.8789 1849403.6788       0.0000  199642.5528     247.6636      80.4324
400000395 300000099                                         -6114140.2800 1266279.9131 1266279.9131 -6056845.8882 1869698.6039  639129.1082 -6212473.2151 1260914.7366  636326.6289  200560.6406     223.5511     102.3331
400000396 300000099                                         -6096666.8789 1849403.6788       0.0000 -6212473.2151 1260914.7366  636326.6289 -6056845.8882 1869698.6039  639129.1082  201535.9727     235.4365      93.1623
400000397 300000100                                         -6248583.0214       0.0000 1242920.4416 -6212473.2151  636326.6289 1260914.7366 -6308900.9250  627459.2093  627459.2093  204548.8197     230.9661      96.5186
400000398 300000100                                         -6114140.2800 1266279.9131 1266279.9131 -6212473.2151 1260914.7366  636326.6289 -6212473.2151  636326.6289 1260914.7366  203612.8458     231.8167      90.9437
400000399 300000100                                         -6248583.0214 1242920.4416       0.0000 -6308900.9250  627459.2093  627459.2093 -6212473.2151 1260914.7366  636326.6289  204548.8197     240.8194      88.9211
400000400 300000100                                         -6212473.2151  636326.6289 1260914.7366 -6212473.2151 1260914.7366  636326.6289 -6308900.9250  627459.2093  627459.2093  205583.5447     226.7708     102.8543
400000401 300000101                                         -4504977.3029       0.0000 4504977.3029 -4805928.6788  678984.1624 4126944.5164 -4924849.5984       0.0000 4041719.6134  213029.7505     227.9196      96.3169
400000402 300000101                                         -5024649.2825 1346350.7175 3678298.5650 -5191537.9595  677162.3725 3630292.7893 -4805928.6788  678984.1624 4126944.5164  213259.5913     242.1995      90.0908
400000403 300000101                                         -5297292.9000       0.0000 3539537.9546 -4924849.5984       0.0000 4041719.6134 -5191537.9595  677162.3725 3630292.7893  212458.1628     245.2356      88.1163
400000404 300000101                                         -4805928.6788  678984.1624 4126944.5164 -5191537.9595  677162.3725 3630292.7893 -4924849.5984       0.0000 4041719.6134  214297.3599     237.4682      92.7891
400000405 300000102                                         -5201899.7171 2600949.8585 2600949.8585 -5468063.2517 1976963.3461 2604139.2443 -5157396.7439 1990680.8386 3166715.9053  213953.8407     271.5942      60.3659
400000406 300000102                                         -5672228.9398 1330561.6814 2577802.4491 -5375502.5311 1345228.8674 3143878.6287 -5468063.2517 1976963.3461 2604139.2443  213196.7862     274.2948      61.3251
400000407 300000102                                         -5024649.2825 1346350.7175 3678298.5650 -5157396.7439 1990680.8386 3166715.9053 -5375502.5311 1345228.8674 3143878.6287  213817.3983     261.0498      72.5436
400000408 300000102                                         -5468063.2517 1976963.3461 2604139.2443 -5375502.5311 1345228.8674 3143878.6287 -5157396.7439 1990680.8386 3166715.9053  215042.4187     272.8377      60.8447
400000409 300000103                                         -5886036.5016       0.0000 2438076.1476 -5618720.3752       0.0000 3003268.6103 -5812081.9155  669073.8784 2522238.0841  209920.2574     268.2359      63.9268
400000410 300000103                                         -5297292.9000       0.0000 3539537.9546 -5533298.6915  671168.2896 3085738.1156 -5618720.3752       0.0000 3003268.6103  210577.3796     263.6167      69.3571
400000411 300000103                                         -5672228.9398 1330561.6814 2577802.4491 -5812081.9155  669073.8784 2522238.0841 -5533298.6915  671168.2896 3085738.1156  210758.2000     271.4667      63.1055
400000412 300000103                                         -5618720.3752       0.0000 3003268.6103 -5533298.6915  671168.2896 3085738.1156 -5812081.9155  669073.8784 2522238.0841  211783.6604     269.3921      63.3645
400000413 300000104                                         -5024649.2825 1346350.7175 3678298.5650 -5375502.5311 1345228.8674 3143878.6287 -5191537.9595  677162.3725 3630292.7893  217445.2803     255.9848      77.2059
400000414 300000104                                         -5672228.9398 1330561.6814 2577802.4491 -5533298.6915  671168.2896 3085738.1156 -5375502.5311 1345228.8674 3143878.6287  218077.9738     271.2976      63.8394
400000415 300000104                                         -5297292.9000       0.0000 3539537.9546 -5191537.9595  677162.3725 3630292.7893 -5533298.6915  671168.2896 3085738.1156  218265.1507     257.8975      74.9015
400000416 300000104                                         -5375502.5311 1345228.8674 3143878.6287 -5533298.6915  671168.2896 3085738.1156 -5191537.9595  677162.3725 3630292.7893  219375.9096     263.6327      70.1589
400000417 300000105                                         -4504977.3029 4504977.3029       0.0000 -4924849.5984 4041719.6134       0.0000 -4805928.6788 4126944.5164  678984.1624  213029.7505     236.2127      86.1743
400000418 300000105                                         -5297292.9000 3539537.9546       0.0000 -5191537.9595 3630292.7893  677162.3725 -4924849.5984 4041719.6134       0.0000  212458.1628     232.0215      90.6459
400000419 300000105                                         -5024649.2825 3678298.5650 1346350.7175 -4805928.6788 4126944.5164  678984.1624 -5191537.9595 3630292.7893  677162.3725  213259.5913     221.5820      98.3838
400000420 300000105                                         -4924849.5984 4041719.6134       0.0000 -5191537.9595 3630292.7893  677162.3725 -4805928.6788 4126944.5164  678984.1624  214297.3599     230.5989      90.5328
400000421 300000106                                         -5886036.5016 2438076.1476       0.0000 -5812081.9155 2522238.0841  669073.8784 -5618720.3752 3003268.6103       0.0000  209920.2574     235.5761      93.2659
400000422 300000106                                         -5672228.9398 2577802.4491 1330561.6814 -5533298.6915 3085738.1156  671168.2896 -5812081.9155 2522238.0841  669073.8784  210758.2000     219.6838     110.0429
400000423 300000106                                         -5297292.9000 3539537.9546       0.0000 -5618720.3752 3003268.6103       0.0000 -5533298.6915 3085738.1156  671168.2896  210577.3796     232.5093      91.7550
400000424 300000106                                         -5812081.9155 2522238.0841  669073.8784 -5533298.6915 3085738.1156  671168.2896 -5618720.3752 3003268.6103       0.0000  211783.6604     229.0036      99.7424
400000425 300000107                                         -5201899.7171 2600949.8585 2600949.8585 -5157396.7439 3166715.9053 1990680.8386 -5468063.2517 2604139.2443 1976963.3461  213953.8407     259.6679      70.1820
400000426 300000107                                         -5024649.2825 3678298.5650 1346350.7175 -5375502.5311 3143878.6287 1345228.8674 -5157396.7439 3166715.9053 1990680.8386  213817.3983     226.8050      96.3146
400000427 300000107                                         -5672228.9398 2577802.4491 1330561.6814 -5468063.2517 2604139.2443 1976963.3461 -5375502.5311 3143878.6287 1345228.8674  213196.7862     232.0676      93.9040
400000428 300000107                                         -5157396.7439 3166715.9053 1990680.8386 -5375502.5311 3143878.6287 1345228.8674 -5468063.2517 2604139.2443 1976963.3461  215042.4187     239.2986      87.0483
400000429 300000108                                         -5297292.9000 3539537.9546       0.0000 -5533298.6915 3085738.1156  671168.2896 -5191537.9595 3630292.7893  677162.3725  218265.1507     227.4775      94.6285
400000430 300000108                                         -5672228.9398 2577802.4491 1330561.6814 -5375502.5311 3143878.6287 1345228.8674 -5533298.6915 3085738.1156  671168.2896  218077.9738     221.1904     104.4577
400000431 300000108                                         -5024649.2825 3678298.5650 1346350.7175 -5191537.9595 3630292.7893  677162.3725 -5375502.5311 3143878.6287 1345228.8674  217445.2803     219.6884     103.1832
400000432 300000108                                         -5533298.6915 3085738.1156  671168.2896 -5375502.5311 3143878.6287 1345228.8674 -5191537.9595 3630292.7893  677162.3725  219375.9096     220.9265     103.6901
400000433 300000109                                         -5886036.5016       0.0000 2438076.1476 -5812081.9155  669073.8784 2522238.0841 -6056845.8882  639129.1082 1869698.6039  232651.5371     266.6392      64.5322
400000434 300000109                                         -5672228.9398 1330561.6814 2577802.4491 -5928333.1219 1306164.9224 1933504.7432 -5812081.9155  669073.8784 2522238.0841  231845.9895     268.3494      65.6403
400000435 300000109                                         -6114140.2800 1266279.9131 1266279.9131 -6056845.8882  639129.1082 1869698.6039 -5928333.1219 1306164.9224 1933504.7432  232712.3450     254.9789      74.9422
400000436 300000109                                         -5812081.9155  669073.8784 2522238.0841 -5928333.1219 1306164.9224 1933504.7432 -6056845.8882  639129.1082 1869698.6039  234046.8072     262.9674      68.5891
400000437 300000110                                         -5201899.7171 2600949.8585 2600949.8585 -5468063.2517 2604139.2443 1976963.3461 -5468063.2517 1976963.3461 2604139.2443  228300.1373     268.8096      63.4291
400000438 300000110                                         -5672228.9398 2577802.4491 1330561.6814 -5727370.1528 1973179.1775 1973179.1775 -5468063.2517 2604139.2443 1976963.3461  229212.6770     245.5157      82.8213
400000439 300000110                                         -5672228.9398 1330561.6814 2577802.4491 -5468063.2517 1976963.3461 2604139.2443 -5727370.1528 1973179.1775 1973179.1775  229212.6770     269.1393      64.9045
400000440 300000110                                         -5468063.2517 2604139.2443 1976963.3461 -5727370.1528 1973179.1775 1973179.1775 -5468063.2517 1976963.3461 2604139.2443  230526.8451     264.4653      67.6707
400000441 300000111                                         -5886036.5016 2438076.1476       0.0000 -6056845.8882 1869698.6039  639129.1082 -5812081.9155 2522238.0841  669073.8784  232651.5371     230.5118     100.2881
400000442 300000111                                         -6114140.2800 1266279.9131 1266279.9131 -5928333.1219 1933504.7432 1306164.9224 -6056845.8882 1869698.6039  639129.1082  232712.3450     225.9400      98.7817
400000443 300000111                                         -5672228.9398 2577802.4491 1330561.6814 -5812081.9155 2522238.0841  669073.8784 -5928333.1219 1933504.7432 1306164.9224  231845.9895     222.8867     104.3393
400000444 300000111                                         -6056845.8882 1869698.6039  639129.1082 -5928333.1219 1933504.7432 1306164.9224 -5812081.9155 2522238.0841  669073.8784  234046.8072     220.4187     107.7038
400000445 300000112                                         -5672228.9398 1330561.6814 2577802.4491 -5727370.1528 1973179.1775 1973179.1775 -5928333.1219 1306164.9224 1933504.7432  238189.0310     262.1075      71.4136
400000446 300000112                                         -5672228.9398 2577802.4491 1330561.6814 -5928333.1219 1933504.7432 1306164.9224 -5727370.1528 1973179.1775 1973179.1775  238189.0310     238.8969      86.0014
400000447 300000112                                         -6114140.2800 1266279.9131 1266279.9131 -5928333.1219 1306164.9224 1933504.7432 -5928333.1219 1933504.7432 1306164.9224  237302.7613     245.9602      81.4373
400000448 300000112                                         -5727370.1528 1973179.1775 1973179.1775 -5928333.1219 1933504.7432 1306164.9224 -5928333.1219 1306164.9224 1933504.7432  239617.8861     250.5564      79.4962
400000449 300000113                                               0.0000 4504977.3029 4504977.3029 -678984.1624 4805928.6788 4126944.5164 -678984.1624 4126944.5164 4805928.6788  328324.9483     232.7777      64.3975
400000450 300000113                                         -1346350.7175 5024649.2825 3678298.5650 -1361638.6226 4400885.2099 4400885.2099 -678984.1624 4805928.6788 4126944.5164  329212.3599     242.0066      78.5053
400000451 300000113                                         -1346350.7175 3678298.5650 5024649.2825 -678984.1624 4126944.5164 4805928.6788 -1361638.6226 4400885.2099 4400885.2099  329212.3599     220.6223      68.7595
400000452 300000113                                         -678984.1624 4805928.6788 4126944.5164 -1361638.6226 4400885.2099 4400885.2099 -678984.1624 4126944.5164 4805928.6788  332074.9378     234.8669      66.2648
400000453 300000114                                         -2600949.8585 5201899.7171 2600949.8585 -2687534.5848 4688572.4479 3374031.3064 -1990680.8386 5157396.7439 3166715.9053  331958.1435     254.6134     112.3237
400000454 300000114                                         -2716603.5278 4074905.2917 4074905.2917 -2050103.9020 4591494.5659 3912146.8074 -2687534.5848 4688572.4479 3374031.3064  332135.9111     251.2722      82.7324
400000455 300000114                                         -1346350.7175 5024649.2825 3678298.5650 -1990680.8386 5157396.7439 3166715.9053 -2050103.9020 4591494.5659 3912146.8074  331417.2039     236.2719     111.2703
400000456 300000114                                         -2687534.5848 4688572.4479 3374031.3064 -2050103.9020 4591494.5659 3912146.8074 -1990680.8386 5157396.7439 3166715.9053  335024.3025     246.8031     103.0752
400000457 300000115                                         -2600949.8585 2600949.8585 5201899.7171 -1990680.8386 3166715.9053 5157396.7439 -2687534.5848 3374031.3064 4688572.4479  331958.1435     211.5301      64.2116
400000458 300000115                                         -1346350.7175 3678298.5650 5024649.2825 -2050103.9020 3912146.8074 4591494.5659 -1990680.8386 3166715.9053 5157396.7439  331417.2039     216.4326      61.9696
400000459 300000115                                         -2716603.5278 4074905.2917 4074905.2917 -2687534.5848 3374031.3064 4688572.4479 -2050103.9020 3912146.8074 4591494.5659  332135.9111     234.7360      70.7939
400000460 300000115                                         -1990680.8386 3166715.9053 5157396.7439 -2050103.9020 3912146.8074 4591494.5659 -2687534.5848 3374031.3064 4688572.4479  335024.3025     220.2774      63.1090
400000461 300000116                                         -1346350.7175 5024649.2825 3678298.5650 -2050103.9020 4591494.5659 3912146.8074 -1361638.6226 4400885.2099 4400885.2099  344128.0612     240.1427      82.3877
400000462 300000116                                         -2716603.5278 4074905.2917 4074905.2917 -2050103.9020 3912146.8074 4591494.5659 -2050103.9020 4591494.5659 3912146.8074  343384.2298     241.3870      73.9734
400000463 300000116                                         -1346350.7175 3678298.5650 5024649.2825 -1361638.6226 4400885.2099 4400885.2099 -2050103.9020 3912146.8074 4591494.5659  344128.0612     223.9344      69.6586
400000464 300000116                                         -2050103.9020 4591494.5659 3912146.8074 -2050103.9020 3912146.8074 4591494.5659 -1361638.6226 4400885.2099 4400885.2099  347308.3434     236.0893      75.5723
400000465 300000117                                         -4504977.3029 4504977.3029       0.0000 -4805928.6788 4126944.5164  678984.1624 -4126944.5164 4805928.6788  678984.1624  328324.9483     234.6788      84.8230
400000466 300000117                                         -5024649.2825 3678298.5650 1346350.7175 -4400885.2099 4400885.2099 1361638.6226 -4805928.6788 4126944.5164  678984.1624  329212.3599     221.7128      98.7064
400000467 300000117                                         -3678298.5650 5024649.2825 1346350.7175 -4126944.5164 4805928.6788  678984.1624 -4400885.2099 4400885.2099 1361638.6226  329212.3599     224.4997      98.9551
400000468 300000117                                         -4805928.6788 4126944.5164  678984.1624 -4400885.2099 4400885.2099 1361638.6226 -4126944.5164 4805928.6788  678984.1624  332074.9378     225.5659      95.2177
400000469 300000118                                         -5201899.7171 2600949.8585 2600949.8585 -4688572.4479 3374031.3064 2687534.5848 -5157396.7439 3166715.9053 1990680.8386  331958.1435     264.2081      63.9825
400000470 300000118                                         -4074905.2917 4074905.2917 2716603.5278 -4591494.5659 3912146.8074 2050103.9020 -4688572.4479 3374031.3064 2687534.5848  332135.9111     257.9248      69.5677
400000471 300000118                                         -5024649.2825 3678298.5650 1346350.7175 -5157396.7439 3166715.9053 1990680.8386 -4591494.5659 3912146.8074 2050103.9020  331417.2039     234.4260      90.6437
400000472 300000118                                         -4688572.4479 3374031.3064 2687534.5848 -4591494.5659 3912146.8074 2050103.9020 -5157396.7439 3166715.9053 1990680.8386  335024.3025     256.1734      69.9560
400000473 300000119                                         -2600949.8585 5201899.7171 2600949.8585 -3166715.9053 5157396.7439 1990680.8386 -3374031.3064 4688572.4479 2687534.5848  331958.1435     259.5565      93.6888
400000474 300000119                                         -3678298.5650 5024649.2825 1346350.7175 -3912146.8074 4591494.5659 2050103.9020 -3166715.9053 5157396.7439 1990680.8386  331417.2039     235.9438      93.7677
400000475 300000119                                         -4074905.2917 4074905.2917 2716603.5278 -3374031.3064 4688572.4479 2687534.5848 -3912146.8074 4591494.5659 2050103.9020  332135.9111     253.1341      81.8825
400000476 300000119                                         -3166715.9053 5157396.7439 1990680.8386 -3912146.8074 4591494.5659 2050103.9020 -3374031.3064 4688572.4479 2687534.5848  335024.3025     251.6939      84.1657
400000477 300000120                                         -5024649.2825 3678298.5650 1346350.7175 -4591494.5659 3912146.8074 2050103.9020 -4400885.2099 4400885.2099 1361638.6226  344128.0612     228.7053      94.8044
400000478 300000120                                         -4074905.2917 4074905.2917 2716603.5278 -3912146.8074 4591494.5659 2050103.9020 -4591494.5659 3912146.8074 2050103.9020  343384.2298     250.1470      77.6594
400000479 300000120                                         -3678298.5650 5024649.2825 1346350.7175 -4400885.2099 4400885.2099 1361638.6226 -3912146.8074 4591494.5659 2050103.9020  344128.0612     230.8682      90.8167
400000480 300000120                                         -4591494.5659 3912146.8074 2050103.9020 -3912146.8074 4591494.5659 2050103.9020 -4400885.2099 4400885.2099 1361638.6226  347308.3434     238.4651      84.9990
400000481 300000121                                         -4504977.3029       0.0000 4504977.3029 -4126944.5164  678984.1624 4805928.6788 -4805928.6788  678984.1624 4126944.5164  328324.9483     222.7079      92.5447
400000482 300000121                                         -3678298.5650 1346350.7175 5024649.2825 -4400885.2099 1361638.6226 4400885.2099 -4126944.5164  678984.1624 4805928.6788  329212.3599     222.6660      79.9926
400000483 300000121                                         -5024649.2825 1346350.7175 3678298.5650 -4805928.6788  678984.1624 4126944.5164 -4400885.2099 1361638.6226 4400885.2099  329212.3599     231.4737      97.0322
400000484 300000121                                         -4126944.5164  678984.1624 4805928.6788 -4400885.2099 1361638.6226 4400885.2099 -4805928.6788  678984.1624 4126944.5164  332074.9378     222.2273      93.9292
400000485 300000122                                         -2600949.8585 2600949.8585 5201899.7171 -3374031.3064 2687534.5848 4688572.4479 -3166715.9053 1990680.8386 5157396.7439  331958.1435     213.9527      69.7800
400000486 300000122                                         -4074905.2917 2716603.5278 4074905.2917 -3912146.8074 2050103.9020 4591494.5659 -3374031.3064 2687534.5848 4688572.4479  332135.9111     228.3696      77.3682
400000487 300000122                                         -3678298.5650 1346350.7175 5024649.2825 -3166715.9053 1990680.8386 5157396.7439 -3912146.8074 2050103.9020 4591494.5659  331417.2039     218.3715      76.5657
400000488 300000122                                         -3374031.3064 2687534.5848 4688572.4479 -3912146.8074 2050103.9020 4591494.5659 -3166715.9053 1990680.8386 5157396.7439  335024.3025     222.4909      72.1159
400000489 300000123                                         -5201899.7171 2600949.8585 2600949.8585 -5157396.7439 1990680.8386 3166715.9053 -4688572.4479 2687534.5848 3374031.3064  331958.1435     261.6747      70.3773
400000490 300000123                                         -5024649.2825 1346350.7175 3678298.5650 -4591494.5659 2050103.9020 3912146.8074 -5157396.7439 1990680.8386 3166715.9053  331417.2039     249.3993      81.8737
400000491 300000123                                         -4074905.2917 2716603.5278 4074905.2917 -4688572.4479 2687534.5848 3374031.3064 -4591494.5659 2050103.9020 3912146.8074  332135.9111     236.8054      96.0206
400000492 300000123                                         -5157396.7439 1990680.8386 3166715.9053 -4591494.5659 2050103.9020 3912146.8074 -4688572.4479 2687534.5848 3374031.3064  335024.3025     249.5740      82.6779
400000493 300000124                                         -3678298.5650 1346350.7175 5024649.2825 -3912146.8074 2050103.9020 4591494.5659 -4400885.2099 1361638.6226 4400885.2099  344128.0612     222.9616      81.8143
400000494 300000124                                         -4074905.2917 2716603.5278 4074905.2917 -4591494.5659 2050103.9020 3912146.8074 -3912146.8074 2050103.9020 4591494.5659  343384.2298     228.5476      91.1696
400000495 300000124                                         -5024649.2825 1346350.7175 3678298.5650 -4400885.2099 1361638.6226 4400885.2099 -4591494.5659 2050103.9020 3912146.8074  344128.0612     232.8478      94.7448
400000496 300000124                                         -3912146.8074 2050103.9020 4591494.5659 -4591494.5659 2050103.9020 3912146.8074 -4400885.2099 1361638.6226 4400885.2099  347308.3434     224.9604      94.4449
400000497 300000125                                         -2600949.8585 5201899.7171 2600949.8585 -3374031.3064 4688572.4479 2687534.5848 -2687534.5848 4688572.4479 3374031.3064  387995.8446     260.5489     103.8331
400000498 300000125                                         -4074905.2917 4074905.2917 2716603.5278 -3435012.9904 4122015.5885 3435012.9904 -3374031.3064 4688572.4479 2687534.5848  388281.7658     256.0626      88.7674
400000499 300000125                                         -2716603.5278 4074905.2917 4074905.2917 -2687534.5848 4688572.4479 3374031.3064 -3435012.9904 4122015.5885 3435012.9904  388281.7658     253.7613      76.8512
400000500 300000125                                         -3374031.3064 4688572.4479 2687534.5848 -3435012.9904 4122015.5885 3435012.9904 -2687534.5848 4688572.4479 3374031.3064  392517.4362     257.9026      90.4264
400000501 300000126                                         -5201899.7171 2600949.8585 2600949.8585 -4688572.4479 2687534.5848 3374031.3064 -4688572.4479 3374031.3064 2687534.5848  387995.8446     261.5063      67.9227
400000502 300000126                                         -4074905.2917 2716603.5278 4074905.2917 -4122015.5885 3435012.9904 3435012.9904 -4688572.4479 2687534.5848 3374031.3064  388281.7658     239.8270      96.8102
400000503 300000126                                         -4074905.2917 4074905.2917 2716603.5278 -4688572.4479 3374031.3064 2687534.5848 -4122015.5885 3435012.9904 3435012.9904  388281.7658     257.2411      76.1493
400000504 300000126                                         -4688572.4479 2687534.5848 3374031.3064 -4122015.5885 3435012.9904 3435012.9904 -4688572.4479 3374031.3064 2687534.5848  392517.4362     253.3185      80.3390
400000505 300000127                                         -2600949.8585 2600949.8585 5201899.7171 -2687534.5848 3374031.3064 4688572.4479 -3374031.3064 2687534.5848 4688572.4479  387995.8446     216.2500      69.6890
400000506 300000127                                         -2716603.5278 4074905.2917 4074905.2917 -3435012.9904 3435012.9904 4122015.5885 -2687534.5848 3374031.3064 4688572.4479  388281.7658     236.6767      70.1229
400000507 300000127                                         -4074905.2917 2716603.5278 4074905.2917 -3374031.3064 2687534.5848 4688572.4479 -3435012.9904 3435012.9904 4122015.5885  388281.7658     235.7688      78.3220
400000508 300000127                                         -2687534.5848 3374031.3064 4688572.4479 -3435012.9904 3435012.9904 4122015.5885 -3374031.3064 2687534.5848 4688572.4479  392517.4362     232.0844      67.0516
400000509 300000128                                         -4074905.2917 4074905.2917 2716603.5278 -4122015.5885 3435012.9904 3435012.9904 -3435012.9904 4122015.5885 3435012.9904  405996.4825     251.2240      91.5476
400000510 300000128                                         -4074905.2917 2716603.5278 4074905.2917 -3435012.9904 3435012.9904 4122015.5885 -4122015.5885 3435012.9904 3435012.9904  405996.4825     236.0458      93.9680
400000511 300000128                                         -2716603.5278 4074905.2917 4074905.2917 -3435012.9904 4122015.5885 3435012.9904 -3435012.9904 3435012.9904 4122015.5885  405996.4825     249.1520      76.8070
400000512 300000128                                         -4122015.5885 3435012.9904 3435012.9904 -3435012.9904 3435012.9904 4122015.5885 -3435012.9904 4122015.5885 3435012.9904  410731.3740     243.4743      92.5802
400000513 300000129                                               0.0000       0.0000 6371000.0000 -624467.2010       0.0000 6340321.8936       0.0000 -624467.2010 6340321.8936  195921.5441     186.4220       0.5568
400000514 300000129                                         -1242920.4416       0.0000 6248583.0214 -627459.2093 -627459.2093 6308900.9250 -624467.2010       0.0000 6340321.8936  196860.2699     189.7132       3.6880
400000515 300000129                                               0.0000 -1242920.4416 6248583.0214       0.0000 -624467.2010 6340321.8936 -627459.2093 -627459.2093 6308900.9250  196860.2699     185.9795       3.6595
400000516 300000129                                         -624467.2010       0.0000 6340321.8936 -627459.2093 -627459.2093 6308900.9250       0.0000 -624467.2010 6340321.8936  197817.4310     187.0308       1.3789
400000517 300000130                                         -2438076.1476       0.0000 5886036.5016 -1869698.6039 -639129.1082 6056845.8882 -1849403.6788       0.0000 6096666.8789  200521.8161     202.0632      29.8786
400000518 300000130                                         -1266279.9131 -1266279.9131 6114140.2800 -1260914.7366 -636326.6289 6212473.2151 -1869698.6039 -639129.1082 6056845.8882  200560.6406     198.0605      19.8649
400000519 300000130                                         -1242920.4416       0.0000 6248583.0214 -1849403.6788       0.0000 6096666.8789 -1260914.7366 -636326.6289 6212473.2151  199642.5528     195.9269      13.8856
400000520 300000130                                         -1869698.6039 -639129.1082 6056845.8882 -1260914.7366 -636326.6289 6212473.2151 -1849403.6788       0.0000 6096666.8789  201535.9727     199.4079      19.5877
400000521 300000131                                               0.0000 -2438076.1476 5886036.5016       0.0000 -1849403.6788 6096666.8789 -639129.1082 -1869698.6039 6056845.8882  200521.8161     198.4167      32.5637
400000522 300000131                                               0.0000 -1242920.4416 6248583.0214 -636326.6289 -1260914.7366 6212473.2151       0.0000 -1849403.6788 6096666.8789  199642.5528     191.7326      14.4132
400000523 300000131                                         -1266279.9131 -1266279.9131 6114140.2800 -639129.1082 -1869698.6039 6056845.8882 -636326.6289 -1260914.7366 6212473.2151  200560.6406     195.5097      20.8434
400000524 300000131                                               0.0000 -1849403.6788 6096666.8789 -636326.6289 -1260914.7366 6212473.2151 -639129.1082 -1869698.6039 6056845.8882  201535.9727     195.0760      21.4497
400000525 300000132                                         -1242920.4416       0.0000 6248583.0214 -1260914.7366 -636326.6289 6212473.2151 -627459.2093 -627459.2093 6308900.9250  204548.8197     191.3386       7.4464
400000526 300000132                                         -1266279.9131 -1266279.9131 6114140.2800 -636326.6289 -1260914.7366 6212473.2151 -1260914.7366 -636326.6289 6212473.2151  203612.8458     193.5487      15.9711
400000527 300000132                                               0.0000 -1242920.4416 6248583.0214 -627459.2093 -627459.2093 6308900.9250 -636326.6289 -1260914.7366 6212473.2151  204548.8197     188.1884       7.7317
400000528 300000132                                         -1260914.7366 -636326.6289 6212473.2151 -636326.6289 -1260914.7366 6212473.2151 -627459.2093 -627459.2093 6308900.9250  205583.5447     190.1554       9.0348
400000529 300000133                                         -4504977.3029       0.0000 4504977.3029 -4126944.5164 -678984.1624 4805928.6788 -4041719.6134       0.0000 4924849.5984  213029.7505     221.3657      82.3828
400000530 300000133                                         -3678298.5650 -1346350.7175 5024649.2825 -3630292.7893 -677162.3725 5191537.9595 -4126944.5164 -678984.1624 4805928.6788  213259.5913     218.5183      73.7263
400000531 300000133                                         -3539537.9546       0.0000 5297292.9000 -4041719.6134       0.0000 4924849.5984 -3630292.7893 -677162.3725 5191537.9595  212458.1628     216.7545      69.8358
400000532 300000133                                         -4126944.5164 -678984.1624 4805928.6788 -3630292.7893 -677162.3725 5191537.9595 -4041719.6134       0.0000 4924849.5984  214297.3599     218.4402      75.6011
400000533 300000134                                         -2600949.8585 -2600949.8585 5201899.7171 -2604139.2443 -1976963.3461 5468063.2517 -3166715.9053 -1990680.8386 5157396.7439  213953.8407     215.4026      64.9250
400000534 300000134                                         -2577802.4491 -1330561.6814 5672228.9398 -3143878.6287 -1345228.8674 5375502.5311 -2604139.2443 -1976963.3461 5468063.2517  213196.7862     207.2530      58.9027
400000535 300000134                                         -3678298.5650 -1346350.7175 5024649.2825 -3166715.9053 -1990680.8386 5157396.7439 -3143878.6287 -1345228.8674 5375502.5311  213817.3983     218.0986      66.3522
400000536 300000134                                         -2604139.2443 -1976963.3461 5468063.2517 -3143878.6287 -1345228.8674 5375502.5311 -3166715.9053 -1990680.8386 5157396.7439  215042.4187     216.4882      60.2467
400000537 300000135                                         -2438076.1476       0.0000 5886036.5016 -3003268.6103       0.0000 5618720.3752 -2522238.0841 -669073.8784 5812081.9155  209920.2574     205.6270      46.2580
400000538 300000135                                         -3539537.9546       0.0000 5297292.9000 -3085738.1156 -671168.2896 5533298.6915 -3003268.6103       0.0000 5618720.3752  210577.3796     211.8882      59.0885
400000539 300000135                                         -2577802.4491 -1330561.6814 5672228.9398 -2522238.0841 -669073.8784 5812081.9155 -3085738.1156 -671168.2896 5533298.6915  210758.2000     207.7109      48.3586
400000540 300000135                                         -3003268.6103       0.0000 5618720.3752 -3085738.1156 -671168.2896 5533298.6915 -2522238.0841 -669073.8784 5812081.9155  211783.6604     211.2210      49.4186
400000541 300000136                                         -3678298.5650 -1346350.7175 5024649.2825 -3143878.6287 -1345228.8674 5375502.5311 -3630292.7893 -677162.3725 5191537.9595  217445.2803     216.2946      68.2678
400000542 300000136                                         -2577802.4491 -1330561.6814 5672228.9398 -3085738.1156 -671168.2896 5533298.6915 -3143878.6287 -1345228.8674 5375502.5311  218077.9738     207.8723      57.3349
400000543 300000136                                         -3539537.9546       0.0000 5297292.9000 -3630292.7893 -677162.3725 5191537.9595 -3085738.1156 -671168.2896 5533298.6915  218265.1507     214.8608      62.9300
400000544 300000136                                         -3143878.6287 -1345228.8674 5375502.5311 -3085738.1156 -671168.2896 5533298.6915 -3630292.7893 -677162.3725 5191537.9595  219375.9096     215.2696      60.5065
400000545 300000137                                               0.0000 -4504977.3029 4504977.3029       0.0000 -4041719.6134 4924849.5984 -678984.1624 -4126944.5164 4805928.6788  213029.7505     220.9070      81.3442
400000546 300000137                                               0.0000 -3539537.9546 5297292.9000 -677162.3725 -3630292.7893 5191537.9595       0.0000 -4041719.6134 4924849.5984  212458.1628     212.5210      72.5527
400000547 300000137                                         -1346350.7175 -3678298.5650 5024649.2825 -678984.1624 -4126944.5164 4805928.6788 -677162.3725 -3630292.7893 5191537.9595  213259.5913     218.4550      71.7897
400000548 300000137                                               0.0000 -4041719.6134 4924849.5984 -677162.3725 -3630292.7893 5191537.9595 -678984.1624 -4126944.5164 4805928.6788  214297.3599     217.7652      74.1325
400000549 300000138                                               0.0000 -2438076.1476 5886036.5016 -669073.8784 -2522238.0841 5812081.9155       0.0000 -3003268.6103 5618720.3752  209920.2574     199.7702      54.1701
400000550 300000138                                         -1330561.6814 -2577802.4491 5672228.9398 -671168.2896 -3085738.1156 5533298.6915 -669073.8784 -2522238.0841 5812081.9155  210758.2000     203.3260      55.7288
400000551 300000138                                               0.0000 -3539537.9546 5297292.9000       0.0000 -3003268.6103 5618720.3752 -671168.2896 -3085738.1156 5533298.6915  210577.3796     206.7082      64.3770
400000552 300000138                                         -669073.8784 -2522238.0841 5812081.9155 -671168.2896 -3085738.1156 5533298.6915       0.0000 -3003268.6103 5618720.3752  211783.6604     202.6301      58.7436
400000553 300000139                                         -2600949.8585 -2600949.8585 5201899.7171 -1990680.8386 -3166715.9053 5157396.7439 -1976963.3461 -2604139.2443 5468063.2517  213953.8407     200.1148      76.0696
400000554 300000139                                         -1346350.7175 -3678298.5650 5024649.2825 -1345228.8674 -3143878.6287 5375502.5311 -1990680.8386 -3166715.9053 5157396.7439  213817.3983     209.4218      65.0127
400000555 300000139                                         -1330561.6814 -2577802.4491 5672228.9398 -1976963.3461 -2604139.2443 5468063.2517 -1345228.8674 -3143878.6287 5375502.5311  213196.7862     207.4694      52.2915
400000556 300000139                                         -1990680.8386 -3166715.9053 5157396.7439 -1345228.8674 -3143878.6287 5375502.5311 -1976963.3461 -2604139.2443 5468063.2517  215042.4187     205.0014      61.7988
400000557 300000140                                               0.0000 -3539537.9546 5297292.9000 -671168.2896 -3085738.1156 5533298.6915 -677162.3725 -3630292.7893 5191537.9595  218265.1507     209.6182      66.8992
400000558 300000140                                         -1330561.6814 -2577802.4491 5672228.9398 -1345228.8674 -3143878.6287 5375502.5311 -671168.2896 -3085738.1156 5533298.6915  218077.9738     208.8606      53.5787
400000559 300000140                                         -1346350.7175 -3678298.5650 5024649.2825 -677162.3725 -3630292.7893 5191537.9595 -1345228.8674 -3143878.6287 5375502.5311  217445.2803     214.6173      63.7447
400000560 300000140                                         -671168.2896 -3085738.1156 5533298.6915 -1345228.8674 -3143878.6287 5375502.5311 -677162.3725 -3630292.7893 5191537.9595  219375.9096     210.8181      61.4219
400000561 300000141                                         -2438076.1476       0.0000 5886036.5016 -2522238.0841 -669073.8784 5812081.9155 -1869698.6039 -639129.1082 6056845.8882  232651.5371     205.0314      35.9489
400000562 300000141                                         -2577802.4491 -1330561.6814 5672228.9398 -1933504.7432 -1306164.9224 5928333.1219 -2522238.0841 -669073.8784 5812081.9155  231845.9895     200.1708      42.7003
400000563 300000141                                         -1266279.9131 -1266279.9131 6114140.2800 -1869698.6039 -639129.1082 6056845.8882 -1933504.7432 -1306164.9224 5928333.1219  232712.3450     200.4718      28.6230
400000564 300000141                                         -2522238.0841 -669073.8784 5812081.9155 -1933504.7432 -1306164.9224 5928333.1219 -1869698.6039 -639129.1082 6056845.8882  234046.8072     199.5278      37.9481
400000565 300000142                                         -2600949.8585 -2600949.8585 5201899.7171 -1976963.3461 -2604139.2443 5468063.2517 -2604139.2443 -1976963.3461 5468063.2517  228300.1373     202.8146      70.1680
400000566 300000142                                         -1330561.6814 -2577802.4491 5672228.9398 -1973179.1775 -1973179.1775 5727370.1528 -1976963.3461 -2604139.2443 5468063.2517  229212.6770     199.8668      54.1910
400000567 300000142                                         -2577802.4491 -1330561.6814 5672228.9398 -2604139.2443 -1976963.3461 5468063.2517 -1973179.1775 -1973179.1775 5727370.1528  229212.6770     196.1704      57.6214
400000568 300000142                                         -1976963.3461 -2604139.2443 5468063.2517 -1973179.1775 -1973179.1775 5727370.1528 -2604139.2443 -1976963.3461 5468063.2517  230526.8451     196.9591      61.0316
400000569 300000143                                               0.0000 -2438076.1476 5886036.5016 -639129.1082 -1869698.6039 6056845.8882 -669073.8784 -2522238.0841 5812081.9155  232651.5371     199.6103      41.8315
400000570 300000143                                         -1266279.9131 -1266279.9131 6114140.2800 -1306164.9224 -1933504.7432 5928333.1219 -639129.1082 -1869698.6039 6056845.8882  232712.3450     199.7040      28.9992
400000571 300000143                                         -1330561.6814 -2577802.4491 5672228.9398 -669073.8784 -2522238.0841 5812081.9155 -1306164.9224 -1933504.7432 5928333.1219  231845.9895     201.3406      49.0010
400000572 300000143                                         -639129.1082 -1869698.6039 6056845.8882 -1306164.9224 -1933504.7432 5928333.1219 -669073.8784 -2522238.0841 5812081.9155  234046.8072     199.5331      39.9971
400000573 300000144                                         -2577802.4491 -1330561.6814 5672228.9398 -1973179.1775 -1973179.1775 5727370.1528 -1933504.7432 -1306164.9224 5928333.1219  238189.0310     198.1354      44.5361
400000574 300000144                                         -1330561.6814 -2577802.4491 5672228.9398 -1306164.9224 -1933504.7432 5928333.1219 -1973179.1775 -1973179.1775 5727370.1528  238189.0310     201.2151      45.9174
400000575 300000144                                         -1266279.9131 -1266279.9131 6114140.2800 -1933504.7432 -1306164.9224 5928333.1219 -1306164.9224 -1933504.7432 5928333.1219  237302.7613     201.6153      31.5804
400000576 300000144                                         -1973179.1775 -1973179.1775 5727370.1528 -1306164.9224 -1933504.7432 5928333.1219 -1933504.7432 -1306164.9224 5928333.1219  239617.8861     198.9812      41.2387
400000577 300000145                                         -6371000.0000       0.0000       0.0000 -6340321.8936 -624467.2010       0.0000 -6340321.8936       0.0000  624467.2010  195921.5441     268.6356      61.7014
400000578 300000145                                         -6248583.0214 -1242920.4416       0.0000 -6308900.9250 -627459.2093  627459.2093 -6340321.8936 -624467.2010       0.0000  196860.2699     274.0105      60.2397
400000579 300000145                                         -6248583.0214       0.0000 1242920.4416 -6340321.8936       0.0000  624467.2010 -6308900.9250 -627459.2093  627459.2093  196860.2699     224.5397     113.2278
400000580 300000145                                         -6340321.8936 -624467.2010       0.0000 -6308900.9250 -627459.2093  627459.2093 -6340321.8936       0.0000  624467.2010  197817.4310     255.7966      79.1790
400000581 300000146                                         -5886036.5016 -2438076.1476       0.0000 -6056845.8882 -1869698.6039  639129.1082 -6096666.8789 -1849403.6788       0.0000  200521.8161     280.8717      58.6771
400000582 300000146                                         -6114140.2800 -1266279.9131 1266279.9131 -6212473.2151 -1260914.7366  636326.6289 -6056845.8882 -1869698.6039  639129.1082  200560.6406     228.3083     113.9798
400000583 300000146                                         -6248583.0214 -1242920.4416       0.0000 -6096666.8789 -1849403.6788       0.0000 -6212473.2151 -1260914.7366  636326.6289  199642.5528     277.4963      59.3412
400000584 300000146                                         -6056845.8882 -1869698.6039  639129.1082 -6212473.2151 -1260914.7366  636326.6289 -6096666.8789 -1849403.6788       0.0000  201535.9727     262.6388      76.4779
400000585 300000147                                         -5886036.5016       0.0000 2438076.1476 -6096666.8789       0.0000 1849403.6788 -6056845.8882 -639129.1082 1869698.6039  200521.8161     264.9082      66.1856
400000586 300000147                                         -6248583.0214       0.0000 1242920.4416 -6212473.2151 -636326.6289 1260914.7366 -6096666.8789       0.0000 1849403.6788  199642.5528     250.0268      76.7641
400000587 300000147                                         -6114140.2800 -1266279.9131 1266279.9131 -6056845.8882 -639129.1082 1869698.6039 -6212473.2151 -636326.6289 1260914.7366  200560.6406     249.9122      78.4855
400000588 300000147                                         -6096666.8789       0.0000 1849403.6788 -6212473.2151 -636326.6289 1260914.7366 -6056845.8882 -639129.1082 1869698.6039  201535.9727     257.1749      71.8042
400000589 300000148                                         -6248583.0214 -1242920.4416       0.0000 -6212473.2151 -1260914.7366  636326.6289 -6308900.9250 -627459.2093  627459.2093  204548.8197     259.3010      78.5920
400000590 300000148                                         -6114140.2800 -1266279.9131 1266279.9131 -6212473.2151 -636326.6289 1260914.7366 -6212473.2151 -1260914.7366  636326.6289  203612.8458     231.7100     103.2839
400000591 300000148                                         -6248583.0214       0.0000 1242920.4416 -6308900.9250 -627459.2093  627459.2093 -6212473.2151 -636326.6289 1260914.7366  204548.8197     229.5869     102.0876
400000592 300000148                                         -6212473.2151 -1260914.7366  636326.6289 -6212473.2151 -636326.6289 1260914.7366 -6308900.9250 -627459.2093  627459.2093  205583.5447     226.0650     114.8552
400000593 300000149                                         -4504977.3029 -4504977.3029       0.0000 -4805928.6788 -4126944.5164  678984.1624 -4924849.5984 -4041719.6134       0.0000  213029.7505     285.1176      55.5520
400000594 300000149                                         -5024649.2825 -3678298.5650 1346350.7175 -5191537.9595 -3630292.7893  677162.3725 -4805928.6788 -4126944.5164  678984.1624  213259.5913     237.7959     117.8754
400000595 300000149                                         -5297292.9000 -3539537.9546       0.0000 -4924849.5984 -4041719.6134       0.0000 -5191537.9595 -3630292.7893  677162.3725  212458.1628     285.2614      54.9097
400000596 300000149                                         -4805928.6788 -4126944.5164  678984.1624 -5191537.9595 -3630292.7893  677162.3725 -4924849.5984 -4041719.6134       0.0000  214297.3599     272.9012      71.5422
400000597 300000150                                         -5201899.7171 -2600949.8585 2600949.8585 -5468063.2517 -2604139.2443 1976963.3461 -5157396.7439 -3166715.9053 1990680.8386  213953.8407     270.6511      65.1226
400000598 300000150                                         -5672228.9398 -2577802.4491 1330561.6814 -5375502.5311 -3143878.6287 1345228.8674 -5468063.2517 -2604139.2443 1976963.3461  213196.7862     256.5670      77.9422
400000599 300000150                                         -5024649.2825 -3678298.5650 1346350.7175 -5157396.7439 -3166715.9053 1990680.8386 -5375502.5311 -3143878.6287 1345228.8674  213817.3983     260.6141      77.3060
400000600 300000150                                         -5468063.2517 -2604139.2443 1976963.3461 -5375502.5311 -3143878.6287 1345228.8674 -5157396.7439 -3166715.9053 1990680.8386  215042.4187     264.6953      70.9856
400000601 300000151                                         -5886036.5016 -2438076.1476       0.0000 -5618720.3752 -3003268.6103       0.0000 -5812081.9155 -2522238.0841  669073.8784  209920.2574     281.9450      59.6717
400000602 300000151                                         -5297292.9000 -3539537.9546       0.0000 -5533298.6915 -3085738.1156  671168.2896 -5618720.3752 -3003268.6103       0.0000  210577.3796     283.6496      56.2913
400000603 300000151                                         -5672228.9398 -2577802.4491 1330561.6814 -5812081.9155 -2522238.0841  669073.8784 -5533298.6915 -3085738.1156  671168.2896  210758.2000     226.9960     122.6465
400000604 300000151                                         -5618720.3752 -3003268.6103       0.0000 -5533298.6915 -3085738.1156  671168.2896 -5812081.9155 -2522238.0841  669073.8784  211783.6604     266.5994      77.1551
400000605 300000152                                         -5024649.2825 -3678298.5650 1346350.7175 -5375502.5311 -3143878.6287 1345228.8674 -5191537.9595 -3630292.7893  677162.3725  217445.2803     239.4915     104.8861
400000606 300000152                                         -5672228.9398 -2577802.4491 1330561.6814 -5533298.6915 -3085738.1156  671168.2896 -5375502.5311 -3143878.6287 1345228.8674  218077.9738     234.7666     106.0298
400000607 300000152                                         -5297292.9000 -3539537.9546       0.0000 -5191537.9595 -3630292.7893  677162.3725 -5533298.6915 -3085738.1156  671168.2896  218265.1507     270.8766      71.5206
400000608 300000152                                         -5375502.5311 -3143878.6287 1345228.8674 -5533298.6915 -3085738.1156  671168.2896 -5191537.9595 -3630292.7893  677162.3725  219375.9096     231.9808     118.2352
400000609 300000153                                         -4504977.3029       0.0000 4504977.3029 -4924849.5984       0.0000 4041719.6134 -4805928.6788 -678984.1624 4126944.5164  213029.7505     229.5339      95.1388
400000610 300000153                                         -5297292.9000       0.0000 3539537.9546 -5191537.9595 -677162.3725 3630292.7893 -4924849.5984       0.0000 4041719.6134  212458.1628     244.8218      89.0439
400000611 300000153                                         -5024649.2825 -1346350.7175 3678298.5650 -4805928.6788 -678984.1624 4126944.5164 -5191537.9595 -677162.3725 3630292.7893  213259.5913     239.8995      91.4868
400000612 300000153                                         -4924849.5984       0.0000 4041719.6134 -5191537.9595 -677162.3725 3630292.7893 -4805928.6788 -678984.1624 4126944.5164  214297.3599     237.4270      92.5862
400000613 300000154                                         -5886036.5016       0.0000 2438076.1476 -5812081.9155 -669073.8784 2522238.0841 -5618720.3752       0.0000 3003268.6103  209920.2574     265.2493      67.0116
400000614 300000154                                         -5672228.9398 -1330561.6814 2577802.4491 -5533298.6915 -671168.2896 3085738.1156 -5812081.9155 -669073.8784 2522238.0841  210758.2000     263.3458      67.6397
400000615 300000154                                         -5297292.9000       0.0000 3539537.9546 -5618720.3752       0.0000 3003268.6103 -5533298.6915 -671168.2896 3085738.1156  210577.3796     259.9769      71.8855
400000616 300000154                                         -5812081.9155 -669073.8784 2522238.0841 -5533298.6915 -671168.2896 3085738.1156 -5618720.3752       0.0000 3003268.6103  211783.6604     262.1537      69.2282
400000617 300000155                                         -5201899.7171 -2600949.8585 2600949.8585 -5157396.7439 -1990680.8386 3166715.9053 -5468063.2517 -1976963.3461 2604139.2443  213953.8407     265.1073      68.2243
400000618 300000155                                         -5024649.2825 -1346350.7175 3678298.5650 -5375502.5311 -1345228.8674 3143878.6287 -5157396.7439 -1990680.8386 3166715.9053  213817.3983     254.6274      79.3185
400000619 300000155                                         -5672228.9398 -1330561.6814 2577802.4491 -5468063.2517 -1976963.3461 2604139.2443 -5375502.5311 -1345228.8674 3143878.6287  213196.7862     261.2179      71.1731
400000620 300000155                                         -5157396.7439 -1990680.8386 3166715.9053 -5375502.5311 -1345228.8674 3143878.6287 -5468063.2517 -1976963.3461 2604139.2443  215042.4187     259.0785      74.3687
400000621 300000156                                         -5297292.9000       0.0000 3539537.9546 -5533298.6915 -671168.2896 3085738.1156 -5191537.9595 -677162.3725 3630292.7893  218265.1507     252.9296      79.6699
400000622 300000156                                         -5672228.9398 -1330561.6814 2577802.4491 -5375502.5311 -1345228.8674 3143878.6287 -5533298.6915 -671168.2896 3085738.1156  218077.9738     259.6252      71.8176
400000623 300000156                                         -5024649.2825 -1346350.7175 3678298.5650 -5191537.9595 -677162.3725 3630292.7893 -5375502.5311 -1345228.8674 3143878.6287  217445.2803     249.1360      84.9746
400000624 300000156                                         -5533298.6915 -671168.2896 3085738.1156 -5375502.5311 -1345228.8674 3143878.6287 -5191537.9595 -677162.3725 3630292.7893  219375.9096     253.5899      78.2120
400000625 300000157                                         -5886036.5016 -2438076.1476       0.0000 -5812081.9155 -2522238.0841  669073.8784 -6056845.8882 -1869698.6039  639129.1082  232651.5371     265.4891      77.0716
400000626 300000157                                         -5672228.9398 -2577802.4491 1330561.6814 -5928333.1219 -1933504.7432 1306164.9224 -5812081.9155 -2522238.0841  669073.8784  231845.9895     231.8008     108.3034
400000627 300000157                                         -6114140.2800 -1266279.9131 1266279.9131 -6056845.8882 -1869698.6039  639129.1082 -5928333.1219 -1933504.7432 1306164.9224  232712.3450     232.6045     104.6384
400000628 300000157                                         -5812081.9155 -2522238.0841  669073.8784 -5928333.1219 -1933504.7432 1306164.9224 -6056845.8882 -1869698.6039  639129.1082  234046.8072     229.3564     116.7927
400000629 300000158                                         -5201899.7171 -2600949.8585 2600949.8585 -5468063.2517 -1976963.3461 2604139.2443 -5468063.2517 -2604139.2443 1976963.3461  228300.1373     268.8104      65.9968
400000630 300000158                                         -5672228.9398 -1330561.6814 2577802.4491 -5727370.1528 -1973179.1775 1973179.1775 -5468063.2517 -1976963.3461 2604139.2443  229212.6770     265.2638      69.5461
400000631 300000158                                         -5672228.9398 -2577802.4491 1330561.6814 -5468063.2517 -2604139.2443 1976963.3461 -5727370.1528 -1973179.1775 1973179.1775  229212.6770     262.2547      70.9576
400000632 300000158                                         -5468063.2517 -1976963.3461 2604139.2443 -5727370.1528 -1973179.1775 1973179.1775 -5468063.2517 -2604139.2443 1976963.3461  230526.8451     268.3004      68.7485
400000633 300000159                                         -5886036.5016       0.0000 2438076.1476 -6056845.8882 -639129.1082 1869698.6039 -5812081.9155 -669073.8784 2522238.0841  232651.5371     266.2178      64.9616
400000634 300000159                                         -6114140.2800 -1266279.9131 1266279.9131 -5928333.1219 -1306164.9224 1933504.7432 -6056845.8882 -639129.1082 1869698.6039  232712.3450     258.2437      73.1835
400000635 300000159                                         -5672228.9398 -1330561.6814 2577802.4491 -5812081.9155 -669073.8784 2522238.0841 -5928333.1219 -1306164.9224 1933504.7432  231845.9895     266.8929      64.8222
400000636 300000159                                         -6056845.8882 -639129.1082 1869698.6039 -5928333.1219 -1306164.9224 1933504.7432 -5812081.9155 -669073.8784 2522238.0841  234046.8072     265.6532      66.6547
400000637 300000160                                         -5672228.9398 -2577802.4491 1330561.6814 -5727370.1528 -1973179.1775 1973179.1775 -5928333.1219 -1933504.7432 1306164.9224  238189.0310     252.8503      80.5225
400000638 300000160                                         -5672228.9398 -1330561.6814 2577802.4491 -5928333.1219 -1306164.9224 1933504.7432 -5727370.1528 -1973179.1775 1973179.1775  238189.0310     266.1063      70.1016
400000639 300000160                                         -6114140.2800 -1266279.9131 1266279.9131 -5928333.1219 -1933504.7432 1306164.9224 -5928333.1219 -1306164.9224 1933504.7432  237302.7613     253.1587      78.4160
400000640 300000160                                         -5727370.1528 -1973179.1775 1973179.1775 -5928333.1219 -1306164.9224 1933504.7432 -5928333.1219 -1933504.7432 1306164.9224  239617.8861     261.7553      71.4989
400000641 300000161                                               0.0000 -6371000.0000       0.0000       0.0000 -6340321.8936  624467.2010 -624467.2010 -6340321.8936       0.0000  195921.5441     269.1509     101.0690
400000642 300000161                                               0.0000 -6248583.0214 1242920.4416 -627459.2093 -6308900.9250  627459.2093       0.0000 -6340321.8936  624467.2010  196860.2699     234.2017     119.3472
400000643 300000161                                         -1242920.4416 -6248583.0214       0.0000 -624467.2010 -6340321.8936       0.0000 -627459.2093 -6308900.9250  627459.2093  196860.2699     272.8950     110.1752
400000644 300000161                                               0.0000 -6340321.8936  624467.2010 -627459.2093 -6308900.9250  627459.2093 -624467.2010 -6340321.8936       0.0000  197817.4310     261.5626     113.5735
400000645 300000162                                               0.0000 -5886036.5016 2438076.1476 -639129.1082 -6056845.8882 1869698.6039       0.0000 -6096666.8789 1849403.6788  200521.8161     252.5301      96.4269
400000646 300000162                                         -1266279.9131 -6114140.2800 1266279.9131 -636326.6289 -6212473.2151 1260914.7366 -639129.1082 -6056845.8882 1869698.6039  200560.6406     233.9237     100.5706
400000647 300000162                                               0.0000 -6248583.0214 1242920.4416       0.0000 -6096666.8789 1849403.6788 -636326.6289 -6212473.2151 1260914.7366  199642.5528     229.8738     105.3963
400000648 300000162                                         -639129.1082 -6056845.8882 1869698.6039 -636326.6289 -6212473.2151 1260914.7366       0.0000 -6096666.8789 1849403.6788  201535.9727     237.1534     100.9128
400000649 300000163                                         -2438076.1476 -5886036.5016       0.0000 -1849403.6788 -6096666.8789       0.0000 -1869698.6039 -6056845.8882  639129.1082  200521.8161     277.8981      86.9554
400000650 300000163                                         -1242920.4416 -6248583.0214       0.0000 -1260914.7366 -6212473.2151  636326.6289 -1849403.6788 -6096666.8789       0.0000  199642.5528     275.5115     101.0020
400000651 300000163                                         -1266279.9131 -6114140.2800 1266279.9131 -1869698.6039 -6056845.8882  639129.1082 -1260914.7366 -6212473.2151  636326.6289  200560.6406     240.0887     120.4171
400000652 300000163                                         -1849403.6788 -6096666.8789       0.0000 -1260914.7366 -6212473.2151  636326.6289 -1869698.6039 -6056845.8882  639129.1082  201535.9727     268.7137     104.2816
400000653 300000164                                               0.0000 -6248583.0214 1242920.4416 -636326.6289 -6212473.2151 1260914.7366 -627459.2093 -6308900.9250  627459.2093  204548.8197     231.3663     109.9066
400000654 300000164                                         -1266279.9131 -6114140.2800 1266279.9131 -1260914.7366 -6212473.2151  636326.6289 -636326.6289 -6212473.2151 1260914.7366  203612.8458     228.9957     117.1851
400000655 300000164                                         -1242920.4416 -6248583.0214       0.0000 -627459.2093 -6308900.9250  627459.2093 -1260914.7366 -6212473.2151  636326.6289  204548.8197     266.1966     111.5584
400000656 300000164                                         -636326.6289 -6212473.2151 1260914.7366 -1260914.7366 -6212473.2151  636326.6289 -627459.2093 -6308900.9250  627459.2093  205583.5447     237.7023     119.6888
400000657 300000165                                               0.0000 -4504977.3029 4504977.3029 -678984.1624 -4805928.6788 4126944.5164       0.0000 -4924849.5984 4041719.6134  213029.7505     236.0558      87.8036
400000658 300000165                                         -1346350.7175 -5024649.2825 3678298.5650 -677162.3725 -5191537.9595 3630292.7893 -678984.1624 -4805928.6788 4126944.5164  213259.5913     253.3375      80.9005
400000659 300000165                                               0.0000 -5297292.9000 3539537.9546       0.0000 -4924849.5984 4041719.6134 -677162.3725 -5191537.9595 3630292.7893  212458.1628     251.4632      86.5754
400000660 300000165                                         -678984.1624 -4805928.6788 4126944.5164 -677162.3725 -5191537.9595 3630292.7893       0.0000 -4924849.5984 4041719.6134  214297.3599     246.5007      85.3272
400000661 300000166                                         -2600949.8585 -5201899.7171 2600949.8585 -1976963.3461 -5468063.2517 2604139.2443 -1990680.8386 -5157396.7439 3166715.9053  213953.8407     287.0012      59.7595
400000662 300000166                                         -1330561.6814 -5672228.9398 2577802.4491 -1345228.8674 -5375502.5311 3143878.6287 -1976963.3461 -5468063.2517 2604139.2443  213196.7862     272.9827      70.9232
400000663 300000166                                         -1346350.7175 -5024649.2825 3678298.5650 -1990680.8386 -5157396.7439 3166715.9053 -1345228.8674 -5375502.5311 3143878.6287  213817.3983     270.6761      74.3027
400000664 300000166                                         -1976963.3461 -5468063.2517 2604139.2443 -1345228.8674 -5375502.5311 3143878.6287 -1990680.8386 -5157396.7439 3166715.9053  215042.4187     278.6176      66.2787
400000665 300000167                                               0.0000 -5886036.5016 2438076.1476       0.0000 -5618720.3752 3003268.6103 -669073.8784 -5812081.9155 2522238.0841  209920.2574     273.2758      66.1786
400000666 300000167                                               0.0000 -5297292.9000 3539537.9546 -671168.2896 -5533298.6915 3085738.1156       0.0000 -5618720.3752 3003268.6103  210577.3796     270.4555      74.4833
400000667 300000167                                         -1330561.6814 -5672228.9398 2577802.4491 -669073.8784 -5812081.9155 2522238.0841 -671168.2896 -5533298.6915 3085738.1156  210758.2000     274.4170      83.0819
400000668 300000167                                               0.0000 -5618720.3752 3003268.6103 -671168.2896 -5533298.6915 3085738.1156 -669073.8784 -5812081.9155 2522238.0841  211783.6604     276.6878      65.1660
400000669 300000168                                         -1346350.7175 -5024649.2825 3678298.5650 -1345228.8674 -5375502.5311 3143878.6287 -677162.3725 -5191537.9595 3630292.7893  217445.2803     265.2760      80.8790
400000670 300000168                                         -1330561.6814 -5672228.9398 2577802.4491 -671168.2896 -5533298.6915 3085738.1156 -1345228.8674 -5375502.5311 3143878.6287  218077.9738     276.6550      83.7449
400000671 300000168                                               0.0000 -5297292.9000 3539537.9546 -677162.3725 -5191537.9595 3630292.7893 -671168.2896 -5533298.6915 3085738.1156  218265.1507     265.1966      84.6322
400000672 300000168                                         -1345228.8674 -5375502.5311 3143878.6287 -671168.2896 -5533298.6915 3085738.1156 -677162.3725 -5191537.9595 3630292.7893  219375.9096     271.0655      84.6374
400000673 300000169                                         -4504977.3029 -4504977.3029       0.0000 -4041719.6134 -4924849.5984       0.0000 -4126944.5164 -4805928.6788  678984.1624  213029.7505     285.1656      59.8573
400000674 300000169                                         -3539537.9546 -5297292.9000       0.0000 -3630292.7893 -5191537.9595  677162.3725 -4041719.6134 -4924849.5984       0.0000  212458.1628     284.8462      65.6726
400000675 300000169                                         -3678298.5650 -5024649.2825 1346350.7175 -4126944.5164 -4805928.6788  678984.1624 -3630292.7893 -5191537.9595  677162.3725  213259.5913     243.7133     120.0482
400000676 300000169                                         -4041719.6134 -4924849.5984       0.0000 -3630292.7893 -5191537.9595  677162.3725 -4126944.5164 -4805928.6788  678984.1624  214297.3599     276.2182      78.1778
400000677 300000170                                         -2438076.1476 -5886036.5016       0.0000 -2522238.0841 -5812081.9155  669073.8784 -3003268.6103 -5618720.3752       0.0000  209920.2574     280.2042      82.1655
400000678 300000170                                         -2577802.4491 -5672228.9398 1330561.6814 -3085738.1156 -5533298.6915  671168.2896 -2522238.0841 -5812081.9155  669073.8784  210758.2000     245.7102     119.8213
400000679 300000170                                         -3539537.9546 -5297292.9000       0.0000 -3003268.6103 -5618720.3752       0.0000 -3085738.1156 -5533298.6915  671168.2896  210577.3796     283.0176      73.3606
400000680 300000170                                         -2522238.0841 -5812081.9155  669073.8784 -3085738.1156 -5533298.6915  671168.2896 -3003268.6103 -5618720.3752       0.0000  211783.6604     273.9120      91.9688
400000681 300000171                                         -2600949.8585 -5201899.7171 2600949.8585 -3166715.9053 -5157396.7439 1990680.8386 -2604139.2443 -5468063.2517 1976963.3461  213953.8407     276.2538      89.2003
400000682 300000171                                         -3678298.5650 -5024649.2825 1346350.7175 -3143878.6287 -5375502.5311 1345228.8674 -3166715.9053 -5157396.7439 1990680.8386  213817.3983     260.2355      87.2737
400000683 300000171                                         -2577802.4491 -5672228.9398 1330561.6814 -2604139.2443 -5468063.2517 1976963.3461 -3143878.6287 -5375502.5311 1345228.8674  213196.7862     252.9829      89.3225
400000684 300000171                                         -3166715.9053 -5157396.7439 1990680.8386 -3143878.6287 -5375502.5311 1345228.8674 -2604139.2443 -5468063.2517 1976963.3461  215042.4187     265.4478      86.8113
400000685 300000172                                         -3539537.9546 -5297292.9000       0.0000 -3085738.1156 -5533298.6915  671168.2896 -3630292.7893 -5191537.9595  677162.3725  218265.1507     275.7651      86.1024
400000686 300000172                                         -2577802.4491 -5672228.9398 1330561.6814 -3143878.6287 -5375502.5311 1345228.8674 -3085738.1156 -5533298.6915  671168.2896  218077.9738     239.3398     114.5326
400000687 300000172                                         -3678298.5650 -5024649.2825 1346350.7175 -3630292.7893 -5191537.9595  677162.3725 -3143878.6287 -5375502.5311 1345228.8674  217445.2803     238.7714     117.1294
400000688 300000172                                         -3085738.1156 -5533298.6915  671168.2896 -3143878.6287 -5375502.5311 1345228.8674 -3630292.7893 -5191537.9595  677162.3725  219375.9096     245.7965     121.4490
400000689 300000173                                               0.0000 -5886036.5016 2438076.1476 -669073.8784 -5812081.9155 2522238.0841 -639129.1082 -6056845.8882 1869698.6039  232651.5371     263.8061      80.4354
400000690 300000173                                         -1330561.6814 -5672228.9398 2577802.4491 -1306164.9224 -5928333.1219 1933504.7432 -669073.8784 -5812081.9155 2522238.0841  231845.9895     261.9487      91.4125
400000691 300000173                                         -1266279.9131 -6114140.2800 1266279.9131 -639129.1082 -6056845.8882 1869698.6039 -1306164.9224 -5928333.1219 1933504.7432  232712.3450     240.2614      91.8117
400000692 300000173                                         -669073.8784 -5812081.9155 2522238.0841 -1306164.9224 -5928333.1219 1933504.7432 -639129.1082 -6056845.8882 1869698.6039  234046.8072     253.7342      96.7936
400000693 300000174                                         -2600949.8585 -5201899.7171 2600949.8585 -2604139.2443 -5468063.2517 1976963.3461 -1976963.3461 -5468063.2517 2604139.2443  228300.1373     280.2577      71.0736
400000694 300000174                                         -2577802.4491 -5672228.9398 1330561.6814 -1973179.1775 -5727370.1528 1973179.1775 -2604139.2443 -5468063.2517 1976963.3461  229212.6770     259.5690      81.0951
400000695 300000174                                         -1330561.6814 -5672228.9398 2577802.4491 -1976963.3461 -5468063.2517 2604139.2443 -1973179.1775 -5727370.1528 1973179.1775  229212.6770     275.0217      62.8866
400000696 300000174                                         -2604139.2443 -5468063.2517 1976963.3461 -1973179.1775 -5727370.1528 1973179.1775 -1976963.3461 -5468063.2517 2604139.2443  230526.8451     275.1692      67.5455
400000697 300000175                                         -2438076.1476 -5886036.5016       0.0000 -1869698.6039 -6056845.8882  639129.1082 -2522238.0841 -5812081.9155  669073.8784  232651.5371     271.5412      98.4473
400000698 300000175                                         -1266279.9131 -6114140.2800 1266279.9131 -1933504.7432 -5928333.1219 1306164.9224 -1869698.6039 -6056845.8882  639129.1082  232712.3450     233.0895     113.5075
400000699 300000175                                         -2577802.4491 -5672228.9398 1330561.6814 -2522238.0841 -5812081.9155  669073.8784 -1933504.7432 -5928333.1219 1306164.9224  231845.9895     236.6832     113.0412
400000700 300000175                                         -1869698.6039 -6056845.8882  639129.1082 -1933504.7432 -5928333.1219 1306164.9224 -2522238.0841 -5812081.9155  669073.8784  234046.8072     243.9317     117.2345
400000701 300000176                                         -1330561.6814 -5672228.9398 2577802.4491 -1973179.1775 -5727370.1528 1973179.1775 -1306164.9224 -5928333.1219 1933504.7432  238189.0310     258.7067      81.2677
400000702 300000176                                         -2577802.4491 -5672228.9398 1330561.6814 -1933504.7432 -5928333.1219 1306164.9224 -1973179.1775 -5727370.1528 1973179.1775  238189.0310     247.1117      87.1717
400000703 300000176                                         -1266279.9131 -6114140.2800 1266279.9131 -1306164.9224 -5928333.1219 1933504.7432 -1933504.7432 -5928333.1219 1306164.9224  237302.7613     241.0927      91.0152
400000704 300000176                                         -1973179.1775 -5727370.1528 1973179.1775 -1933504.7432 -5928333.1219 1306164.9224 -1306164.9224 -5928333.1219 1933504.7432  239617.8861     251.4396      80.2809
400000705 300000177                                         -4504977.3029       0.0000 4504977.3029 -4805928.6788 -678984.1624 4126944.5164 -4126944.5164 -678984.1624 4805928.6788  328324.9483     225.7051      89.1176
400000706 300000177                                         -5024649.2825 -1346350.7175 3678298.5650 -4400885.2099 -1361638.6226 4400885.2099 -4805928.6788 -678984.1624 4126944.5164  329212.3599     232.3164      95.9933
400000707 300000177                                         -3678298.5650 -1346350.7175 5024649.2825 -4126944.5164 -678984.1624 4805928.6788 -4400885.2099 -1361638.6226 4400885.2099  329212.3599     221.0766      80.9046
400000708 300000177                                         -4805928.6788 -678984.1624 4126944.5164 -4400885.2099 -1361638.6226 4400885.2099 -4126944.5164 -678984.1624 4805928.6788  332074.9378     225.6564      90.5432
400000709 300000178                                         -5201899.7171 -2600949.8585 2600949.8585 -4688572.4479 -2687534.5848 3374031.3064 -5157396.7439 -1990680.8386 3166715.9053  331958.1435     263.9530      68.4412
400000710 300000178                                         -4074905.2917 -2716603.5278 4074905.2917 -4591494.5659 -2050103.9020 3912146.8074 -4688572.4479 -2687534.5848 3374031.3064  332135.9111     242.7892      85.0252
400000711 300000178                                         -5024649.2825 -1346350.7175 3678298.5650 -5157396.7439 -1990680.8386 3166715.9053 -4591494.5659 -2050103.9020 3912146.8074  331417.2039     246.9497      85.2411
400000712 300000178                                         -4688572.4479 -2687534.5848 3374031.3064 -4591494.5659 -2050103.9020 3912146.8074 -5157396.7439 -1990680.8386 3166715.9053  335024.3025     251.5442      78.0454
400000713 300000179                                         -2600949.8585 -2600949.8585 5201899.7171 -3166715.9053 -1990680.8386 5157396.7439 -3374031.3064 -2687534.5848 4688572.4479  331958.1435     218.0936      73.7078
400000714 300000179                                         -3678298.5650 -1346350.7175 5024649.2825 -3912146.8074 -2050103.9020 4591494.5659 -3166715.9053 -1990680.8386 5157396.7439  331417.2039     220.2559      76.1383
400000715 300000179                                         -4074905.2917 -2716603.5278 4074905.2917 -3374031.3064 -2687534.5848 4688572.4479 -3912146.8074 -2050103.9020 4591494.5659  332135.9111     223.8891      88.9845
400000716 300000179                                         -3166715.9053 -1990680.8386 5157396.7439 -3912146.8074 -2050103.9020 4591494.5659 -3374031.3064 -2687534.5848 4688572.4479  335024.3025     220.5759      78.6565
400000717 300000180                                         -5024649.2825 -1346350.7175 3678298.5650 -4591494.5659 -2050103.9020 3912146.8074 -4400885.2099 -1361638.6226 4400885.2099  344128.0612     232.2965      95.5332
400000718 300000180                                         -4074905.2917 -2716603.5278 4074905.2917 -3912146.8074 -2050103.9020 4591494.5659 -4591494.5659 -2050103.9020 3912146.8074  343384.2298     227.7826      92.9464
400000719 300000180                                         -3678298.5650 -1346350.7175 5024649.2825 -4400885.2099 -1361638.6226 4400885.2099 -3912146.8074 -2050103.9020 4591494.5659  344128.0612     221.5794      84.2431
400000720 300000180                                         -4591494.5659 -2050103.9020 3912146.8074 -3912146.8074 -2050103.9020 4591494.5659 -4400885.2099 -1361638.6226 4400885.2099  347308.3434     224.6735      95.0713
400000721 300000181                                         -4504977.3029 -4504977.3029       0.0000 -4126944.5164 -4805928.6788  678984.1624 -4805928.6788 -4126944.5164  678984.1624  328324.9483     274.5342      73.0023
400000722 300000181                                         -3678298.5650 -5024649.2825 1346350.7175 -4400885.2099 -4400885.2099 1361638.6226 -4126944.5164 -4805928.6788  678984.1624  329212.3599     240.9766     112.1636
400000723 300000181                                         -5024649.2825 -3678298.5650 1346350.7175 -4805928.6788 -4126944.5164  678984.1624 -4400885.2099 -4400885.2099 1361638.6226  329212.3599     241.9031     104.0584
400000724 300000181                                         -4126944.5164 -4805928.6788  678984.1624 -4400885.2099 -4400885.2099 1361638.6226 -4805928.6788 -4126944.5164  678984.1624  332074.9378     240.7090     116.5737
400000725 300000182                                         -2600949.8585 -5201899.7171 2600949.8585 -3374031.3064 -4688572.4479 2687534.5848 -3166715.9053 -5157396.7439 1990680.8386  331958.1435     276.8158      95.5490
400000726 300000182                                         -4074905.2917 -4074905.2917 2716603.5278 -3912146.8074 -4591494.5659 2050103.9020 -3374031.3064 -4688572.4479 2687534.5848  332135.9111     272.7354      92.9928
400000727 300000182                                         -3678298.5650 -5024649.2825 1346350.7175 -3166715.9053 -5157396.7439 1990680.8386 -3912146.8074 -4591494.5659 2050103.9020  331417.2039     270.3825      84.7436
400000728 300000182                                         -3374031.3064 -4688572.4479 2687534.5848 -3912146.8074 -4591494.5659 2050103.9020 -3166715.9053 -5157396.7439 1990680.8386  335024.3025     274.4965      95.9140
400000729 300000183                                         -5201899.7171 -2600949.8585 2600949.8585 -5157396.7439 -3166715.9053 1990680.8386 -4688572.4479 -3374031.3064 2687534.5848  331958.1435     272.3248      65.2597
400000730 300000183                                         -5024649.2825 -3678298.5650 1346350.7175 -4591494.5659 -3912146.8074 2050103.9020 -5157396.7439 -3166715.9053 1990680.8386  331417.2039     267.5698      72.9990
400000731 300000183                                         -4074905.2917 -4074905.2917 2716603.5278 -4688572.4479 -3374031.3064 2687534.5848 -4591494.5659 -3912146.8074 2050103.9020  332135.9111     271.9602      74.9117
400000732 300000183                                         -5157396.7439 -3166715.9053 1990680.8386 -4591494.5659 -3912146.8074 2050103.9020 -4688572.4479 -3374031.3064 2687534.5848  335024.3025     271.5995      68.7390
400000733 300000184                                         -3678298.5650 -5024649.2825 1346350.7175 -3912146.8074 -4591494.5659 2050103.9020 -4400885.2099 -4400885.2099 1361638.6226  344128.0612     264.1432      82.2861
400000734 300000184                                         -4074905.2917 -4074905.2917 2716603.5278 -4591494.5659 -3912146.8074 2050103.9020 -3912146.8074 -4591494.5659 2050103.9020  343384.2298     272.7089      80.9929
400000735 300000184                                         -5024649.2825 -3678298.5650 1346350.7175 -4400885.2099 -4400885.2099 1361638.6226 -4591494.5659 -3912146.8074 2050103.9020  344128.0612     263.8460      78.6967
400000736 300000184                                         -3912146.8074 -4591494.5659 2050103.9020 -4591494.5659 -3912146.8074 2050103.9020 -4400885.2099 -4400885.2099 1361638.6226  347308.3434     271.7129      76.0979
400000737 300000185                                               0.0000 -4504977.3029 4504977.3029 -678984.1624 -4126944.5164 4805928.6788 -678984.1624 -4805928.6788 4126944.5164  328324.9483     229.5606      84.1582
400000738 300000185                                         -1346350.7175 -3678298.5650 5024649.2825 -1361638.6226 -4400885.2099 4400885.2099 -678984.1624 -4126944.5164 4805928.6788  329212.3599     221.6739      77.2397
400000739 300000185                                         -1346350.7175 -5024649.2825 3678298.5650 -678984.1624 -4805928.6788 4126944.5164 -1361638.6226 -4400885.2099 4400885.2099  329212.3599     238.7955      81.0490
400000740 300000185                                         -678984.1624 -4126944.5164 4805928.6788 -1361638.6226 -4400885.2099 4400885.2099 -678984.1624 -4805928.6788 4126944.5164  332074.9378     229.4186      81.5884
400000741 300000186                                         -2600949.8585 -2600949.8585 5201899.7171 -2687534.5848 -3374031.3064 4688572.4479 -1990680.8386 -3166715.9053 5157396.7439  331958.1435     209.3183      79.3106
400000742 300000186                                         -2716603.5278 -4074905.2917 4074905.2917 -2050103.9020 -3912146.8074 4591494.5659 -2687534.5848 -3374031.3064 4688572.4479  332135.9111     232.3864      74.8470
400000743 300000186                                         -1346350.7175 -3678298.5650 5024649.2825 -1990680.8386 -3166715.9053 5157396.7439 -2050103.9020 -3912146.8074 4591494.5659  331417.2039     210.5148      78.2685
400000744 300000186                                         -2687534.5848 -3374031.3064 4688572.4479 -2050103.9020 -3912146.8074 4591494.5659 -1990680.8386 -3166715.9053 5157396.7439  335024.3025     215.9465      78.3348
400000745 300000187                                         -2600949.8585 -5201899.7171 2600949.8585 -1990680.8386 -5157396.7439 3166715.9053 -2687534.5848 -4688572.4479 3374031.3064  331958.1435     282.6475      65.8064
400000746 300000187                                         -1346350.7175 -5024649.2825 3678298.5650 -2050103.9020 -4591494.5659 3912146.8074 -1990680.8386 -5157396.7439 3166715.9053  331417.2039     262.5770      70.7761
400000747 300000187                                         -2716603.5278 -4074905.2917 4074905.2917 -2687534.5848 -4688572.4479 3374031.3064 -2050103.9020 -4591494.5659 3912146.8074  332135.9111     262.1447      67.4520
400000748 300000187                                         -1990680.8386 -5157396.7439 3166715.9053 -2050103.9020 -4591494.5659 3912146.8074 -2687534.5848 -4688572.4479 3374031.3064  335024.3025     278.3160      69.7302
400000749 300000188                                         -1346350.7175 -3678298.5650 5024649.2825 -2050103.9020 -3912146.8074 4591494.5659 -1361638.6226 -4400885.2099 4400885.2099  344128.0612     217.8829      79.4717
400000750 300000188                                         -2716603.5278 -4074905.2917 4074905.2917 -2050103.9020 -4591494.5659 3912146.8074 -2050103.9020 -3912146.8074 4591494.5659  343384.2298     238.6653      69.3255
400000751 300000188                                         -1346350.7175 -5024649.2825 3678298.5650 -1361638.6226 -4400885.2099 4400885.2099 -2050103.9020 -4591494.5659 3912146.8074  344128.0612     237.1632      77.3054
400000752 300000188                                         -2050103.9020 -3912146.8074 4591494.5659 -2050103.9020 -4591494.5659 3912146.8074 -1361638.6226 -4400885.2099 4400885.2099  347308.3434     228.7079      78.0210
400000753 300000189                                         -5201899.7171 -2600949.8585 2600949.8585 -4688572.4479 -3374031.3064 2687534.5848 -4688572.4479 -2687534.5848 3374031.3064  387995.8446     269.9799      64.6171
400000754 300000189                                         -4074905.2917 -4074905.2917 2716603.5278 -4122015.5885 -3435012.9904 3435012.9904 -4688572.4479 -3374031.3064 2687534.5848  388281.7658     271.0662      73.5914
400000755 300000189                                         -4074905.2917 -2716603.5278 4074905.2917 -4688572.4479 -2687534.5848 3374031.3064 -4122015.5885 -3435012.9904 3435012.9904  388281.7658     253.7450      76.6601
400000756 300000189                                         -4688572.4479 -3374031.3064 2687534.5848 -4122015.5885 -3435012.9904 3435012.9904 -4688572.4479 -2687534.5848 3374031.3064  392517.4362     267.5688      68.4533
400000757 300000190                                         -2600949.8585 -5201899.7171 2600949.8585 -2687534.5848 -4688572.4479 3374031.3064 -3374031.3064 -4688572.4479 2687534.5848  387995.8446     276.5510      83.3059
400000758 300000190                                         -2716603.5278 -4074905.2917 4074905.2917 -3435012.9904 -4122015.5885 3435012.9904 -2687534.5848 -4688572.4479 3374031.3064  388281.7658     264.6957      71.4061
400000759 300000190                                         -4074905.2917 -4074905.2917 2716603.5278 -3374031.3064 -4688572.4479 2687534.5848 -3435012.9904 -4122015.5885 3435012.9904  388281.7658     271.7112      85.6998
400000760 300000190                                         -2687534.5848 -4688572.4479 3374031.3064 -3435012.9904 -4122015.5885 3435012.9904 -3374031.3064 -4688572.4479 2687534.5848  392517.4362     272.1361      80.8798
400000761 300000191                                         -2600949.8585 -2600949.8585 5201899.7171 -3374031.3064 -2687534.5848 4688572.4479 -2687534.5848 -3374031.3064 4688572.4479  387995.8446     219.9659      78.7354
400000762 300000191                                         -4074905.2917 -2716603.5278 4074905.2917 -3435012.9904 -3435012.9904 4122015.5885 -3374031.3064 -2687534.5848 4688572.4479  388281.7658     233.1811      84.2105
400000763 300000191                                         -2716603.5278 -4074905.2917 4074905.2917 -2687534.5848 -3374031.3064 4688572.4479 -3435012.9904 -3435012.9904 4122015.5885  388281.7658     240.9921      76.1128
400000764 300000191                                         -3374031.3064 -2687534.5848 4688572.4479 -3435012.9904 -3435012.9904 4122015.5885 -2687534.5848 -3374031.3064 4688572.4479  392517.4362     230.8510      81.5101
400000765 300000192                                         -4074905.2917 -4074905.2917 2716603.5278 -3435012.9904 -4122015.5885 3435012.9904 -4122015.5885 -3435012.9904 3435012.9904  405996.4825     268.1672      79.3392
400000766 300000192                                         -2716603.5278 -4074905.2917 4074905.2917 -3435012.9904 -3435012.9904 4122015.5885 -3435012.9904 -4122015.5885 3435012.9904  405996.4825     254.7437      74.8072
400000767 300000192                                         -4074905.2917 -2716603.5278 4074905.2917 -4122015.5885 -3435012.9904 3435012.9904 -3435012.9904 -3435012.9904 4122015.5885  405996.4825     248.2250      80.6267
400000768 300000192                                         -3435012.9904 -4122015.5885 3435012.9904 -3435012.9904 -3435012.9904 4122015.5885 -4122015.5885 -3435012.9904 3435012.9904  410731.3740     257.7157      79.3323
400000769 300000193                                               0.0000       0.0000 6371000.0000       0.0000 -624467.2010 6340321.8936  624467.2010       0.0000 6340321.8936  195921.5441     185.4114       0.5593
400000770 300000193                                               0.0000 -1242920.4416 6248583.0214  627459.2093 -627459.2093 6308900.9250       0.0000 -624467.2010 6340321.8936  196860.2699     182.8598       3.6365
400000771 300000193                                         1242920.4416       0.0000 6248583.0214  624467.2010       0.0000 6340321.8936  627459.2093 -627459.2093 6308900.9250  196860.2699     184.5915       3.7620
400000772 300000193                                               0.0000 -624467.2010 6340321.8936  627459.2093 -627459.2093 6308900.9250  624467.2010       0.0000 6340321.8936  197817.4310     183.4876       1.4263
400000773 300000194                                               0.0000 -2438076.1476 5886036.5016  639129.1082 -1869698.6039 6056845.8882       0.0000 -1849403.6788 6096666.8789  200521.8161     196.3901      33.2235
400000774 300000194                                         1266279.9131 -1266279.9131 6114140.2800  636326.6289 -1260914.7366 6212473.2151  639129.1082 -1869698.6039 6056845.8882  200560.6406     192.6755      19.3944
400000775 300000194                                               0.0000 -1242920.4416 6248583.0214       0.0000 -1849403.6788 6096666.8789  636326.6289 -1260914.7366 6212473.2151  199642.5528     191.7931      13.5343
400000776 300000194                                          639129.1082 -1869698.6039 6056845.8882  636326.6289 -1260914.7366 6212473.2151       0.0000 -1849403.6788 6096666.8789  201535.9727     196.6144      19.2470
400000777 300000195                                         2438076.1476       0.0000 5886036.5016 1849403.6788       0.0000 6096666.8789 1869698.6039 -639129.1082 6056845.8882  200521.8161     203.0566      30.4465
400000778 300000195                                         1242920.4416       0.0000 6248583.0214 1260914.7366 -636326.6289 6212473.2151 1849403.6788       0.0000 6096666.8789  199642.5528     194.9763      14.0289
400000779 300000195                                         1266279.9131 -1266279.9131 6114140.2800 1869698.6039 -639129.1082 6056845.8882 1260914.7366 -636326.6289 6212473.2151  200560.6406     174.4389      22.8859
400000780 300000195                                         1849403.6788       0.0000 6096666.8789 1260914.7366 -636326.6289 6212473.2151 1869698.6039 -639129.1082 6056845.8882  201535.9727     195.9637      20.0289
400000781 300000196                                               0.0000 -1242920.4416 6248583.0214  636326.6289 -1260914.7366 6212473.2151  627459.2093 -627459.2093 6308900.9250  204548.8197     183.1159       7.4190
400000782 300000196                                         1266279.9131 -1266279.9131 6114140.2800 1260914.7366 -636326.6289 6212473.2151  636326.6289 -1260914.7366 6212473.2151  203612.8458     167.1255      17.6903
400000783 300000196                                         1242920.4416       0.0000 6248583.0214  627459.2093 -627459.2093 6308900.9250 1260914.7366 -636326.6289 6212473.2151  204548.8197     182.3927       7.9210
400000784 300000196                                          636326.6289 -1260914.7366 6212473.2151 1260914.7366 -636326.6289 6212473.2151  627459.2093 -627459.2093 6308900.9250  205583.5447     170.6202       9.6471
400000785 300000197                                               0.0000 -4504977.3029 4504977.3029  678984.1624 -4126944.5164 4805928.6788       0.0000 -4041719.6134 4924849.5984  213029.7505     219.4121      81.9953
400000786 300000197                                         1346350.7175 -3678298.5650 5024649.2825  677162.3725 -3630292.7893 5191537.9595  678984.1624 -4126944.5164 4805928.6788  213259.5913     212.5459      83.8016
400000787 300000197                                               0.0000 -3539537.9546 5297292.9000       0.0000 -4041719.6134 4924849.5984  677162.3725 -3630292.7893 5191537.9595  212458.1628     212.7072      75.6433
400000788 300000197                                          678984.1624 -4126944.5164 4805928.6788  677162.3725 -3630292.7893 5191537.9595       0.0000 -4041719.6134 4924849.5984  214297.3599     215.5991      79.6078
400000789 300000198                                         2600949.8585 -2600949.8585 5201899.7171 1976963.3461 -2604139.2443 5468063.2517 1990680.8386 -3166715.9053 5157396.7439  213953.8407     212.5442      70.7494
400000790 300000198                                         1330561.6814 -2577802.4491 5672228.9398 1345228.8674 -3143878.6287 5375502.5311 1976963.3461 -2604139.2443 5468063.2517  213196.7862     207.4141      61.3324
400000791 300000198                                         1346350.7175 -3678298.5650 5024649.2825 1990680.8386 -3166715.9053 5157396.7439 1345228.8674 -3143878.6287 5375502.5311  213817.3983     207.6836      77.0224
400000792 300000198                                         1976963.3461 -2604139.2443 5468063.2517 1345228.8674 -3143878.6287 5375502.5311 1990680.8386 -3166715.9053 5157396.7439  215042.4187     209.3441      67.7056
400000793 300000199                                               0.0000 -2438076.1476 5886036.5016       0.0000 -3003268.6103 5618720.3752  669073.8784 -2522238.0841 5812081.9155  209920.2574     201.5613      50.4879
400000794 300000199                                               0.0000 -3539537.9546 5297292.9000  671168.2896 -3085738.1156 5533298.6915       0.0000 -3003268.6103 5618720.3752  210577.3796     206.9391      64.8838
400000795 300000199                                         1330561.6814 -2577802.4491 5672228.9398  669073.8784 -2522238.0841 5812081.9155  671168.2896 -3085738.1156 5533298.6915  210758.2000     202.5615      56.4774
400000796 300000199                                               0.0000 -3003268.6103 5618720.3752  671168.2896 -3085738.1156 5533298.6915  669073.8784 -2522238.0841 5812081.9155  211783.6604     204.5714      54.4031
400000797 300000200                                         1346350.7175 -3678298.5650 5024649.2825 1345228.8674 -3143878.6287 5375502.5311  677162.3725 -3630292.7893 5191537.9595  217445.2803     207.9533      77.1162
400000798 300000200                                         1330561.6814 -2577802.4491 5672228.9398  671168.2896 -3085738.1156 5533298.6915 1345228.8674 -3143878.6287 5375502.5311  218077.9738     205.5437      60.2362
400000799 300000200                                               0.0000 -3539537.9546 5297292.9000  677162.3725 -3630292.7893 5191537.9595  671168.2896 -3085738.1156 5533298.6915  218265.1507     210.3295      68.1540
400000800 300000200                                         1345228.8674 -3143878.6287 5375502.5311  671168.2896 -3085738.1156 5533298.6915  677162.3725 -3630292.7893 5191537.9595  219375.9096     207.5258      70.0009
400000801 300000201                                         4504977.3029       0.0000 4504977.3029 4041719.6134       0.0000 4924849.5984 4126944.5164 -678984.1624 4805928.6788  213029.7505     231.8837      77.0631
400000802 300000201                                         3539537.9546       0.0000 5297292.9000 3630292.7893 -677162.3725 5191537.9595 4041719.6134       0.0000 4924849.5984  212458.1628     220.9416      76.4883
400000803 300000201                                         3678298.5650 -1346350.7175 5024649.2825 4126944.5164 -678984.1624 4805928.6788 3630292.7893 -677162.3725 5191537.9595  213259.5913     226.0737      73.0452
400000804 300000201                                         4041719.6134       0.0000 4924849.5984 3630292.7893 -677162.3725 5191537.9595 4126944.5164 -678984.1624 4805928.6788  214297.3599     226.5415      77.3517
400000805 300000202                                         2438076.1476       0.0000 5886036.5016 2522238.0841 -669073.8784 5812081.9155 3003268.6103       0.0000 5618720.3752  209920.2574     210.2829      45.1683
400000806 300000202                                         2577802.4491 -1330561.6814 5672228.9398 3085738.1156 -671168.2896 5533298.6915 2522238.0841 -669073.8784 5812081.9155  210758.2000     210.1582      51.2397
400000807 300000202                                         3539537.9546       0.0000 5297292.9000 3003268.6103       0.0000 5618720.3752 3085738.1156 -671168.2896 5533298.6915  210577.3796     215.4711      59.2932
400000808 300000202                                         2522238.0841 -669073.8784 5812081.9155 3085738.1156 -671168.2896 5533298.6915 3003268.6103       0.0000 5618720.3752  211783.6604     212.4721      51.5562
400000809 300000203                                         2600949.8585 -2600949.8585 5201899.7171 3166715.9053 -1990680.8386 5157396.7439 2604139.2443 -1976963.3461 5468063.2517  213953.8407     218.2497      68.0996
400000810 300000203                                         3678298.5650 -1346350.7175 5024649.2825 3143878.6287 -1345228.8674 5375502.5311 3166715.9053 -1990680.8386 5157396.7439  213817.3983     222.4323      69.1904
400000811 300000203                                         2577802.4491 -1330561.6814 5672228.9398 2604139.2443 -1976963.3461 5468063.2517 3143878.6287 -1345228.8674 5375502.5311  213196.7862     217.7685      56.6478
400000812 300000203                                         3166715.9053 -1990680.8386 5157396.7439 3143878.6287 -1345228.8674 5375502.5311 2604139.2443 -1976963.3461 5468063.2517  215042.4187     220.1044      64.8625
400000813 300000204                                         3539537.9546       0.0000 5297292.9000 3085738.1156 -671168.2896 5533298.6915 3630292.7893 -677162.3725 5191537.9595  218265.1507     217.4372      66.2390
400000814 300000204                                         2577802.4491 -1330561.6814 5672228.9398 3143878.6287 -1345228.8674 5375502.5311 3085738.1156 -671168.2896 5533298.6915  218077.9738     216.6586      56.0503
400000815 300000204                                         3678298.5650 -1346350.7175 5024649.2825 3630292.7893 -677162.3725 5191537.9595 3143878.6287 -1345228.8674 5375502.5311  217445.2803     221.6654      68.2496
400000816 300000204                                         3085738.1156 -671168.2896 5533298.6915 3143878.6287 -1345228.8674 5375502.5311 3630292.7893 -677162.3725 5191537.9595  219375.9096     219.0011      62.1108
400000817 300000205                                               0.0000 -2438076.1476 5886036.5016  669073.8784 -2522238.0841 5812081.9155  639129.1082 -1869698.6039 6056845.8882  232651.5371     199.4179      39.9934
400000818 300000205                                         1330561.6814 -2577802.4491 5672228.9398 1306164.9224 -1933504.7432 5928333.1219  669073.8784 -2522238.0841 5812081.9155  231845.9895     201.6289      46.2703
400000819 300000205                                         1266279.9131 -1266279.9131 6114140.2800  639129.1082 -1869698.6039 6056845.8882 1306164.9224 -1933504.7432 5928333.1219  232712.3450     196.5323      27.5578
400000820 300000205                                          669073.8784 -2522238.0841 5812081.9155 1306164.9224 -1933504.7432 5928333.1219  639129.1082 -1869698.6039 6056845.8882  234046.8072     198.8286      37.8305
400000821 300000206                                         2600949.8585 -2600949.8585 5201899.7171 2604139.2443 -1976963.3461 5468063.2517 1976963.3461 -2604139.2443 5468063.2517  228300.1373     215.2047      62.9214
400000822 300000206                                         2577802.4491 -1330561.6814 5672228.9398 1973179.1775 -1973179.1775 5727370.1528 2604139.2443 -1976963.3461 5468063.2517  229212.6770     212.7073      51.8527
400000823 300000206                                         1330561.6814 -2577802.4491 5672228.9398 1976963.3461 -2604139.2443 5468063.2517 1973179.1775 -1973179.1775 5727370.1528  229212.6770     206.1002      54.8695
400000824 300000206                                         2604139.2443 -1976963.3461 5468063.2517 1973179.1775 -1973179.1775 5727370.1528 1976963.3461 -2604139.2443 5468063.2517  230526.8451     206.6337      59.1456
400000825 300000207                                         2438076.1476       0.0000 5886036.5016 1869698.6039 -639129.1082 6056845.8882 2522238.0841 -669073.8784 5812081.9155  232651.5371     203.4287      37.7637
400000826 300000207                                         1266279.9131 -1266279.9131 6114140.2800 1933504.7432 -1306164.9224 5928333.1219 1869698.6039 -639129.1082 6056845.8882  232712.3450     174.4676      34.9443
400000827 300000207                                         2577802.4491 -1330561.6814 5672228.9398 2522238.0841 -669073.8784 5812081.9155 1933504.7432 -1306164.9224 5928333.1219  231845.9895     203.9063      44.8375
400000828 300000207                                         1869698.6039 -639129.1082 6056845.8882 1933504.7432 -1306164.9224 5928333.1219 2522238.0841 -669073.8784 5812081.9155  234046.8072     196.1577      38.1248
400000829 300000208                                         1330561.6814 -2577802.4491 5672228.9398 1973179.1775 -1973179.1775 5727370.1528 1306164.9224 -1933504.7432 5928333.1219  238189.0310     203.0349      45.8646
400000830 300000208                                         2577802.4491 -1330561.6814 5672228.9398 1933504.7432 -1306164.9224 5928333.1219 1973179.1775 -1973179.1775 5727370.1528  238189.0310     201.1535      49.5254
400000831 300000208                                         1266279.9131 -1266279.9131 6114140.2800 1306164.9224 -1933504.7432 5928333.1219 1933504.7432 -1306164.9224 5928333.1219  237302.7613     177.5619      39.6786
400000832 300000208                                         1973179.1775 -1973179.1775 5727370.1528 1933504.7432 -1306164.9224 5928333.1219 1306164.9224 -1933504.7432 5928333.1219  239617.8861     183.9685      53.6581
400000833 300000209                                               0.0000 -6371000.0000       0.0000  624467.2010 -6340321.8936       0.0000       0.0000 -6340321.8936  624467.2010  195921.5441     264.3937     110.7559
400000834 300000209                                         1242920.4416 -6248583.0214       0.0000  627459.2093 -6308900.9250  627459.2093  624467.2010 -6340321.8936       0.0000  196860.2699     251.7846     129.1647
400000835 300000209                                               0.0000 -6248583.0214 1242920.4416       0.0000 -6340321.8936  624467.2010  627459.2093 -6308900.9250  627459.2093  196860.2699     227.4477     122.8363
400000836 300000209                                          624467.2010 -6340321.8936       0.0000  627459.2093 -6308900.9250  627459.2093       0.0000 -6340321.8936  624467.2010  197817.4310     251.0523     114.2960
400000837 300000210                                         2438076.1476 -5886036.5016       0.0000 1869698.6039 -6056845.8882  639129.1082 1849403.6788 -6096666.8789       0.0000  200521.8161     212.4201     137.1311
400000838 300000210                                         1266279.9131 -6114140.2800 1266279.9131 1260914.7366 -6212473.2151  636326.6289 1869698.6039 -6056845.8882  639129.1082  200560.6406     203.9636     142.8488
400000839 300000210                                         1242920.4416 -6248583.0214       0.0000 1849403.6788 -6096666.8789       0.0000 1260914.7366 -6212473.2151  636326.6289  199642.5528     213.6055     164.9562
400000840 300000210                                         1869698.6039 -6056845.8882  639129.1082 1260914.7366 -6212473.2151  636326.6289 1849403.6788 -6096666.8789       0.0000  201535.9727     210.9031     154.9868
400000841 300000211                                               0.0000 -5886036.5016 2438076.1476       0.0000 -6096666.8789 1849403.6788  639129.1082 -6056845.8882 1869698.6039  200521.8161     245.1600     102.3712
400000842 300000211                                               0.0000 -6248583.0214 1242920.4416  636326.6289 -6212473.2151 1260914.7366       0.0000 -6096666.8789 1849403.6788  199642.5528     224.7404     110.6501
400000843 300000211                                         1266279.9131 -6114140.2800 1266279.9131  639129.1082 -6056845.8882 1869698.6039  636326.6289 -6212473.2151 1260914.7366  200560.6406     218.2444     115.6469
400000844 300000211                                               0.0000 -6096666.8789 1849403.6788  636326.6289 -6212473.2151 1260914.7366  639129.1082 -6056845.8882 1869698.6039  201535.9727     227.0069     122.8939
400000845 300000212                                         1242920.4416 -6248583.0214       0.0000 1260914.7366 -6212473.2151  636326.6289  627459.2093 -6308900.9250  627459.2093  204548.8197     227.6384     139.3297
400000846 300000212                                         1266279.9131 -6114140.2800 1266279.9131  636326.6289 -6212473.2151 1260914.7366 1260914.7366 -6212473.2151  636326.6289  203612.8458     206.1150     139.4198
400000847 300000212                                               0.0000 -6248583.0214 1242920.4416  627459.2093 -6308900.9250  627459.2093  636326.6289 -6212473.2151 1260914.7366  204548.8197     214.7096     126.2992
400000848 300000212                                         1260914.7366 -6212473.2151  636326.6289  636326.6289 -6212473.2151 1260914.7366  627459.2093 -6308900.9250  627459.2093  205583.5447     206.9875     153.1840
400000849 300000213                                         4504977.3029 -4504977.3029       0.0000 4126944.5164 -4805928.6788  678984.1624 4041719.6134 -4924849.5984       0.0000  213029.7505     273.4584      60.0642
400000850 300000213                                         3678298.5650 -5024649.2825 1346350.7175 3630292.7893 -5191537.9595  677162.3725 4126944.5164 -4805928.6788  678984.1624  213259.5913     251.1464      72.9618
400000851 300000213                                         3539537.9546 -5297292.9000       0.0000 4041719.6134 -4924849.5984       0.0000 3630292.7893 -5191537.9595  677162.3725  212458.1628     260.1634      96.4472
400000852 300000213                                         4126944.5164 -4805928.6788  678984.1624 3630292.7893 -5191537.9595  677162.3725 4041719.6134 -4924849.5984       0.0000  214297.3599     264.2982      78.2797
400000853 300000214                                         2600949.8585 -5201899.7171 2600949.8585 2604139.2443 -5468063.2517 1976963.3461 3166715.9053 -5157396.7439 1990680.8386  213953.8407     255.2104      71.6733
400000854 300000214                                         2577802.4491 -5672228.9398 1330561.6814 3143878.6287 -5375502.5311 1345228.8674 2604139.2443 -5468063.2517 1976963.3461  213196.7862     251.8296      74.5815
400000855 300000214                                         3678298.5650 -5024649.2825 1346350.7175 3166715.9053 -5157396.7439 1990680.8386 3143878.6287 -5375502.5311 1345228.8674  213817.3983     249.5728      75.7933
400000856 300000214                                         2604139.2443 -5468063.2517 1976963.3461 3143878.6287 -5375502.5311 1345228.8674 3166715.9053 -5157396.7439 1990680.8386  215042.4187     252.1156      75.9353
400000857 300000215                                         2438076.1476 -5886036.5016       0.0000 3003268.6103 -5618720.3752       0.0000 2522238.0841 -5812081.9155  669073.8784  209920.2574     213.8716     127.3968
400000858 300000215                                         3539537.9546 -5297292.9000       0.0000 3085738.1156 -5533298.6915  671168.2896 3003268.6103 -5618720.3752       0.0000  210577.3796     241.6144     106.4760
400000859 300000215                                         2577802.4491 -5672228.9398 1330561.6814 2522238.0841 -5812081.9155  669073.8784 3085738.1156 -5533298.6915  671168.2896  210758.2000     232.9146     106.5327
400000860 300000215                                         3003268.6103 -5618720.3752       0.0000 3085738.1156 -5533298.6915  671168.2896 2522238.0841 -5812081.9155  669073.8784  211783.6604     223.1979     117.9668
400000861 300000216                                         3678298.5650 -5024649.2825 1346350.7175 3143878.6287 -5375502.5311 1345228.8674 3630292.7893 -5191537.9595  677162.3725  217445.2803     246.4392      79.4135
400000862 300000216                                         2577802.4491 -5672228.9398 1330561.6814 3085738.1156 -5533298.6915  671168.2896 3143878.6287 -5375502.5311 1345228.8674  218077.9738     242.2806      92.9686
400000863 300000216                                         3539537.9546 -5297292.9000       0.0000 3630292.7893 -5191537.9595  677162.3725 3085738.1156 -5533298.6915  671168.2896  218265.1507     251.6878     100.5223
400000864 300000216                                         3143878.6287 -5375502.5311 1345228.8674 3085738.1156 -5533298.6915  671168.2896 3630292.7893 -5191537.9595  677162.3725  219375.9096     245.2032      87.7380
400000865 300000217                                               0.0000 -4504977.3029 4504977.3029       0.0000 -4924849.5984 4041719.6134  678984.1624 -4805928.6788 4126944.5164  213029.7505     233.3562      90.8044
400000866 300000217                                               0.0000 -5297292.9000 3539537.9546  677162.3725 -5191537.9595 3630292.7893       0.0000 -4924849.5984 4041719.6134  212458.1628     250.1027      88.3418
400000867 300000217                                         1346350.7175 -5024649.2825 3678298.5650  678984.1624 -4805928.6788 4126944.5164  677162.3725 -5191537.9595 3630292.7893  213259.5913     245.0928      91.9440
400000868 300000217                                               0.0000 -4924849.5984 4041719.6134  677162.3725 -5191537.9595 3630292.7893  678984.1624 -4805928.6788 4126944.5164  214297.3599     241.3720      93.2896
400000869 300000218                                               0.0000 -5886036.5016 2438076.1476  669073.8784 -5812081.9155 2522238.0841       0.0000 -5618720.3752 3003268.6103  209920.2574     267.7183      71.1822
400000870 300000218                                         1330561.6814 -5672228.9398 2577802.4491  671168.2896 -5533298.6915 3085738.1156  669073.8784 -5812081.9155 2522238.0841  210758.2000     259.8535      76.5844
400000871 300000218                                               0.0000 -5297292.9000 3539537.9546       0.0000 -5618720.3752 3003268.6103  671168.2896 -5533298.6915 3085738.1156  210577.3796     268.9018      71.2128
400000872 300000218                                          669073.8784 -5812081.9155 2522238.0841  671168.2896 -5533298.6915 3085738.1156       0.0000 -5618720.3752 3003268.6103  211783.6604     269.0557      68.8996
400000873 300000219                                         2600949.8585 -5201899.7171 2600949.8585 1990680.8386 -5157396.7439 3166715.9053 1976963.3461 -5468063.2517 2604139.2443  213953.8407     247.1611      84.0271
400000874 300000219                                         1346350.7175 -5024649.2825 3678298.5650 1345228.8674 -5375502.5311 3143878.6287 1990680.8386 -5157396.7439 3166715.9053  213817.3983     257.0841      78.4257
400000875 300000219                                         1330561.6814 -5672228.9398 2577802.4491 1976963.3461 -5468063.2517 2604139.2443 1345228.8674 -5375502.5311 3143878.6287  213196.7862     250.3109      84.2627
400000876 300000219                                         1990680.8386 -5157396.7439 3166715.9053 1345228.8674 -5375502.5311 3143878.6287 1976963.3461 -5468063.2517 2604139.2443  215042.4187     249.8400      84.7050
400000877 300000220                                               0.0000 -5297292.9000 3539537.9546  671168.2896 -5533298.6915 3085738.1156  677162.3725 -5191537.9595 3630292.7893  218265.1507     260.6933      82.9769
400000878 300000220                                         1330561.6814 -5672228.9398 2577802.4491 1345228.8674 -5375502.5311 3143878.6287  671168.2896 -5533298.6915 3085738.1156  218077.9738     260.6187      77.0031
400000879 300000220                                         1346350.7175 -5024649.2825 3678298.5650  677162.3725 -5191537.9595 3630292.7893 1345228.8674 -5375502.5311 3143878.6287  217445.2803     257.2870      80.9025
400000880 300000220                                          671168.2896 -5533298.6915 3085738.1156 1345228.8674 -5375502.5311 3143878.6287  677162.3725 -5191537.9595 3630292.7893  219375.9096     261.8497      78.4083
400000881 300000221                                         2438076.1476 -5886036.5016       0.0000 2522238.0841 -5812081.9155  669073.8784 1869698.6039 -6056845.8882  639129.1082  232651.5371     212.0815     131.3905
400000882 300000221                                         2577802.4491 -5672228.9398 1330561.6814 1933504.7432 -5928333.1219 1306164.9224 2522238.0841 -5812081.9155  669073.8784  231845.9895     233.5708     102.7053
400000883 300000221                                         1266279.9131 -6114140.2800 1266279.9131 1869698.6039 -6056845.8882  639129.1082 1933504.7432 -5928333.1219 1306164.9224  232712.3450     207.8646     125.4466
400000884 300000221                                         2522238.0841 -5812081.9155  669073.8784 1933504.7432 -5928333.1219 1306164.9224 1869698.6039 -6056845.8882  639129.1082  234046.8072     217.1991     124.6403
400000885 300000222                                         2600949.8585 -5201899.7171 2600949.8585 1976963.3461 -5468063.2517 2604139.2443 2604139.2443 -5468063.2517 1976963.3461  228300.1373     252.8762      73.7994
400000886 300000222                                         1330561.6814 -5672228.9398 2577802.4491 1973179.1775 -5727370.1528 1973179.1775 1976963.3461 -5468063.2517 2604139.2443  229212.6770     247.1512      82.9923
400000887 300000222                                         2577802.4491 -5672228.9398 1330561.6814 2604139.2443 -5468063.2517 1976963.3461 1973179.1775 -5727370.1528 1973179.1775  229212.6770     249.2214      77.5476
400000888 300000222                                         1976963.3461 -5468063.2517 2604139.2443 1973179.1775 -5727370.1528 1973179.1775 2604139.2443 -5468063.2517 1976963.3461  230526.8451     250.8114      78.8028
400000889 300000223                                               0.0000 -5886036.5016 2438076.1476  639129.1082 -6056845.8882 1869698.6039  669073.8784 -5812081.9155 2522238.0841  232651.5371     249.9644      86.2921
400000890 300000223                                         1266279.9131 -6114140.2800 1266279.9131 1306164.9224 -5928333.1219 1933504.7432  639129.1082 -6056845.8882 1869698.6039  232712.3450     233.2281      93.0260
400000891 300000223                                         1330561.6814 -5672228.9398 2577802.4491  669073.8784 -5812081.9155 2522238.0841 1306164.9224 -5928333.1219 1933504.7432  231845.9895     244.6240      86.4102
400000892 300000223                                          639129.1082 -6056845.8882 1869698.6039 1306164.9224 -5928333.1219 1933504.7432  669073.8784 -5812081.9155 2522238.0841  234046.8072     238.4360      90.6898
400000893 300000224                                         2577802.4491 -5672228.9398 1330561.6814 1973179.1775 -5727370.1528 1973179.1775 1933504.7432 -5928333.1219 1306164.9224  238189.0310     245.4934      82.6322
400000894 300000224                                         1330561.6814 -5672228.9398 2577802.4491 1306164.9224 -5928333.1219 1933504.7432 1973179.1775 -5727370.1528 1973179.1775  238189.0310     241.3013      87.8367
400000895 300000224                                         1266279.9131 -6114140.2800 1266279.9131 1933504.7432 -5928333.1219 1306164.9224 1306164.9224 -5928333.1219 1933504.7432  237302.7613     235.4297      92.5655
400000896 300000224                                         1973179.1775 -5727370.1528 1973179.1775 1306164.9224 -5928333.1219 1933504.7432 1933504.7432 -5928333.1219 1306164.9224  239617.8861     243.9771      84.8510
400000897 300000225                                         6371000.0000       0.0000       0.0000 6340321.8936       0.0000  624467.2010 6340321.8936 -624467.2010       0.0000  195921.5441     263.7420      90.9665
400000898 300000225                                         6248583.0214       0.0000 1242920.4416 6308900.9250 -627459.2093  627459.2093 6340321.8936       0.0000  624467.2010  196860.2699     237.5520     118.8421
400000899 300000225                                         6248583.0214 -1242920.4416       0.0000 6340321.8936 -624467.2010       0.0000 6308900.9250 -627459.2093  627459.2093  196860.2699     272.3983      85.1221
400000900 300000225                                         6340321.8936       0.0000  624467.2010 6308900.9250 -627459.2093  627459.2093 6340321.8936 -624467.2010       0.0000  197817.4310     258.4898      99.9753
400000901 300000226                                         5886036.5016       0.0000 2438076.1476 6056845.8882 -639129.1082 1869698.6039 6096666.8789       0.0000 1849403.6788  200521.8161     282.5879     131.6013
400000902 300000226                                         6114140.2800 -1266279.9131 1266279.9131 6212473.2151 -636326.6289 1260914.7366 6056845.8882 -639129.1082 1869698.6039  200560.6406     252.3869      92.8025
400000903 300000226                                         6248583.0214       0.0000 1242920.4416 6096666.8789       0.0000 1849403.6788 6212473.2151 -636326.6289 1260914.7366  199642.5528     264.7526      96.5860
400000904 300000226                                         6056845.8882 -639129.1082 1869698.6039 6212473.2151 -636326.6289 1260914.7366 6096666.8789       0.0000 1849403.6788  201535.9727     273.1308     104.2969
400000905 300000227                                         5886036.5016 -2438076.1476       0.0000 6096666.8789 -1849403.6788       0.0000 6056845.8882 -1869698.6039  639129.1082  200521.8161     265.5440      88.6265
400000906 300000227                                         6248583.0214 -1242920.4416       0.0000 6212473.2151 -1260914.7366  636326.6289 6096666.8789 -1849403.6788       0.0000  199642.5528     268.0408      87.8833
400000907 300000227                                         6114140.2800 -1266279.9131 1266279.9131 6056845.8882 -1869698.6039  639129.1082 6212473.2151 -1260914.7366  636326.6289  200560.6406     220.9634     116.3217
400000908 300000227                                         6096666.8789 -1849403.6788       0.0000 6212473.2151 -1260914.7366  636326.6289 6056845.8882 -1869698.6039  639129.1082  201535.9727     248.6991     108.6794
400000909 300000228                                         6248583.0214       0.0000 1242920.4416 6212473.2151 -636326.6289 1260914.7366 6308900.9250 -627459.2093  627459.2093  204548.8197     243.6068     107.3928
400000910 300000228                                         6114140.2800 -1266279.9131 1266279.9131 6212473.2151 -1260914.7366  636326.6289 6212473.2151 -636326.6289 1260914.7366  203612.8458     223.7816     106.7597
400000911 300000228                                         6248583.0214 -1242920.4416       0.0000 6308900.9250 -627459.2093  627459.2093 6212473.2151 -1260914.7366  636326.6289  204548.8197     253.3458     111.8488
400000912 300000228                                         6212473.2151 -636326.6289 1260914.7366 6212473.2151 -1260914.7366  636326.6289 6308900.9250 -627459.2093  627459.2093  205583.5447     236.3741     122.1604
400000913 300000229                                         4504977.3029       0.0000 4504977.3029 4805928.6788 -678984.1624 4126944.5164 4924849.5984       0.0000 4041719.6134  213029.7505     238.0675      78.2135
400000914 300000229                                         5024649.2825 -1346350.7175 3678298.5650 5191537.9595 -677162.3725 3630292.7893 4805928.6788 -678984.1624 4126944.5164  213259.5913     253.8307      64.8202
400000915 300000229                                         5297292.9000       0.0000 3539537.9546 4924849.5984       0.0000 4041719.6134 5191537.9595 -677162.3725 3630292.7893  212458.1628     252.1166      71.9459
400000916 300000229                                         4805928.6788 -678984.1624 4126944.5164 5191537.9595 -677162.3725 3630292.7893 4924849.5984       0.0000 4041719.6134  214297.3599     248.9151      74.7408
400000917 300000230                                         5201899.7171 -2600949.8585 2600949.8585 5468063.2517 -1976963.3461 2604139.2443 5157396.7439 -1990680.8386 3166715.9053  213953.8407     268.8345      61.2399
400000918 300000230                                         5672228.9398 -1330561.6814 2577802.4491 5375502.5311 -1345228.8674 3143878.6287 5468063.2517 -1976963.3461 2604139.2443  213196.7862     270.0370      69.1662
400000919 300000230                                         5024649.2825 -1346350.7175 3678298.5650 5157396.7439 -1990680.8386 3166715.9053 5375502.5311 -1345228.8674 3143878.6287  213817.3983     262.3844      63.9848
400000920 300000230                                         5468063.2517 -1976963.3461 2604139.2443 5375502.5311 -1345228.8674 3143878.6287 5157396.7439 -1990680.8386 3166715.9053  215042.4187     268.3544      59.8058
400000921 300000231                                         5886036.5016       0.0000 2438076.1476 5618720.3752       0.0000 3003268.6103 5812081.9155 -669073.8784 2522238.0841  209920.2574     275.1651     120.6261
400000922 300000231                                         5297292.9000       0.0000 3539537.9546 5533298.6915 -671168.2896 3085738.1156 5618720.3752       0.0000 3003268.6103  210577.3796     263.2359     104.9096
400000923 300000231                                         5672228.9398 -1330561.6814 2577802.4491 5812081.9155 -669073.8784 2522238.0841 5533298.6915 -671168.2896 3085738.1156  210758.2000     274.7598     109.7106
400000924 300000231                                         5618720.3752       0.0000 3003268.6103 5533298.6915 -671168.2896 3085738.1156 5812081.9155 -669073.8784 2522238.0841  211783.6604     272.5333     106.7800
400000925 300000232                                         5024649.2825 -1346350.7175 3678298.5650 5375502.5311 -1345228.8674 3143878.6287 5191537.9595 -677162.3725 3630292.7893  217445.2803     261.1896      61.8644
400000926 300000232                                         5672228.9398 -1330561.6814 2577802.4491 5533298.6915 -671168.2896 3085738.1156 5375502.5311 -1345228.8674 3143878.6287  218077.9738     270.0688      90.9903
400000927 300000232                                         5297292.9000       0.0000 3539537.9546 5191537.9595 -677162.3725 3630292.7893 5533298.6915 -671168.2896 3085738.1156  218265.1507     255.2592      86.1704
400000928 300000232                                         5375502.5311 -1345228.8674 3143878.6287 5533298.6915 -671168.2896 3085738.1156 5191537.9595 -677162.3725 3630292.7893  219375.9096     263.2901      71.9287
400000929 300000233                                         4504977.3029 -4504977.3029       0.0000 4924849.5984 -4041719.6134       0.0000 4805928.6788 -4126944.5164  678984.1624  213029.7505     270.4282      59.5442
400000930 300000233                                         5297292.9000 -3539537.9546       0.0000 5191537.9595 -3630292.7893  677162.3725 4924849.5984 -4041719.6134       0.0000  212458.1628     261.6318      76.0555
400000931 300000233                                         5024649.2825 -3678298.5650 1346350.7175 4805928.6788 -4126944.5164  678984.1624 5191537.9595 -3630292.7893  677162.3725  213259.5913     224.9178     109.6843
400000932 300000233                                         4924849.5984 -4041719.6134       0.0000 5191537.9595 -3630292.7893  677162.3725 4805928.6788 -4126944.5164  678984.1624  214297.3599     250.1525      83.5156
400000933 300000234                                         5886036.5016 -2438076.1476       0.0000 5812081.9155 -2522238.0841  669073.8784 5618720.3752 -3003268.6103       0.0000  209920.2574     260.2252      87.4398
400000934 300000234                                         5672228.9398 -2577802.4491 1330561.6814 5533298.6915 -3085738.1156  671168.2896 5812081.9155 -2522238.0841  669073.8784  210758.2000     224.0316     111.2833
400000935 300000234                                         5297292.9000 -3539537.9546       0.0000 5618720.3752 -3003268.6103       0.0000 5533298.6915 -3085738.1156  671168.2896  210577.3796     257.4284      84.8382
400000936 300000234                                         5812081.9155 -2522238.0841  669073.8784 5533298.6915 -3085738.1156  671168.2896 5618720.3752 -3003268.6103       0.0000  211783.6604     238.2460     107.7909
400000937 300000235                                         5201899.7171 -2600949.8585 2600949.8585 5157396.7439 -3166715.9053 1990680.8386 5468063.2517 -2604139.2443 1976963.3461  213953.8407     263.5746      69.0867
400000938 300000235                                         5024649.2825 -3678298.5650 1346350.7175 5375502.5311 -3143878.6287 1345228.8674 5157396.7439 -3166715.9053 1990680.8386  213817.3983     247.2359      83.5447
400000939 300000235                                         5672228.9398 -2577802.4491 1330561.6814 5468063.2517 -2604139.2443 1976963.3461 5375502.5311 -3143878.6287 1345228.8674  213196.7862     253.6641      77.6821
400000940 300000235                                         5157396.7439 -3166715.9053 1990680.8386 5375502.5311 -3143878.6287 1345228.8674 5468063.2517 -2604139.2443 1976963.3461  215042.4187     256.4612      76.6796
400000941 300000236                                         5297292.9000 -3539537.9546       0.0000 5533298.6915 -3085738.1156  671168.2896 5191537.9595 -3630292.7893  677162.3725  218265.1507     239.3897     102.4048
400000942 300000236                                         5672228.9398 -2577802.4491 1330561.6814 5375502.5311 -3143878.6287 1345228.8674 5533298.6915 -3085738.1156  671168.2896  218077.9738     230.0600     101.3384
400000943 300000236                                         5024649.2825 -3678298.5650 1346350.7175 5191537.9595 -3630292.7893  677162.3725 5375502.5311 -3143878.6287 1345228.8674  217445.2803     226.9971     106.4589
400000944 300000236                                         5533298.6915 -3085738.1156  671168.2896 5375502.5311 -3143878.6287 1345228.8674 5191537.9595 -3630292.7893  677162.3725  219375.9096     219.6633     117.1453
400000945 300000237                                         5886036.5016       0.0000 2438076.1476 5812081.9155 -669073.8784 2522238.0841 6056845.8882 -639129.1082 1869698.6039  232651.5371     278.2454     129.4424
400000946 300000237                                         5672228.9398 -1330561.6814 2577802.4491 5928333.1219 -1306164.9224 1933504.7432 5812081.9155 -669073.8784 2522238.0841  231845.9895     276.3363     123.7690
400000947 300000237                                         6114140.2800 -1266279.9131 1266279.9131 6056845.8882 -639129.1082 1869698.6039 5928333.1219 -1306164.9224 1933504.7432  232712.3450     261.7346     102.0044
400000948 300000237                                         5812081.9155 -669073.8784 2522238.0841 5928333.1219 -1306164.9224 1933504.7432 6056845.8882 -639129.1082 1869698.6039  234046.8072     275.4702     136.0446
400000949 300000238                                         5201899.7171 -2600949.8585 2600949.8585 5468063.2517 -2604139.2443 1976963.3461 5468063.2517 -1976963.3461 2604139.2443  228300.1373     267.6816      64.8470
400000950 300000238                                         5672228.9398 -2577802.4491 1330561.6814 5727370.1528 -1973179.1775 1973179.1775 5468063.2517 -2604139.2443 1976963.3461  229212.6770     264.3809      70.9099
400000951 300000238                                         5672228.9398 -1330561.6814 2577802.4491 5468063.2517 -1976963.3461 2604139.2443 5727370.1528 -1973179.1775 1973179.1775  229212.6770     272.1363      73.7511
400000952 300000238                                         5468063.2517 -2604139.2443 1976963.3461 5727370.1528 -1973179.1775 1973179.1775 5468063.2517 -1976963.3461 2604139.2443  230526.8451     269.1535      64.5483
400000953 300000239                                         5886036.5016 -2438076.1476       0.0000 6056845.8882 -1869698.6039  639129.1082 5812081.9155 -2522238.0841  669073.8784  232651.5371     244.2964     110.2347
400000954 300000239                                         6114140.2800 -1266279.9131 1266279.9131 5928333.1219 -1933504.7432 1306164.9224 6056845.8882 -1869698.6039  639129.1082  232712.3450     228.7879     100.1917
400000955 300000239                                         5672228.9398 -2577802.4491 1330561.6814 5812081.9155 -2522238.0841  669073.8784 5928333.1219 -1933504.7432 1306164.9224  231845.9895     237.5678      95.1467
400000956 300000239                                         6056845.8882 -1869698.6039  639129.1082 5928333.1219 -1933504.7432 1306164.9224 5812081.9155 -2522238.0841  669073.8784  234046.8072     235.3623     101.9822
400000957 300000240                                         5672228.9398 -1330561.6814 2577802.4491 5727370.1528 -1973179.1775 1973179.1775 5928333.1219 -1306164.9224 1933504.7432  238189.0310     277.0093     108.2547
400000958 300000240                                         5672228.9398 -2577802.4491 1330561.6814 5928333.1219 -1933504.7432 1306164.9224 5727370.1528 -1973179.1775 1973179.1775  238189.0310     258.5439      75.0722
400000959 300000240                                         6114140.2800 -1266279.9131 1266279.9131 5928333.1219 -1306164.9224 1933504.7432 5928333.1219 -1933504.7432 1306164.9224  237302.7613     246.4705      95.7798
400000960 300000240                                         5727370.1528 -1973179.1775 1973179.1775 5928333.1219 -1933504.7432 1306164.9224 5928333.1219 -1306164.9224 1933504.7432  239617.8861     267.1472      84.1576
400000961 300000241                                               0.0000 -4504977.3029 4504977.3029  678984.1624 -4805928.6788 4126944.5164  678984.1624 -4126944.5164 4805928.6788  328324.9483     225.9607      87.7593
400000962 300000241                                         1346350.7175 -5024649.2825 3678298.5650 1361638.6226 -4400885.2099 4400885.2099  678984.1624 -4805928.6788 4126944.5164  329212.3599     237.5916      94.8139
400000963 300000241                                         1346350.7175 -3678298.5650 5024649.2825  678984.1624 -4126944.5164 4805928.6788 1361638.6226 -4400885.2099 4400885.2099  329212.3599     216.8046      91.3167
400000964 300000241                                          678984.1624 -4805928.6788 4126944.5164 1361638.6226 -4400885.2099 4400885.2099  678984.1624 -4126944.5164 4805928.6788  332074.9378     225.2661      95.4091
400000965 300000242                                         2600949.8585 -5201899.7171 2600949.8585 2687534.5848 -4688572.4479 3374031.3064 1990680.8386 -5157396.7439 3166715.9053  331958.1435     249.8992      78.0836
400000966 300000242                                         2716603.5278 -4074905.2917 4074905.2917 2050103.9020 -4591494.5659 3912146.8074 2687534.5848 -4688572.4479 3374031.3064  332135.9111     245.1195      83.6755
400000967 300000242                                         1346350.7175 -5024649.2825 3678298.5650 1990680.8386 -5157396.7439 3166715.9053 2050103.9020 -4591494.5659 3912146.8074  331417.2039     252.3375      81.2143
400000968 300000242                                         2687534.5848 -4688572.4479 3374031.3064 2050103.9020 -4591494.5659 3912146.8074 1990680.8386 -5157396.7439 3166715.9053  335024.3025     250.0263      79.4031
400000969 300000243                                         2600949.8585 -2600949.8585 5201899.7171 1990680.8386 -3166715.9053 5157396.7439 2687534.5848 -3374031.3064 4688572.4479  331958.1435     216.7873      78.2019
400000970 300000243                                         1346350.7175 -3678298.5650 5024649.2825 2050103.9020 -3912146.8074 4591494.5659 1990680.8386 -3166715.9053 5157396.7439  331417.2039     215.2731      76.3827
400000971 300000243                                         2716603.5278 -4074905.2917 4074905.2917 2687534.5848 -3374031.3064 4688572.4479 2050103.9020 -3912146.8074 4591494.5659  332135.9111     230.7879      84.0143
400000972 300000243                                         1990680.8386 -3166715.9053 5157396.7439 2050103.9020 -3912146.8074 4591494.5659 2687534.5848 -3374031.3064 4688572.4479  335024.3025     220.2988      80.6811
400000973 300000244                                         1346350.7175 -5024649.2825 3678298.5650 2050103.9020 -4591494.5659 3912146.8074 1361638.6226 -4400885.2099 4400885.2099  344128.0612     243.7392      83.1008
400000974 300000244                                         2716603.5278 -4074905.2917 4074905.2917 2050103.9020 -3912146.8074 4591494.5659 2050103.9020 -4591494.5659 3912146.8074  343384.2298     236.9856      88.0522
400000975 300000244                                         1346350.7175 -3678298.5650 5024649.2825 1361638.6226 -4400885.2099 4400885.2099 2050103.9020 -3912146.8074 4591494.5659  344128.0612     220.4160      88.1428
400000976 300000244                                         2050103.9020 -4591494.5659 3912146.8074 2050103.9020 -3912146.8074 4591494.5659 1361638.6226 -4400885.2099 4400885.2099  347308.3434     233.7596      83.4717
400000977 300000245                                         4504977.3029 -4504977.3029       0.0000 4805928.6788 -4126944.5164  678984.1624 4126944.5164 -4805928.6788  678984.1624  328324.9483     262.5304      66.0672
400000978 300000245                                         5024649.2825 -3678298.5650 1346350.7175 4400885.2099 -4400885.2099 1361638.6226 4805928.6788 -4126944.5164  678984.1624  329212.3599     230.9296      96.5183
400000979 300000245                                         3678298.5650 -5024649.2825 1346350.7175 4126944.5164 -4805928.6788  678984.1624 4400885.2099 -4400885.2099 1361638.6226  329212.3599     240.7387      85.8020
400000980 300000245                                         4805928.6788 -4126944.5164  678984.1624 4400885.2099 -4400885.2099 1361638.6226 4126944.5164 -4805928.6788  678984.1624  332074.9378     235.6472      95.3302
400000981 300000246                                         5201899.7171 -2600949.8585 2600949.8585 4688572.4479 -3374031.3064 2687534.5848 5157396.7439 -3166715.9053 1990680.8386  331958.1435     263.7525      66.9106
400000982 300000246                                         4074905.2917 -4074905.2917 2716603.5278 4591494.5659 -3912146.8074 2050103.9020 4688572.4479 -3374031.3064 2687534.5848  332135.9111     263.7195      63.3454
400000983 300000246                                         5024649.2825 -3678298.5650 1346350.7175 5157396.7439 -3166715.9053 1990680.8386 4591494.5659 -3912146.8074 2050103.9020  331417.2039     253.0803      76.3210
400000984 300000246                                         4688572.4479 -3374031.3064 2687534.5848 4591494.5659 -3912146.8074 2050103.9020 5157396.7439 -3166715.9053 1990680.8386  335024.3025     261.4613      67.9975
400000985 300000247                                         2600949.8585 -5201899.7171 2600949.8585 3166715.9053 -5157396.7439 1990680.8386 3374031.3064 -4688572.4479 2687534.5848  331958.1435     257.2794      68.6482
400000986 300000247                                         3678298.5650 -5024649.2825 1346350.7175 3912146.8074 -4591494.5659 2050103.9020 3166715.9053 -5157396.7439 1990680.8386  331417.2039     256.5937      68.1535
400000987 300000247                                         4074905.2917 -4074905.2917 2716603.5278 3374031.3064 -4688572.4479 2687534.5848 3912146.8074 -4591494.5659 2050103.9020  332135.9111     259.9629      64.6186
400000988 300000247                                         3166715.9053 -5157396.7439 1990680.8386 3912146.8074 -4591494.5659 2050103.9020 3374031.3064 -4688572.4479 2687534.5848  335024.3025     260.1475      64.8119
400000989 300000248                                         5024649.2825 -3678298.5650 1346350.7175 4591494.5659 -3912146.8074 2050103.9020 4400885.2099 -4400885.2099 1361638.6226  344128.0612     249.2517      75.7949
400000990 300000248                                         4074905.2917 -4074905.2917 2716603.5278 3912146.8074 -4591494.5659 2050103.9020 4591494.5659 -3912146.8074 2050103.9020  343384.2298     262.7371      63.7460
400000991 300000248                                         3678298.5650 -5024649.2825 1346350.7175 4400885.2099 -4400885.2099 1361638.6226 3912146.8074 -4591494.5659 2050103.9020  344128.0612     251.9390      72.5176
400000992 300000248                                         4591494.5659 -3912146.8074 2050103.9020 3912146.8074 -4591494.5659 2050103.9020 4400885.2099 -4400885.2099 1361638.6226  347308.3434     257.8418      68.1318
400000993 300000249                                         4504977.3029       0.0000 4504977.3029 4126944.5164 -678984.1624 4805928.6788 4805928.6788 -678984.1624 4126944.5164  328324.9483     235.6742      76.0495
400000994 300000249                                         3678298.5650 -1346350.7175 5024649.2825 4400885.2099 -1361638.6226 4400885.2099 4126944.5164 -678984.1624 4805928.6788  329212.3599     231.3002      78.0521
400000995 300000249                                         5024649.2825 -1346350.7175 3678298.5650 4805928.6788 -678984.1624 4126944.5164 4400885.2099 -1361638.6226 4400885.2099  329212.3599     246.7488      71.1777
400000996 300000249                                         4126944.5164 -678984.1624 4805928.6788 4400885.2099 -1361638.6226 4400885.2099 4805928.6788 -678984.1624 4126944.5164  332074.9378     238.8595      76.6814
400000997 300000250                                         2600949.8585 -2600949.8585 5201899.7171 3374031.3064 -2687534.5848 4688572.4479 3166715.9053 -1990680.8386 5157396.7439  331958.1435     221.3159      78.2836
400000998 300000250                                         4074905.2917 -2716603.5278 4074905.2917 3912146.8074 -2050103.9020 4591494.5659 3374031.3064 -2687534.5848 4688572.4479  332135.9111     232.1534      85.9631
400000999 300000250                                         3678298.5650 -1346350.7175 5024649.2825 3166715.9053 -1990680.8386 5157396.7439 3912146.8074 -2050103.9020 4591494.5659  331417.2039     225.5270      78.3520
400001000 300000250                                         3374031.3064 -2687534.5848 4688572.4479 3912146.8074 -2050103.9020 4591494.5659 3166715.9053 -1990680.8386 5157396.7439  335024.3025     226.0947      82.1184
400001001 300000251                                         5201899.7171 -2600949.8585 2600949.8585 5157396.7439 -1990680.8386 3166715.9053 4688572.4479 -2687534.5848 3374031.3064  331958.1435     263.3876      66.6649
400001002 300000251                                         5024649.2825 -1346350.7175 3678298.5650 4591494.5659 -2050103.9020 3912146.8074 5157396.7439 -1990680.8386 3166715.9053  331417.2039     254.4036      71.0809
400001003 300000251                                         4074905.2917 -2716603.5278 4074905.2917 4688572.4479 -2687534.5848 3374031.3064 4591494.5659 -2050103.9020 3912146.8074  332135.9111     247.6842      78.0070
400001004 300000251                                         5157396.7439 -1990680.8386 3166715.9053 4591494.5659 -2050103.9020 3912146.8074 4688572.4479 -2687534.5848 3374031.3064  335024.3025     255.1714      71.6374
400001005 300000252                                         3678298.5650 -1346350.7175 5024649.2825 3912146.8074 -2050103.9020 4591494.5659 4400885.2099 -1361638.6226 4400885.2099  344128.0612     230.8055      81.0080
400001006 300000252                                         4074905.2917 -2716603.5278 4074905.2917 4591494.5659 -2050103.9020 3912146.8074 3912146.8074 -2050103.9020 4591494.5659  343384.2298     240.2518      81.1106
400001007 300000252                                         5024649.2825 -1346350.7175 3678298.5650 4400885.2099 -1361638.6226 4400885.2099 4591494.5659 -2050103.9020 3912146.8074  344128.0612     245.3512      76.9960
400001008 300000252                                         3912146.8074 -2050103.9020 4591494.5659 4591494.5659 -2050103.9020 3912146.8074 4400885.2099 -1361638.6226 4400885.2099  347308.3434     239.5323      79.6753
400001009 300000253                                         2600949.8585 -5201899.7171 2600949.8585 3374031.3064 -4688572.4479 2687534.5848 2687534.5848 -4688572.4479 3374031.3064  387995.8446     254.0482      72.0677
400001010 300000253                                         4074905.2917 -4074905.2917 2716603.5278 3435012.9904 -4122015.5885 3435012.9904 3374031.3064 -4688572.4479 2687534.5848  388281.7658     258.0588      67.2402
400001011 300000253                                         2716603.5278 -4074905.2917 4074905.2917 2687534.5848 -4688572.4479 3374031.3064 3435012.9904 -4122015.5885 3435012.9904  388281.7658     250.3427      75.3013
400001012 300000253                                         3374031.3064 -4688572.4479 2687534.5848 3435012.9904 -4122015.5885 3435012.9904 2687534.5848 -4688572.4479 3374031.3064  392517.4362     256.2169      68.8819
400001013 300000254                                         5201899.7171 -2600949.8585 2600949.8585 4688572.4479 -2687534.5848 3374031.3064 4688572.4479 -3374031.3064 2687534.5848  387995.8446     263.6454      66.5327
400001014 300000254                                         4074905.2917 -2716603.5278 4074905.2917 4122015.5885 -3435012.9904 3435012.9904 4688572.4479 -2687534.5848 3374031.3064  388281.7658     251.9809      72.1499
400001015 300000254                                         4074905.2917 -4074905.2917 2716603.5278 4688572.4479 -3374031.3064 2687534.5848 4122015.5885 -3435012.9904 3435012.9904  388281.7658     262.5782      63.2902
400001016 300000254                                         4688572.4479 -2687534.5848 3374031.3064 4122015.5885 -3435012.9904 3435012.9904 4688572.4479 -3374031.3064 2687534.5848  392517.4362     260.5478      66.3839
400001017 300000255                                         2600949.8585 -2600949.8585 5201899.7171 2687534.5848 -3374031.3064 4688572.4479 3374031.3064 -2687534.5848 4688572.4479  387995.8446     222.0230      84.6821
400001018 300000255                                         2716603.5278 -4074905.2917 4074905.2917 3435012.9904 -3435012.9904 4122015.5885 2687534.5848 -3374031.3064 4688572.4479  388281.7658     233.6730      85.0087
400001019 300000255                                         4074905.2917 -2716603.5278 4074905.2917 3374031.3064 -2687534.5848 4688572.4479 3435012.9904 -3435012.9904 4122015.5885  388281.7658     233.6419      85.6381
400001020 300000255                                         2687534.5848 -3374031.3064 4688572.4479 3435012.9904 -3435012.9904 4122015.5885 3374031.3064 -2687534.5848 4688572.4479  392517.4362     229.1402      89.0912
400001021 300000256                                         4074905.2917 -4074905.2917 2716603.5278 4122015.5885 -3435012.9904 3435012.9904 3435012.9904 -4122015.5885 3435012.9904  405996.4825     260.1878      64.9465
400001022 300000256                                         4074905.2917 -2716603.5278 4074905.2917 3435012.9904 -3435012.9904 4122015.5885 4122015.5885 -3435012.9904 3435012.9904  405996.4825     246.2357      75.9265
400001023 300000256                                         2716603.5278 -4074905.2917 4074905.2917 3435012.9904 -4122015.5885 3435012.9904 3435012.9904 -3435012.9904 4122015.5885  405996.4825     244.6100      79.0936
400001024 300000256                                         4122015.5885 -3435012.9904 3435012.9904 3435012.9904 -3435012.9904 4122015.5885 3435012.9904 -4122015.5885 3435012.9904  410731.3740     251.6015      71.6891
400001025 300000257                                         6371000.0000       0.0000       0.0000 6340321.8936       0.0000 -624467.2010 6340321.8936  624467.2010       0.0000  195921.5441     269.3874      88.5672
400001026 300000257                                         6248583.0214       0.0000 -1242920.4416 6308900.9250  627459.2093 -627459.2093 6340321.8936       0.0000 -624467.2010  196860.2699     275.6131     126.1877
400001027 300000257                                         6248583.0214 1242920.4416       0.0000 6340321.8936  624467.2010       0.0000 6308900.9250  627459.2093 -627459.2093  196860.2699     248.2436     120.2806
400001028 300000257                                         6340321.8936       0.0000 -624467.2010 6308900.9250  627459.2093 -627459.2093 6340321.8936  624467.2010       0.0000  197817.4310     269.9331     100.7700
400001029 300000258                                         5886036.5016       0.0000 -2438076.1476 6056845.8882  639129.1082 -1869698.6039 6096666.8789       0.0000 -1849403.6788  200521.8161     270.5964     133.0970
400001030 300000258                                         6114140.2800 1266279.9131 -1266279.9131 6212473.2151  636326.6289 -1260914.7366 6056845.8882  639129.1082 -1869698.6039  200560.6406     270.4263     136.4288
400001031 300000258                                         6248583.0214       0.0000 -1242920.4416 6096666.8789       0.0000 -1849403.6788 6212473.2151  636326.6289 -1260914.7366  199642.5528     273.9265     147.4237
400001032 300000258                                         6056845.8882  639129.1082 -1869698.6039 6212473.2151  636326.6289 -1260914.7366 6096666.8789       0.0000 -1849403.6788  201535.9727     272.3431     142.7733
400001033 300000259                                         5886036.5016 2438076.1476       0.0000 6096666.8789 1849403.6788       0.0000 6056845.8882 1869698.6039 -639129.1082  200521.8161     213.1705     139.5365
400001034 300000259                                         6248583.0214 1242920.4416       0.0000 6212473.2151 1260914.7366 -636326.6289 6096666.8789 1849403.6788       0.0000  199642.5528     221.2963     154.9517
400001035 300000259                                         6114140.2800 1266279.9131 -1266279.9131 6056845.8882 1869698.6039 -639129.1082 6212473.2151 1260914.7366 -636326.6289  200560.6406     245.4108     139.3484
400001036 300000259                                         6096666.8789 1849403.6788       0.0000 6212473.2151 1260914.7366 -636326.6289 6056845.8882 1869698.6039 -639129.1082  201535.9727     224.7811     151.4543
400001037 300000260                                         6248583.0214       0.0000 -1242920.4416 6212473.2151  636326.6289 -1260914.7366 6308900.9250  627459.2093 -627459.2093  204548.8197     273.8074     137.9019
400001038 300000260                                         6114140.2800 1266279.9131 -1266279.9131 6212473.2151 1260914.7366 -636326.6289 6212473.2151  636326.6289 -1260914.7366  203612.8458     267.6580     122.9150
400001039 300000260                                         6248583.0214 1242920.4416       0.0000 6308900.9250  627459.2093 -627459.2093 6212473.2151 1260914.7366 -636326.6289  204548.8197     248.0295     134.6656
400001040 300000260                                         6212473.2151  636326.6289 -1260914.7366 6212473.2151 1260914.7366 -636326.6289 6308900.9250  627459.2093 -627459.2093  205583.5447     269.0854     125.2526
400001041 300000261                                         4504977.3029       0.0000 -4504977.3029 4805928.6788  678984.1624 -4126944.5164 4924849.5984       0.0000 -4041719.6134  213029.7505     224.5316     134.2727
400001042 300000261                                         5024649.2825 1346350.7175 -3678298.5650 5191537.9595  677162.3725 -3630292.7893 4805928.6788  678984.1624 -4126944.5164  213259.5913     243.7419     111.6552
400001043 300000261                                         5297292.9000       0.0000 -3539537.9546 4924849.5984       0.0000 -4041719.6134 5191537.9595  677162.3725 -3630292.7893  212458.1628     239.3215     119.4343
400001044 300000261                                         4805928.6788  678984.1624 -4126944.5164 5191537.9595  677162.3725 -3630292.7893 4924849.5984       0.0000 -4041719.6134  214297.3599     234.4830     124.5788
400001045 300000262                                         5201899.7171 2600949.8585 -2600949.8585 5468063.2517 1976963.3461 -2604139.2443 5157396.7439 1990680.8386 -3166715.9053  213953.8407     272.8731     111.7381
400001046 300000262                                         5672228.9398 1330561.6814 -2577802.4491 5375502.5311 1345228.8674 -3143878.6287 5468063.2517 1976963.3461 -2604139.2443  213196.7862     279.9433      96.7235
400001047 300000262                                         5024649.2825 1346350.7175 -3678298.5650 5157396.7439 1990680.8386 -3166715.9053 5375502.5311 1345228.8674 -3143878.6287  213817.3983     266.3160      85.3867
400001048 300000262                                         5468063.2517 1976963.3461 -2604139.2443 5375502.5311 1345228.8674 -3143878.6287 5157396.7439 1990680.8386 -3166715.9053  215042.4187     280.7301      97.2367
400001049 300000263                                         5886036.5016       0.0000 -2438076.1476 5618720.3752       0.0000 -3003268.6103 5812081.9155  669073.8784 -2522238.0841  209920.2574     263.4095     115.8144
400001050 300000263                                         5297292.9000       0.0000 -3539537.9546 5533298.6915  671168.2896 -3085738.1156 5618720.3752       0.0000 -3003268.6103  210577.3796     252.9189     107.5477
400001051 300000263                                         5672228.9398 1330561.6814 -2577802.4491 5812081.9155  669073.8784 -2522238.0841 5533298.6915  671168.2896 -3085738.1156  210758.2000     268.4493     100.7307
400001052 300000263                                         5618720.3752       0.0000 -3003268.6103 5533298.6915  671168.2896 -3085738.1156 5812081.9155  669073.8784 -2522238.0841  211783.6604     261.7574     109.7609
400001053 300000264                                         5024649.2825 1346350.7175 -3678298.5650 5375502.5311 1345228.8674 -3143878.6287 5191537.9595  677162.3725 -3630292.7893  217445.2803     256.5918      93.4191
400001054 300000264                                         5672228.9398 1330561.6814 -2577802.4491 5533298.6915  671168.2896 -3085738.1156 5375502.5311 1345228.8674 -3143878.6287  218077.9738     268.1333      87.9624
400001055 300000264                                         5297292.9000       0.0000 -3539537.9546 5191537.9595  677162.3725 -3630292.7893 5533298.6915  671168.2896 -3085738.1156  218265.1507     250.2748     110.1596
400001056 300000264                                         5375502.5311 1345228.8674 -3143878.6287 5533298.6915  671168.2896 -3085738.1156 5191537.9595  677162.3725 -3630292.7893  219375.9096     258.2459      97.4677
400001057 300000265                                         4504977.3029 4504977.3029       0.0000 4924849.5984 4041719.6134       0.0000 4805928.6788 4126944.5164 -678984.1624  213029.7505     277.4294      80.3166
400001058 300000265                                         5297292.9000 3539537.9546       0.0000 5191537.9595 3630292.7893 -677162.3725 4924849.5984 4041719.6134       0.0000  212458.1628     259.9211     112.5917
400001059 300000265                                         5024649.2825 3678298.5650 -1346350.7175 4805928.6788 4126944.5164 -678984.1624 5191537.9595 3630292.7893 -677162.3725  213259.5913     281.2338     117.2200
400001060 300000265                                         4924849.5984 4041719.6134       0.0000 5191537.9595 3630292.7893 -677162.3725 4805928.6788 4126944.5164 -678984.1624  214297.3599     276.1574     112.6348
400001061 300000266                                         5886036.5016 2438076.1476       0.0000 5812081.9155 2522238.0841 -669073.8784 5618720.3752 3003268.6103       0.0000  209920.2574     207.6454     141.5988
400001062 300000266                                         5672228.9398 2577802.4491 -1330561.6814 5533298.6915 3085738.1156 -671168.2896 5812081.9155 2522238.0841 -669073.8784  210758.2000     223.5401     130.6642
400001063 300000266                                         5297292.9000 3539537.9546       0.0000 5618720.3752 3003268.6103       0.0000 5533298.6915 3085738.1156 -671168.2896  210577.3796     220.7637     142.4936
400001064 300000266                                         5812081.9155 2522238.0841 -669073.8784 5533298.6915 3085738.1156 -671168.2896 5618720.3752 3003268.6103       0.0000  211783.6604     211.1493     144.5694
400001065 300000267                                         5201899.7171 2600949.8585 -2600949.8585 5157396.7439 3166715.9053 -1990680.8386 5468063.2517 2604139.2443 -1976963.3461  213953.8407     279.4838     110.0069
400001066 300000267                                         5024649.2825 3678298.5650 -1346350.7175 5375502.5311 3143878.6287 -1345228.8674 5157396.7439 3166715.9053 -1990680.8386  213817.3983     288.7301      98.9542
400001067 300000267                                         5672228.9398 2577802.4491 -1330561.6814 5468063.2517 2604139.2443 -1976963.3461 5375502.5311 3143878.6287 -1345228.8674  213196.7862     273.1508      99.6647
400001068 300000267                                         5157396.7439 3166715.9053 -1990680.8386 5375502.5311 3143878.6287 -1345228.8674 5468063.2517 2604139.2443 -1976963.3461  215042.4187     287.7627      97.9295
400001069 300000268                                         5297292.9000 3539537.9546       0.0000 5533298.6915 3085738.1156 -671168.2896 5191537.9595 3630292.7893 -677162.3725  218265.1507     251.0224     113.1764
400001070 300000268                                         5672228.9398 2577802.4491 -1330561.6814 5375502.5311 3143878.6287 -1345228.8674 5533298.6915 3085738.1156 -671168.2896  218077.9738     246.8281     113.8842
400001071 300000268                                         5024649.2825 3678298.5650 -1346350.7175 5191537.9595 3630292.7893 -677162.3725 5375502.5311 3143878.6287 -1345228.8674  217445.2803     280.6475     100.9846
400001072 300000268                                         5533298.6915 3085738.1156 -671168.2896 5375502.5311 3143878.6287 -1345228.8674 5191537.9595 3630292.7893 -677162.3725  219375.9096     262.1764     103.0363
400001073 300000269                                         5886036.5016       0.0000 -2438076.1476 5812081.9155  669073.8784 -2522238.0841 6056845.8882  639129.1082 -1869698.6039  232651.5371     269.2401     124.5979
400001074 300000269                                         5672228.9398 1330561.6814 -2577802.4491 5928333.1219 1306164.9224 -1933504.7432 5812081.9155  669073.8784 -2522238.0841  231845.9895     270.5671     114.6922
400001075 300000269                                         6114140.2800 1266279.9131 -1266279.9131 6056845.8882  639129.1082 -1869698.6039 5928333.1219 1306164.9224 -1933504.7432  232712.3450     269.7199     129.5191
400001076 300000269                                         5812081.9155  669073.8784 -2522238.0841 5928333.1219 1306164.9224 -1933504.7432 6056845.8882  639129.1082 -1869698.6039  234046.8072     270.4163     123.1577
400001077 300000270                                         5201899.7171 2600949.8585 -2600949.8585 5468063.2517 2604139.2443 -1976963.3461 5468063.2517 1976963.3461 -2604139.2443  228300.1373     274.6772     114.7750
400001078 300000270                                         5672228.9398 2577802.4491 -1330561.6814 5727370.1528 1973179.1775 -1973179.1775 5468063.2517 2604139.2443 -1976963.3461  229212.6770     269.5579     107.1219
400001079 300000270                                         5672228.9398 1330561.6814 -2577802.4491 5468063.2517 1976963.3461 -2604139.2443 5727370.1528 1973179.1775 -1973179.1775  229212.6770     275.1186     109.7907
400001080 300000270                                         5468063.2517 2604139.2443 -1976963.3461 5727370.1528 1973179.1775 -1973179.1775 5468063.2517 1976963.3461 -2604139.2443  230526.8451     274.6345     111.8208
400001081 300000271                                         5886036.5016 2438076.1476       0.0000 6056845.8882 1869698.6039 -639129.1082 5812081.9155 2522238.0841 -669073.8784  232651.5371     211.4855     135.1871
400001082 300000271                                         6114140.2800 1266279.9131 -1266279.9131 5928333.1219 1933504.7432 -1306164.9224 6056845.8882 1869698.6039 -639129.1082  232712.3450     230.9186     133.6715
400001083 300000271                                         5672228.9398 2577802.4491 -1330561.6814 5812081.9155 2522238.0841 -669073.8784 5928333.1219 1933504.7432 -1306164.9224  231845.9895     222.7707     124.4910
400001084 300000271                                         6056845.8882 1869698.6039 -639129.1082 5928333.1219 1933504.7432 -1306164.9224 5812081.9155 2522238.0841 -669073.8784  234046.8072     216.8764     131.8253
400001085 300000272                                         5672228.9398 1330561.6814 -2577802.4491 5727370.1528 1973179.1775 -1973179.1775 5928333.1219 1306164.9224 -1933504.7432  238189.0310     276.9654     111.2892
400001086 300000272                                         5672228.9398 2577802.4491 -1330561.6814 5928333.1219 1933504.7432 -1306164.9224 5727370.1528 1973179.1775 -1973179.1775  238189.0310     249.5377     116.0848
400001087 300000272                                         6114140.2800 1266279.9131 -1266279.9131 5928333.1219 1306164.9224 -1933504.7432 5928333.1219 1933504.7432 -1306164.9224  237302.7613     252.9783     117.3975
400001088 300000272                                         5727370.1528 1973179.1775 -1973179.1775 5928333.1219 1933504.7432 -1306164.9224 5928333.1219 1306164.9224 -1933504.7432  239617.8861     260.5147     113.2259
400001089 300000273                                               0.0000       0.0000 -6371000.0000       0.0000  624467.2010 -6340321.8936  624467.2010       0.0000 -6340321.8936  195921.5441     135.8230     149.1253
400001090 300000273                                               0.0000 1242920.4416 -6248583.0214  627459.2093  627459.2093 -6308900.9250       0.0000  624467.2010 -6340321.8936  196860.2699     125.0470     155.0319
400001091 300000273                                         1242920.4416       0.0000 -6248583.0214  624467.2010       0.0000 -6340321.8936  627459.2093  627459.2093 -6308900.9250  196860.2699     141.1770     150.9517
400001092 300000273                                               0.0000  624467.2010 -6340321.8936  627459.2093  627459.2093 -6308900.9250  624467.2010       0.0000 -6340321.8936  197817.4310     133.6582     147.6942
400001093 300000274                                               0.0000 2438076.1476 -5886036.5016  639129.1082 1869698.6039 -6056845.8882       0.0000 1849403.6788 -6096666.8789  200521.8161     161.1060     178.3250
400001094 300000274                                         1266279.9131 1266279.9131 -6114140.2800  636326.6289 1260914.7366 -6212473.2151  639129.1082 1869698.6039 -6056845.8882  200560.6406     155.8075     164.0855
400001095 300000274                                               0.0000 1242920.4416 -6248583.0214       0.0000 1849403.6788 -6096666.8789  636326.6289 1260914.7366 -6212473.2151  199642.5528     141.5713     163.6668
400001096 300000274                                          639129.1082 1869698.6039 -6056845.8882  636326.6289 1260914.7366 -6212473.2151       0.0000 1849403.6788 -6096666.8789  201535.9727     158.7474     167.7983
400001097 300000275                                         2438076.1476       0.0000 -5886036.5016 1849403.6788       0.0000 -6096666.8789 1869698.6039  639129.1082 -6056845.8882  200521.8161     171.7973     174.1151
400001098 300000275                                         1242920.4416       0.0000 -6248583.0214 1260914.7366  636326.6289 -6212473.2151 1849403.6788       0.0000 -6096666.8789  199642.5528     139.8037     165.3060
400001099 300000275                                         1266279.9131 1266279.9131 -6114140.2800 1869698.6039  639129.1082 -6056845.8882 1260914.7366  636326.6289 -6212473.2151  200560.6406     141.2617     170.7244
400001100 300000275                                         1849403.6788       0.0000 -6096666.8789 1260914.7366  636326.6289 -6212473.2151 1869698.6039  639129.1082 -6056845.8882  201535.9727     141.1757     173.8221
400001101 300000276                                               0.0000 1242920.4416 -6248583.0214  636326.6289 1260914.7366 -6212473.2151  627459.2093  627459.2093 -6308900.9250  204548.8197     130.0958     158.6033
400001102 300000276                                         1266279.9131 1266279.9131 -6114140.2800 1260914.7366  636326.6289 -6212473.2151  636326.6289 1260914.7366 -6212473.2151  203612.8458     131.9707     165.1596
400001103 300000276                                         1242920.4416       0.0000 -6248583.0214  627459.2093  627459.2093 -6308900.9250 1260914.7366  636326.6289 -6212473.2151  204548.8197     135.2728     154.0675
400001104 300000276                                          636326.6289 1260914.7366 -6212473.2151 1260914.7366  636326.6289 -6212473.2151  627459.2093  627459.2093 -6308900.9250  205583.5447     126.7230     158.9831
400001105 300000277                                               0.0000 4504977.3029 -4504977.3029  678984.1624 4126944.5164 -4805928.6788       0.0000 4041719.6134 -4924849.5984  213029.7505     215.0002     143.2720
400001106 300000277                                         1346350.7175 3678298.5650 -5024649.2825  677162.3725 3630292.7893 -5191537.9595  678984.1624 4126944.5164 -4805928.6788  213259.5913     208.5036     140.7060
400001107 300000277                                               0.0000 3539537.9546 -5297292.9000       0.0000 4041719.6134 -4924849.5984  677162.3725 3630292.7893 -5191537.9595  212458.1628     206.0944     141.8995
400001108 300000277                                          678984.1624 4126944.5164 -4805928.6788  677162.3725 3630292.7893 -5191537.9595       0.0000 4041719.6134 -4924849.5984  214297.3599     209.6536     140.5387
400001109 300000278                                         2600949.8585 2600949.8585 -5201899.7171 1976963.3461 2604139.2443 -5468063.2517 1990680.8386 3166715.9053 -5157396.7439  213953.8407     198.5621     154.0505
400001110 300000278                                         1330561.6814 2577802.4491 -5672228.9398 1345228.8674 3143878.6287 -5375502.5311 1976963.3461 2604139.2443 -5468063.2517  213196.7862     194.8820     171.3405
400001111 300000278                                         1346350.7175 3678298.5650 -5024649.2825 1990680.8386 3166715.9053 -5157396.7439 1345228.8674 3143878.6287 -5375502.5311  213817.3983     203.3226     150.3239
400001112 300000278                                         1976963.3461 2604139.2443 -5468063.2517 1345228.8674 3143878.6287 -5375502.5311 1990680.8386 3166715.9053 -5157396.7439  215042.4187     198.3265     155.0945
400001113 300000279                                               0.0000 2438076.1476 -5886036.5016       0.0000 3003268.6103 -5618720.3752  669073.8784 2522238.0841 -5812081.9155  209920.2574     191.5612     181.0049
400001114 300000279                                               0.0000 3539537.9546 -5297292.9000  671168.2896 3085738.1156 -5533298.6915       0.0000 3003268.6103 -5618720.3752  210577.3796     197.4730     158.7336
400001115 300000279                                         1330561.6814 2577802.4491 -5672228.9398  669073.8784 2522238.0841 -5812081.9155  671168.2896 3085738.1156 -5533298.6915  210758.2000     192.7714     178.8638
400001116 300000279                                               0.0000 3003268.6103 -5618720.3752  671168.2896 3085738.1156 -5533298.6915  669073.8784 2522238.0841 -5812081.9155  211783.6604     194.1956     175.5687
400001117 300000280                                         1346350.7175 3678298.5650 -5024649.2825 1345228.8674 3143878.6287 -5375502.5311  677162.3725 3630292.7893 -5191537.9595  217445.2803     203.4799     147.6543
400001118 300000280                                         1330561.6814 2577802.4491 -5672228.9398  671168.2896 3085738.1156 -5533298.6915 1345228.8674 3143878.6287 -5375502.5311  218077.9738     195.0923     171.3843
400001119 300000280                                               0.0000 3539537.9546 -5297292.9000  677162.3725 3630292.7893 -5191537.9595  671168.2896 3085738.1156 -5533298.6915  218265.1507     200.7205     152.1320
400001120 300000280                                         1345228.8674 3143878.6287 -5375502.5311  671168.2896 3085738.1156 -5533298.6915  677162.3725 3630292.7893 -5191537.9595  219375.9096     199.0585     154.8388
400001121 300000281                                         4504977.3029       0.0000 -4504977.3029 4041719.6134       0.0000 -4924849.5984 4126944.5164  678984.1624 -4805928.6788  213029.7505     211.4005     153.9641
400001122 300000281                                         3539537.9546       0.0000 -5297292.9000 3630292.7893  677162.3725 -5191537.9595 4041719.6134       0.0000 -4924849.5984  212458.1628     202.2841     159.5422
400001123 300000281                                         3678298.5650 1346350.7175 -5024649.2825 4126944.5164  678984.1624 -4805928.6788 3630292.7893  677162.3725 -5191537.9595  213259.5913     204.7284     159.2354
400001124 300000281                                         4041719.6134       0.0000 -4924849.5984 3630292.7893  677162.3725 -5191537.9595 4126944.5164  678984.1624 -4805928.6788  214297.3599     206.0209     160.1899
400001125 300000282                                         2438076.1476       0.0000 -5886036.5016 2522238.0841  669073.8784 -5812081.9155 3003268.6103       0.0000 -5618720.3752  209920.2574     189.0762     184.9806
400001126 300000282                                         2577802.4491 1330561.6814 -5672228.9398 3085738.1156  671168.2896 -5533298.6915 2522238.0841  669073.8784 -5812081.9155  210758.2000     190.4593     195.3211
400001127 300000282                                         3539537.9546       0.0000 -5297292.9000 3003268.6103       0.0000 -5618720.3752 3085738.1156  671168.2896 -5533298.6915  210577.3796     193.7130     199.2655
400001128 300000282                                         2522238.0841  669073.8784 -5812081.9155 3085738.1156  671168.2896 -5533298.6915 3003268.6103       0.0000 -5618720.3752  211783.6604     190.1732     195.9922
400001129 300000283                                         2600949.8585 2600949.8585 -5201899.7171 3166715.9053 1990680.8386 -5157396.7439 2604139.2443 1976963.3461 -5468063.2517  213953.8407     197.7532     162.3468
400001130 300000283                                         3678298.5650 1346350.7175 -5024649.2825 3143878.6287 1345228.8674 -5375502.5311 3166715.9053 1990680.8386 -5157396.7439  213817.3983     200.1171     167.5142
400001131 300000283                                         2577802.4491 1330561.6814 -5672228.9398 2604139.2443 1976963.3461 -5468063.2517 3143878.6287 1345228.8674 -5375502.5311  213196.7862     192.5868     185.3629
400001132 300000283                                         3166715.9053 1990680.8386 -5157396.7439 3143878.6287 1345228.8674 -5375502.5311 2604139.2443 1976963.3461 -5468063.2517  215042.4187     195.9717     168.6772
400001133 300000284                                         3539537.9546       0.0000 -5297292.9000 3085738.1156  671168.2896 -5533298.6915 3630292.7893  677162.3725 -5191537.9595  218265.1507     196.9864     187.8716
400001134 300000284                                         2577802.4491 1330561.6814 -5672228.9398 3143878.6287 1345228.8674 -5375502.5311 3085738.1156  671168.2896 -5533298.6915  218077.9738     192.6305     198.2853
400001135 300000284                                         3678298.5650 1346350.7175 -5024649.2825 3630292.7893  677162.3725 -5191537.9595 3143878.6287 1345228.8674 -5375502.5311  217445.2803     199.6421     170.9293
400001136 300000284                                         3085738.1156  671168.2896 -5533298.6915 3143878.6287 1345228.8674 -5375502.5311 3630292.7893  677162.3725 -5191537.9595  219375.9096     196.0557     196.6690
400001137 300000285                                               0.0000 2438076.1476 -5886036.5016  669073.8784 2522238.0841 -5812081.9155  639129.1082 1869698.6039 -6056845.8882  232651.5371     182.5502     173.1568
400001138 300000285                                         1330561.6814 2577802.4491 -5672228.9398 1306164.9224 1933504.7432 -5928333.1219  669073.8784 2522238.0841 -5812081.9155  231845.9895     188.3853     178.2127
400001139 300000285                                         1266279.9131 1266279.9131 -6114140.2800  639129.1082 1869698.6039 -6056845.8882 1306164.9224 1933504.7432 -5928333.1219  232712.3450     155.0435     176.4300
400001140 300000285                                          669073.8784 2522238.0841 -5812081.9155 1306164.9224 1933504.7432 -5928333.1219  639129.1082 1869698.6039 -6056845.8882  234046.8072     179.4276     173.4995
400001141 300000286                                         2600949.8585 2600949.8585 -5201899.7171 2604139.2443 1976963.3461 -5468063.2517 1976963.3461 2604139.2443 -5468063.2517  228300.1373     195.2856     161.7940
400001142 300000286                                         2577802.4491 1330561.6814 -5672228.9398 1973179.1775 1973179.1775 -5727370.1528 2604139.2443 1976963.3461 -5468063.2517  229212.6770     190.5649     190.1160
400001143 300000286                                         1330561.6814 2577802.4491 -5672228.9398 1976963.3461 2604139.2443 -5468063.2517 1973179.1775 1973179.1775 -5727370.1528  229212.6770     190.8694     185.5046
400001144 300000286                                         2604139.2443 1976963.3461 -5468063.2517 1973179.1775 1973179.1775 -5727370.1528 1976963.3461 2604139.2443 -5468063.2517  230526.8451     191.3905     182.8325
400001145 300000287                                         2438076.1476       0.0000 -5886036.5016 1869698.6039  639129.1082 -6056845.8882 2522238.0841  669073.8784 -5812081.9155  232651.5371     185.8391     171.0936
400001146 300000287                                         1266279.9131 1266279.9131 -6114140.2800 1933504.7432 1306164.9224 -5928333.1219 1869698.6039  639129.1082 -6056845.8882  232712.3450     166.1494     173.8508
400001147 300000287                                         2577802.4491 1330561.6814 -5672228.9398 2522238.0841  669073.8784 -5812081.9155 1933504.7432 1306164.9224 -5928333.1219  231845.9895     188.0505     186.7753
400001148 300000287                                         1869698.6039  639129.1082 -6056845.8882 1933504.7432 1306164.9224 -5928333.1219 2522238.0841  669073.8784 -5812081.9155  234046.8072     184.4167     174.2610
400001149 300000288                                         1330561.6814 2577802.4491 -5672228.9398 1973179.1775 1973179.1775 -5727370.1528 1306164.9224 1933504.7432 -5928333.1219  238189.0310     185.4100     182.3892
400001150 300000288                                         2577802.4491 1330561.6814 -5672228.9398 1933504.7432 1306164.9224 -5928333.1219 1973179.1775 1973179.1775 -5727370.1528  238189.0310     187.0273     189.8179
400001151 300000288                                         1266279.9131 1266279.9131 -6114140.2800 1306164.9224 1933504.7432 -5928333.1219 1933504.7432 1306164.9224 -5928333.1219  237302.7613     162.2862     180.3479
400001152 300000288                                         1973179.1775 1973179.1775 -5727370.1528 1933504.7432 1306164.9224 -5928333.1219 1306164.9224 1933504.7432 -5928333.1219  239617.8861     179.9658     185.8710
400001153 300000289                                               0.0000 6371000.0000       0.0000  624467.2010 6340321.8936       0.0000       0.0000 6340321.8936 -624467.2010  195921.5441     211.3208     117.9398
400001154 300000289                                         1242920.4416 6248583.0214       0.0000  627459.2093 6308900.9250 -627459.2093  624467.2010 6340321.8936       0.0000  196860.2699     219.2242     114.2052
400001155 300000289                                               0.0000 6248583.0214 -1242920.4416       0.0000 6340321.8936 -624467.2010  627459.2093 6308900.9250 -627459.2093  196860.2699     239.1343      93.9109
400001156 300000289                                          624467.2010 6340321.8936       0.0000  627459.2093 6308900.9250 -627459.2093       0.0000 6340321.8936 -624467.2010  197817.4310     217.4424     114.8181
400001157 300000290                                         2438076.1476 5886036.5016       0.0000 1869698.6039 6056845.8882 -639129.1082 1849403.6788 6096666.8789       0.0000  200521.8161     233.1470     102.1771
400001158 300000290                                         1266279.9131 6114140.2800 -1266279.9131 1260914.7366 6212473.2151 -636326.6289 1869698.6039 6056845.8882 -639129.1082  200560.6406     238.9830     102.6795
400001159 300000290                                         1242920.4416 6248583.0214       0.0000 1849403.6788 6096666.8789       0.0000 1260914.7366 6212473.2151 -636326.6289  199642.5528     226.4049     107.2105
400001160 300000290                                         1869698.6039 6056845.8882 -639129.1082 1260914.7366 6212473.2151 -636326.6289 1849403.6788 6096666.8789       0.0000  201535.9727     231.1460     104.2671
400001161 300000291                                               0.0000 5886036.5016 -2438076.1476       0.0000 6096666.8789 -1849403.6788  639129.1082 6056845.8882 -1869698.6039  200521.8161     279.6738      75.1982
400001162 300000291                                               0.0000 6248583.0214 -1242920.4416  636326.6289 6212473.2151 -1260914.7366       0.0000 6096666.8789 -1849403.6788  199642.5528     268.9606      86.4623
400001163 300000291                                         1266279.9131 6114140.2800 -1266279.9131  639129.1082 6056845.8882 -1869698.6039  636326.6289 6212473.2151 -1260914.7366  200560.6406     264.8851      93.3208
400001164 300000291                                               0.0000 6096666.8789 -1849403.6788  636326.6289 6212473.2151 -1260914.7366  639129.1082 6056845.8882 -1869698.6039  201535.9727     273.6043      83.9700
400001165 300000292                                         1242920.4416 6248583.0214       0.0000 1260914.7366 6212473.2151 -636326.6289  627459.2093 6308900.9250 -627459.2093  204548.8197     224.7189     111.4725
400001166 300000292                                         1266279.9131 6114140.2800 -1266279.9131  636326.6289 6212473.2151 -1260914.7366 1260914.7366 6212473.2151 -636326.6289  203612.8458     248.3247      98.4097
400001167 300000292                                               0.0000 6248583.0214 -1242920.4416  627459.2093 6308900.9250 -627459.2093  636326.6289 6212473.2151 -1260914.7366  204548.8197     251.7186      89.1882
400001168 300000292                                         1260914.7366 6212473.2151 -636326.6289  636326.6289 6212473.2151 -1260914.7366  627459.2093 6308900.9250 -627459.2093  205583.5447     240.8944      99.1777
400001169 300000293                                         4504977.3029 4504977.3029       0.0000 4126944.5164 4805928.6788 -678984.1624 4041719.6134 4924849.5984       0.0000  213029.7505     277.1022      53.3232
400001170 300000293                                         3678298.5650 5024649.2825 -1346350.7175 3630292.7893 5191537.9595 -677162.3725 4126944.5164 4805928.6788 -678984.1624  213259.5913     268.8910      76.6594
400001171 300000293                                         3539537.9546 5297292.9000       0.0000 4041719.6134 4924849.5984       0.0000 3630292.7893 5191537.9595 -677162.3725  212458.1628     268.7789      61.2880
400001172 300000293                                         4126944.5164 4805928.6788 -678984.1624 3630292.7893 5191537.9595 -677162.3725 4041719.6134 4924849.5984       0.0000  214297.3599     268.6729      66.5095
400001173 300000294                                         2600949.8585 5201899.7171 -2600949.8585 2604139.2443 5468063.2517 -1976963.3461 3166715.9053 5157396.7439 -1990680.8386  213953.8407     278.0046      71.9408
400001174 300000294                                         2577802.4491 5672228.9398 -1330561.6814 3143878.6287 5375502.5311 -1345228.8674 2604139.2443 5468063.2517 -1976963.3461  213196.7862     272.6017      77.2595
400001175 300000294                                         3678298.5650 5024649.2825 -1346350.7175 3166715.9053 5157396.7439 -1990680.8386 3143878.6287 5375502.5311 -1345228.8674  213817.3983     278.0829      69.5085
400001176 300000294                                         2604139.2443 5468063.2517 -1976963.3461 3143878.6287 5375502.5311 -1345228.8674 3166715.9053 5157396.7439 -1990680.8386  215042.4187     277.3642      71.6953
400001177 300000295                                         2438076.1476 5886036.5016       0.0000 3003268.6103 5618720.3752       0.0000 2522238.0841 5812081.9155 -669073.8784  209920.2574     239.0934      95.4830
400001178 300000295                                         3539537.9546 5297292.9000       0.0000 3085738.1156 5533298.6915 -671168.2896 3003268.6103 5618720.3752       0.0000  210577.3796     254.1280      77.6838
400001179 300000295                                         2577802.4491 5672228.9398 -1330561.6814 2522238.0841 5812081.9155 -669073.8784 3085738.1156 5533298.6915 -671168.2896  210758.2000     243.0007     102.1648
400001180 300000295                                         3003268.6103 5618720.3752       0.0000 3085738.1156 5533298.6915 -671168.2896 2522238.0841 5812081.9155 -669073.8784  211783.6604     238.7190      98.6183
400001181 300000296                                         3678298.5650 5024649.2825 -1346350.7175 3143878.6287 5375502.5311 -1345228.8674 3630292.7893 5191537.9595 -677162.3725  217445.2803     267.2943      78.9680
400001182 300000296                                         2577802.4491 5672228.9398 -1330561.6814 3085738.1156 5533298.6915 -671168.2896 3143878.6287 5375502.5311 -1345228.8674  218077.9738     256.4344      89.7844
400001183 300000296                                         3539537.9546 5297292.9000       0.0000 3630292.7893 5191537.9595 -677162.3725 3085738.1156 5533298.6915 -671168.2896  218265.1507     253.4368      82.0440
400001184 300000296                                         3143878.6287 5375502.5311 -1345228.8674 3085738.1156 5533298.6915 -671168.2896 3630292.7893 5191537.9595 -677162.3725  219375.9096     251.5227      93.0596
400001185 300000297                                               0.0000 4504977.3029 -4504977.3029       0.0000 4924849.5984 -4041719.6134  678984.1624 4805928.6788 -4126944.5164  213029.7505     226.6171     131.0561
400001186 300000297                                               0.0000 5297292.9000 -3539537.9546  677162.3725 5191537.9595 -3630292.7893       0.0000 4924849.5984 -4041719.6134  212458.1628     241.6604     116.8762
400001187 300000297                                         1346350.7175 5024649.2825 -3678298.5650  678984.1624 4805928.6788 -4126944.5164  677162.3725 5191537.9595 -3630292.7893  213259.5913     238.6084     122.6438
400001188 300000297                                               0.0000 4924849.5984 -4041719.6134  677162.3725 5191537.9595 -3630292.7893  678984.1624 4805928.6788 -4126944.5164  214297.3599     235.5938     124.0719
400001189 300000298                                               0.0000 5886036.5016 -2438076.1476  669073.8784 5812081.9155 -2522238.0841       0.0000 5618720.3752 -3003268.6103  209920.2574     272.6079      86.3030
400001190 300000298                                         1330561.6814 5672228.9398 -2577802.4491  671168.2896 5533298.6915 -3085738.1156  669073.8784 5812081.9155 -2522238.0841  210758.2000     271.3471      89.6747
400001191 300000298                                               0.0000 5297292.9000 -3539537.9546       0.0000 5618720.3752 -3003268.6103  671168.2896 5533298.6915 -3085738.1156  210577.3796     257.8463     101.6194
400001192 300000298                                          669073.8784 5812081.9155 -2522238.0841  671168.2896 5533298.6915 -3085738.1156       0.0000 5618720.3752 -3003268.6103  211783.6604     267.7958      91.5419
400001193 300000299                                         2600949.8585 5201899.7171 -2600949.8585 1990680.8386 5157396.7439 -3166715.9053 1976963.3461 5468063.2517 -2604139.2443  213953.8407     270.7011      83.9598
400001194 300000299                                         1346350.7175 5024649.2825 -3678298.5650 1345228.8674 5375502.5311 -3143878.6287 1990680.8386 5157396.7439 -3166715.9053  213817.3983     253.6214     110.4119
400001195 300000299                                         1330561.6814 5672228.9398 -2577802.4491 1976963.3461 5468063.2517 -2604139.2443 1345228.8674 5375502.5311 -3143878.6287  213196.7862     269.9802      89.2149
400001196 300000299                                         1990680.8386 5157396.7439 -3166715.9053 1345228.8674 5375502.5311 -3143878.6287 1976963.3461 5468063.2517 -2604139.2443  215042.4187     265.4025      95.3367
400001197 300000300                                               0.0000 5297292.9000 -3539537.9546  671168.2896 5533298.6915 -3085738.1156  677162.3725 5191537.9595 -3630292.7893  218265.1507     250.7229     109.0491
400001198 300000300                                         1330561.6814 5672228.9398 -2577802.4491 1345228.8674 5375502.5311 -3143878.6287  671168.2896 5533298.6915 -3085738.1156  218077.9738     265.6035      95.5869
400001199 300000300                                         1346350.7175 5024649.2825 -3678298.5650  677162.3725 5191537.9595 -3630292.7893 1345228.8674 5375502.5311 -3143878.6287  217445.2803     248.5886     115.0366
400001200 300000300                                          671168.2896 5533298.6915 -3085738.1156 1345228.8674 5375502.5311 -3143878.6287  677162.3725 5191537.9595 -3630292.7893  219375.9096     254.7663     107.7498
400001201 300000301                                         2438076.1476 5886036.5016       0.0000 2522238.0841 5812081.9155 -669073.8784 1869698.6039 6056845.8882 -639129.1082  232651.5371     234.2630     104.1879
400001202 300000301                                         2577802.4491 5672228.9398 -1330561.6814 1933504.7432 5928333.1219 -1306164.9224 2522238.0841 5812081.9155 -669073.8784  231845.9895     253.1043      94.8508
400001203 300000301                                         1266279.9131 6114140.2800 -1266279.9131 1869698.6039 6056845.8882 -639129.1082 1933504.7432 5928333.1219 -1306164.9224  232712.3450     246.2589     101.0994
400001204 300000301                                         2522238.0841 5812081.9155 -669073.8784 1933504.7432 5928333.1219 -1306164.9224 1869698.6039 6056845.8882 -639129.1082  234046.8072     240.4671     104.4524
400001205 300000302                                         2600949.8585 5201899.7171 -2600949.8585 1976963.3461 5468063.2517 -2604139.2443 2604139.2443 5468063.2517 -1976963.3461  228300.1373     276.3700      75.1994
400001206 300000302                                         1330561.6814 5672228.9398 -2577802.4491 1973179.1775 5727370.1528 -1973179.1775 1976963.3461 5468063.2517 -2604139.2443  229212.6770     276.7163      80.1427
400001207 300000302                                         2577802.4491 5672228.9398 -1330561.6814 2604139.2443 5468063.2517 -1976963.3461 1973179.1775 5727370.1528 -1973179.1775  229212.6770     276.1747      77.9020
400001208 300000302                                         1976963.3461 5468063.2517 -2604139.2443 1973179.1775 5727370.1528 -1973179.1775 2604139.2443 5468063.2517 -1976963.3461  230526.8451     277.6127      75.4436
400001209 300000303                                               0.0000 5886036.5016 -2438076.1476  639129.1082 6056845.8882 -1869698.6039  669073.8784 5812081.9155 -2522238.0841  232651.5371     278.7600      78.0975
400001210 300000303                                         1266279.9131 6114140.2800 -1266279.9131 1306164.9224 5928333.1219 -1933504.7432  639129.1082 6056845.8882 -1869698.6039  232712.3450     273.1488      84.9921
400001211 300000303                                         1330561.6814 5672228.9398 -2577802.4491  669073.8784 5812081.9155 -2522238.0841 1306164.9224 5928333.1219 -1933504.7432  231845.9895     277.2034      82.2907
400001212 300000303                                          639129.1082 6056845.8882 -1869698.6039 1306164.9224 5928333.1219 -1933504.7432  669073.8784 5812081.9155 -2522238.0841  234046.8072     279.0167      79.3631
400001213 300000304                                         2577802.4491 5672228.9398 -1330561.6814 1973179.1775 5727370.1528 -1973179.1775 1933504.7432 5928333.1219 -1306164.9224  238189.0310     272.4212      82.4835
400001214 300000304                                         1330561.6814 5672228.9398 -2577802.4491 1306164.9224 5928333.1219 -1933504.7432 1973179.1775 5727370.1528 -1973179.1775  238189.0310     277.9864      79.3799
400001215 300000304                                         1266279.9131 6114140.2800 -1266279.9131 1933504.7432 5928333.1219 -1306164.9224 1306164.9224 5928333.1219 -1933504.7432  237302.7613     266.7474      89.0066
400001216 300000304                                         1973179.1775 5727370.1528 -1973179.1775 1306164.9224 5928333.1219 -1933504.7432 1933504.7432 5928333.1219 -1306164.9224  239617.8861     275.4341      81.8343
400001217 300000305                                         4504977.3029       0.0000 -4504977.3029 4126944.5164  678984.1624 -4805928.6788 4805928.6788  678984.1624 -4126944.5164  328324.9483     218.0940     145.4677
400001218 300000305                                         3678298.5650 1346350.7175 -5024649.2825 4400885.2099 1361638.6226 -4400885.2099 4126944.5164  678984.1624 -4805928.6788  329212.3599     212.5493     152.6526
400001219 300000305                                         5024649.2825 1346350.7175 -3678298.5650 4805928.6788  678984.1624 -4126944.5164 4400885.2099 1361638.6226 -4400885.2099  329212.3599     235.6867     126.0026
400001220 300000305                                         4126944.5164  678984.1624 -4805928.6788 4400885.2099 1361638.6226 -4400885.2099 4805928.6788  678984.1624 -4126944.5164  332074.9378     220.2311     144.9213
400001221 300000306                                         2600949.8585 2600949.8585 -5201899.7171 3374031.3064 2687534.5848 -4688572.4479 3166715.9053 1990680.8386 -5157396.7439  331958.1435     204.6728     157.9536
400001222 300000306                                         4074905.2917 2716603.5278 -4074905.2917 3912146.8074 2050103.9020 -4591494.5659 3374031.3064 2687534.5848 -4688572.4479  332135.9111     223.1453     138.4078
400001223 300000306                                         3678298.5650 1346350.7175 -5024649.2825 3166715.9053 1990680.8386 -5157396.7439 3912146.8074 2050103.9020 -4591494.5659  331417.2039     207.7551     159.6451
400001224 300000306                                         3374031.3064 2687534.5848 -4688572.4479 3912146.8074 2050103.9020 -4591494.5659 3166715.9053 1990680.8386 -5157396.7439  335024.3025     210.5408     157.9402
400001225 300000307                                         5201899.7171 2600949.8585 -2600949.8585 5157396.7439 1990680.8386 -3166715.9053 4688572.4479 2687534.5848 -3374031.3064  331958.1435     261.0962     111.4168
400001226 300000307                                         5024649.2825 1346350.7175 -3678298.5650 4591494.5659 2050103.9020 -3912146.8074 5157396.7439 1990680.8386 -3166715.9053  331417.2039     259.0540      95.1979
400001227 300000307                                         4074905.2917 2716603.5278 -4074905.2917 4688572.4479 2687534.5848 -3374031.3064 4591494.5659 2050103.9020 -3912146.8074  332135.9111     245.3239     117.2259
400001228 300000307                                         5157396.7439 1990680.8386 -3166715.9053 4591494.5659 2050103.9020 -3912146.8074 4688572.4479 2687534.5848 -3374031.3064  335024.3025     255.5392     109.8509
400001229 300000308                                         3678298.5650 1346350.7175 -5024649.2825 3912146.8074 2050103.9020 -4591494.5659 4400885.2099 1361638.6226 -4400885.2099  344128.0612     215.3384     148.7732
400001230 300000308                                         4074905.2917 2716603.5278 -4074905.2917 4591494.5659 2050103.9020 -3912146.8074 3912146.8074 2050103.9020 -4591494.5659  343384.2298     234.3896     123.5038
400001231 300000308                                         5024649.2825 1346350.7175 -3678298.5650 4400885.2099 1361638.6226 -4400885.2099 4591494.5659 2050103.9020 -3912146.8074  344128.0612     242.2218     113.4727
400001232 300000308                                         3912146.8074 2050103.9020 -4591494.5659 4591494.5659 2050103.9020 -3912146.8074 4400885.2099 1361638.6226 -4400885.2099  347308.3434     229.3690     130.1598
400001233 300000309                                               0.0000 4504977.3029 -4504977.3029  678984.1624 4805928.6788 -4126944.5164  678984.1624 4126944.5164 -4805928.6788  328324.9483     220.0877     141.2018
400001234 300000309                                         1346350.7175 5024649.2825 -3678298.5650 1361638.6226 4400885.2099 -4400885.2099  678984.1624 4805928.6788 -4126944.5164  329212.3599     231.2374     132.3801
400001235 300000309                                         1346350.7175 3678298.5650 -5024649.2825  678984.1624 4126944.5164 -4805928.6788 1361638.6226 4400885.2099 -4400885.2099  329212.3599     214.3281     140.9782
400001236 300000309                                          678984.1624 4805928.6788 -4126944.5164 1361638.6226 4400885.2099 -4400885.2099  678984.1624 4126944.5164 -4805928.6788  332074.9378     220.9795     143.4082
400001237 300000310                                         2600949.8585 5201899.7171 -2600949.8585 2687534.5848 4688572.4479 -3374031.3064 1990680.8386 5157396.7439 -3166715.9053  331958.1435     262.5673      93.8835
400001238 300000310                                         2716603.5278 4074905.2917 -4074905.2917 2050103.9020 4591494.5659 -3912146.8074 2687534.5848 4688572.4479 -3374031.3064  332135.9111     238.1415     124.0112
400001239 300000310                                         1346350.7175 5024649.2825 -3678298.5650 1990680.8386 5157396.7439 -3166715.9053 2050103.9020 4591494.5659 -3912146.8074  331417.2039     244.6869     115.6768
400001240 300000310                                         2687534.5848 4688572.4479 -3374031.3064 2050103.9020 4591494.5659 -3912146.8074 1990680.8386 5157396.7439 -3166715.9053  335024.3025     247.1671     111.3266
400001241 300000311                                         2600949.8585 2600949.8585 -5201899.7171 1990680.8386 3166715.9053 -5157396.7439 2687534.5848 3374031.3064 -4688572.4479  331958.1435     205.4802     151.4377
400001242 300000311                                         1346350.7175 3678298.5650 -5024649.2825 2050103.9020 3912146.8074 -4591494.5659 1990680.8386 3166715.9053 -5157396.7439  331417.2039     209.6527     145.7021
400001243 300000311                                         2716603.5278 4074905.2917 -4074905.2917 2687534.5848 3374031.3064 -4688572.4479 2050103.9020 3912146.8074 -4591494.5659  332135.9111     221.0136     145.0670
400001244 300000311                                         1990680.8386 3166715.9053 -5157396.7439 2050103.9020 3912146.8074 -4591494.5659 2687534.5848 3374031.3064 -4688572.4479  335024.3025     211.7770     147.3745
400001245 300000312                                         1346350.7175 5024649.2825 -3678298.5650 2050103.9020 4591494.5659 -3912146.8074 1361638.6226 4400885.2099 -4400885.2099  344128.0612     233.6473     128.8163
400001246 300000312                                         2716603.5278 4074905.2917 -4074905.2917 2050103.9020 3912146.8074 -4591494.5659 2050103.9020 4591494.5659 -3912146.8074  343384.2298     229.0353     140.8904
400001247 300000312                                         1346350.7175 3678298.5650 -5024649.2825 1361638.6226 4400885.2099 -4400885.2099 2050103.9020 3912146.8074 -4591494.5659  344128.0612     215.8917     138.8981
400001248 300000312                                         2050103.9020 4591494.5659 -3912146.8074 2050103.9020 3912146.8074 -4591494.5659 1361638.6226 4400885.2099 -4400885.2099  347308.3434     225.7003     138.8712
400001249 300000313                                         4504977.3029 4504977.3029       0.0000 4805928.6788 4126944.5164 -678984.1624 4126944.5164 4805928.6788 -678984.1624  328324.9483     278.2833      58.1740
400001250 300000313                                         5024649.2825 3678298.5650 -1346350.7175 4400885.2099 4400885.2099 -1361638.6226 4805928.6788 4126944.5164 -678984.1624  329212.3599     286.4354      80.2996
400001251 300000313                                         3678298.5650 5024649.2825 -1346350.7175 4126944.5164 4805928.6788 -678984.1624 4400885.2099 4400885.2099 -1361638.6226  329212.3599     280.1779      65.0358
400001252 300000313                                         4805928.6788 4126944.5164 -678984.1624 4400885.2099 4400885.2099 -1361638.6226 4126944.5164 4805928.6788 -678984.1624  332074.9378     282.6575      58.5296
400001253 300000314                                         5201899.7171 2600949.8585 -2600949.8585 4688572.4479 3374031.3064 -2687534.5848 5157396.7439 3166715.9053 -1990680.8386  331958.1435     275.8135     119.7141
400001254 300000314                                         4074905.2917 4074905.2917 -2716603.5278 4591494.5659 3912146.8074 -2050103.9020 4688572.4479 3374031.3064 -2687534.5848  332135.9111     281.3019      66.6548
400001255 300000314                                         5024649.2825 3678298.5650 -1346350.7175 5157396.7439 3166715.9053 -1990680.8386 4591494.5659 3912146.8074 -2050103.9020  331417.2039     287.9638      97.4692
400001256 300000314                                         4688572.4479 3374031.3064 -2687534.5848 4591494.5659 3912146.8074 -2050103.9020 5157396.7439 3166715.9053 -1990680.8386  335024.3025     282.9345      89.6516
400001257 300000315                                         2600949.8585 5201899.7171 -2600949.8585 3166715.9053 5157396.7439 -1990680.8386 3374031.3064 4688572.4479 -2687534.5848  331958.1435     276.9869      71.3973
400001258 300000315                                         3678298.5650 5024649.2825 -1346350.7175 3912146.8074 4591494.5659 -2050103.9020 3166715.9053 5157396.7439 -1990680.8386  331417.2039     279.9931      67.2421
400001259 300000315                                         4074905.2917 4074905.2917 -2716603.5278 3374031.3064 4688572.4479 -2687534.5848 3912146.8074 4591494.5659 -2050103.9020  332135.9111     272.3561      82.7909
400001260 300000315                                         3166715.9053 5157396.7439 -1990680.8386 3912146.8074 4591494.5659 -2050103.9020 3374031.3064 4688572.4479 -2687534.5848  335024.3025     278.1719      67.2816
400001261 300000316                                         5024649.2825 3678298.5650 -1346350.7175 4591494.5659 3912146.8074 -2050103.9020 4400885.2099 4400885.2099 -1361638.6226  344128.0612     288.4295      79.2853
400001262 300000316                                         4074905.2917 4074905.2917 -2716603.5278 3912146.8074 4591494.5659 -2050103.9020 4591494.5659 3912146.8074 -2050103.9020  343384.2298     280.8914      85.4062
400001263 300000316                                         3678298.5650 5024649.2825 -1346350.7175 4400885.2099 4400885.2099 -1361638.6226 3912146.8074 4591494.5659 -2050103.9020  344128.0612     280.7039      84.4351
400001264 300000316                                         4591494.5659 3912146.8074 -2050103.9020 3912146.8074 4591494.5659 -2050103.9020 4400885.2099 4400885.2099 -1361638.6226  347308.3434     284.0300      73.8230
400001265 300000317                                         2600949.8585 2600949.8585 -5201899.7171 2687534.5848 3374031.3064 -4688572.4479 3374031.3064 2687534.5848 -4688572.4479  387995.8446     209.4308     148.9577
400001266 300000317                                         2716603.5278 4074905.2917 -4074905.2917 3435012.9904 3435012.9904 -4122015.5885 2687534.5848 3374031.3064 -4688572.4479  388281.7658     225.3977     132.9062
400001267 300000317                                         4074905.2917 2716603.5278 -4074905.2917 3374031.3064 2687534.5848 -4688572.4479 3435012.9904 3435012.9904 -4122015.5885  388281.7658     227.5387     130.2095
400001268 300000317                                         2687534.5848 3374031.3064 -4688572.4479 3435012.9904 3435012.9904 -4122015.5885 3374031.3064 2687534.5848 -4688572.4479  392517.4362     220.0976     136.7851
400001269 300000318                                         2600949.8585 5201899.7171 -2600949.8585 3374031.3064 4688572.4479 -2687534.5848 2687534.5848 4688572.4479 -3374031.3064  387995.8446     266.2761      86.7554
400001270 300000318                                         4074905.2917 4074905.2917 -2716603.5278 3435012.9904 4122015.5885 -3435012.9904 3374031.3064 4688572.4479 -2687534.5848  388281.7658     264.3797      89.9479
400001271 300000318                                         2716603.5278 4074905.2917 -4074905.2917 2687534.5848 4688572.4479 -3374031.3064 3435012.9904 4122015.5885 -3435012.9904  388281.7658     242.1140     119.3961
400001272 300000318                                         3374031.3064 4688572.4479 -2687534.5848 3435012.9904 4122015.5885 -3435012.9904 2687534.5848 4688572.4479 -3374031.3064  392517.4362     256.0232      98.9376
400001273 300000319                                         5201899.7171 2600949.8585 -2600949.8585 4688572.4479 2687534.5848 -3374031.3064 4688572.4479 3374031.3064 -2687534.5848  387995.8446     252.5234     131.2029
400001274 300000319                                         4074905.2917 2716603.5278 -4074905.2917 4122015.5885 3435012.9904 -3435012.9904 4688572.4479 2687534.5848 -3374031.3064  388281.7658     244.5319     119.8781
400001275 300000319                                         4074905.2917 4074905.2917 -2716603.5278 4688572.4479 3374031.3064 -2687534.5848 4122015.5885 3435012.9904 -3435012.9904  388281.7658     265.8793      85.9124
400001276 300000319                                         4688572.4479 2687534.5848 -3374031.3064 4122015.5885 3435012.9904 -3435012.9904 4688572.4479 3374031.3064 -2687534.5848  392517.4362     251.1083     113.2020
400001277 300000320                                         2716603.5278 4074905.2917 -4074905.2917 3435012.9904 4122015.5885 -3435012.9904 3435012.9904 3435012.9904 -4122015.5885  405996.4825     236.5485     127.5907
400001278 300000320                                         4074905.2917 4074905.2917 -2716603.5278 4122015.5885 3435012.9904 -3435012.9904 3435012.9904 4122015.5885 -3435012.9904  405996.4825     258.6616      97.4073
400001279 300000320                                         4074905.2917 2716603.5278 -4074905.2917 3435012.9904 3435012.9904 -4122015.5885 4122015.5885 3435012.9904 -3435012.9904  405996.4825     239.2690     124.4036
400001280 300000320                                         3435012.9904 4122015.5885 -3435012.9904 4122015.5885 3435012.9904 -3435012.9904 3435012.9904 3435012.9904 -4122015.5885  410731.3740     243.3537     117.6164
400001281 300000321                                               0.0000 6371000.0000       0.0000       0.0000 6340321.8936 -624467.2010 -624467.2010 6340321.8936       0.0000  195921.5441     207.0819     130.4111
400001282 300000321                                               0.0000 6248583.0214 -1242920.4416 -627459.2093 6308900.9250 -627459.2093       0.0000 6340321.8936 -624467.2010  196860.2699     236.3415      98.9465
400001283 300000321                                         -1242920.4416 6248583.0214       0.0000 -624467.2010 6340321.8936       0.0000 -627459.2093 6308900.9250 -627459.2093  196860.2699     199.1170     137.8260
400001284 300000321                                               0.0000 6340321.8936 -624467.2010 -627459.2093 6308900.9250 -627459.2093 -624467.2010 6340321.8936       0.0000  197817.4310     208.1217     133.1687
400001285 300000322                                               0.0000 5886036.5016 -2438076.1476 -639129.1082 6056845.8882 -1869698.6039       0.0000 6096666.8789 -1849403.6788  200521.8161     280.6823      74.2220
400001286 300000322                                         -1266279.9131 6114140.2800 -1266279.9131 -636326.6289 6212473.2151 -1260914.7366 -639129.1082 6056845.8882 -1869698.6039  200560.6406     275.6070      77.0717
400001287 300000322                                               0.0000 6248583.0214 -1242920.4416       0.0000 6096666.8789 -1849403.6788 -636326.6289 6212473.2151 -1260914.7366  199642.5528     271.9327      81.2170
400001288 300000322                                         -639129.1082 6056845.8882 -1869698.6039 -636326.6289 6212473.2151 -1260914.7366       0.0000 6096666.8789 -1849403.6788  201535.9727     278.8534      76.1613
400001289 300000323                                         -2438076.1476 5886036.5016       0.0000 -1849403.6788 6096666.8789       0.0000 -1869698.6039 6056845.8882 -639129.1082  200521.8161     214.5950     120.7822
400001290 300000323                                         -1242920.4416 6248583.0214       0.0000 -1260914.7366 6212473.2151 -636326.6289 -1849403.6788 6096666.8789       0.0000  199642.5528     211.0058     137.6536
400001291 300000323                                         -1266279.9131 6114140.2800 -1266279.9131 -1869698.6039 6056845.8882 -639129.1082 -1260914.7366 6212473.2151 -636326.6289  200560.6406     243.7947      94.4222
400001292 300000323                                         -1849403.6788 6096666.8789       0.0000 -1260914.7366 6212473.2151 -636326.6289 -1869698.6039 6056845.8882 -639129.1082  201535.9727     222.3300     124.5439
400001293 300000324                                               0.0000 6248583.0214 -1242920.4416 -636326.6289 6212473.2151 -1260914.7366 -627459.2093 6308900.9250 -627459.2093  204548.8197     252.5981      85.1740
400001294 300000324                                         -1266279.9131 6114140.2800 -1266279.9131 -1260914.7366 6212473.2151 -636326.6289 -636326.6289 6212473.2151 -1260914.7366  203612.8458     256.9522      83.7701
400001295 300000324                                         -1242920.4416 6248583.0214       0.0000 -627459.2093 6308900.9250 -627459.2093 -1260914.7366 6212473.2151 -636326.6289  204548.8197     204.2535     135.5043
400001296 300000324                                         -636326.6289 6212473.2151 -1260914.7366 -1260914.7366 6212473.2151 -636326.6289 -627459.2093 6308900.9250 -627459.2093  205583.5447     237.7978      99.9629
400001297 300000325                                               0.0000 4504977.3029 -4504977.3029 -678984.1624 4805928.6788 -4126944.5164       0.0000 4924849.5984 -4041719.6134  213029.7505     228.1031     126.7871
400001298 300000325                                         -1346350.7175 5024649.2825 -3678298.5650 -677162.3725 5191537.9595 -3630292.7893 -678984.1624 4805928.6788 -4126944.5164  213259.5913     240.5955     115.1502
400001299 300000325                                               0.0000 5297292.9000 -3539537.9546       0.0000 4924849.5984 -4041719.6134 -677162.3725 5191537.9595 -3630292.7893  212458.1628     241.6043     114.7268
400001300 300000325                                         -678984.1624 4805928.6788 -4126944.5164 -677162.3725 5191537.9595 -3630292.7893       0.0000 4924849.5984 -4041719.6134  214297.3599     236.6550     118.0905
400001301 300000326                                         -2600949.8585 5201899.7171 -2600949.8585 -1976963.3461 5468063.2517 -2604139.2443 -1990680.8386 5157396.7439 -3166715.9053  213953.8407     280.3925      78.7407
400001302 300000326                                         -1330561.6814 5672228.9398 -2577802.4491 -1345228.8674 5375502.5311 -3143878.6287 -1976963.3461 5468063.2517 -2604139.2443  213196.7862     270.3890      99.1690
400001303 300000326                                         -1346350.7175 5024649.2825 -3678298.5650 -1990680.8386 5157396.7439 -3166715.9053 -1345228.8674 5375502.5311 -3143878.6287  213817.3983     257.5346     106.9735
400001304 300000326                                         -1976963.3461 5468063.2517 -2604139.2443 -1345228.8674 5375502.5311 -3143878.6287 -1990680.8386 5157396.7439 -3166715.9053  215042.4187     268.2823      97.8493
400001305 300000327                                               0.0000 5886036.5016 -2438076.1476       0.0000 5618720.3752 -3003268.6103 -669073.8784 5812081.9155 -2522238.0841  209920.2574     272.5383      84.0454
400001306 300000327                                               0.0000 5297292.9000 -3539537.9546 -671168.2896 5533298.6915 -3085738.1156       0.0000 5618720.3752 -3003268.6103  210577.3796     257.5963     102.2224
400001307 300000327                                         -1330561.6814 5672228.9398 -2577802.4491 -669073.8784 5812081.9155 -2522238.0841 -671168.2896 5533298.6915 -3085738.1156  210758.2000     269.8679      93.8751
400001308 300000327                                               0.0000 5618720.3752 -3003268.6103 -671168.2896 5533298.6915 -3085738.1156 -669073.8784 5812081.9155 -2522238.0841  211783.6604     267.4518      92.2690
400001309 300000328                                         -1346350.7175 5024649.2825 -3678298.5650 -1345228.8674 5375502.5311 -3143878.6287 -677162.3725 5191537.9595 -3630292.7893  217445.2803     251.0704     109.8843
400001310 300000328                                         -1330561.6814 5672228.9398 -2577802.4491 -671168.2896 5533298.6915 -3085738.1156 -1345228.8674 5375502.5311 -3143878.6287  218077.9738     265.1089     102.2570
400001311 300000328                                               0.0000 5297292.9000 -3539537.9546 -677162.3725 5191537.9595 -3630292.7893 -671168.2896 5533298.6915 -3085738.1156  218265.1507     251.1186     107.3103
400001312 300000328                                         -1345228.8674 5375502.5311 -3143878.6287 -671168.2896 5533298.6915 -3085738.1156 -677162.3725 5191537.9595 -3630292.7893  219375.9096     255.8165     106.5798
400001313 300000329                                         -4504977.3029 4504977.3029       0.0000 -4041719.6134 4924849.5984       0.0000 -4126944.5164 4805928.6788 -678984.1624  213029.7505     230.0135     103.7765
400001314 300000329                                         -3539537.9546 5297292.9000       0.0000 -3630292.7893 5191537.9595 -677162.3725 -4041719.6134 4924849.5984       0.0000  212458.1628     248.7494      79.4362
400001315 300000329                                         -3678298.5650 5024649.2825 -1346350.7175 -4126944.5164 4805928.6788 -678984.1624 -3630292.7893 5191537.9595 -677162.3725  213259.5913     274.4587      62.3783
400001316 300000329                                         -4041719.6134 4924849.5984       0.0000 -3630292.7893 5191537.9595 -677162.3725 -4126944.5164 4805928.6788 -678984.1624  214297.3599     249.1874      82.8003
400001317 300000330                                         -2438076.1476 5886036.5016       0.0000 -2522238.0841 5812081.9155 -669073.8784 -3003268.6103 5618720.3752       0.0000  209920.2574     223.1453     130.9148
400001318 300000330                                         -2577802.4491 5672228.9398 -1330561.6814 -3085738.1156 5533298.6915 -671168.2896 -2522238.0841 5812081.9155 -669073.8784  210758.2000     271.2361      68.7444
400001319 300000330                                         -3539537.9546 5297292.9000       0.0000 -3003268.6103 5618720.3752       0.0000 -3085738.1156 5533298.6915 -671168.2896  210577.3796     236.7841     103.0591
400001320 300000330                                         -2522238.0841 5812081.9155 -669073.8784 -3085738.1156 5533298.6915 -671168.2896 -3003268.6103 5618720.3752       0.0000  211783.6604     243.4531      94.7894
400001321 300000331                                         -2600949.8585 5201899.7171 -2600949.8585 -3166715.9053 5157396.7439 -1990680.8386 -2604139.2443 5468063.2517 -1976963.3461  213953.8407     295.3234      62.1567
400001322 300000331                                         -3678298.5650 5024649.2825 -1346350.7175 -3143878.6287 5375502.5311 -1345228.8674 -3166715.9053 5157396.7439 -1990680.8386  213817.3983     291.0983      54.4717
400001323 300000331                                         -2577802.4491 5672228.9398 -1330561.6814 -2604139.2443 5468063.2517 -1976963.3461 -3143878.6287 5375502.5311 -1345228.8674  213196.7862     292.9167      51.3175
400001324 300000331                                         -3166715.9053 5157396.7439 -1990680.8386 -3143878.6287 5375502.5311 -1345228.8674 -2604139.2443 5468063.2517 -1976963.3461  215042.4187     294.6402      50.1415
400001325 300000332                                         -3539537.9546 5297292.9000       0.0000 -3085738.1156 5533298.6915 -671168.2896 -3630292.7893 5191537.9595 -677162.3725  218265.1507     257.8636      81.8326
400001326 300000332                                         -2577802.4491 5672228.9398 -1330561.6814 -3143878.6287 5375502.5311 -1345228.8674 -3085738.1156 5533298.6915 -671168.2896  218077.9738     281.3342      61.2513
400001327 300000332                                         -3678298.5650 5024649.2825 -1346350.7175 -3630292.7893 5191537.9595 -677162.3725 -3143878.6287 5375502.5311 -1345228.8674  217445.2803     281.4929      61.2168
400001328 300000332                                         -3085738.1156 5533298.6915 -671168.2896 -3143878.6287 5375502.5311 -1345228.8674 -3630292.7893 5191537.9595 -677162.3725  219375.9096     274.5590      67.3010
400001329 300000333                                               0.0000 5886036.5016 -2438076.1476 -669073.8784 5812081.9155 -2522238.0841 -639129.1082 6056845.8882 -1869698.6039  232651.5371     279.0359      76.7632
400001330 300000333                                         -1330561.6814 5672228.9398 -2577802.4491 -1306164.9224 5928333.1219 -1933504.7432 -669073.8784 5812081.9155 -2522238.0841  231845.9895     278.3306      86.1131
400001331 300000333                                         -1266279.9131 6114140.2800 -1266279.9131 -639129.1082 6056845.8882 -1869698.6039 -1306164.9224 5928333.1219 -1933504.7432  232712.3450     281.9988      77.3085
400001332 300000333                                         -669073.8784 5812081.9155 -2522238.0841 -1306164.9224 5928333.1219 -1933504.7432 -639129.1082 6056845.8882 -1869698.6039  234046.8072     281.5215      79.6666
400001333 300000334                                         -2600949.8585 5201899.7171 -2600949.8585 -2604139.2443 5468063.2517 -1976963.3461 -1976963.3461 5468063.2517 -2604139.2443  228300.1373     290.7154      65.2527
400001334 300000334                                         -2577802.4491 5672228.9398 -1330561.6814 -1973179.1775 5727370.1528 -1973179.1775 -2604139.2443 5468063.2517 -1976963.3461  229212.6770     292.7636      54.0595
400001335 300000334                                         -1330561.6814 5672228.9398 -2577802.4491 -1976963.3461 5468063.2517 -2604139.2443 -1973179.1775 5727370.1528 -1973179.1775  229212.6770     280.4139      80.1362
400001336 300000334                                         -2604139.2443 5468063.2517 -1976963.3461 -1973179.1775 5727370.1528 -1973179.1775 -1976963.3461 5468063.2517 -2604139.2443  230526.8451     288.1292      59.3602
400001337 300000335                                         -2438076.1476 5886036.5016       0.0000 -1869698.6039 6056845.8882 -639129.1082 -2522238.0841 5812081.9155 -669073.8784  232651.5371     230.1714     107.6281
400001338 300000335                                         -1266279.9131 6114140.2800 -1266279.9131 -1933504.7432 5928333.1219 -1306164.9224 -1869698.6039 6056845.8882 -639129.1082  232712.3450     262.1712      79.8223
400001339 300000335                                         -2577802.4491 5672228.9398 -1330561.6814 -2522238.0841 5812081.9155 -669073.8784 -1933504.7432 5928333.1219 -1306164.9224  231845.9895     273.1450      70.7440
400001340 300000335                                         -1869698.6039 6056845.8882 -639129.1082 -1933504.7432 5928333.1219 -1306164.9224 -2522238.0841 5812081.9155 -669073.8784  234046.8072     252.8321      92.7736
400001341 300000336                                         -1330561.6814 5672228.9398 -2577802.4491 -1973179.1775 5727370.1528 -1973179.1775 -1306164.9224 5928333.1219 -1933504.7432  238189.0310     282.6676      80.0799
400001342 300000336                                         -2577802.4491 5672228.9398 -1330561.6814 -1933504.7432 5928333.1219 -1306164.9224 -1973179.1775 5727370.1528 -1973179.1775  238189.0310     287.5329      61.6730
400001343 300000336                                         -1266279.9131 6114140.2800 -1266279.9131 -1306164.9224 5928333.1219 -1933504.7432 -1933504.7432 5928333.1219 -1306164.9224  237302.7613     281.0932      71.7675
400001344 300000336                                         -1973179.1775 5727370.1528 -1973179.1775 -1933504.7432 5928333.1219 -1306164.9224 -1306164.9224 5928333.1219 -1933504.7432  239617.8861     286.1842      72.1703
400001345 300000337                                               0.0000       0.0000 -6371000.0000 -624467.2010       0.0000 -6340321.8936       0.0000  624467.2010 -6340321.8936  195921.5441     138.4820     150.6035
400001346 300000337                                         -1242920.4416       0.0000 -6248583.0214 -627459.2093  627459.2093 -6308900.9250 -624467.2010       0.0000 -6340321.8936  196860.2699     168.2392     148.1758
400001347 300000337                                               0.0000 1242920.4416 -6248583.0214       0.0000  624467.2010 -6340321.8936 -627459.2093  627459.2093 -6308900.9250  196860.2699     132.5685     152.1669
400001348 300000337                                         -624467.2010       0.0000 -6340321.8936 -627459.2093  627459.2093 -6308900.9250       0.0000  624467.2010 -6340321.8936  197817.4310     143.8789     147.7812
400001349 300000338                                         -2438076.1476       0.0000 -5886036.5016 -1869698.6039  639129.1082 -6056845.8882 -1849403.6788       0.0000 -6096666.8789  200521.8161     187.8590     164.9526
400001350 300000338                                         -1266279.9131 1266279.9131 -6114140.2800 -1260914.7366  636326.6289 -6212473.2151 -1869698.6039  639129.1082 -6056845.8882  200560.6406     154.2738     165.7022
400001351 300000338                                         -1242920.4416       0.0000 -6248583.0214 -1849403.6788       0.0000 -6096666.8789 -1260914.7366  636326.6289 -6212473.2151  199642.5528     183.4330     139.6859
400001352 300000338                                         -1869698.6039  639129.1082 -6056845.8882 -1260914.7366  636326.6289 -6212473.2151 -1849403.6788       0.0000 -6096666.8789  201535.9727     177.5755     156.0042
400001353 300000339                                               0.0000 2438076.1476 -5886036.5016       0.0000 1849403.6788 -6096666.8789 -639129.1082 1869698.6039 -6056845.8882  200521.8161     152.3945     178.3615
400001354 300000339                                               0.0000 1242920.4416 -6248583.0214 -636326.6289 1260914.7366 -6212473.2151       0.0000 1849403.6788 -6096666.8789  199642.5528     131.7738     164.3256
400001355 300000339                                         -1266279.9131 1266279.9131 -6114140.2800 -639129.1082 1869698.6039 -6056845.8882 -636326.6289 1260914.7366 -6212473.2151  200560.6406     138.4771     168.6857
400001356 300000339                                               0.0000 1849403.6788 -6096666.8789 -636326.6289 1260914.7366 -6212473.2151 -639129.1082 1869698.6039 -6056845.8882  201535.9727     138.6221     168.0728
400001357 300000340                                         -1242920.4416       0.0000 -6248583.0214 -1260914.7366  636326.6289 -6212473.2151 -627459.2093  627459.2093 -6308900.9250  204548.8197     164.7442     151.5528
400001358 300000340                                         -1266279.9131 1266279.9131 -6114140.2800 -636326.6289 1260914.7366 -6212473.2151 -1260914.7366  636326.6289 -6212473.2151  203612.8458     143.4143     161.6564
400001359 300000340                                               0.0000 1242920.4416 -6248583.0214 -627459.2093  627459.2093 -6308900.9250 -636326.6289 1260914.7366 -6212473.2151  204548.8197     134.6951     155.2605
400001360 300000340                                         -1260914.7366  636326.6289 -6212473.2151 -636326.6289 1260914.7366 -6212473.2151 -627459.2093  627459.2093 -6308900.9250  205583.5447     144.7044     155.3116
400001361 300000341                                         -4504977.3029       0.0000 -4504977.3029 -4126944.5164  678984.1624 -4805928.6788 -4041719.6134       0.0000 -4924849.5984  213029.7505     224.6034     115.8081
400001362 300000341                                         -3678298.5650 1346350.7175 -5024649.2825 -3630292.7893  677162.3725 -5191537.9595 -4126944.5164  678984.1624 -4805928.6788  213259.5913     220.3514     127.4219
400001363 300000341                                         -3539537.9546       0.0000 -5297292.9000 -4041719.6134       0.0000 -4924849.5984 -3630292.7893  677162.3725 -5191537.9595  212458.1628     218.5803     121.7170
400001364 300000341                                         -4126944.5164  678984.1624 -4805928.6788 -3630292.7893  677162.3725 -5191537.9595 -4041719.6134       0.0000 -4924849.5984  214297.3599     221.6065     121.9133
400001365 300000342                                         -2600949.8585 2600949.8585 -5201899.7171 -2604139.2443 1976963.3461 -5468063.2517 -3166715.9053 1990680.8386 -5157396.7439  213953.8407     211.6192     121.9781
400001366 300000342                                         -2577802.4491 1330561.6814 -5672228.9398 -3143878.6287 1345228.8674 -5375502.5311 -2604139.2443 1976963.3461 -5468063.2517  213196.7862     205.5258     137.3778
400001367 300000342                                         -3678298.5650 1346350.7175 -5024649.2825 -3166715.9053 1990680.8386 -5157396.7439 -3143878.6287 1345228.8674 -5375502.5311  213817.3983     214.5741     131.8701
400001368 300000342                                         -2604139.2443 1976963.3461 -5468063.2517 -3143878.6287 1345228.8674 -5375502.5311 -3166715.9053 1990680.8386 -5157396.7439  215042.4187     210.8458     127.5419
400001369 300000343                                         -2438076.1476       0.0000 -5886036.5016 -3003268.6103       0.0000 -5618720.3752 -2522238.0841  669073.8784 -5812081.9155  209920.2574     198.5773     167.9697
400001370 300000343                                         -3539537.9546       0.0000 -5297292.9000 -3085738.1156  671168.2896 -5533298.6915 -3003268.6103       0.0000 -5618720.3752  210577.3796     207.9390     133.6323
400001371 300000343                                         -2577802.4491 1330561.6814 -5672228.9398 -2522238.0841  669073.8784 -5812081.9155 -3085738.1156  671168.2896 -5533298.6915  210758.2000     201.2351     162.4457
400001372 300000343                                         -3003268.6103       0.0000 -5618720.3752 -3085738.1156  671168.2896 -5533298.6915 -2522238.0841  669073.8784 -5812081.9155  211783.6604     202.2938     149.4425
400001373 300000344                                         -3678298.5650 1346350.7175 -5024649.2825 -3143878.6287 1345228.8674 -5375502.5311 -3630292.7893  677162.3725 -5191537.9595  217445.2803     215.3996     132.7776
400001374 300000344                                         -2577802.4491 1330561.6814 -5672228.9398 -3085738.1156  671168.2896 -5533298.6915 -3143878.6287 1345228.8674 -5375502.5311  218077.9738     205.1209     141.5928
400001375 300000344                                         -3539537.9546       0.0000 -5297292.9000 -3630292.7893  677162.3725 -5191537.9595 -3085738.1156  671168.2896 -5533298.6915  218265.1507     211.9225     131.9567
400001376 300000344                                         -3143878.6287 1345228.8674 -5375502.5311 -3085738.1156  671168.2896 -5533298.6915 -3630292.7893  677162.3725 -5191537.9595  219375.9096     210.7606     137.7289
400001377 300000345                                               0.0000 4504977.3029 -4504977.3029       0.0000 4041719.6134 -4924849.5984 -678984.1624 4126944.5164 -4805928.6788  213029.7505     216.1024     136.7307
400001378 300000345                                               0.0000 3539537.9546 -5297292.9000 -677162.3725 3630292.7893 -5191537.9595       0.0000 4041719.6134 -4924849.5984  212458.1628     207.3934     136.9830
400001379 300000345                                         -1346350.7175 3678298.5650 -5024649.2825 -678984.1624 4126944.5164 -4805928.6788 -677162.3725 3630292.7893 -5191537.9595  213259.5913     212.4869     130.5280
400001380 300000345                                               0.0000 4041719.6134 -4924849.5984 -677162.3725 3630292.7893 -5191537.9595 -678984.1624 4126944.5164 -4805928.6788  214297.3599     211.9330     133.5208
400001381 300000346                                               0.0000 2438076.1476 -5886036.5016 -669073.8784 2522238.0841 -5812081.9155       0.0000 3003268.6103 -5618720.3752  209920.2574     190.4991     177.8913
400001382 300000346                                         -1330561.6814 2577802.4491 -5672228.9398 -671168.2896 3085738.1156 -5533298.6915 -669073.8784 2522238.0841 -5812081.9155  210758.2000     196.6716     170.9841
400001383 300000346                                               0.0000 3539537.9546 -5297292.9000       0.0000 3003268.6103 -5618720.3752 -671168.2896 3085738.1156 -5533298.6915  210577.3796     198.8355     149.2302
400001384 300000346                                         -669073.8784 2522238.0841 -5812081.9155 -671168.2896 3085738.1156 -5533298.6915       0.0000 3003268.6103 -5618720.3752  211783.6604     195.7301     173.4366
400001385 300000347                                         -2600949.8585 2600949.8585 -5201899.7171 -1990680.8386 3166715.9053 -5157396.7439 -1976963.3461 2604139.2443 -5468063.2517  213953.8407     209.7021     129.4574
400001386 300000347                                         -1346350.7175 3678298.5650 -5024649.2825 -1345228.8674 3143878.6287 -5375502.5311 -1990680.8386 3166715.9053 -5157396.7439  213817.3983     209.1729     135.6912
400001387 300000347                                         -1330561.6814 2577802.4491 -5672228.9398 -1976963.3461 2604139.2443 -5468063.2517 -1345228.8674 3143878.6287 -5375502.5311  213196.7862     202.4107     137.6169
400001388 300000347                                         -1990680.8386 3166715.9053 -5157396.7439 -1345228.8674 3143878.6287 -5375502.5311 -1976963.3461 2604139.2443 -5468063.2517  215042.4187     206.7807     134.0237
400001389 300000348                                               0.0000 3539537.9546 -5297292.9000 -671168.2896 3085738.1156 -5533298.6915 -677162.3725 3630292.7893 -5191537.9595  218265.1507     202.9251     139.0511
400001390 300000348                                         -1330561.6814 2577802.4491 -5672228.9398 -1345228.8674 3143878.6287 -5375502.5311 -671168.2896 3085738.1156 -5533298.6915  218077.9738     200.7385     144.0242
400001391 300000348                                         -1346350.7175 3678298.5650 -5024649.2825 -677162.3725 3630292.7893 -5191537.9595 -1345228.8674 3143878.6287 -5375502.5311  217445.2803     208.2467     134.1332
400001392 300000348                                         -671168.2896 3085738.1156 -5533298.6915 -1345228.8674 3143878.6287 -5375502.5311 -677162.3725 3630292.7893 -5191537.9595  219375.9096     203.9348     137.5021
400001393 300000349                                         -2438076.1476       0.0000 -5886036.5016 -2522238.0841  669073.8784 -5812081.9155 -1869698.6039  639129.1082 -6056845.8882  232651.5371     191.0025     176.4310
400001394 300000349                                         -2577802.4491 1330561.6814 -5672228.9398 -1933504.7432 1306164.9224 -5928333.1219 -2522238.0841  669073.8784 -5812081.9155  231845.9895     195.4877     177.3849
400001395 300000349                                         -1266279.9131 1266279.9131 -6114140.2800 -1869698.6039  639129.1082 -6056845.8882 -1933504.7432 1306164.9224 -5928333.1219  232712.3450     162.2482     172.0696
400001396 300000349                                         -2522238.0841  669073.8784 -5812081.9155 -1933504.7432 1306164.9224 -5928333.1219 -1869698.6039  639129.1082 -6056845.8882  234046.8072     185.3857     177.6495
400001397 300000350                                         -2600949.8585 2600949.8585 -5201899.7171 -1976963.3461 2604139.2443 -5468063.2517 -2604139.2443 1976963.3461 -5468063.2517  228300.1373     207.4625     130.2747
400001398 300000350                                         -1330561.6814 2577802.4491 -5672228.9398 -1973179.1775 1973179.1775 -5727370.1528 -1976963.3461 2604139.2443 -5468063.2517  229212.6770     199.2321     145.6419
400001399 300000350                                         -2577802.4491 1330561.6814 -5672228.9398 -2604139.2443 1976963.3461 -5468063.2517 -1973179.1775 1973179.1775 -5727370.1528  229212.6770     201.0927     146.3595
400001400 300000350                                         -1976963.3461 2604139.2443 -5468063.2517 -1973179.1775 1973179.1775 -5727370.1528 -2604139.2443 1976963.3461 -5468063.2517  230526.8451     201.8876     137.3999
400001401 300000351                                               0.0000 2438076.1476 -5886036.5016 -639129.1082 1869698.6039 -6056845.8882 -669073.8784 2522238.0841 -5812081.9155  232651.5371     167.2164     184.5344
400001402 300000351                                         -1266279.9131 1266279.9131 -6114140.2800 -1306164.9224 1933504.7432 -5928333.1219 -639129.1082 1869698.6039 -6056845.8882  232712.3450     151.5000     177.4718
400001403 300000351                                         -1330561.6814 2577802.4491 -5672228.9398 -669073.8784 2522238.0841 -5812081.9155 -1306164.9224 1933504.7432 -5928333.1219  231845.9895     189.6042     180.5416
400001404 300000351                                         -639129.1082 1869698.6039 -6056845.8882 -1306164.9224 1933504.7432 -5928333.1219 -669073.8784 2522238.0841 -5812081.9155  234046.8072     169.5775     183.3500
400001405 300000352                                         -2577802.4491 1330561.6814 -5672228.9398 -1973179.1775 1973179.1775 -5727370.1528 -1933504.7432 1306164.9224 -5928333.1219  238189.0310     195.6574     166.6245
400001406 300000352                                         -1330561.6814 2577802.4491 -5672228.9398 -1306164.9224 1933504.7432 -5928333.1219 -1973179.1775 1973179.1775 -5727370.1528  238189.0310     191.2784     180.0814
400001407 300000352                                         -1266279.9131 1266279.9131 -6114140.2800 -1933504.7432 1306164.9224 -5928333.1219 -1306164.9224 1933504.7432 -5928333.1219  237302.7613     158.8657     178.5805
400001408 300000352                                         -1973179.1775 1973179.1775 -5727370.1528 -1306164.9224 1933504.7432 -5928333.1219 -1933504.7432 1306164.9224 -5928333.1219  239617.8861     180.3650     184.0291
400001409 300000353                                         -6371000.0000       0.0000       0.0000 -6340321.8936  624467.2010       0.0000 -6340321.8936       0.0000 -624467.2010  195921.5441     270.0351      62.0383
400001410 300000353                                         -6248583.0214 1242920.4416       0.0000 -6308900.9250  627459.2093 -627459.2093 -6340321.8936  624467.2010       0.0000  196860.2699     261.1991      69.3250
400001411 300000353                                         -6248583.0214       0.0000 -1242920.4416 -6340321.8936       0.0000 -624467.2010 -6308900.9250  627459.2093 -627459.2093  196860.2699     251.1962      89.9332
400001412 300000353                                         -6340321.8936  624467.2010       0.0000 -6308900.9250  627459.2093 -627459.2093 -6340321.8936       0.0000 -624467.2010  197817.4310     263.1589      71.9751
400001413 300000354                                         -5886036.5016 2438076.1476       0.0000 -6056845.8882 1869698.6039 -639129.1082 -6096666.8789 1849403.6788       0.0000  200521.8161     240.9212      90.4185
400001414 300000354                                         -6114140.2800 1266279.9131 -1266279.9131 -6212473.2151 1260914.7366 -636326.6289 -6056845.8882 1869698.6039 -639129.1082  200560.6406     231.5020     102.7693
400001415 300000354                                         -6248583.0214 1242920.4416       0.0000 -6096666.8789 1849403.6788       0.0000 -6212473.2151 1260914.7366 -636326.6289  199642.5528     251.3272      77.3412
400001416 300000354                                         -6056845.8882 1869698.6039 -639129.1082 -6212473.2151 1260914.7366 -636326.6289 -6096666.8789 1849403.6788       0.0000  201535.9727     242.3761      87.7264
400001417 300000355                                         -5886036.5016       0.0000 -2438076.1476 -6096666.8789       0.0000 -1849403.6788 -6056845.8882  639129.1082 -1869698.6039  200521.8161     249.4758     107.8005
400001418 300000355                                         -6248583.0214       0.0000 -1242920.4416 -6212473.2151  636326.6289 -1260914.7366 -6096666.8789       0.0000 -1849403.6788  199642.5528     241.1777     101.1246
400001419 300000355                                         -6114140.2800 1266279.9131 -1266279.9131 -6056845.8882  639129.1082 -1869698.6039 -6212473.2151  636326.6289 -1260914.7366  200560.6406     236.5465     110.2979
400001420 300000355                                         -6096666.8789       0.0000 -1849403.6788 -6212473.2151  636326.6289 -1260914.7366 -6056845.8882  639129.1082 -1869698.6039  201535.9727     242.5303     105.7641
400001421 300000356                                         -6248583.0214 1242920.4416       0.0000 -6212473.2151 1260914.7366 -636326.6289 -6308900.9250  627459.2093 -627459.2093  204548.8197     253.3914      78.8120
400001422 300000356                                         -6114140.2800 1266279.9131 -1266279.9131 -6212473.2151  636326.6289 -1260914.7366 -6212473.2151 1260914.7366 -636326.6289  203612.8458     232.8296     104.8170
400001423 300000356                                         -6248583.0214       0.0000 -1242920.4416 -6308900.9250  627459.2093 -627459.2093 -6212473.2151  636326.6289 -1260914.7366  204548.8197     243.6765      94.7495
400001424 300000356                                         -6212473.2151 1260914.7366 -636326.6289 -6212473.2151  636326.6289 -1260914.7366 -6308900.9250  627459.2093 -627459.2093  205583.5447     242.6741      93.5307
400001425 300000357                                         -4504977.3029 4504977.3029       0.0000 -4805928.6788 4126944.5164 -678984.1624 -4924849.5984 4041719.6134       0.0000  213029.7505     220.8127     121.8166
400001426 300000357                                         -5024649.2825 3678298.5650 -1346350.7175 -5191537.9595 3630292.7893 -677162.3725 -4805928.6788 4126944.5164 -678984.1624  213259.5913     236.7609     124.0269
400001427 300000357                                         -5297292.9000 3539537.9546       0.0000 -4924849.5984 4041719.6134       0.0000 -5191537.9595 3630292.7893 -677162.3725  212458.1628     226.7714     107.5303
400001428 300000357                                         -4805928.6788 4126944.5164 -678984.1624 -5191537.9595 3630292.7893 -677162.3725 -4924849.5984 4041719.6134       0.0000  214297.3599     215.5221     136.2575
400001429 300000358                                         -5201899.7171 2600949.8585 -2600949.8585 -5468063.2517 2604139.2443 -1976963.3461 -5157396.7439 3166715.9053 -1990680.8386  213953.8407     280.5412      68.2712
400001430 300000358                                         -5672228.9398 2577802.4491 -1330561.6814 -5375502.5311 3143878.6287 -1345228.8674 -5468063.2517 2604139.2443 -1976963.3461  213196.7862     264.0277      88.2474
400001431 300000358                                         -5024649.2825 3678298.5650 -1346350.7175 -5157396.7439 3166715.9053 -1990680.8386 -5375502.5311 3143878.6287 -1345228.8674  213817.3983     277.2510      67.8168
400001432 300000358                                         -5468063.2517 2604139.2443 -1976963.3461 -5375502.5311 3143878.6287 -1345228.8674 -5157396.7439 3166715.9053 -1990680.8386  215042.4187     278.1879      71.9226
400001433 300000359                                         -5886036.5016 2438076.1476       0.0000 -5618720.3752 3003268.6103       0.0000 -5812081.9155 2522238.0841 -669073.8784  209920.2574     234.3469      96.4383
400001434 300000359                                         -5297292.9000 3539537.9546       0.0000 -5533298.6915 3085738.1156 -671168.2896 -5618720.3752 3003268.6103       0.0000  210577.3796     229.2300      99.7271
400001435 300000359                                         -5672228.9398 2577802.4491 -1330561.6814 -5812081.9155 2522238.0841 -669073.8784 -5533298.6915 3085738.1156 -671168.2896  210758.2000     224.3072     119.1925
400001436 300000359                                         -5618720.3752 3003268.6103       0.0000 -5533298.6915 3085738.1156 -671168.2896 -5812081.9155 2522238.0841 -669073.8784  211783.6604     225.0120     112.4689
400001437 300000360                                         -5024649.2825 3678298.5650 -1346350.7175 -5375502.5311 3143878.6287 -1345228.8674 -5191537.9595 3630292.7893 -677162.3725  217445.2803     255.1615      85.5698
400001438 300000360                                         -5672228.9398 2577802.4491 -1330561.6814 -5533298.6915 3085738.1156 -671168.2896 -5375502.5311 3143878.6287 -1345228.8674  218077.9738     239.2402     107.5871
400001439 300000360                                         -5297292.9000 3539537.9546       0.0000 -5191537.9595 3630292.7893 -677162.3725 -5533298.6915 3085738.1156 -671168.2896  218265.1507     226.8336     110.5700
400001440 300000360                                         -5375502.5311 3143878.6287 -1345228.8674 -5533298.6915 3085738.1156 -671168.2896 -5191537.9595 3630292.7893 -677162.3725  219375.9096     231.3910     123.6536
400001441 300000361                                         -4504977.3029       0.0000 -4504977.3029 -4924849.5984       0.0000 -4041719.6134 -4805928.6788  678984.1624 -4126944.5164  213029.7505     230.9050     107.2590
400001442 300000361                                         -5297292.9000       0.0000 -3539537.9546 -5191537.9595  677162.3725 -3630292.7893 -4924849.5984       0.0000 -4041719.6134  212458.1628     244.4877      95.3798
400001443 300000361                                         -5024649.2825 1346350.7175 -3678298.5650 -4805928.6788  678984.1624 -4126944.5164 -5191537.9595  677162.3725 -3630292.7893  213259.5913     241.8067     103.8503
400001444 300000361                                         -4924849.5984       0.0000 -4041719.6134 -5191537.9595  677162.3725 -3630292.7893 -4805928.6788  678984.1624 -4126944.5164  214297.3599     237.4917     120.2086
400001445 300000362                                         -5886036.5016       0.0000 -2438076.1476 -5812081.9155  669073.8784 -2522238.0841 -5618720.3752       0.0000 -3003268.6103  209920.2574     256.5610      91.6431
400001446 300000362                                         -5672228.9398 1330561.6814 -2577802.4491 -5533298.6915  671168.2896 -3085738.1156 -5812081.9155  669073.8784 -2522238.0841  210758.2000     261.0139      90.5374
400001447 300000362                                         -5297292.9000       0.0000 -3539537.9546 -5618720.3752       0.0000 -3003268.6103 -5533298.6915  671168.2896 -3085738.1156  210577.3796     253.0816      90.0114
400001448 300000362                                         -5812081.9155  669073.8784 -2522238.0841 -5533298.6915  671168.2896 -3085738.1156 -5618720.3752       0.0000 -3003268.6103  211783.6604     257.7580      89.3664
400001449 300000363                                         -5201899.7171 2600949.8585 -2600949.8585 -5157396.7439 1990680.8386 -3166715.9053 -5468063.2517 1976963.3461 -2604139.2443  213953.8407     267.0145      78.7222
400001450 300000363                                         -5024649.2825 1346350.7175 -3678298.5650 -5375502.5311 1345228.8674 -3143878.6287 -5157396.7439 1990680.8386 -3166715.9053  213817.3983     253.3711      92.7022
400001451 300000363                                         -5672228.9398 1330561.6814 -2577802.4491 -5468063.2517 1976963.3461 -2604139.2443 -5375502.5311 1345228.8674 -3143878.6287  213196.7862     265.6662      82.0615
400001452 300000363                                         -5157396.7439 1990680.8386 -3166715.9053 -5375502.5311 1345228.8674 -3143878.6287 -5468063.2517 1976963.3461 -2604139.2443  215042.4187     262.2265      83.8471
400001453 300000364                                         -5297292.9000       0.0000 -3539537.9546 -5533298.6915  671168.2896 -3085738.1156 -5191537.9595  677162.3725 -3630292.7893  218265.1507     251.0552      90.8510
400001454 300000364                                         -5672228.9398 1330561.6814 -2577802.4491 -5375502.5311 1345228.8674 -3143878.6287 -5533298.6915  671168.2896 -3085738.1156  218077.9738     260.3085      88.5502
400001455 300000364                                         -5024649.2825 1346350.7175 -3678298.5650 -5191537.9595  677162.3725 -3630292.7893 -5375502.5311 1345228.8674 -3143878.6287  217445.2803     249.9748      94.3283
400001456 300000364                                         -5533298.6915  671168.2896 -3085738.1156 -5375502.5311 1345228.8674 -3143878.6287 -5191537.9595  677162.3725 -3630292.7893  219375.9096     254.3929      90.2211
400001457 300000365                                         -5886036.5016 2438076.1476       0.0000 -5812081.9155 2522238.0841 -669073.8784 -6056845.8882 1869698.6039 -639129.1082  232651.5371     232.9809     100.5037
400001458 300000365                                         -5672228.9398 2577802.4491 -1330561.6814 -5928333.1219 1933504.7432 -1306164.9224 -5812081.9155 2522238.0841 -669073.8784  231845.9895     229.9560     112.1003
400001459 300000365                                         -6114140.2800 1266279.9131 -1266279.9131 -6056845.8882 1869698.6039 -639129.1082 -5928333.1219 1933504.7432 -1306164.9224  232712.3450     224.5087     117.0610
400001460 300000365                                         -5812081.9155 2522238.0841 -669073.8784 -5928333.1219 1933504.7432 -1306164.9224 -6056845.8882 1869698.6039 -639129.1082  234046.8072     224.3670     115.6912
400001461 300000366                                         -5201899.7171 2600949.8585 -2600949.8585 -5468063.2517 1976963.3461 -2604139.2443 -5468063.2517 2604139.2443 -1976963.3461  228300.1373     275.8556      73.7173
400001462 300000366                                         -5672228.9398 1330561.6814 -2577802.4491 -5727370.1528 1973179.1775 -1973179.1775 -5468063.2517 1976963.3461 -2604139.2443  229212.6770     270.9603      77.6603
400001463 300000366                                         -5672228.9398 2577802.4491 -1330561.6814 -5468063.2517 2604139.2443 -1976963.3461 -5727370.1528 1973179.1775 -1973179.1775  229212.6770     265.7441      90.0971
400001464 300000366                                         -5468063.2517 1976963.3461 -2604139.2443 -5727370.1528 1973179.1775 -1973179.1775 -5468063.2517 2604139.2443 -1976963.3461  230526.8451     273.8629      79.0199
400001465 300000367                                         -5886036.5016       0.0000 -2438076.1476 -6056845.8882  639129.1082 -1869698.6039 -5812081.9155  669073.8784 -2522238.0841  232651.5371     253.5038     101.8408
400001466 300000367                                         -6114140.2800 1266279.9131 -1266279.9131 -5928333.1219 1306164.9224 -1933504.7432 -6056845.8882  639129.1082 -1869698.6039  232712.3450     244.5276     111.9926
400001467 300000367                                         -5672228.9398 1330561.6814 -2577802.4491 -5812081.9155  669073.8784 -2522238.0841 -5928333.1219 1306164.9224 -1933504.7432  231845.9895     262.9906      92.1284
400001468 300000367                                         -6056845.8882  639129.1082 -1869698.6039 -5928333.1219 1306164.9224 -1933504.7432 -5812081.9155  669073.8784 -2522238.0841  234046.8072     255.4127     102.5001
400001469 300000368                                         -5672228.9398 2577802.4491 -1330561.6814 -5727370.1528 1973179.1775 -1973179.1775 -5928333.1219 1933504.7432 -1306164.9224  238189.0310     250.4815     103.1302
400001470 300000368                                         -5672228.9398 1330561.6814 -2577802.4491 -5928333.1219 1306164.9224 -1933504.7432 -5727370.1528 1973179.1775 -1973179.1775  238189.0310     265.9340      88.9790
400001471 300000368                                         -6114140.2800 1266279.9131 -1266279.9131 -5928333.1219 1933504.7432 -1306164.9224 -5928333.1219 1306164.9224 -1933504.7432  237302.7613     240.5872     108.7322
400001472 300000368                                         -5727370.1528 1973179.1775 -1973179.1775 -5928333.1219 1306164.9224 -1933504.7432 -5928333.1219 1933504.7432 -1306164.9224  239617.8861     255.5963      97.9819
400001473 300000369                                               0.0000 4504977.3029 -4504977.3029 -678984.1624 4126944.5164 -4805928.6788 -678984.1624 4805928.6788 -4126944.5164  328324.9483     222.1297     129.3972
400001474 300000369                                         -1346350.7175 3678298.5650 -5024649.2825 -1361638.6226 4400885.2099 -4400885.2099 -678984.1624 4126944.5164 -4805928.6788  329212.3599     217.2657     130.5150
400001475 300000369                                         -1346350.7175 5024649.2825 -3678298.5650 -678984.1624 4805928.6788 -4126944.5164 -1361638.6226 4400885.2099 -4400885.2099  329212.3599     233.9669     119.0646
400001476 300000369                                         -678984.1624 4126944.5164 -4805928.6788 -1361638.6226 4400885.2099 -4400885.2099 -678984.1624 4805928.6788 -4126944.5164  332074.9378     223.0838     131.9669
400001477 300000370                                         -2600949.8585 2600949.8585 -5201899.7171 -2687534.5848 3374031.3064 -4688572.4479 -1990680.8386 3166715.9053 -5157396.7439  331958.1435     215.0641     130.4270
400001478 300000370                                         -2716603.5278 4074905.2917 -4074905.2917 -2050103.9020 3912146.8074 -4591494.5659 -2687534.5848 3374031.3064 -4688572.4479  332135.9111     227.1885     123.7821
400001479 300000370                                         -1346350.7175 3678298.5650 -5024649.2825 -1990680.8386 3166715.9053 -5157396.7439 -2050103.9020 3912146.8074 -4591494.5659  331417.2039     214.9955     130.5792
400001480 300000370                                         -2687534.5848 3374031.3064 -4688572.4479 -2050103.9020 3912146.8074 -4591494.5659 -1990680.8386 3166715.9053 -5157396.7439  335024.3025     218.0311     132.5617
400001481 300000371                                         -2600949.8585 5201899.7171 -2600949.8585 -1990680.8386 5157396.7439 -3166715.9053 -2687534.5848 4688572.4479 -3374031.3064  331958.1435     278.6659      93.5718
400001482 300000371                                         -1346350.7175 5024649.2825 -3678298.5650 -2050103.9020 4591494.5659 -3912146.8074 -1990680.8386 5157396.7439 -3166715.9053  331417.2039     251.2482     107.4513
400001483 300000371                                         -2716603.5278 4074905.2917 -4074905.2917 -2687534.5848 4688572.4479 -3374031.3064 -2050103.9020 4591494.5659 -3912146.8074  332135.9111     245.8526     108.4901
400001484 300000371                                         -1990680.8386 5157396.7439 -3166715.9053 -2050103.9020 4591494.5659 -3912146.8074 -2687534.5848 4688572.4479 -3374031.3064  335024.3025     258.3894     103.1423
400001485 300000372                                         -1346350.7175 3678298.5650 -5024649.2825 -2050103.9020 3912146.8074 -4591494.5659 -1361638.6226 4400885.2099 -4400885.2099  344128.0612     219.0553     130.9671
400001486 300000372                                         -2716603.5278 4074905.2917 -4074905.2917 -2050103.9020 4591494.5659 -3912146.8074 -2050103.9020 3912146.8074 -4591494.5659  343384.2298     233.9134     114.9583
400001487 300000372                                         -1346350.7175 5024649.2825 -3678298.5650 -1361638.6226 4400885.2099 -4400885.2099 -2050103.9020 4591494.5659 -3912146.8074  344128.0612     237.4796     115.3239
400001488 300000372                                         -2050103.9020 3912146.8074 -4591494.5659 -2050103.9020 4591494.5659 -3912146.8074 -1361638.6226 4400885.2099 -4400885.2099  347308.3434     229.7466     119.4696
400001489 300000373                                         -4504977.3029       0.0000 -4504977.3029 -4805928.6788  678984.1624 -4126944.5164 -4126944.5164  678984.1624 -4805928.6788  328324.9483     225.2973     111.4059
400001490 300000373                                         -5024649.2825 1346350.7175 -3678298.5650 -4400885.2099 1361638.6226 -4400885.2099 -4805928.6788  678984.1624 -4126944.5164  329212.3599     236.6158     111.5647
400001491 300000373                                         -3678298.5650 1346350.7175 -5024649.2825 -4126944.5164  678984.1624 -4805928.6788 -4400885.2099 1361638.6226 -4400885.2099  329212.3599     224.5248     122.1845
400001492 300000373                                         -4805928.6788  678984.1624 -4126944.5164 -4400885.2099 1361638.6226 -4400885.2099 -4126944.5164  678984.1624 -4805928.6788  332074.9378     226.9379     127.4880
400001493 300000374                                         -5201899.7171 2600949.8585 -2600949.8585 -4688572.4479 2687534.5848 -3374031.3064 -5157396.7439 1990680.8386 -3166715.9053  331958.1435     259.5945      93.9456
400001494 300000374                                         -4074905.2917 2716603.5278 -4074905.2917 -4591494.5659 2050103.9020 -3912146.8074 -4688572.4479 2687534.5848 -3374031.3064  332135.9111     243.3656     105.0514
400001495 300000374                                         -5024649.2825 1346350.7175 -3678298.5650 -5157396.7439 1990680.8386 -3166715.9053 -4591494.5659 2050103.9020 -3912146.8074  331417.2039     246.6871     100.1197
400001496 300000374                                         -4688572.4479 2687534.5848 -3374031.3064 -4591494.5659 2050103.9020 -3912146.8074 -5157396.7439 1990680.8386 -3166715.9053  335024.3025     249.4106      98.3269
400001497 300000375                                         -2600949.8585 2600949.8585 -5201899.7171 -3166715.9053 1990680.8386 -5157396.7439 -3374031.3064 2687534.5848 -4688572.4479  331958.1435     217.4855     119.2108
400001498 300000375                                         -3678298.5650 1346350.7175 -5024649.2825 -3912146.8074 2050103.9020 -4591494.5659 -3166715.9053 1990680.8386 -5157396.7439  331417.2039     220.9711     123.1624
400001499 300000375                                         -4074905.2917 2716603.5278 -4074905.2917 -3374031.3064 2687534.5848 -4688572.4479 -3912146.8074 2050103.9020 -4591494.5659  332135.9111     228.9662     117.1000
400001500 300000375                                         -3166715.9053 1990680.8386 -5157396.7439 -3912146.8074 2050103.9020 -4591494.5659 -3374031.3064 2687534.5848 -4688572.4479  335024.3025     222.5031     120.6606
400001501 300000376                                         -5024649.2825 1346350.7175 -3678298.5650 -4591494.5659 2050103.9020 -3912146.8074 -4400885.2099 1361638.6226 -4400885.2099  344128.0612     238.5849     106.9106
400001502 300000376                                         -4074905.2917 2716603.5278 -4074905.2917 -3912146.8074 2050103.9020 -4591494.5659 -4591494.5659 2050103.9020 -3912146.8074  343384.2298     235.4791     104.1300
400001503 300000376                                         -3678298.5650 1346350.7175 -5024649.2825 -4400885.2099 1361638.6226 -4400885.2099 -3912146.8074 2050103.9020 -4591494.5659  344128.0612     226.5607     119.2789
400001504 300000376                                         -4591494.5659 2050103.9020 -3912146.8074 -3912146.8074 2050103.9020 -4591494.5659 -4400885.2099 1361638.6226 -4400885.2099  347308.3434     233.1549     110.1376
400001505 300000377                                         -4504977.3029 4504977.3029       0.0000 -4126944.5164 4805928.6788 -678984.1624 -4805928.6788 4126944.5164 -678984.1624  328324.9483     224.7880     115.8201
400001506 300000377                                         -3678298.5650 5024649.2825 -1346350.7175 -4400885.2099 4400885.2099 -1361638.6226 -4126944.5164 4805928.6788 -678984.1624  329212.3599     279.7799      60.0452
400001507 300000377                                         -5024649.2825 3678298.5650 -1346350.7175 -4805928.6788 4126944.5164 -678984.1624 -4400885.2099 4400885.2099 -1361638.6226  329212.3599     266.3276      75.8629
400001508 300000377                                         -4126944.5164 4805928.6788 -678984.1624 -4400885.2099 4400885.2099 -1361638.6226 -4805928.6788 4126944.5164 -678984.1624  332074.9378     260.3181      76.1380
400001509 300000378                                         -2600949.8585 5201899.7171 -2600949.8585 -3374031.3064 4688572.4479 -2687534.5848 -3166715.9053 5157396.7439 -1990680.8386  331958.1435     290.8590      89.7622
400001510 300000378                                         -4074905.2917 4074905.2917 -2716603.5278 -3912146.8074 4591494.5659 -2050103.9020 -3374031.3064 4688572.4479 -2687534.5848  332135.9111     284.7033     101.1415
400001511 300000378                                         -3678298.5650 5024649.2825 -1346350.7175 -3166715.9053 5157396.7439 -1990680.8386 -3912146.8074 4591494.5659 -2050103.9020  331417.2039     289.5896      85.5753
400001512 300000378                                         -3374031.3064 4688572.4479 -2687534.5848 -3912146.8074 4591494.5659 -2050103.9020 -3166715.9053 5157396.7439 -1990680.8386  335024.3025     291.9240      96.3905
400001513 300000379                                         -5201899.7171 2600949.8585 -2600949.8585 -5157396.7439 3166715.9053 -1990680.8386 -4688572.4479 3374031.3064 -2687534.5848  331958.1435     279.9190      88.2755
400001514 300000379                                         -5024649.2825 3678298.5650 -1346350.7175 -4591494.5659 3912146.8074 -2050103.9020 -5157396.7439 3166715.9053 -1990680.8386  331417.2039     286.5397      86.5499
400001515 300000379                                         -4074905.2917 4074905.2917 -2716603.5278 -4688572.4479 3374031.3064 -2687534.5848 -4591494.5659 3912146.8074 -2050103.9020  332135.9111     290.6752     103.8030
400001516 300000379                                         -5157396.7439 3166715.9053 -1990680.8386 -4591494.5659 3912146.8074 -2050103.9020 -4688572.4479 3374031.3064 -2687534.5848  335024.3025     288.7006      93.8881
400001517 300000380                                         -3678298.5650 5024649.2825 -1346350.7175 -3912146.8074 4591494.5659 -2050103.9020 -4400885.2099 4400885.2099 -1361638.6226  344128.0612     284.6563      85.1623
400001518 300000380                                         -4074905.2917 4074905.2917 -2716603.5278 -4591494.5659 3912146.8074 -2050103.9020 -3912146.8074 4591494.5659 -2050103.9020  343384.2298     289.4262      99.8412
400001519 300000380                                         -5024649.2825 3678298.5650 -1346350.7175 -4400885.2099 4400885.2099 -1361638.6226 -4591494.5659 3912146.8074 -2050103.9020  344128.0612     286.9614      62.9886
400001520 300000380                                         -3912146.8074 4591494.5659 -2050103.9020 -4591494.5659 3912146.8074 -2050103.9020 -4400885.2099 4400885.2099 -1361638.6226  347308.3434     290.5755      91.1200
400001521 300000381                                         -2600949.8585 2600949.8585 -5201899.7171 -3374031.3064 2687534.5848 -4688572.4479 -2687534.5848 3374031.3064 -4688572.4479  387995.8446     219.5343     122.3195
400001522 300000381                                         -4074905.2917 2716603.5278 -4074905.2917 -3435012.9904 3435012.9904 -4122015.5885 -3374031.3064 2687534.5848 -4688572.4479  388281.7658     231.8992     112.1722
400001523 300000381                                         -2716603.5278 4074905.2917 -4074905.2917 -2687534.5848 3374031.3064 -4688572.4479 -3435012.9904 3435012.9904 -4122015.5885  388281.7658     231.1001     118.4149
400001524 300000381                                         -3374031.3064 2687534.5848 -4688572.4479 -3435012.9904 3435012.9904 -4122015.5885 -2687534.5848 3374031.3064 -4688572.4479  392517.4362     227.0131     117.6520
400001525 300000382                                         -5201899.7171 2600949.8585 -2600949.8585 -4688572.4479 3374031.3064 -2687534.5848 -4688572.4479 2687534.5848 -3374031.3064  387995.8446     271.2326      99.7292
400001526 300000382                                         -4074905.2917 4074905.2917 -2716603.5278 -4122015.5885 3435012.9904 -3435012.9904 -4688572.4479 3374031.3064 -2687534.5848  388281.7658     278.7989     118.3433
400001527 300000382                                         -4074905.2917 2716603.5278 -4074905.2917 -4688572.4479 2687534.5848 -3374031.3064 -4122015.5885 3435012.9904 -3435012.9904  388281.7658     254.2689     114.2601
400001528 300000382                                         -4688572.4479 3374031.3064 -2687534.5848 -4122015.5885 3435012.9904 -3435012.9904 -4688572.4479 2687534.5848 -3374031.3064  392517.4362     271.8233     105.6165
400001529 300000383                                         -2600949.8585 5201899.7171 -2600949.8585 -2687534.5848 4688572.4479 -3374031.3064 -3374031.3064 4688572.4479 -2687534.5848  387995.8446     279.8446      94.6250
400001530 300000383                                         -2716603.5278 4074905.2917 -4074905.2917 -3435012.9904 4122015.5885 -3435012.9904 -2687534.5848 4688572.4479 -3374031.3064  388281.7658     248.7920     103.5503
400001531 300000383                                         -4074905.2917 4074905.2917 -2716603.5278 -3374031.3064 4688572.4479 -2687534.5848 -3435012.9904 4122015.5885 -3435012.9904  388281.7658     273.5253     102.6985
400001532 300000383                                         -2687534.5848 4688572.4479 -3374031.3064 -3435012.9904 4122015.5885 -3435012.9904 -3374031.3064 4688572.4479 -2687534.5848  392517.4362     268.7555     103.8639
400001533 300000384                                         -4074905.2917 2716603.5278 -4074905.2917 -4122015.5885 3435012.9904 -3435012.9904 -3435012.9904 3435012.9904 -4122015.5885  405996.4825     243.8484     112.3148
400001534 300000384                                         -4074905.2917 4074905.2917 -2716603.5278 -3435012.9904 4122015.5885 -3435012.9904 -4122015.5885 3435012.9904 -3435012.9904  405996.4825     267.4266     110.5942
400001535 300000384                                         -2716603.5278 4074905.2917 -4074905.2917 -3435012.9904 3435012.9904 -4122015.5885 -3435012.9904 4122015.5885 -3435012.9904  405996.4825     240.7392     108.2387
400001536 300000384                                         -4122015.5885 3435012.9904 -3435012.9904 -3435012.9904 4122015.5885 -3435012.9904 -3435012.9904 3435012.9904 -4122015.5885  410731.3740     248.3762     100.9571
400001537 300000385                                         -6371000.0000       0.0000       0.0000 -6340321.8936       0.0000 -624467.2010 -6340321.8936 -624467.2010       0.0000  195921.5441     276.2477      59.3355
400001538 300000385                                         -6248583.0214       0.0000 -1242920.4416 -6308900.9250 -627459.2093 -627459.2093 -6340321.8936       0.0000 -624467.2010  196860.2699     256.2895      88.2861
400001539 300000385                                         -6248583.0214 -1242920.4416       0.0000 -6340321.8936 -624467.2010       0.0000 -6308900.9250 -627459.2093 -627459.2093  196860.2699     282.9497      56.3291
400001540 300000385                                         -6340321.8936       0.0000 -624467.2010 -6308900.9250 -627459.2093 -627459.2093 -6340321.8936 -624467.2010       0.0000  197817.4310     275.2884      64.7738
400001541 300000386                                         -5886036.5016       0.0000 -2438076.1476 -6056845.8882 -639129.1082 -1869698.6039 -6096666.8789       0.0000 -1849403.6788  200521.8161     250.5332     102.7803
400001542 300000386                                         -6114140.2800 -1266279.9131 -1266279.9131 -6212473.2151 -636326.6289 -1260914.7366 -6056845.8882 -639129.1082 -1869698.6039  200560.6406     252.9905      92.3388
400001543 300000386                                         -6248583.0214       0.0000 -1242920.4416 -6096666.8789       0.0000 -1849403.6788 -6212473.2151 -636326.6289 -1260914.7366  199642.5528     246.3594      97.5901
400001544 300000386                                         -6056845.8882 -639129.1082 -1869698.6039 -6212473.2151 -636326.6289 -1260914.7366 -6096666.8789       0.0000 -1849403.6788  201535.9727     250.6040      96.1207
400001545 300000387                                         -5886036.5016 -2438076.1476       0.0000 -6096666.8789 -1849403.6788       0.0000 -6056845.8882 -1869698.6039 -639129.1082  200521.8161     292.7122      52.2400
400001546 300000387                                         -6248583.0214 -1242920.4416       0.0000 -6212473.2151 -1260914.7366 -636326.6289 -6096666.8789 -1849403.6788       0.0000  199642.5528     289.1810      53.2633
400001547 300000387                                         -6114140.2800 -1266279.9131 -1266279.9131 -6056845.8882 -1869698.6039 -639129.1082 -6212473.2151 -1260914.7366 -636326.6289  200560.6406     270.2551      74.4250
400001548 300000387                                         -6096666.8789 -1849403.6788       0.0000 -6212473.2151 -1260914.7366 -636326.6289 -6056845.8882 -1869698.6039 -639129.1082  201535.9727     289.4521      54.0711
400001549 300000388                                         -6248583.0214       0.0000 -1242920.4416 -6212473.2151 -636326.6289 -1260914.7366 -6308900.9250 -627459.2093 -627459.2093  204548.8197     253.1089      91.8304
400001550 300000388                                         -6114140.2800 -1266279.9131 -1266279.9131 -6212473.2151 -1260914.7366 -636326.6289 -6212473.2151 -636326.6289 -1260914.7366  203612.8458     257.1237      90.6458
400001551 300000388                                         -6248583.0214 -1242920.4416       0.0000 -6308900.9250 -627459.2093 -627459.2093 -6212473.2151 -1260914.7366 -636326.6289  204548.8197     283.4257      59.2375
400001552 300000388                                         -6212473.2151 -636326.6289 -1260914.7366 -6212473.2151 -1260914.7366 -636326.6289 -6308900.9250 -627459.2093 -627459.2093  205583.5447     265.2029      79.2832
400001553 300000389                                         -4504977.3029       0.0000 -4504977.3029 -4805928.6788 -678984.1624 -4126944.5164 -4924849.5984       0.0000 -4041719.6134  213029.7505     232.8408     108.8691
400001554 300000389                                         -5024649.2825 -1346350.7175 -3678298.5650 -5191537.9595 -677162.3725 -3630292.7893 -4805928.6788 -678984.1624 -4126944.5164  213259.5913     238.2839     108.9466
400001555 300000389                                         -5297292.9000       0.0000 -3539537.9546 -4924849.5984       0.0000 -4041719.6134 -5191537.9595 -677162.3725 -3630292.7893  212458.1628     243.0849      96.4316
400001556 300000389                                         -4805928.6788 -678984.1624 -4126944.5164 -5191537.9595 -677162.3725 -3630292.7893 -4924849.5984       0.0000 -4041719.6134  214297.3599     238.6301     103.7705
400001557 300000390                                         -5201899.7171 -2600949.8585 -2600949.8585 -5468063.2517 -1976963.3461 -2604139.2443 -5157396.7439 -1990680.8386 -3166715.9053  213953.8407     243.4024     108.6829
400001558 300000390                                         -5672228.9398 -1330561.6814 -2577802.4491 -5375502.5311 -1345228.8674 -3143878.6287 -5468063.2517 -1976963.3461 -2604139.2443  213196.7862     245.4681     108.1589
400001559 300000390                                         -5024649.2825 -1346350.7175 -3678298.5650 -5157396.7439 -1990680.8386 -3166715.9053 -5375502.5311 -1345228.8674 -3143878.6287  213817.3983     242.9093     109.1204
400001560 300000390                                         -5468063.2517 -1976963.3461 -2604139.2443 -5375502.5311 -1345228.8674 -3143878.6287 -5157396.7439 -1990680.8386 -3166715.9053  215042.4187     243.4485     109.2956
400001561 300000391                                         -5886036.5016       0.0000 -2438076.1476 -5618720.3752       0.0000 -3003268.6103 -5812081.9155 -669073.8784 -2522238.0841  209920.2574     251.6332      98.7134
400001562 300000391                                         -5297292.9000       0.0000 -3539537.9546 -5533298.6915 -671168.2896 -3085738.1156 -5618720.3752       0.0000 -3003268.6103  210577.3796     251.8078      93.0016
400001563 300000391                                         -5672228.9398 -1330561.6814 -2577802.4491 -5812081.9155 -669073.8784 -2522238.0841 -5533298.6915 -671168.2896 -3085738.1156  210758.2000     248.0795     105.9658
400001564 300000391                                         -5618720.3752       0.0000 -3003268.6103 -5533298.6915 -671168.2896 -3085738.1156 -5812081.9155 -669073.8784 -2522238.0841  211783.6604     251.2373      99.4377
400001565 300000392                                         -5024649.2825 -1346350.7175 -3678298.5650 -5375502.5311 -1345228.8674 -3143878.6287 -5191537.9595 -677162.3725 -3630292.7893  217445.2803     242.2270     105.6776
400001566 300000392                                         -5672228.9398 -1330561.6814 -2577802.4491 -5533298.6915 -671168.2896 -3085738.1156 -5375502.5311 -1345228.8674 -3143878.6287  218077.9738     246.6762     106.6506
400001567 300000392                                         -5297292.9000       0.0000 -3539537.9546 -5191537.9595 -677162.3725 -3630292.7893 -5533298.6915 -671168.2896 -3085738.1156  218265.1507     247.4386      97.3405
400001568 300000392                                         -5375502.5311 -1345228.8674 -3143878.6287 -5533298.6915 -671168.2896 -3085738.1156 -5191537.9595 -677162.3725 -3630292.7893  219375.9096     246.1198     103.3659
400001569 300000393                                         -4504977.3029 -4504977.3029       0.0000 -4924849.5984 -4041719.6134       0.0000 -4805928.6788 -4126944.5164 -678984.1624  213029.7505     295.3613      48.8065
400001570 300000393                                         -5297292.9000 -3539537.9546       0.0000 -5191537.9595 -3630292.7893 -677162.3725 -4924849.5984 -4041719.6134       0.0000  212458.1628     295.6851      48.3295
400001571 300000393                                         -5024649.2825 -3678298.5650 -1346350.7175 -4805928.6788 -4126944.5164 -678984.1624 -5191537.9595 -3630292.7893 -677162.3725  213259.5913     293.8007      54.9906
400001572 300000393                                         -4924849.5984 -4041719.6134       0.0000 -5191537.9595 -3630292.7893 -677162.3725 -4805928.6788 -4126944.5164 -678984.1624  214297.3599     297.3190      48.8419
400001573 300000394                                         -5886036.5016 -2438076.1476       0.0000 -5812081.9155 -2522238.0841 -669073.8784 -5618720.3752 -3003268.6103       0.0000  209920.2574     294.4305      52.5732
400001574 300000394                                         -5672228.9398 -2577802.4491 -1330561.6814 -5533298.6915 -3085738.1156 -671168.2896 -5812081.9155 -2522238.0841 -669073.8784  210758.2000     283.7212      67.2657
400001575 300000394                                         -5297292.9000 -3539537.9546       0.0000 -5618720.3752 -3003268.6103       0.0000 -5533298.6915 -3085738.1156 -671168.2896  210577.3796     295.0689      50.1509
400001576 300000394                                         -5812081.9155 -2522238.0841 -669073.8784 -5533298.6915 -3085738.1156 -671168.2896 -5618720.3752 -3003268.6103       0.0000  211783.6604     295.2287      52.2296
400001577 300000395                                         -5201899.7171 -2600949.8585 -2600949.8585 -5157396.7439 -3166715.9053 -1990680.8386 -5468063.2517 -2604139.2443 -1976963.3461  213953.8407     257.8867      88.4275
400001578 300000395                                         -5024649.2825 -3678298.5650 -1346350.7175 -5375502.5311 -3143878.6287 -1345228.8674 -5157396.7439 -3166715.9053 -1990680.8386  213817.3983     274.3511      73.8766
400001579 300000395                                         -5672228.9398 -2577802.4491 -1330561.6814 -5468063.2517 -2604139.2443 -1976963.3461 -5375502.5311 -3143878.6287 -1345228.8674  213196.7862     270.6756      79.6428
400001580 300000395                                         -5157396.7439 -3166715.9053 -1990680.8386 -5375502.5311 -3143878.6287 -1345228.8674 -5468063.2517 -2604139.2443 -1976963.3461  215042.4187     269.1258      79.8353
400001581 300000396                                         -5297292.9000 -3539537.9546       0.0000 -5533298.6915 -3085738.1156 -671168.2896 -5191537.9595 -3630292.7893 -677162.3725  218265.1507     296.4120      50.3251
400001582 300000396                                         -5672228.9398 -2577802.4491 -1330561.6814 -5375502.5311 -3143878.6287 -1345228.8674 -5533298.6915 -3085738.1156 -671168.2896  218077.9738     279.2639      72.2797
400001583 300000396                                         -5024649.2825 -3678298.5650 -1346350.7175 -5191537.9595 -3630292.7893 -677162.3725 -5375502.5311 -3143878.6287 -1345228.8674  217445.2803     286.0733      62.9151
400001584 300000396                                         -5533298.6915 -3085738.1156 -671168.2896 -5375502.5311 -3143878.6287 -1345228.8674 -5191537.9595 -3630292.7893 -677162.3725  219375.9096     290.1246      57.7038
400001585 300000397                                         -5886036.5016       0.0000 -2438076.1476 -5812081.9155 -669073.8784 -2522238.0841 -6056845.8882 -639129.1082 -1869698.6039  232651.5371     249.9647     105.6960
400001586 300000397                                         -5672228.9398 -1330561.6814 -2577802.4491 -5928333.1219 -1306164.9224 -1933504.7432 -5812081.9155 -669073.8784 -2522238.0841  231845.9895     250.0424     105.1289
400001587 300000397                                         -6114140.2800 -1266279.9131 -1266279.9131 -6056845.8882 -639129.1082 -1869698.6039 -5928333.1219 -1306164.9224 -1933504.7432  232712.3450     255.9971      91.7121
400001588 300000397                                         -5812081.9155 -669073.8784 -2522238.0841 -5928333.1219 -1306164.9224 -1933504.7432 -6056845.8882 -639129.1082 -1869698.6039  234046.8072     252.3042     102.0089
400001589 300000398                                         -5201899.7171 -2600949.8585 -2600949.8585 -5468063.2517 -2604139.2443 -1976963.3461 -5468063.2517 -1976963.3461 -2604139.2443  228300.1373     250.9515      96.8134
400001590 300000398                                         -5672228.9398 -2577802.4491 -1330561.6814 -5727370.1528 -1973179.1775 -1973179.1775 -5468063.2517 -2604139.2443 -1976963.3461  229212.6770     265.5065      83.0359
400001591 300000398                                         -5672228.9398 -1330561.6814 -2577802.4491 -5468063.2517 -1976963.3461 -2604139.2443 -5727370.1528 -1973179.1775 -1973179.1775  229212.6770     249.4560     102.3600
400001592 300000398                                         -5468063.2517 -2604139.2443 -1976963.3461 -5727370.1528 -1973179.1775 -1973179.1775 -5468063.2517 -1976963.3461 -2604139.2443  230526.8451     254.6399      93.8843
400001593 300000399                                         -5886036.5016 -2438076.1476       0.0000 -6056845.8882 -1869698.6039 -639129.1082 -5812081.9155 -2522238.0841 -669073.8784  232651.5371     293.5023      53.7734
400001594 300000399                                         -6114140.2800 -1266279.9131 -1266279.9131 -5928333.1219 -1933504.7432 -1306164.9224 -6056845.8882 -1869698.6039 -639129.1082  232712.3450     262.9434      85.5665
400001595 300000399                                         -5672228.9398 -2577802.4491 -1330561.6814 -5812081.9155 -2522238.0841 -669073.8784 -5928333.1219 -1933504.7432 -1306164.9224  231845.9895     271.6106      80.4421
400001596 300000399                                         -6056845.8882 -1869698.6039 -639129.1082 -5928333.1219 -1933504.7432 -1306164.9224 -5812081.9155 -2522238.0841 -669073.8784  234046.8072     276.9308      71.4792
400001597 300000400                                         -5672228.9398 -1330561.6814 -2577802.4491 -5727370.1528 -1973179.1775 -1973179.1775 -5928333.1219 -1306164.9224 -1933504.7432  238189.0310     253.2866      99.0951
400001598 300000400                                         -5672228.9398 -2577802.4491 -1330561.6814 -5928333.1219 -1933504.7432 -1306164.9224 -5727370.1528 -1973179.1775 -1973179.1775  238189.0310     265.7705      82.9420
400001599 300000400                                         -6114140.2800 -1266279.9131 -1266279.9131 -5928333.1219 -1306164.9224 -1933504.7432 -5928333.1219 -1933504.7432 -1306164.9224  237302.7613     258.5356      88.7476
400001600 300000400                                         -5727370.1528 -1973179.1775 -1973179.1775 -5928333.1219 -1933504.7432 -1306164.9224 -5928333.1219 -1306164.9224 -1933504.7432  239617.8861     260.7042      86.1269
400001601 300000401                                               0.0000       0.0000 -6371000.0000       0.0000 -624467.2010 -6340321.8936 -624467.2010       0.0000 -6340321.8936  195921.5441     149.6760     149.7297
400001602 300000401                                               0.0000 -1242920.4416 -6248583.0214 -627459.2093 -627459.2093 -6308900.9250       0.0000 -624467.2010 -6340321.8936  196860.2699     163.4090     152.3745
400001603 300000401                                         -1242920.4416       0.0000 -6248583.0214 -624467.2010       0.0000 -6340321.8936 -627459.2093 -627459.2093 -6308900.9250  196860.2699     176.3920     146.4833
400001604 300000401                                               0.0000 -624467.2010 -6340321.8936 -627459.2093 -627459.2093 -6308900.9250 -624467.2010       0.0000 -6340321.8936  197817.4310     171.0071     145.8624
400001605 300000402                                               0.0000 -2438076.1476 -5886036.5016 -639129.1082 -1869698.6039 -6056845.8882       0.0000 -1849403.6788 -6096666.8789  200521.8161     187.1721     168.9972
400001606 300000402                                         -1266279.9131 -1266279.9131 -6114140.2800 -636326.6289 -1260914.7366 -6212473.2151 -639129.1082 -1869698.6039 -6056845.8882  200560.6406     180.5416     160.2655
400001607 300000402                                               0.0000 -1242920.4416 -6248583.0214       0.0000 -1849403.6788 -6096666.8789 -636326.6289 -1260914.7366 -6212473.2151  199642.5528     169.0458     162.7045
400001608 300000402                                         -639129.1082 -1869698.6039 -6056845.8882 -636326.6289 -1260914.7366 -6212473.2151       0.0000 -1849403.6788 -6096666.8789  201535.9727     178.6675     162.2163
400001609 300000403                                         -2438076.1476       0.0000 -5886036.5016 -1849403.6788       0.0000 -6096666.8789 -1869698.6039 -639129.1082 -6056845.8882  200521.8161     192.1177     164.1645
400001610 300000403                                         -1242920.4416       0.0000 -6248583.0214 -1260914.7366 -636326.6289 -6212473.2151 -1849403.6788       0.0000 -6096666.8789  199642.5528     187.0864     145.0459
400001611 300000403                                         -1266279.9131 -1266279.9131 -6114140.2800 -1869698.6039 -639129.1082 -6056845.8882 -1260914.7366 -636326.6289 -6212473.2151  200560.6406     188.1993     156.6340
400001612 300000403                                         -1849403.6788       0.0000 -6096666.8789 -1260914.7366 -636326.6289 -6212473.2151 -1869698.6039 -639129.1082 -6056845.8882  201535.9727     189.3587     156.0670
400001613 300000404                                               0.0000 -1242920.4416 -6248583.0214 -636326.6289 -1260914.7366 -6212473.2151 -627459.2093 -627459.2093 -6308900.9250  204548.8197     166.4070     154.9410
400001614 300000404                                         -1266279.9131 -1266279.9131 -6114140.2800 -1260914.7366 -636326.6289 -6212473.2151 -636326.6289 -1260914.7366 -6212473.2151  203612.8458     173.4860     160.5341
400001615 300000404                                         -1242920.4416       0.0000 -6248583.0214 -627459.2093 -627459.2093 -6308900.9250 -1260914.7366 -636326.6289 -6212473.2151  204548.8197     177.4764     148.8940
400001616 300000404                                         -636326.6289 -1260914.7366 -6212473.2151 -1260914.7366 -636326.6289 -6212473.2151 -627459.2093 -627459.2093 -6308900.9250  205583.5447     172.6638     153.2502
400001617 300000405                                               0.0000 -4504977.3029 -4504977.3029 -678984.1624 -4126944.5164 -4805928.6788       0.0000 -4041719.6134 -4924849.5984  213029.7505     218.9658     125.3882
400001618 300000405                                         -1346350.7175 -3678298.5650 -5024649.2825 -677162.3725 -3630292.7893 -5191537.9595 -678984.1624 -4126944.5164 -4805928.6788  213259.5913     215.6135     131.2532
400001619 300000405                                               0.0000 -3539537.9546 -5297292.9000       0.0000 -4041719.6134 -4924849.5984 -677162.3725 -3630292.7893 -5191537.9595  212458.1628     212.0489     130.1051
400001620 300000405                                         -678984.1624 -4126944.5164 -4805928.6788 -677162.3725 -3630292.7893 -5191537.9595       0.0000 -4041719.6134 -4924849.5984  214297.3599     215.6911     129.0198
400001621 300000406                                         -2600949.8585 -2600949.8585 -5201899.7171 -1976963.3461 -2604139.2443 -5468063.2517 -1990680.8386 -3166715.9053 -5157396.7439  213953.8407     209.7122     142.6177
400001622 300000406                                         -1330561.6814 -2577802.4491 -5672228.9398 -1345228.8674 -3143878.6287 -5375502.5311 -1976963.3461 -2604139.2443 -5468063.2517  213196.7862     203.9821     142.6532
400001623 300000406                                         -1346350.7175 -3678298.5650 -5024649.2825 -1990680.8386 -3166715.9053 -5157396.7439 -1345228.8674 -3143878.6287 -5375502.5311  213817.3983     212.3850     137.8843
400001624 300000406                                         -1976963.3461 -2604139.2443 -5468063.2517 -1345228.8674 -3143878.6287 -5375502.5311 -1990680.8386 -3166715.9053 -5157396.7439  215042.4187     208.1063     141.1489
400001625 300000407                                               0.0000 -2438076.1476 -5886036.5016       0.0000 -3003268.6103 -5618720.3752 -669073.8784 -2522238.0841 -5812081.9155  209920.2574     196.8078     137.9297
400001626 300000407                                               0.0000 -3539537.9546 -5297292.9000 -671168.2896 -3085738.1156 -5533298.6915       0.0000 -3003268.6103 -5618720.3752  210577.3796     203.0063     135.4473
400001627 300000407                                         -1330561.6814 -2577802.4491 -5672228.9398 -669073.8784 -2522238.0841 -5812081.9155 -671168.2896 -3085738.1156 -5533298.6915  210758.2000     199.8678     139.3217
400001628 300000407                                               0.0000 -3003268.6103 -5618720.3752 -671168.2896 -3085738.1156 -5533298.6915 -669073.8784 -2522238.0841 -5812081.9155  211783.6604     199.5788     136.1073
400001629 300000408                                         -1346350.7175 -3678298.5650 -5024649.2825 -1345228.8674 -3143878.6287 -5375502.5311 -677162.3725 -3630292.7893 -5191537.9595  217445.2803     211.6773     135.7437
400001630 300000408                                         -1330561.6814 -2577802.4491 -5672228.9398 -671168.2896 -3085738.1156 -5533298.6915 -1345228.8674 -3143878.6287 -5375502.5311  218077.9738     203.5511     140.0713
400001631 300000408                                               0.0000 -3539537.9546 -5297292.9000 -677162.3725 -3630292.7893 -5191537.9595 -671168.2896 -3085738.1156 -5533298.6915  218265.1507     206.8929     134.6544
400001632 300000408                                         -1345228.8674 -3143878.6287 -5375502.5311 -671168.2896 -3085738.1156 -5533298.6915 -677162.3725 -3630292.7893 -5191537.9595  219375.9096     206.7815     138.8362
400001633 300000409                                         -4504977.3029       0.0000 -4504977.3029 -4041719.6134       0.0000 -4924849.5984 -4126944.5164 -678984.1624 -4805928.6788  213029.7505     225.4891     121.1877
400001634 300000409                                         -3539537.9546       0.0000 -5297292.9000 -3630292.7893 -677162.3725 -5191537.9595 -4041719.6134       0.0000 -4924849.5984  212458.1628     218.8513     124.1760
400001635 300000409                                         -3678298.5650 -1346350.7175 -5024649.2825 -4126944.5164 -678984.1624 -4805928.6788 -3630292.7893 -677162.3725 -5191537.9595  213259.5913     220.7481     122.9234
400001636 300000409                                         -4041719.6134       0.0000 -4924849.5984 -3630292.7893 -677162.3725 -5191537.9595 -4126944.5164 -678984.1624 -4805928.6788  214297.3599     222.0271     126.7915
400001637 300000410                                         -2438076.1476       0.0000 -5886036.5016 -2522238.0841 -669073.8784 -5812081.9155 -3003268.6103       0.0000 -5618720.3752  209920.2574     199.2729     162.3516
400001638 300000410                                         -2577802.4491 -1330561.6814 -5672228.9398 -3085738.1156 -671168.2896 -5533298.6915 -2522238.0841 -669073.8784 -5812081.9155  210758.2000     202.1144     158.6212
400001639 300000410                                         -3539537.9546       0.0000 -5297292.9000 -3003268.6103       0.0000 -5618720.3752 -3085738.1156 -671168.2896 -5533298.6915  210577.3796     208.6314     131.1105
400001640 300000410                                         -2522238.0841 -669073.8784 -5812081.9155 -3085738.1156 -671168.2896 -5533298.6915 -3003268.6103       0.0000 -5618720.3752  211783.6604     202.7027     147.8271
400001641 300000411                                         -2600949.8585 -2600949.8585 -5201899.7171 -3166715.9053 -1990680.8386 -5157396.7439 -2604139.2443 -1976963.3461 -5468063.2517  213953.8407     210.5354     138.9277
400001642 300000411                                         -3678298.5650 -1346350.7175 -5024649.2825 -3143878.6287 -1345228.8674 -5375502.5311 -3166715.9053 -1990680.8386 -5157396.7439  213817.3983     215.6656     128.9010
400001643 300000411                                         -2577802.4491 -1330561.6814 -5672228.9398 -2604139.2443 -1976963.3461 -5468063.2517 -3143878.6287 -1345228.8674 -5375502.5311  213196.7862     205.9122     141.1922
400001644 300000411                                         -3166715.9053 -1990680.8386 -5157396.7439 -3143878.6287 -1345228.8674 -5375502.5311 -2604139.2443 -1976963.3461 -5468063.2517  215042.4187     211.1438     131.9253
400001645 300000412                                         -3539537.9546       0.0000 -5297292.9000 -3085738.1156 -671168.2896 -5533298.6915 -3630292.7893 -677162.3725 -5191537.9595  218265.1507     213.4042     125.5191
400001646 300000412                                         -2577802.4491 -1330561.6814 -5672228.9398 -3143878.6287 -1345228.8674 -5375502.5311 -3085738.1156 -671168.2896 -5533298.6915  218077.9738     205.9592     138.4188
400001647 300000412                                         -3678298.5650 -1346350.7175 -5024649.2825 -3630292.7893 -677162.3725 -5191537.9595 -3143878.6287 -1345228.8674 -5375502.5311  217445.2803     216.0378     126.4583
400001648 300000412                                         -3085738.1156 -671168.2896 -5533298.6915 -3143878.6287 -1345228.8674 -5375502.5311 -3630292.7893 -677162.3725 -5191537.9595  219375.9096     211.3877     128.3211
400001649 300000413                                               0.0000 -2438076.1476 -5886036.5016 -669073.8784 -2522238.0841 -5812081.9155 -639129.1082 -1869698.6039 -6056845.8882  232651.5371     192.9112     156.3271
400001650 300000413                                         -1330561.6814 -2577802.4491 -5672228.9398 -1306164.9224 -1933504.7432 -5928333.1219 -669073.8784 -2522238.0841 -5812081.9155  231845.9895     197.4232     150.8739
400001651 300000413                                         -1266279.9131 -1266279.9131 -6114140.2800 -639129.1082 -1869698.6039 -6056845.8882 -1306164.9224 -1933504.7432 -5928333.1219  232712.3450     190.8762     165.6862
400001652 300000413                                         -669073.8784 -2522238.0841 -5812081.9155 -1306164.9224 -1933504.7432 -5928333.1219 -639129.1082 -1869698.6039 -6056845.8882  234046.8072     193.4302     163.4801
400001653 300000414                                         -2600949.8585 -2600949.8585 -5201899.7171 -2604139.2443 -1976963.3461 -5468063.2517 -1976963.3461 -2604139.2443 -5468063.2517  228300.1373     207.1634     144.3148
400001654 300000414                                         -2577802.4491 -1330561.6814 -5672228.9398 -1973179.1775 -1973179.1775 -5727370.1528 -2604139.2443 -1976963.3461 -5468063.2517  229212.6770     202.6455     162.3199
400001655 300000414                                         -1330561.6814 -2577802.4491 -5672228.9398 -1976963.3461 -2604139.2443 -5468063.2517 -1973179.1775 -1973179.1775 -5727370.1528  229212.6770     201.3461     147.3758
400001656 300000414                                         -2604139.2443 -1976963.3461 -5468063.2517 -1973179.1775 -1973179.1775 -5727370.1528 -1976963.3461 -2604139.2443 -5468063.2517  230526.8451     203.8848     147.2250
400001657 300000415                                         -2438076.1476       0.0000 -5886036.5016 -1869698.6039 -639129.1082 -6056845.8882 -2522238.0841 -669073.8784 -5812081.9155  232651.5371     195.3248     172.0915
400001658 300000415                                         -1266279.9131 -1266279.9131 -6114140.2800 -1933504.7432 -1306164.9224 -5928333.1219 -1869698.6039 -639129.1082 -6056845.8882  232712.3450     192.0946     165.6642
400001659 300000415                                         -2577802.4491 -1330561.6814 -5672228.9398 -2522238.0841 -669073.8784 -5812081.9155 -1933504.7432 -1306164.9224 -5928333.1219  231845.9895     198.5296     176.5068
400001660 300000415                                         -1869698.6039 -639129.1082 -6056845.8882 -1933504.7432 -1306164.9224 -5928333.1219 -2522238.0841 -669073.8784 -5812081.9155  234046.8072     195.5895     170.7677
400001661 300000416                                         -1330561.6814 -2577802.4491 -5672228.9398 -1973179.1775 -1973179.1775 -5727370.1528 -1306164.9224 -1933504.7432 -5928333.1219  238189.0310     198.2007     157.8980
400001662 300000416                                         -2577802.4491 -1330561.6814 -5672228.9398 -1933504.7432 -1306164.9224 -5928333.1219 -1973179.1775 -1973179.1775 -5727370.1528  238189.0310     199.0746     177.7257
400001663 300000416                                         -1266279.9131 -1266279.9131 -6114140.2800 -1306164.9224 -1933504.7432 -5928333.1219 -1933504.7432 -1306164.9224 -5928333.1219  237302.7613     192.9767     168.6494
400001664 300000416                                         -1973179.1775 -1973179.1775 -5727370.1528 -1933504.7432 -1306164.9224 -5928333.1219 -1306164.9224 -1933504.7432 -5928333.1219  239617.8861     196.5227     173.5909
400001665 300000417                                               0.0000 -6371000.0000       0.0000 -624467.2010 -6340321.8936       0.0000       0.0000 -6340321.8936 -624467.2010  195921.5441     276.5363      84.1253
400001666 300000417                                         -1242920.4416 -6248583.0214       0.0000 -627459.2093 -6308900.9250 -627459.2093 -624467.2010 -6340321.8936       0.0000  196860.2699     281.2402      85.2717
400001667 300000417                                               0.0000 -6248583.0214 -1242920.4416       0.0000 -6340321.8936 -624467.2010 -627459.2093 -6308900.9250 -627459.2093  196860.2699     279.1736     102.5478
400001668 300000417                                         -624467.2010 -6340321.8936       0.0000 -627459.2093 -6308900.9250 -627459.2093       0.0000 -6340321.8936 -624467.2010  197817.4310     279.8026      87.3736
400001669 300000418                                         -2438076.1476 -5886036.5016       0.0000 -1869698.6039 -6056845.8882 -639129.1082 -1849403.6788 -6096666.8789       0.0000  200521.8161     286.1756      70.7927
400001670 300000418                                         -1266279.9131 -6114140.2800 -1266279.9131 -1260914.7366 -6212473.2151 -636326.6289 -1869698.6039 -6056845.8882 -639129.1082  200560.6406     287.7333      90.5208
400001671 300000418                                         -1242920.4416 -6248583.0214       0.0000 -1849403.6788 -6096666.8789       0.0000 -1260914.7366 -6212473.2151 -636326.6289  199642.5528     283.8206      80.6786
400001672 300000418                                         -1869698.6039 -6056845.8882 -639129.1082 -1260914.7366 -6212473.2151 -636326.6289 -1849403.6788 -6096666.8789       0.0000  201535.9727     286.6613      79.5744
400001673 300000419                                               0.0000 -5886036.5016 -2438076.1476       0.0000 -6096666.8789 -1849403.6788 -639129.1082 -6056845.8882 -1869698.6039  200521.8161     273.8979     112.2840
400001674 300000419                                               0.0000 -6248583.0214 -1242920.4416 -636326.6289 -6212473.2151 -1260914.7366       0.0000 -6096666.8789 -1849403.6788  199642.5528     279.1038     109.8885
400001675 300000419                                         -1266279.9131 -6114140.2800 -1266279.9131 -639129.1082 -6056845.8882 -1869698.6039 -636326.6289 -6212473.2151 -1260914.7366  200560.6406     281.9595     105.0470
400001676 300000419                                               0.0000 -6096666.8789 -1849403.6788 -636326.6289 -6212473.2151 -1260914.7366 -639129.1082 -6056845.8882 -1869698.6039  201535.9727     278.6723     110.0773
400001677 300000420                                         -1242920.4416 -6248583.0214       0.0000 -1260914.7366 -6212473.2151 -636326.6289 -627459.2093 -6308900.9250 -627459.2093  204548.8197     284.0719      86.5136
400001678 300000420                                         -1266279.9131 -6114140.2800 -1266279.9131 -636326.6289 -6212473.2151 -1260914.7366 -1260914.7366 -6212473.2151 -636326.6289  203612.8458     285.4774      98.8525
400001679 300000420                                               0.0000 -6248583.0214 -1242920.4416 -627459.2093 -6308900.9250 -627459.2093 -636326.6289 -6212473.2151 -1260914.7366  204548.8197     281.2954      99.4475
400001680 300000420                                         -1260914.7366 -6212473.2151 -636326.6289 -636326.6289 -6212473.2151 -1260914.7366 -627459.2093 -6308900.9250 -627459.2093  205583.5447     284.1230      94.5210
400001681 300000421                                         -4504977.3029 -4504977.3029       0.0000 -4126944.5164 -4805928.6788 -678984.1624 -4041719.6134 -4924849.5984       0.0000  213029.7505     294.4956      50.2705
400001682 300000421                                         -3678298.5650 -5024649.2825 -1346350.7175 -3630292.7893 -5191537.9595 -677162.3725 -4126944.5164 -4805928.6788 -678984.1624  213259.5913     296.4022      55.6641
400001683 300000421                                         -3539537.9546 -5297292.9000       0.0000 -4041719.6134 -4924849.5984       0.0000 -3630292.7893 -5191537.9595 -677162.3725  212458.1628     293.1264      54.5633
400001684 300000421                                         -4126944.5164 -4805928.6788 -678984.1624 -3630292.7893 -5191537.9595 -677162.3725 -4041719.6134 -4924849.5984       0.0000  214297.3599     296.1223      51.9532
400001685 300000422                                         -2600949.8585 -5201899.7171 -2600949.8585 -2604139.2443 -5468063.2517 -1976963.3461 -3166715.9053 -5157396.7439 -1990680.8386  213953.8407     273.7054      78.8276
400001686 300000422                                         -2577802.4491 -5672228.9398 -1330561.6814 -3143878.6287 -5375502.5311 -1345228.8674 -2604139.2443 -5468063.2517 -1976963.3461  213196.7862     286.1772      77.2502
400001687 300000422                                         -3678298.5650 -5024649.2825 -1346350.7175 -3166715.9053 -5157396.7439 -1990680.8386 -3143878.6287 -5375502.5311 -1345228.8674  213817.3983     286.4873      74.6846
400001688 300000422                                         -2604139.2443 -5468063.2517 -1976963.3461 -3143878.6287 -5375502.5311 -1345228.8674 -3166715.9053 -5157396.7439 -1990680.8386  215042.4187     282.2412      78.9174
400001689 300000423                                         -2438076.1476 -5886036.5016       0.0000 -3003268.6103 -5618720.3752       0.0000 -2522238.0841 -5812081.9155 -669073.8784  209920.2574     288.7920      65.3079
400001690 300000423                                         -3539537.9546 -5297292.9000       0.0000 -3085738.1156 -5533298.6915 -671168.2896 -3003268.6103 -5618720.3752       0.0000  210577.3796     291.1101      60.7946
400001691 300000423                                         -2577802.4491 -5672228.9398 -1330561.6814 -2522238.0841 -5812081.9155 -669073.8784 -3085738.1156 -5533298.6915 -671168.2896  210758.2000     293.1794      67.3277
400001692 300000423                                         -3003268.6103 -5618720.3752       0.0000 -3085738.1156 -5533298.6915 -671168.2896 -2522238.0841 -5812081.9155 -669073.8784  211783.6604     291.9559      63.4241
400001693 300000424                                         -3678298.5650 -5024649.2825 -1346350.7175 -3143878.6287 -5375502.5311 -1345228.8674 -3630292.7893 -5191537.9595 -677162.3725  217445.2803     293.9762      64.3500
400001694 300000424                                         -2577802.4491 -5672228.9398 -1330561.6814 -3085738.1156 -5533298.6915 -671168.2896 -3143878.6287 -5375502.5311 -1345228.8674  218077.9738     292.6393      68.2133
400001695 300000424                                         -3539537.9546 -5297292.9000       0.0000 -3630292.7893 -5191537.9595 -677162.3725 -3085738.1156 -5533298.6915 -671168.2896  218265.1507     294.3513      59.3814
400001696 300000424                                         -3143878.6287 -5375502.5311 -1345228.8674 -3085738.1156 -5533298.6915 -671168.2896 -3630292.7893 -5191537.9595 -677162.3725  219375.9096     295.2579      61.5814
400001697 300000425                                               0.0000 -4504977.3029 -4504977.3029       0.0000 -4924849.5984 -4041719.6134 -678984.1624 -4805928.6788 -4126944.5164  213029.7505     225.2868     126.6140
400001698 300000425                                               0.0000 -5297292.9000 -3539537.9546 -677162.3725 -5191537.9595 -3630292.7893       0.0000 -4924849.5984 -4041719.6134  212458.1628     235.6317     114.8089
400001699 300000425                                         -1346350.7175 -5024649.2825 -3678298.5650 -678984.1624 -4805928.6788 -4126944.5164 -677162.3725 -5191537.9595 -3630292.7893  213259.5913     230.2239     123.2035
400001700 300000425                                               0.0000 -4924849.5984 -4041719.6134 -677162.3725 -5191537.9595 -3630292.7893 -678984.1624 -4805928.6788 -4126944.5164  214297.3599     230.2116     121.0132
400001701 300000426                                               0.0000 -5886036.5016 -2438076.1476 -669073.8784 -5812081.9155 -2522238.0841       0.0000 -5618720.3752 -3003268.6103  209920.2574     265.5251      99.0092
400001702 300000426                                         -1330561.6814 -5672228.9398 -2577802.4491 -671168.2896 -5533298.6915 -3085738.1156 -669073.8784 -5812081.9155 -2522238.0841  210758.2000     262.4648      94.4092
400001703 300000426                                               0.0000 -5297292.9000 -3539537.9546       0.0000 -5618720.3752 -3003268.6103 -671168.2896 -5533298.6915 -3085738.1156  210577.3796     250.3504     100.4827
400001704 300000426                                         -669073.8784 -5812081.9155 -2522238.0841 -671168.2896 -5533298.6915 -3085738.1156       0.0000 -5618720.3752 -3003268.6103  211783.6604     259.7018      97.1779
400001705 300000427                                         -2600949.8585 -5201899.7171 -2600949.8585 -1990680.8386 -5157396.7439 -3166715.9053 -1976963.3461 -5468063.2517 -2604139.2443  213953.8407     255.7413      89.2050
400001706 300000427                                         -1346350.7175 -5024649.2825 -3678298.5650 -1345228.8674 -5375502.5311 -3143878.6287 -1990680.8386 -5157396.7439 -3166715.9053  213817.3983     240.9934     106.5522
400001707 300000427                                         -1330561.6814 -5672228.9398 -2577802.4491 -1976963.3461 -5468063.2517 -2604139.2443 -1345228.8674 -5375502.5311 -3143878.6287  213196.7862     258.7760      90.7231
400001708 300000427                                         -1990680.8386 -5157396.7439 -3166715.9053 -1345228.8674 -5375502.5311 -3143878.6287 -1976963.3461 -5468063.2517 -2604139.2443  215042.4187     251.5457      96.2890
400001709 300000428                                               0.0000 -5297292.9000 -3539537.9546 -671168.2896 -5533298.6915 -3085738.1156 -677162.3725 -5191537.9595 -3630292.7893  218265.1507     243.1823     107.0204
400001710 300000428                                         -1330561.6814 -5672228.9398 -2577802.4491 -1345228.8674 -5375502.5311 -3143878.6287 -671168.2896 -5533298.6915 -3085738.1156  218077.9738     255.7445      94.2996
400001711 300000428                                         -1346350.7175 -5024649.2825 -3678298.5650 -677162.3725 -5191537.9595 -3630292.7893 -1345228.8674 -5375502.5311 -3143878.6287  217445.2803     238.2680     110.7817
400001712 300000428                                         -671168.2896 -5533298.6915 -3085738.1156 -1345228.8674 -5375502.5311 -3143878.6287 -677162.3725 -5191537.9595 -3630292.7893  219375.9096     245.4156     103.4795
400001713 300000429                                         -2438076.1476 -5886036.5016       0.0000 -2522238.0841 -5812081.9155 -669073.8784 -1869698.6039 -6056845.8882 -639129.1082  232651.5371     289.3542      70.2046
400001714 300000429                                         -2577802.4491 -5672228.9398 -1330561.6814 -1933504.7432 -5928333.1219 -1306164.9224 -2522238.0841 -5812081.9155 -669073.8784  231845.9895     290.6299      76.9140
400001715 300000429                                         -1266279.9131 -6114140.2800 -1266279.9131 -1869698.6039 -6056845.8882 -639129.1082 -1933504.7432 -5928333.1219 -1306164.9224  232712.3450     288.4219      86.0599
400001716 300000429                                         -2522238.0841 -5812081.9155 -669073.8784 -1933504.7432 -5928333.1219 -1306164.9224 -1869698.6039 -6056845.8882 -639129.1082  234046.8072     290.6092      77.7074
400001717 300000430                                         -2600949.8585 -5201899.7171 -2600949.8585 -1976963.3461 -5468063.2517 -2604139.2443 -2604139.2443 -5468063.2517 -1976963.3461  228300.1373     268.7895      81.5156
400001718 300000430                                         -1330561.6814 -5672228.9398 -2577802.4491 -1973179.1775 -5727370.1528 -1973179.1775 -1976963.3461 -5468063.2517 -2604139.2443  229212.6770     270.1961      85.4237
400001719 300000430                                         -2577802.4491 -5672228.9398 -1330561.6814 -2604139.2443 -5468063.2517 -1976963.3461 -1973179.1775 -5727370.1528 -1973179.1775  229212.6770     282.2248      81.7734
400001720 300000430                                         -1976963.3461 -5468063.2517 -2604139.2443 -1973179.1775 -5727370.1528 -1973179.1775 -2604139.2443 -5468063.2517 -1976963.3461  230526.8451     274.4511      83.1649
400001721 300000431                                               0.0000 -5886036.5016 -2438076.1476 -639129.1082 -6056845.8882 -1869698.6039 -669073.8784 -5812081.9155 -2522238.0841  232651.5371     271.6198     104.1697
400001722 300000431                                         -1266279.9131 -6114140.2800 -1266279.9131 -1306164.9224 -5928333.1219 -1933504.7432 -639129.1082 -6056845.8882 -1869698.6039  232712.3450     280.4727     103.9354
400001723 300000431                                         -1330561.6814 -5672228.9398 -2577802.4491 -669073.8784 -5812081.9155 -2522238.0841 -1306164.9224 -5928333.1219 -1933504.7432  231845.9895     271.0840      95.8312
400001724 300000431                                         -639129.1082 -6056845.8882 -1869698.6039 -1306164.9224 -5928333.1219 -1933504.7432 -669073.8784 -5812081.9155 -2522238.0841  234046.8072     274.5620     102.6550
400001725 300000432                                         -2577802.4491 -5672228.9398 -1330561.6814 -1973179.1775 -5727370.1528 -1973179.1775 -1933504.7432 -5928333.1219 -1306164.9224  238189.0310     284.8562      85.3524
400001726 300000432                                         -1330561.6814 -5672228.9398 -2577802.4491 -1306164.9224 -5928333.1219 -1933504.7432 -1973179.1775 -5727370.1528 -1973179.1775  238189.0310     274.8974      89.4337
400001727 300000432                                         -1266279.9131 -6114140.2800 -1266279.9131 -1933504.7432 -5928333.1219 -1306164.9224 -1306164.9224 -5928333.1219 -1933504.7432  237302.7613     283.6738      95.9801
400001728 300000432                                         -1973179.1775 -5727370.1528 -1973179.1775 -1306164.9224 -5928333.1219 -1933504.7432 -1933504.7432 -5928333.1219 -1306164.9224  239617.8861     281.4081      90.4350
400001729 300000433                                         -4504977.3029       0.0000 -4504977.3029 -4126944.5164 -678984.1624 -4805928.6788 -4805928.6788 -678984.1624 -4126944.5164  328324.9483     228.8817     120.7175
400001730 300000433                                         -3678298.5650 -1346350.7175 -5024649.2825 -4400885.2099 -1361638.6226 -4400885.2099 -4126944.5164 -678984.1624 -4805928.6788  329212.3599     225.6489     124.2999
400001731 300000433                                         -5024649.2825 -1346350.7175 -3678298.5650 -4805928.6788 -678984.1624 -4126944.5164 -4400885.2099 -1361638.6226 -4400885.2099  329212.3599     233.5561     116.2076
400001732 300000433                                         -4126944.5164 -678984.1624 -4805928.6788 -4400885.2099 -1361638.6226 -4400885.2099 -4805928.6788 -678984.1624 -4126944.5164  332074.9378     229.6832     120.8753
400001733 300000434                                         -2600949.8585 -2600949.8585 -5201899.7171 -3374031.3064 -2687534.5848 -4688572.4479 -3166715.9053 -1990680.8386 -5157396.7439  331958.1435     217.1971     134.0189
400001734 300000434                                         -4074905.2917 -2716603.5278 -4074905.2917 -3912146.8074 -2050103.9020 -4591494.5659 -3374031.3064 -2687534.5848 -4688572.4479  332135.9111     227.1342     123.2169
400001735 300000434                                         -3678298.5650 -1346350.7175 -5024649.2825 -3166715.9053 -1990680.8386 -5157396.7439 -3912146.8074 -2050103.9020 -4591494.5659  331417.2039     220.5479     130.9274
400001736 300000434                                         -3374031.3064 -2687534.5848 -4688572.4479 -3912146.8074 -2050103.9020 -4591494.5659 -3166715.9053 -1990680.8386 -5157396.7439  335024.3025     221.6994     130.1837
400001737 300000435                                         -5201899.7171 -2600949.8585 -2600949.8585 -5157396.7439 -1990680.8386 -3166715.9053 -4688572.4479 -2687534.5848 -3374031.3064  331958.1435     239.5237     113.6165
400001738 300000435                                         -5024649.2825 -1346350.7175 -3678298.5650 -4591494.5659 -2050103.9020 -3912146.8074 -5157396.7439 -1990680.8386 -3166715.9053  331417.2039     238.8137     113.5937
400001739 300000435                                         -4074905.2917 -2716603.5278 -4074905.2917 -4688572.4479 -2687534.5848 -3374031.3064 -4591494.5659 -2050103.9020 -3912146.8074  332135.9111     232.8866     120.7848
400001740 300000435                                         -5157396.7439 -1990680.8386 -3166715.9053 -4591494.5659 -2050103.9020 -3912146.8074 -4688572.4479 -2687534.5848 -3374031.3064  335024.3025     236.5173     117.3576
400001741 300000436                                         -3678298.5650 -1346350.7175 -5024649.2825 -3912146.8074 -2050103.9020 -4591494.5659 -4400885.2099 -1361638.6226 -4400885.2099  344128.0612     225.5786     127.4461
400001742 300000436                                         -4074905.2917 -2716603.5278 -4074905.2917 -4591494.5659 -2050103.9020 -3912146.8074 -3912146.8074 -2050103.9020 -4591494.5659  343384.2298     230.0892     123.4218
400001743 300000436                                         -5024649.2825 -1346350.7175 -3678298.5650 -4400885.2099 -1361638.6226 -4400885.2099 -4591494.5659 -2050103.9020 -3912146.8074  344128.0612     232.8861     118.5112
400001744 300000436                                         -3912146.8074 -2050103.9020 -4591494.5659 -4591494.5659 -2050103.9020 -3912146.8074 -4400885.2099 -1361638.6226 -4400885.2099  347308.3434     228.6708     123.7791
400001745 300000437                                               0.0000 -4504977.3029 -4504977.3029 -678984.1624 -4805928.6788 -4126944.5164 -678984.1624 -4126944.5164 -4805928.6788  328324.9483     222.1017     126.2857
400001746 300000437                                         -1346350.7175 -5024649.2825 -3678298.5650 -1361638.6226 -4400885.2099 -4400885.2099 -678984.1624 -4805928.6788 -4126944.5164  329212.3599     226.2018     129.0089
400001747 300000437                                         -1346350.7175 -3678298.5650 -5024649.2825 -678984.1624 -4126944.5164 -4805928.6788 -1361638.6226 -4400885.2099 -4400885.2099  329212.3599     220.0205     132.3342
400001748 300000437                                         -678984.1624 -4805928.6788 -4126944.5164 -1361638.6226 -4400885.2099 -4400885.2099 -678984.1624 -4126944.5164 -4805928.6788  332074.9378     223.3952     128.7098
400001749 300000438                                         -2600949.8585 -5201899.7171 -2600949.8585 -2687534.5848 -4688572.4479 -3374031.3064 -1990680.8386 -5157396.7439 -3166715.9053  331958.1435     245.1461     100.0228
400001750 300000438                                         -2716603.5278 -4074905.2917 -4074905.2917 -2050103.9020 -4591494.5659 -3912146.8074 -2687534.5848 -4688572.4479 -3374031.3064  332135.9111     228.2119     126.7444
400001751 300000438                                         -1346350.7175 -5024649.2825 -3678298.5650 -1990680.8386 -5157396.7439 -3166715.9053 -2050103.9020 -4591494.5659 -3912146.8074  331417.2039     231.7438     120.7824
400001752 300000438                                         -2687534.5848 -4688572.4479 -3374031.3064 -2050103.9020 -4591494.5659 -3912146.8074 -1990680.8386 -5157396.7439 -3166715.9053  335024.3025     232.6985     119.4390
400001753 300000439                                         -2600949.8585 -2600949.8585 -5201899.7171 -1990680.8386 -3166715.9053 -5157396.7439 -2687534.5848 -3374031.3064 -4688572.4479  331958.1435     217.0422     137.1097
400001754 300000439                                         -1346350.7175 -3678298.5650 -5024649.2825 -2050103.9020 -3912146.8074 -4591494.5659 -1990680.8386 -3166715.9053 -5157396.7439  331417.2039     218.7502     131.6771
400001755 300000439                                         -2716603.5278 -4074905.2917 -4074905.2917 -2687534.5848 -3374031.3064 -4688572.4479 -2050103.9020 -3912146.8074 -4591494.5659  332135.9111     224.5390     127.5826
400001756 300000439                                         -1990680.8386 -3166715.9053 -5157396.7439 -2050103.9020 -3912146.8074 -4591494.5659 -2687534.5848 -3374031.3064 -4688572.4479  335024.3025     220.7232     132.3088
400001757 300000440                                         -1346350.7175 -5024649.2825 -3678298.5650 -2050103.9020 -4591494.5659 -3912146.8074 -1361638.6226 -4400885.2099 -4400885.2099  344128.0612     226.3355     129.2789
400001758 300000440                                         -2716603.5278 -4074905.2917 -4074905.2917 -2050103.9020 -3912146.8074 -4591494.5659 -2050103.9020 -4591494.5659 -3912146.8074  343384.2298     226.1800     128.1490
400001759 300000440                                         -1346350.7175 -3678298.5650 -5024649.2825 -1361638.6226 -4400885.2099 -4400885.2099 -2050103.9020 -3912146.8074 -4591494.5659  344128.0612     221.5736     133.3040
400001760 300000440                                         -2050103.9020 -4591494.5659 -3912146.8074 -2050103.9020 -3912146.8074 -4591494.5659 -1361638.6226 -4400885.2099 -4400885.2099  347308.3434     225.5244     129.9220
400001761 300000441                                         -4504977.3029 -4504977.3029       0.0000 -4805928.6788 -4126944.5164 -678984.1624 -4126944.5164 -4805928.6788 -678984.1624  328324.9483     297.2832      49.0805
400001762 300000441                                         -5024649.2825 -3678298.5650 -1346350.7175 -4400885.2099 -4400885.2099 -1361638.6226 -4805928.6788 -4126944.5164 -678984.1624  329212.3599     290.2122      61.5907
400001763 300000441                                         -3678298.5650 -5024649.2825 -1346350.7175 -4126944.5164 -4805928.6788 -678984.1624 -4400885.2099 -4400885.2099 -1361638.6226  329212.3599     293.6963      59.7853
400001764 300000441                                         -4805928.6788 -4126944.5164 -678984.1624 -4400885.2099 -4400885.2099 -1361638.6226 -4126944.5164 -4805928.6788 -678984.1624  332074.9378     295.8285      54.7670
400001765 300000442                                         -5201899.7171 -2600949.8585 -2600949.8585 -4688572.4479 -3374031.3064 -2687534.5848 -5157396.7439 -3166715.9053 -1990680.8386  331958.1435     251.4903      94.9357
400001766 300000442                                         -4074905.2917 -4074905.2917 -2716603.5278 -4591494.5659 -3912146.8074 -2050103.9020 -4688572.4479 -3374031.3064 -2687534.5848  332135.9111     247.2010     100.5388
400001767 300000442                                         -5024649.2825 -3678298.5650 -1346350.7175 -5157396.7439 -3166715.9053 -1990680.8386 -4591494.5659 -3912146.8074 -2050103.9020  331417.2039     269.9945      76.1476
400001768 300000442                                         -4688572.4479 -3374031.3064 -2687534.5848 -4591494.5659 -3912146.8074 -2050103.9020 -5157396.7439 -3166715.9053 -1990680.8386  335024.3025     255.9954      90.2522
400001769 300000443                                         -2600949.8585 -5201899.7171 -2600949.8585 -3166715.9053 -5157396.7439 -1990680.8386 -3374031.3064 -4688572.4479 -2687534.5848  331958.1435     264.2380      82.3760
400001770 300000443                                         -3678298.5650 -5024649.2825 -1346350.7175 -3912146.8074 -4591494.5659 -2050103.9020 -3166715.9053 -5157396.7439 -1990680.8386  331417.2039     281.4398      74.9401
400001771 300000443                                         -4074905.2917 -4074905.2917 -2716603.5278 -3374031.3064 -4688572.4479 -2687534.5848 -3912146.8074 -4591494.5659 -2050103.9020  332135.9111     251.6222      93.3206
400001772 300000443                                         -3166715.9053 -5157396.7439 -1990680.8386 -3912146.8074 -4591494.5659 -2050103.9020 -3374031.3064 -4688572.4479 -2687534.5848  335024.3025     267.4823      80.8377
400001773 300000444                                         -5024649.2825 -3678298.5650 -1346350.7175 -4591494.5659 -3912146.8074 -2050103.9020 -4400885.2099 -4400885.2099 -1361638.6226  344128.0612     278.9561      68.5477
400001774 300000444                                         -4074905.2917 -4074905.2917 -2716603.5278 -3912146.8074 -4591494.5659 -2050103.9020 -4591494.5659 -3912146.8074 -2050103.9020  343384.2298     256.3428      88.2237
400001775 300000444                                         -3678298.5650 -5024649.2825 -1346350.7175 -4400885.2099 -4400885.2099 -1361638.6226 -3912146.8074 -4591494.5659 -2050103.9020  344128.0612     284.6385      68.5053
400001776 300000444                                         -4591494.5659 -3912146.8074 -2050103.9020 -3912146.8074 -4591494.5659 -2050103.9020 -4400885.2099 -4400885.2099 -1361638.6226  347308.3434     275.0842      72.7155
400001777 300000445                                         -2600949.8585 -2600949.8585 -5201899.7171 -2687534.5848 -3374031.3064 -4688572.4479 -3374031.3064 -2687534.5848 -4688572.4479  387995.8446     220.4611     130.3585
400001778 300000445                                         -2716603.5278 -4074905.2917 -4074905.2917 -3435012.9904 -3435012.9904 -4122015.5885 -2687534.5848 -3374031.3064 -4688572.4479  388281.7658     226.6133     124.4086
400001779 300000445                                         -4074905.2917 -2716603.5278 -4074905.2917 -3374031.3064 -2687534.5848 -4688572.4479 -3435012.9904 -3435012.9904 -4122015.5885  388281.7658     228.3981     120.9872
400001780 300000445                                         -2687534.5848 -3374031.3064 -4688572.4479 -3435012.9904 -3435012.9904 -4122015.5885 -3374031.3064 -2687534.5848 -4688572.4479  392517.4362     225.2546     122.2947
400001781 300000446                                         -2600949.8585 -5201899.7171 -2600949.8585 -3374031.3064 -4688572.4479 -2687534.5848 -2687534.5848 -4688572.4479 -3374031.3064  387995.8446     246.8051      98.6528
400001782 300000446                                         -4074905.2917 -4074905.2917 -2716603.5278 -3435012.9904 -4122015.5885 -3435012.9904 -3374031.3064 -4688572.4479 -2687534.5848  388281.7658     236.8216     113.5830
400001783 300000446                                         -2716603.5278 -4074905.2917 -4074905.2917 -2687534.5848 -4688572.4479 -3374031.3064 -3435012.9904 -4122015.5885 -3435012.9904  388281.7658     228.1713     126.4570
400001784 300000446                                         -3374031.3064 -4688572.4479 -2687534.5848 -3435012.9904 -4122015.5885 -3435012.9904 -2687534.5848 -4688572.4479 -3374031.3064  392517.4362     235.0086     117.2015
400001785 300000447                                         -5201899.7171 -2600949.8585 -2600949.8585 -4688572.4479 -2687534.5848 -3374031.3064 -4688572.4479 -3374031.3064 -2687534.5848  387995.8446     241.5488     107.5671
400001786 300000447                                         -4074905.2917 -2716603.5278 -4074905.2917 -4122015.5885 -3435012.9904 -3435012.9904 -4688572.4479 -2687534.5848 -3374031.3064  388281.7658     233.6039     120.3490
400001787 300000447                                         -4074905.2917 -4074905.2917 -2716603.5278 -4688572.4479 -3374031.3064 -2687534.5848 -4122015.5885 -3435012.9904 -3435012.9904  388281.7658     238.2414     111.5548
400001788 300000447                                         -4688572.4479 -2687534.5848 -3374031.3064 -4122015.5885 -3435012.9904 -3435012.9904 -4688572.4479 -3374031.3064 -2687534.5848  392517.4362     237.6258     113.9742
400001789 300000448                                         -2716603.5278 -4074905.2917 -4074905.2917 -3435012.9904 -4122015.5885 -3435012.9904 -3435012.9904 -3435012.9904 -4122015.5885  405996.4825     228.0262     126.9380
400001790 300000448                                         -4074905.2917 -4074905.2917 -2716603.5278 -4122015.5885 -3435012.9904 -3435012.9904 -3435012.9904 -4122015.5885 -3435012.9904  405996.4825     233.4830     120.6629
400001791 300000448                                         -4074905.2917 -2716603.5278 -4074905.2917 -3435012.9904 -3435012.9904 -4122015.5885 -4122015.5885 -3435012.9904 -3435012.9904  405996.4825     232.4704     119.7952
400001792 300000448                                         -3435012.9904 -4122015.5885 -3435012.9904 -4122015.5885 -3435012.9904 -3435012.9904 -3435012.9904 -3435012.9904 -4122015.5885  410731.3740     231.3667     125.1711
400001793 300000449                                               0.0000 -6371000.0000       0.0000       0.0000 -6340321.8936 -624467.2010  624467.2010 -6340321.8936       0.0000  195921.5441     271.6160     106.1374
400001794 300000449                                               0.0000 -6248583.0214 -1242920.4416  627459.2093 -6308900.9250 -627459.2093       0.0000 -6340321.8936 -624467.2010  196860.2699     274.4411     116.3477
400001795 300000449                                         1242920.4416 -6248583.0214       0.0000  624467.2010 -6340321.8936       0.0000  627459.2093 -6308900.9250 -627459.2093  196860.2699     258.1261     149.6634
400001796 300000449                                               0.0000 -6340321.8936 -624467.2010  627459.2093 -6308900.9250 -627459.2093  624467.2010 -6340321.8936       0.0000  197817.4310     269.6584     114.0140
400001797 300000450                                               0.0000 -5886036.5016 -2438076.1476  639129.1082 -6056845.8882 -1869698.6039       0.0000 -6096666.8789 -1849403.6788  200521.8161     273.2218     121.3462
400001798 300000450                                         1266279.9131 -6114140.2800 -1266279.9131  636326.6289 -6212473.2151 -1260914.7366  639129.1082 -6056845.8882 -1869698.6039  200560.6406     270.3456     151.1764
400001799 300000450                                               0.0000 -6248583.0214 -1242920.4416       0.0000 -6096666.8789 -1849403.6788  636326.6289 -6212473.2151 -1260914.7366  199642.5528     276.2288     127.6514
400001800 300000450                                          639129.1082 -6056845.8882 -1869698.6039  636326.6289 -6212473.2151 -1260914.7366       0.0000 -6096666.8789 -1849403.6788  201535.9727     274.7971     136.8381
400001801 300000451                                         2438076.1476 -5886036.5016       0.0000 1849403.6788 -6096666.8789       0.0000 1869698.6039 -6056845.8882 -639129.1082  200521.8161     211.2489     136.5259
400001802 300000451                                         1242920.4416 -6248583.0214       0.0000 1260914.7366 -6212473.2151 -636326.6289 1849403.6788 -6096666.8789       0.0000  199642.5528     217.6245     152.8141
400001803 300000451                                         1266279.9131 -6114140.2800 -1266279.9131 1869698.6039 -6056845.8882 -639129.1082 1260914.7366 -6212473.2151 -636326.6289  200560.6406     223.3013     151.7626
400001804 300000451                                         1849403.6788 -6096666.8789       0.0000 1260914.7366 -6212473.2151 -636326.6289 1869698.6039 -6056845.8882 -639129.1082  201535.9727     215.4771     141.3634
400001805 300000452                                               0.0000 -6248583.0214 -1242920.4416  636326.6289 -6212473.2151 -1260914.7366  627459.2093 -6308900.9250 -627459.2093  204548.8197     272.8176     131.2311
400001806 300000452                                         1266279.9131 -6114140.2800 -1266279.9131 1260914.7366 -6212473.2151 -636326.6289  636326.6289 -6212473.2151 -1260914.7366  203612.8458     256.7038     140.6479
400001807 300000452                                         1242920.4416 -6248583.0214       0.0000  627459.2093 -6308900.9250 -627459.2093 1260914.7366 -6212473.2151 -636326.6289  204548.8197     244.3848     140.5540
400001808 300000452                                          636326.6289 -6212473.2151 -1260914.7366 1260914.7366 -6212473.2151 -636326.6289  627459.2093 -6308900.9250 -627459.2093  205583.5447     261.1715     133.1584
400001809 300000453                                               0.0000 -4504977.3029 -4504977.3029  678984.1624 -4805928.6788 -4126944.5164       0.0000 -4924849.5984 -4041719.6134  213029.7505     226.7006     124.2003
400001810 300000453                                         1346350.7175 -5024649.2825 -3678298.5650  677162.3725 -5191537.9595 -3630292.7893  678984.1624 -4805928.6788 -4126944.5164  213259.5913     238.5215     110.7982
400001811 300000453                                               0.0000 -5297292.9000 -3539537.9546       0.0000 -4924849.5984 -4041719.6134  677162.3725 -5191537.9595 -3630292.7893  212458.1628     236.9069     112.3344
400001812 300000453                                          678984.1624 -4805928.6788 -4126944.5164  677162.3725 -5191537.9595 -3630292.7893       0.0000 -4924849.5984 -4041719.6134  214297.3599     233.0048     118.0963
400001813 300000454                                         2600949.8585 -5201899.7171 -2600949.8585 1976963.3461 -5468063.2517 -2604139.2443 1990680.8386 -5157396.7439 -3166715.9053  213953.8407     269.1581      94.5902
400001814 300000454                                         1330561.6814 -5672228.9398 -2577802.4491 1345228.8674 -5375502.5311 -3143878.6287 1976963.3461 -5468063.2517 -2604139.2443  213196.7862     269.2805     124.1701
400001815 300000454                                         1346350.7175 -5024649.2825 -3678298.5650 1990680.8386 -5157396.7439 -3166715.9053 1345228.8674 -5375502.5311 -3143878.6287  213817.3983     257.4233      97.0661
400001816 300000454                                         1976963.3461 -5468063.2517 -2604139.2443 1345228.8674 -5375502.5311 -3143878.6287 1990680.8386 -5157396.7439 -3166715.9053  215042.4187     269.3323     113.9194
400001817 300000455                                               0.0000 -5886036.5016 -2438076.1476       0.0000 -5618720.3752 -3003268.6103  669073.8784 -5812081.9155 -2522238.0841  209920.2574     265.9314     105.8028
400001818 300000455                                               0.0000 -5297292.9000 -3539537.9546  671168.2896 -5533298.6915 -3085738.1156       0.0000 -5618720.3752 -3003268.6103  210577.3796     252.0289     101.2744
400001819 300000455                                         1330561.6814 -5672228.9398 -2577802.4491  669073.8784 -5812081.9155 -2522238.0841  671168.2896 -5533298.6915 -3085738.1156  210758.2000     266.7221     110.6774
400001820 300000455                                               0.0000 -5618720.3752 -3003268.6103  671168.2896 -5533298.6915 -3085738.1156  669073.8784 -5812081.9155 -2522238.0841  211783.6604     262.1363     103.1942
400001821 300000456                                         1346350.7175 -5024649.2825 -3678298.5650 1345228.8674 -5375502.5311 -3143878.6287  677162.3725 -5191537.9595 -3630292.7893  217445.2803     250.3650     100.9240
400001822 300000456                                         1330561.6814 -5672228.9398 -2577802.4491  671168.2896 -5533298.6915 -3085738.1156 1345228.8674 -5375502.5311 -3143878.6287  218077.9738     264.4068     105.8571
400001823 300000456                                               0.0000 -5297292.9000 -3539537.9546  677162.3725 -5191537.9595 -3630292.7893  671168.2896 -5533298.6915 -3085738.1156  218265.1507     246.6991     102.9459
400001824 300000456                                         1345228.8674 -5375502.5311 -3143878.6287  671168.2896 -5533298.6915 -3085738.1156  677162.3725 -5191537.9595 -3630292.7893  219375.9096     253.8924     102.9583
400001825 300000457                                         4504977.3029 -4504977.3029       0.0000 4041719.6134 -4924849.5984       0.0000 4126944.5164 -4805928.6788 -678984.1624  213029.7505     263.7568     108.8144
400001826 300000457                                         3539537.9546 -5297292.9000       0.0000 3630292.7893 -5191537.9595 -677162.3725 4041719.6134 -4924849.5984       0.0000  212458.1628     250.7170     106.7565
400001827 300000457                                         3678298.5650 -5024649.2825 -1346350.7175 4126944.5164 -4805928.6788 -678984.1624 3630292.7893 -5191537.9595 -677162.3725  213259.5913     223.9527     129.0951
400001828 300000457                                         4041719.6134 -4924849.5984       0.0000 3630292.7893 -5191537.9595 -677162.3725 4126944.5164 -4805928.6788 -678984.1624  214297.3599     248.1526     127.4143
400001829 300000458                                         2438076.1476 -5886036.5016       0.0000 2522238.0841 -5812081.9155 -669073.8784 3003268.6103 -5618720.3752       0.0000  209920.2574     214.4442     131.5437
400001830 300000458                                         2577802.4491 -5672228.9398 -1330561.6814 3085738.1156 -5533298.6915 -671168.2896 2522238.0841 -5812081.9155 -669073.8784  210758.2000     212.5989     137.9122
400001831 300000458                                         3539537.9546 -5297292.9000       0.0000 3003268.6103 -5618720.3752       0.0000 3085738.1156 -5533298.6915 -671168.2896  210577.3796     228.0665     121.1450
400001832 300000458                                         2522238.0841 -5812081.9155 -669073.8784 3085738.1156 -5533298.6915 -671168.2896 3003268.6103 -5618720.3752       0.0000  211783.6604     214.7253     132.6143
400001833 300000459                                         2600949.8585 -5201899.7171 -2600949.8585 3166715.9053 -5157396.7439 -1990680.8386 2604139.2443 -5468063.2517 -1976963.3461  213953.8407     254.7276     126.3441
400001834 300000459                                         3678298.5650 -5024649.2825 -1346350.7175 3143878.6287 -5375502.5311 -1345228.8674 3166715.9053 -5157396.7439 -1990680.8386  213817.3983     226.7167     134.8391
400001835 300000459                                         2577802.4491 -5672228.9398 -1330561.6814 2604139.2443 -5468063.2517 -1976963.3461 3143878.6287 -5375502.5311 -1345228.8674  213196.7862     230.4825     136.9271
400001836 300000459                                         3166715.9053 -5157396.7439 -1990680.8386 3143878.6287 -5375502.5311 -1345228.8674 2604139.2443 -5468063.2517 -1976963.3461  215042.4187     238.0404     133.7798
400001837 300000460                                         3539537.9546 -5297292.9000       0.0000 3085738.1156 -5533298.6915 -671168.2896 3630292.7893 -5191537.9595 -677162.3725  218265.1507     230.4716     123.0434
400001838 300000460                                         2577802.4491 -5672228.9398 -1330561.6814 3143878.6287 -5375502.5311 -1345228.8674 3085738.1156 -5533298.6915 -671168.2896  218077.9738     216.9435     137.9677
400001839 300000460                                         3678298.5650 -5024649.2825 -1346350.7175 3630292.7893 -5191537.9595 -677162.3725 3143878.6287 -5375502.5311 -1345228.8674  217445.2803     219.5744     134.1452
400001840 300000460                                         3085738.1156 -5533298.6915 -671168.2896 3143878.6287 -5375502.5311 -1345228.8674 3630292.7893 -5191537.9595 -677162.3725  219375.9096     216.9558     136.4089
400001841 300000461                                               0.0000 -5886036.5016 -2438076.1476  669073.8784 -5812081.9155 -2522238.0841  639129.1082 -6056845.8882 -1869698.6039  232651.5371     270.8609     120.4695
400001842 300000461                                         1330561.6814 -5672228.9398 -2577802.4491 1306164.9224 -5928333.1219 -1933504.7432  669073.8784 -5812081.9155 -2522238.0841  231845.9895     271.0862     131.7854
400001843 300000461                                         1266279.9131 -6114140.2800 -1266279.9131  639129.1082 -6056845.8882 -1869698.6039 1306164.9224 -5928333.1219 -1933504.7432  232712.3450     270.7211     150.4084
400001844 300000461                                          669073.8784 -5812081.9155 -2522238.0841 1306164.9224 -5928333.1219 -1933504.7432  639129.1082 -6056845.8882 -1869698.6039  234046.8072     272.2035     140.1755
400001845 300000462                                         2600949.8585 -5201899.7171 -2600949.8585 2604139.2443 -5468063.2517 -1976963.3461 1976963.3461 -5468063.2517 -2604139.2443  228300.1373     265.4640     109.0582
400001846 300000462                                         2577802.4491 -5672228.9398 -1330561.6814 1973179.1775 -5727370.1528 -1973179.1775 2604139.2443 -5468063.2517 -1976963.3461  229212.6770     237.6877     134.9341
400001847 300000462                                         1330561.6814 -5672228.9398 -2577802.4491 1976963.3461 -5468063.2517 -2604139.2443 1973179.1775 -5727370.1528 -1973179.1775  229212.6770     271.8175     148.6160
400001848 300000462                                         2604139.2443 -5468063.2517 -1976963.3461 1973179.1775 -5727370.1528 -1973179.1775 1976963.3461 -5468063.2517 -2604139.2443  230526.8451     270.9699     112.5459
400001849 300000463                                         2438076.1476 -5886036.5016       0.0000 1869698.6039 -6056845.8882 -639129.1082 2522238.0841 -5812081.9155 -669073.8784  232651.5371     210.1580     137.2888
400001850 300000463                                         1266279.9131 -6114140.2800 -1266279.9131 1933504.7432 -5928333.1219 -1306164.9224 1869698.6039 -6056845.8882 -639129.1082  232712.3450     220.6500     152.7964
400001851 300000463                                         2577802.4491 -5672228.9398 -1330561.6814 2522238.0841 -5812081.9155 -669073.8784 1933504.7432 -5928333.1219 -1306164.9224  231845.9895     218.6665     140.7121
400001852 300000463                                         1869698.6039 -6056845.8882 -639129.1082 1933504.7432 -5928333.1219 -1306164.9224 2522238.0841 -5812081.9155 -669073.8784  234046.8072     214.5416     142.2849
400001853 300000464                                         1330561.6814 -5672228.9398 -2577802.4491 1973179.1775 -5727370.1528 -1973179.1775 1306164.9224 -5928333.1219 -1933504.7432  238189.0310     270.7297     157.1317
400001854 300000464                                         2577802.4491 -5672228.9398 -1330561.6814 1933504.7432 -5928333.1219 -1306164.9224 1973179.1775 -5727370.1528 -1973179.1775  238189.0310     229.2606     138.7917
400001855 300000464                                         1266279.9131 -6114140.2800 -1266279.9131 1306164.9224 -5928333.1219 -1933504.7432 1933504.7432 -5928333.1219 -1306164.9224  237302.7613     251.3664     130.1860
400001856 300000464                                         1973179.1775 -5727370.1528 -1973179.1775 1933504.7432 -5928333.1219 -1306164.9224 1306164.9224 -5928333.1219 -1933504.7432  239617.8861     255.5700     133.8853
400001857 300000465                                               0.0000       0.0000 -6371000.0000  624467.2010       0.0000 -6340321.8936       0.0000 -624467.2010 -6340321.8936  195921.5441     146.6527     147.9549
400001858 300000465                                         1242920.4416       0.0000 -6248583.0214  627459.2093 -627459.2093 -6308900.9250  624467.2010       0.0000 -6340321.8936  196860.2699     154.0147     151.5622
400001859 300000465                                               0.0000 -1242920.4416 -6248583.0214       0.0000 -624467.2010 -6340321.8936  627459.2093 -627459.2093 -6308900.9250  196860.2699     167.0013     149.5553
400001860 300000465                                          624467.2010       0.0000 -6340321.8936  627459.2093 -627459.2093 -6308900.9250       0.0000 -624467.2010 -6340321.8936  197817.4310     159.6750     147.3097
400001861 300000466                                         2438076.1476       0.0000 -5886036.5016 1869698.6039 -639129.1082 -6056845.8882 1849403.6788       0.0000 -6096666.8789  200521.8161     176.9055     173.2523
400001862 300000466                                         1266279.9131 -1266279.9131 -6114140.2800 1260914.7366 -636326.6289 -6212473.2151 1869698.6039 -639129.1082 -6056845.8882  200560.6406     181.0808     160.7844
400001863 300000466                                         1242920.4416       0.0000 -6248583.0214 1849403.6788       0.0000 -6096666.8789 1260914.7366 -636326.6289 -6212473.2151  199642.5528     153.5240     165.5864
400001864 300000466                                         1869698.6039 -639129.1082 -6056845.8882 1260914.7366 -636326.6289 -6212473.2151 1849403.6788       0.0000 -6096666.8789  201535.9727     169.2009     169.1726
400001865 300000467                                               0.0000 -2438076.1476 -5886036.5016       0.0000 -1849403.6788 -6096666.8789  639129.1082 -1869698.6039 -6056845.8882  200521.8161     186.9979     168.1427
400001866 300000467                                               0.0000 -1242920.4416 -6248583.0214  636326.6289 -1260914.7366 -6212473.2151       0.0000 -1849403.6788 -6096666.8789  199642.5528     169.7140     162.2479
400001867 300000467                                         1266279.9131 -1266279.9131 -6114140.2800  639129.1082 -1869698.6039 -6056845.8882  636326.6289 -1260914.7366 -6212473.2151  200560.6406     174.7380     164.1606
400001868 300000467                                               0.0000 -1849403.6788 -6096666.8789  636326.6289 -1260914.7366 -6212473.2151  639129.1082 -1869698.6039 -6056845.8882  201535.9727     175.0180     165.9930
400001869 300000468                                         1242920.4416       0.0000 -6248583.0214 1260914.7366 -636326.6289 -6212473.2151  627459.2093 -627459.2093 -6308900.9250  204548.8197     165.7062     153.9306
400001870 300000468                                         1266279.9131 -1266279.9131 -6114140.2800  636326.6289 -1260914.7366 -6212473.2151 1260914.7366 -636326.6289 -6212473.2151  203612.8458     178.6394     155.8237
400001871 300000468                                               0.0000 -1242920.4416 -6248583.0214  627459.2093 -627459.2093 -6308900.9250  636326.6289 -1260914.7366 -6212473.2151  204548.8197     169.9945     152.9387
400001872 300000468                                         1260914.7366 -636326.6289 -6212473.2151  636326.6289 -1260914.7366 -6212473.2151  627459.2093 -627459.2093 -6308900.9250  205583.5447     172.6083     154.1195
400001873 300000469                                         4504977.3029       0.0000 -4504977.3029 4126944.5164 -678984.1624 -4805928.6788 4041719.6134       0.0000 -4924849.5984  213029.7505     211.2118     154.1197
400001874 300000469                                         3678298.5650 -1346350.7175 -5024649.2825 3630292.7893 -677162.3725 -5191537.9595 4126944.5164 -678984.1624 -4805928.6788  213259.5913     206.3591     154.9540
400001875 300000469                                         3539537.9546       0.0000 -5297292.9000 4041719.6134       0.0000 -4924849.5984 3630292.7893 -677162.3725 -5191537.9595  212458.1628     202.3046     157.8031
400001876 300000469                                         4126944.5164 -678984.1624 -4805928.6788 3630292.7893 -677162.3725 -5191537.9595 4041719.6134       0.0000 -4924849.5984  214297.3599     206.9135     155.8476
400001877 300000470                                         2600949.8585 -2600949.8585 -5201899.7171 2604139.2443 -1976963.3461 -5468063.2517 3166715.9053 -1990680.8386 -5157396.7439  213953.8407     201.7506     146.5285
400001878 300000470                                         2577802.4491 -1330561.6814 -5672228.9398 3143878.6287 -1345228.8674 -5375502.5311 2604139.2443 -1976963.3461 -5468063.2517  213196.7862     195.0232     185.6073
400001879 300000470                                         3678298.5650 -1346350.7175 -5024649.2825 3166715.9053 -1990680.8386 -5157396.7439 3143878.6287 -1345228.8674 -5375502.5311  213817.3983     202.0911     154.7188
400001880 300000470                                         2604139.2443 -1976963.3461 -5468063.2517 3143878.6287 -1345228.8674 -5375502.5311 3166715.9053 -1990680.8386 -5157396.7439  215042.4187     199.0740     155.5931
400001881 300000471                                         2438076.1476       0.0000 -5886036.5016 3003268.6103       0.0000 -5618720.3752 2522238.0841 -669073.8784 -5812081.9155  209920.2574     188.7772     188.7512
400001882 300000471                                         3539537.9546       0.0000 -5297292.9000 3085738.1156 -671168.2896 -5533298.6915 3003268.6103       0.0000 -5618720.3752  210577.3796     194.0446     193.8034
400001883 300000471                                         2577802.4491 -1330561.6814 -5672228.9398 2522238.0841 -669073.8784 -5812081.9155 3085738.1156 -671168.2896 -5533298.6915  210758.2000     191.2892     193.4293
400001884 300000471                                         3003268.6103       0.0000 -5618720.3752 3085738.1156 -671168.2896 -5533298.6915 2522238.0841 -669073.8784 -5812081.9155  211783.6604     190.7204     195.9720
400001885 300000472                                         3678298.5650 -1346350.7175 -5024649.2825 3143878.6287 -1345228.8674 -5375502.5311 3630292.7893 -677162.3725 -5191537.9595  217445.2803     201.7078     156.7500
400001886 300000472                                         2577802.4491 -1330561.6814 -5672228.9398 3085738.1156 -671168.2896 -5533298.6915 3143878.6287 -1345228.8674 -5375502.5311  218077.9738     193.7439     185.4799
400001887 300000472                                         3539537.9546       0.0000 -5297292.9000 3630292.7893 -677162.3725 -5191537.9595 3085738.1156 -671168.2896 -5533298.6915  218265.1507     197.2390     170.6407
400001888 300000472                                         3143878.6287 -1345228.8674 -5375502.5311 3085738.1156 -671168.2896 -5533298.6915 3630292.7893 -677162.3725 -5191537.9595  219375.9096     197.0752     167.0441
400001889 300000473                                               0.0000 -4504977.3029 -4504977.3029       0.0000 -4041719.6134 -4924849.5984  678984.1624 -4126944.5164 -4805928.6788  213029.7505     218.2957     124.2309
400001890 300000473                                               0.0000 -3539537.9546 -5297292.9000  677162.3725 -3630292.7893 -5191537.9595       0.0000 -4041719.6134 -4924849.5984  212458.1628     210.6044     129.8601
400001891 300000473                                         1346350.7175 -3678298.5650 -5024649.2825  678984.1624 -4126944.5164 -4805928.6788  677162.3725 -3630292.7893 -5191537.9595  213259.5913     206.9516     140.6927
400001892 300000473                                               0.0000 -4041719.6134 -4924849.5984  677162.3725 -3630292.7893 -5191537.9595  678984.1624 -4126944.5164 -4805928.6788  214297.3599     213.3729     126.2091
400001893 300000474                                               0.0000 -2438076.1476 -5886036.5016  669073.8784 -2522238.0841 -5812081.9155       0.0000 -3003268.6103 -5618720.3752  209920.2574     195.2358     138.0206
400001894 300000474                                         1330561.6814 -2577802.4491 -5672228.9398  671168.2896 -3085738.1156 -5533298.6915  669073.8784 -2522238.0841 -5812081.9155  210758.2000     195.7367     132.7403
400001895 300000474                                               0.0000 -3539537.9546 -5297292.9000       0.0000 -3003268.6103 -5618720.3752  671168.2896 -3085738.1156 -5533298.6915  210577.3796     202.4925     134.8127
400001896 300000474                                          669073.8784 -2522238.0841 -5812081.9155  671168.2896 -3085738.1156 -5533298.6915       0.0000 -3003268.6103 -5618720.3752  211783.6604     197.8163     133.2782
400001897 300000475                                         2600949.8585 -2600949.8585 -5201899.7171 1990680.8386 -3166715.9053 -5157396.7439 1976963.3461 -2604139.2443 -5468063.2517  213953.8407     203.8351     127.5904
400001898 300000475                                         1346350.7175 -3678298.5650 -5024649.2825 1345228.8674 -3143878.6287 -5375502.5311 1990680.8386 -3166715.9053 -5157396.7439  213817.3983     203.1799     117.8538
400001899 300000475                                         1330561.6814 -2577802.4491 -5672228.9398 1976963.3461 -2604139.2443 -5468063.2517 1345228.8674 -3143878.6287 -5375502.5311  213196.7862     197.9864     128.3181
400001900 300000475                                         1990680.8386 -3166715.9053 -5157396.7439 1345228.8674 -3143878.6287 -5375502.5311 1976963.3461 -2604139.2443 -5468063.2517  215042.4187     201.3270     124.3078
400001901 300000476                                               0.0000 -3539537.9546 -5297292.9000  671168.2896 -3085738.1156 -5533298.6915  677162.3725 -3630292.7893 -5191537.9595  218265.1507     205.4727     132.5013
400001902 300000476                                         1330561.6814 -2577802.4491 -5672228.9398 1345228.8674 -3143878.6287 -5375502.5311  671168.2896 -3085738.1156 -5533298.6915  218077.9738     199.0047     128.0546
400001903 300000476                                         1346350.7175 -3678298.5650 -5024649.2825  677162.3725 -3630292.7893 -5191537.9595 1345228.8674 -3143878.6287 -5375502.5311  217445.2803     202.1033     141.4675
400001904 300000476                                          671168.2896 -3085738.1156 -5533298.6915 1345228.8674 -3143878.6287 -5375502.5311  677162.3725 -3630292.7893 -5191537.9595  219375.9096     202.8367     130.7442
400001905 300000477                                         2438076.1476       0.0000 -5886036.5016 2522238.0841 -669073.8784 -5812081.9155 1869698.6039 -639129.1082 -6056845.8882  232651.5371     185.6384     178.3859
400001906 300000477                                         2577802.4491 -1330561.6814 -5672228.9398 1933504.7432 -1306164.9224 -5928333.1219 2522238.0841 -669073.8784 -5812081.9155  231845.9895     188.1361     187.1180
400001907 300000477                                         1266279.9131 -1266279.9131 -6114140.2800 1869698.6039 -639129.1082 -6056845.8882 1933504.7432 -1306164.9224 -5928333.1219  232712.3450     183.3358     171.3329
400001908 300000477                                         2522238.0841 -669073.8784 -5812081.9155 1933504.7432 -1306164.9224 -5928333.1219 1869698.6039 -639129.1082 -6056845.8882  234046.8072     185.8707     178.5332
400001909 300000478                                         2600949.8585 -2600949.8585 -5201899.7171 1976963.3461 -2604139.2443 -5468063.2517 2604139.2443 -1976963.3461 -5468063.2517  228300.1373     200.4350     142.6454
400001910 300000478                                         1330561.6814 -2577802.4491 -5672228.9398 1973179.1775 -1973179.1775 -5727370.1528 1976963.3461 -2604139.2443 -5468063.2517  229212.6770     192.0932     150.9426
400001911 300000478                                         2577802.4491 -1330561.6814 -5672228.9398 2604139.2443 -1976963.3461 -5468063.2517 1973179.1775 -1973179.1775 -5727370.1528  229212.6770     192.3594     185.7435
400001912 300000478                                         1976963.3461 -2604139.2443 -5468063.2517 1973179.1775 -1973179.1775 -5727370.1528 2604139.2443 -1976963.3461 -5468063.2517  230526.8451     195.1423     164.1961
400001913 300000479                                               0.0000 -2438076.1476 -5886036.5016  639129.1082 -1869698.6039 -6056845.8882  669073.8784 -2522238.0841 -5812081.9155  232651.5371     189.2930     160.9308
400001914 300000479                                         1266279.9131 -1266279.9131 -6114140.2800 1306164.9224 -1933504.7432 -5928333.1219  639129.1082 -1869698.6039 -6056845.8882  232712.3450     175.7013     174.2706
400001915 300000479                                         1330561.6814 -2577802.4491 -5672228.9398  669073.8784 -2522238.0841 -5812081.9155 1306164.9224 -1933504.7432 -5928333.1219  231845.9895     183.4074     170.2101
400001916 300000479                                          639129.1082 -1869698.6039 -6056845.8882 1306164.9224 -1933504.7432 -5928333.1219  669073.8784 -2522238.0841 -5812081.9155  234046.8072     178.7710     178.7260
400001917 300000480                                         2577802.4491 -1330561.6814 -5672228.9398 1973179.1775 -1973179.1775 -5727370.1528 1933504.7432 -1306164.9224 -5928333.1219  238189.0310     187.8588     186.1025
400001918 300000480                                         1330561.6814 -2577802.4491 -5672228.9398 1306164.9224 -1933504.7432 -5928333.1219 1973179.1775 -1973179.1775 -5727370.1528  238189.0310     183.9447     176.8243
400001919 300000480                                         1266279.9131 -1266279.9131 -6114140.2800 1933504.7432 -1306164.9224 -5928333.1219 1306164.9224 -1933504.7432 -5928333.1219  237302.7613     181.8518     175.5719
400001920 300000480                                         1973179.1775 -1973179.1775 -5727370.1528 1306164.9224 -1933504.7432 -5928333.1219 1933504.7432 -1306164.9224 -5928333.1219  239617.8861     184.4340     182.2734
400001921 300000481                                         6371000.0000       0.0000       0.0000 6340321.8936 -624467.2010       0.0000 6340321.8936       0.0000 -624467.2010  195921.5441     276.0315      85.1918
400001922 300000481                                         6248583.0214 -1242920.4416       0.0000 6308900.9250 -627459.2093 -627459.2093 6340321.8936 -624467.2010       0.0000  196860.2699     280.8927      82.0279
400001923 300000481                                         6248583.0214       0.0000 -1242920.4416 6340321.8936       0.0000 -624467.2010 6308900.9250 -627459.2093 -627459.2093  196860.2699     278.6123     124.0919
400001924 300000481                                         6340321.8936 -624467.2010       0.0000 6308900.9250 -627459.2093 -627459.2093 6340321.8936       0.0000 -624467.2010  197817.4310     279.6876      94.0273
400001925 300000482                                         5886036.5016 -2438076.1476       0.0000 6056845.8882 -1869698.6039 -639129.1082 6096666.8789 -1849403.6788       0.0000  200521.8161     282.9623      74.1461
400001926 300000482                                         6114140.2800 -1266279.9131 -1266279.9131 6212473.2151 -1260914.7366 -636326.6289 6056845.8882 -1869698.6039 -639129.1082  200560.6406     283.7173     102.2152
400001927 300000482                                         6248583.0214 -1242920.4416       0.0000 6096666.8789 -1849403.6788       0.0000 6212473.2151 -1260914.7366 -636326.6289  199642.5528     282.9612      77.6401
400001928 300000482                                         6056845.8882 -1869698.6039 -639129.1082 6212473.2151 -1260914.7366 -636326.6289 6096666.8789 -1849403.6788       0.0000  201535.9727     284.5406      82.9061
400001929 300000483                                         5886036.5016       0.0000 -2438076.1476 6096666.8789       0.0000 -1849403.6788 6056845.8882 -639129.1082 -1869698.6039  200521.8161     270.5425     126.9882
400001930 300000483                                         6248583.0214       0.0000 -1242920.4416 6212473.2151 -636326.6289 -1260914.7366 6096666.8789       0.0000 -1849403.6788  199642.5528     275.7532     146.9300
400001931 300000483                                         6114140.2800 -1266279.9131 -1266279.9131 6056845.8882 -639129.1082 -1869698.6039 6212473.2151 -636326.6289 -1260914.7366  200560.6406     277.1264     134.4065
400001932 300000483                                         6096666.8789       0.0000 -1849403.6788 6212473.2151 -636326.6289 -1260914.7366 6056845.8882 -639129.1082 -1869698.6039  201535.9727     274.5787     136.7935
400001933 300000484                                         6248583.0214 -1242920.4416       0.0000 6212473.2151 -1260914.7366 -636326.6289 6308900.9250 -627459.2093 -627459.2093  204548.8197     282.8974      86.4375
400001934 300000484                                         6114140.2800 -1266279.9131 -1266279.9131 6212473.2151 -636326.6289 -1260914.7366 6212473.2151 -1260914.7366 -636326.6289  203612.8458     281.0365     117.7785
400001935 300000484                                         6248583.0214       0.0000 -1242920.4416 6308900.9250 -627459.2093 -627459.2093 6212473.2151 -636326.6289 -1260914.7366  204548.8197     278.7249     137.3845
400001936 300000484                                         6212473.2151 -1260914.7366 -636326.6289 6212473.2151 -636326.6289 -1260914.7366 6308900.9250 -627459.2093 -627459.2093  205583.5447     281.3374     114.3136
400001937 300000485                                         4504977.3029 -4504977.3029       0.0000 4805928.6788 -4126944.5164 -678984.1624 4924849.5984 -4041719.6134       0.0000  213029.7505     283.2081      66.6051
400001938 300000485                                         5024649.2825 -3678298.5650 -1346350.7175 5191537.9595 -3630292.7893 -677162.3725 4805928.6788 -4126944.5164 -678984.1624  213259.5913     285.1994     107.7559
400001939 300000485                                         5297292.9000 -3539537.9546       0.0000 4924849.5984 -4041719.6134       0.0000 5191537.9595 -3630292.7893 -677162.3725  212458.1628     282.8414      58.3607
400001940 300000485                                         4805928.6788 -4126944.5164 -678984.1624 5191537.9595 -3630292.7893 -677162.3725 4924849.5984 -4041719.6134       0.0000  214297.3599     287.5996      80.9352
400001941 300000486                                         5201899.7171 -2600949.8585 -2600949.8585 5468063.2517 -2604139.2443 -1976963.3461 5157396.7439 -3166715.9053 -1990680.8386  213953.8407     263.6939      83.3744
400001942 300000486                                         5672228.9398 -2577802.4491 -1330561.6814 5375502.5311 -3143878.6287 -1345228.8674 5468063.2517 -2604139.2443 -1976963.3461  213196.7862     280.9531      79.1959
400001943 300000486                                         5024649.2825 -3678298.5650 -1346350.7175 5157396.7439 -3166715.9053 -1990680.8386 5375502.5311 -3143878.6287 -1345228.8674  213817.3983     277.4165      74.0980
400001944 300000486                                         5468063.2517 -2604139.2443 -1976963.3461 5375502.5311 -3143878.6287 -1345228.8674 5157396.7439 -3166715.9053 -1990680.8386  215042.4187     275.1392      75.4413
400001945 300000487                                         5886036.5016 -2438076.1476       0.0000 5618720.3752 -3003268.6103       0.0000 5812081.9155 -2522238.0841 -669073.8784  209920.2574     283.0856      65.3516
400001946 300000487                                         5297292.9000 -3539537.9546       0.0000 5533298.6915 -3085738.1156 -671168.2896 5618720.3752 -3003268.6103       0.0000  210577.3796     282.5177      60.9376
400001947 300000487                                         5672228.9398 -2577802.4491 -1330561.6814 5812081.9155 -2522238.0841 -669073.8784 5533298.6915 -3085738.1156 -671168.2896  210758.2000     287.3473      73.5613
400001948 300000487                                         5618720.3752 -3003268.6103       0.0000 5533298.6915 -3085738.1156 -671168.2896 5812081.9155 -2522238.0841 -669073.8784  211783.6604     286.1566      64.1762
400001949 300000488                                         5024649.2825 -3678298.5650 -1346350.7175 5375502.5311 -3143878.6287 -1345228.8674 5191537.9595 -3630292.7893 -677162.3725  217445.2803     284.3077      72.3581
400001950 300000488                                         5672228.9398 -2577802.4491 -1330561.6814 5533298.6915 -3085738.1156 -671168.2896 5375502.5311 -3143878.6287 -1345228.8674  218077.9738     286.5552      71.4134
400001951 300000488                                         5297292.9000 -3539537.9546       0.0000 5191537.9595 -3630292.7893 -677162.3725 5533298.6915 -3085738.1156 -671168.2896  218265.1507     286.1433      60.5065
400001952 300000488                                         5375502.5311 -3143878.6287 -1345228.8674 5533298.6915 -3085738.1156 -671168.2896 5191537.9595 -3630292.7893 -677162.3725  219375.9096     287.6673      63.9411
400001953 300000489                                         4504977.3029       0.0000 -4504977.3029 4924849.5984       0.0000 -4041719.6134 4805928.6788 -678984.1624 -4126944.5164  213029.7505     223.4623     136.9954
400001954 300000489                                         5297292.9000       0.0000 -3539537.9546 5191537.9595 -677162.3725 -3630292.7893 4924849.5984       0.0000 -4041719.6134  212458.1628     236.2531     118.6970
400001955 300000489                                         5024649.2825 -1346350.7175 -3678298.5650 4805928.6788 -678984.1624 -4126944.5164 5191537.9595 -677162.3725 -3630292.7893  213259.5913     230.3825     126.2837
400001956 300000489                                         4924849.5984       0.0000 -4041719.6134 5191537.9595 -677162.3725 -3630292.7893 4805928.6788 -678984.1624 -4126944.5164  214297.3599     229.2423     126.4333
400001957 300000490                                         5886036.5016       0.0000 -2438076.1476 5812081.9155 -669073.8784 -2522238.0841 5618720.3752       0.0000 -3003268.6103  209920.2574     260.4939     110.4763
400001958 300000490                                         5672228.9398 -1330561.6814 -2577802.4491 5533298.6915 -671168.2896 -3085738.1156 5812081.9155 -669073.8784 -2522238.0841  210758.2000     256.1166     101.5689
400001959 300000490                                         5297292.9000       0.0000 -3539537.9546 5618720.3752       0.0000 -3003268.6103 5533298.6915 -671168.2896 -3085738.1156  210577.3796     249.5866     102.5394
400001960 300000490                                         5812081.9155 -669073.8784 -2522238.0841 5533298.6915 -671168.2896 -3085738.1156 5618720.3752       0.0000 -3003268.6103  211783.6604     255.2715     103.1298
400001961 300000491                                         5201899.7171 -2600949.8585 -2600949.8585 5157396.7439 -1990680.8386 -3166715.9053 5468063.2517 -1976963.3461 -2604139.2443  213953.8407     247.9788     103.7780
400001962 300000491                                         5024649.2825 -1346350.7175 -3678298.5650 5375502.5311 -1345228.8674 -3143878.6287 5157396.7439 -1990680.8386 -3166715.9053  213817.3983     238.0012     114.9731
400001963 300000491                                         5672228.9398 -1330561.6814 -2577802.4491 5468063.2517 -1976963.3461 -2604139.2443 5375502.5311 -1345228.8674 -3143878.6287  213196.7862     251.3488      98.4271
400001964 300000491                                         5157396.7439 -1990680.8386 -3166715.9053 5375502.5311 -1345228.8674 -3143878.6287 5468063.2517 -1976963.3461 -2604139.2443  215042.4187     245.5335     104.9380
400001965 300000492                                         5297292.9000       0.0000 -3539537.9546 5533298.6915 -671168.2896 -3085738.1156 5191537.9595 -677162.3725 -3630292.7893  218265.1507     243.3027     107.1102
400001966 300000492                                         5672228.9398 -1330561.6814 -2577802.4491 5375502.5311 -1345228.8674 -3143878.6287 5533298.6915 -671168.2896 -3085738.1156  218077.9738     249.2490     100.1531
400001967 300000492                                         5024649.2825 -1346350.7175 -3678298.5650 5191537.9595 -677162.3725 -3630292.7893 5375502.5311 -1345228.8674 -3143878.6287  217445.2803     236.4968     116.4181
400001968 300000492                                         5533298.6915 -671168.2896 -3085738.1156 5375502.5311 -1345228.8674 -3143878.6287 5191537.9595 -677162.3725 -3630292.7893  219375.9096     242.9546     106.8178
400001969 300000493                                         5886036.5016 -2438076.1476       0.0000 5812081.9155 -2522238.0841 -669073.8784 6056845.8882 -1869698.6039 -639129.1082  232651.5371     285.1865      74.7517
400001970 300000493                                         5672228.9398 -2577802.4491 -1330561.6814 5928333.1219 -1933504.7432 -1306164.9224 5812081.9155 -2522238.0841 -669073.8784  231845.9895     285.1277      90.7166
400001971 300000493                                         6114140.2800 -1266279.9131 -1266279.9131 6056845.8882 -1869698.6039 -639129.1082 5928333.1219 -1933504.7432 -1306164.9224  232712.3450     283.0815     110.6754
400001972 300000493                                         5812081.9155 -2522238.0841 -669073.8784 5928333.1219 -1933504.7432 -1306164.9224 6056845.8882 -1869698.6039 -639129.1082  234046.8072     285.6326      91.1386
400001973 300000494                                         5201899.7171 -2600949.8585 -2600949.8585 5468063.2517 -1976963.3461 -2604139.2443 5468063.2517 -2604139.2443 -1976963.3461  228300.1373     259.4626      88.3807
400001974 300000494                                         5672228.9398 -1330561.6814 -2577802.4491 5727370.1528 -1973179.1775 -1973179.1775 5468063.2517 -1976963.3461 -2604139.2443  229212.6770     263.3121      90.7402
400001975 300000494                                         5672228.9398 -2577802.4491 -1330561.6814 5468063.2517 -2604139.2443 -1976963.3461 5727370.1528 -1973179.1775 -1973179.1775  229212.6770     277.2331      87.4207
400001976 300000494                                         5468063.2517 -1976963.3461 -2604139.2443 5727370.1528 -1973179.1775 -1973179.1775 5468063.2517 -2604139.2443 -1976963.3461  230526.8451     267.1743      85.3893
400001977 300000495                                         5886036.5016       0.0000 -2438076.1476 6056845.8882 -639129.1082 -1869698.6039 5812081.9155 -669073.8784 -2522238.0841  232651.5371     267.0731     116.6890
400001978 300000495                                         6114140.2800 -1266279.9131 -1266279.9131 5928333.1219 -1306164.9224 -1933504.7432 6056845.8882 -639129.1082 -1869698.6039  232712.3450     275.5693     124.9059
400001979 300000495                                         5672228.9398 -1330561.6814 -2577802.4491 5812081.9155 -669073.8784 -2522238.0841 5928333.1219 -1306164.9224 -1933504.7432  231845.9895     264.9899     106.8300
400001980 300000495                                         6056845.8882 -639129.1082 -1869698.6039 5928333.1219 -1306164.9224 -1933504.7432 5812081.9155 -669073.8784 -2522238.0841  234046.8072     269.8186     115.0351
400001981 300000496                                         5672228.9398 -2577802.4491 -1330561.6814 5727370.1528 -1973179.1775 -1973179.1775 5928333.1219 -1933504.7432 -1306164.9224  238189.0310     279.8382     101.2776
400001982 300000496                                         5672228.9398 -1330561.6814 -2577802.4491 5928333.1219 -1306164.9224 -1933504.7432 5727370.1528 -1973179.1775 -1973179.1775  238189.0310     269.0539      99.4645
400001983 300000496                                         6114140.2800 -1266279.9131 -1266279.9131 5928333.1219 -1933504.7432 -1306164.9224 5928333.1219 -1306164.9224 -1933504.7432  237302.7613     278.6816     123.2901
400001984 300000496                                         5727370.1528 -1973179.1775 -1973179.1775 5928333.1219 -1306164.9224 -1933504.7432 5928333.1219 -1933504.7432 -1306164.9224  239617.8861     276.4085     109.8098
400001985 300000497                                               0.0000 -4504977.3029 -4504977.3029  678984.1624 -4126944.5164 -4805928.6788  678984.1624 -4805928.6788 -4126944.5164  328324.9483     222.4889     125.0489
400001986 300000497                                         1346350.7175 -3678298.5650 -5024649.2825 1361638.6226 -4400885.2099 -4400885.2099  678984.1624 -4126944.5164 -4805928.6788  329212.3599     210.8984     150.1511
400001987 300000497                                         1346350.7175 -5024649.2825 -3678298.5650  678984.1624 -4805928.6788 -4126944.5164 1361638.6226 -4400885.2099 -4400885.2099  329212.3599     233.0358     116.4448
400001988 300000497                                          678984.1624 -4126944.5164 -4805928.6788 1361638.6226 -4400885.2099 -4400885.2099  678984.1624 -4805928.6788 -4126944.5164  332074.9378     222.8912     126.4945
400001989 300000498                                         2600949.8585 -2600949.8585 -5201899.7171 2687534.5848 -3374031.3064 -4688572.4479 1990680.8386 -3166715.9053 -5157396.7439  331958.1435     211.4141     117.9904
400001990 300000498                                         2716603.5278 -4074905.2917 -4074905.2917 2050103.9020 -3912146.8074 -4591494.5659 2687534.5848 -3374031.3064 -4688572.4479  332135.9111     225.3514      96.9893
400001991 300000498                                         1346350.7175 -3678298.5650 -5024649.2825 1990680.8386 -3166715.9053 -5157396.7439 2050103.9020 -3912146.8074 -4591494.5659  331417.2039     213.4224      93.2295
400001992 300000498                                         2687534.5848 -3374031.3064 -4688572.4479 2050103.9020 -3912146.8074 -4591494.5659 1990680.8386 -3166715.9053 -5157396.7439  335024.3025     217.7501      99.1258
400001993 300000499                                         2600949.8585 -5201899.7171 -2600949.8585 1990680.8386 -5157396.7439 -3166715.9053 2687534.5848 -4688572.4479 -3374031.3064  331958.1435     269.2552     110.7630
400001994 300000499                                         1346350.7175 -5024649.2825 -3678298.5650 2050103.9020 -4591494.5659 -3912146.8074 1990680.8386 -5157396.7439 -3166715.9053  331417.2039     246.2288     106.5031
400001995 300000499                                         2716603.5278 -4074905.2917 -4074905.2917 2687534.5848 -4688572.4479 -3374031.3064 2050103.9020 -4591494.5659 -3912146.8074  332135.9111     238.4610     124.3748
400001996 300000499                                         1990680.8386 -5157396.7439 -3166715.9053 2050103.9020 -4591494.5659 -3912146.8074 2687534.5848 -4688572.4479 -3374031.3064  335024.3025     256.6686     109.5582
400001997 300000500                                         1346350.7175 -3678298.5650 -5024649.2825 2050103.9020 -3912146.8074 -4591494.5659 1361638.6226 -4400885.2099 -4400885.2099  344128.0612     219.5063     103.6867
400001998 300000500                                         2716603.5278 -4074905.2917 -4074905.2917 2050103.9020 -4591494.5659 -3912146.8074 2050103.9020 -3912146.8074 -4591494.5659  343384.2298     230.4885      95.4703
400001999 300000500                                         1346350.7175 -5024649.2825 -3678298.5650 1361638.6226 -4400885.2099 -4400885.2099 2050103.9020 -4591494.5659 -3912146.8074  344128.0612     235.2374     116.2245
400002000 300000500                                         2050103.9020 -3912146.8074 -4591494.5659 2050103.9020 -4591494.5659 -3912146.8074 1361638.6226 -4400885.2099 -4400885.2099  347308.3434     230.2553     102.3224
400002001 300000501                                         4504977.3029       0.0000 -4504977.3029 4805928.6788 -678984.1624 -4126944.5164 4126944.5164 -678984.1624 -4805928.6788  328324.9483     216.6898     146.6442
400002002 300000501                                         5024649.2825 -1346350.7175 -3678298.5650 4400885.2099 -1361638.6226 -4400885.2099 4805928.6788 -678984.1624 -4126944.5164  329212.3599     225.7403     133.6406
400002003 300000501                                         3678298.5650 -1346350.7175 -5024649.2825 4126944.5164 -678984.1624 -4805928.6788 4400885.2099 -1361638.6226 -4400885.2099  329212.3599     212.7937     147.6986
400002004 300000501                                         4805928.6788 -678984.1624 -4126944.5164 4400885.2099 -1361638.6226 -4400885.2099 4126944.5164 -678984.1624 -4805928.6788  332074.9378     218.0629     144.3978
400002005 300000502                                         5201899.7171 -2600949.8585 -2600949.8585 4688572.4479 -2687534.5848 -3374031.3064 5157396.7439 -1990680.8386 -3166715.9053  331958.1435     241.5766     114.1837
400002006 300000502                                         4074905.2917 -2716603.5278 -4074905.2917 4591494.5659 -2050103.9020 -3912146.8074 4688572.4479 -2687534.5848 -3374031.3064  332135.9111     231.7460     125.1042
400002007 300000502                                         5024649.2825 -1346350.7175 -3678298.5650 5157396.7439 -1990680.8386 -3166715.9053 4591494.5659 -2050103.9020 -3912146.8074  331417.2039     232.5609     123.4312
400002008 300000502                                         4688572.4479 -2687534.5848 -3374031.3064 4591494.5659 -2050103.9020 -3912146.8074 5157396.7439 -1990680.8386 -3166715.9053  335024.3025     234.8721     122.8577
400002009 300000503                                         2600949.8585 -2600949.8585 -5201899.7171 3166715.9053 -1990680.8386 -5157396.7439 3374031.3064 -2687534.5848 -4688572.4479  331958.1435     208.7080     140.1926
400002010 300000503                                         3678298.5650 -1346350.7175 -5024649.2825 3912146.8074 -2050103.9020 -4591494.5659 3166715.9053 -1990680.8386 -5157396.7439  331417.2039     209.4294     153.9627
400002011 300000503                                         4074905.2917 -2716603.5278 -4074905.2917 3374031.3064 -2687534.5848 -4688572.4479 3912146.8074 -2050103.9020 -4591494.5659  332135.9111     219.9480     136.9371
400002012 300000503                                         3166715.9053 -1990680.8386 -5157396.7439 3912146.8074 -2050103.9020 -4591494.5659 3374031.3064 -2687534.5848 -4688572.4479  335024.3025     212.7037     146.8067
400002013 300000504                                         5024649.2825 -1346350.7175 -3678298.5650 4591494.5659 -2050103.9020 -3912146.8074 4400885.2099 -1361638.6226 -4400885.2099  344128.0612     227.1346     130.2218
400002014 300000504                                         4074905.2917 -2716603.5278 -4074905.2917 3912146.8074 -2050103.9020 -4591494.5659 4591494.5659 -2050103.9020 -3912146.8074  343384.2298     224.9474     134.6492
400002015 300000504                                         3678298.5650 -1346350.7175 -5024649.2825 4400885.2099 -1361638.6226 -4400885.2099 3912146.8074 -2050103.9020 -4591494.5659  344128.0612     214.8773     147.4683
400002016 300000504                                         4591494.5659 -2050103.9020 -3912146.8074 3912146.8074 -2050103.9020 -4591494.5659 4400885.2099 -1361638.6226 -4400885.2099  347308.3434     222.4509     138.7830
400002017 300000505                                         4504977.3029 -4504977.3029       0.0000 4126944.5164 -4805928.6788 -678984.1624 4805928.6788 -4126944.5164 -678984.1624  328324.9483     270.7726     109.1183
400002018 300000505                                         3678298.5650 -5024649.2825 -1346350.7175 4400885.2099 -4400885.2099 -1361638.6226 4126944.5164 -4805928.6788 -678984.1624  329212.3599     235.2832     128.6493
400002019 300000505                                         5024649.2825 -3678298.5650 -1346350.7175 4805928.6788 -4126944.5164 -678984.1624 4400885.2099 -4400885.2099 -1361638.6226  329212.3599     277.1376     111.9354
400002020 300000505                                         4126944.5164 -4805928.6788 -678984.1624 4400885.2099 -4400885.2099 -1361638.6226 4805928.6788 -4126944.5164 -678984.1624  332074.9378     260.2330     117.5284
400002021 300000506                                         2600949.8585 -5201899.7171 -2600949.8585 3374031.3064 -4688572.4479 -2687534.5848 3166715.9053 -5157396.7439 -1990680.8386  331958.1435     257.1621     128.2938
400002022 300000506                                         4074905.2917 -4074905.2917 -2716603.5278 3912146.8074 -4591494.5659 -2050103.9020 3374031.3064 -4688572.4479 -2687534.5848  332135.9111     240.4750     135.1836
400002023 300000506                                         3678298.5650 -5024649.2825 -1346350.7175 3166715.9053 -5157396.7439 -1990680.8386 3912146.8074 -4591494.5659 -2050103.9020  331417.2039     232.9406     131.2899
400002024 300000506                                         3374031.3064 -4688572.4479 -2687534.5848 3912146.8074 -4591494.5659 -2050103.9020 3166715.9053 -5157396.7439 -1990680.8386  335024.3025     242.7450     129.6928
400002025 300000507                                         5201899.7171 -2600949.8585 -2600949.8585 5157396.7439 -3166715.9053 -1990680.8386 4688572.4479 -3374031.3064 -2687534.5848  331958.1435     256.0843      95.8024
400002026 300000507                                         5024649.2825 -3678298.5650 -1346350.7175 4591494.5659 -3912146.8074 -2050103.9020 5157396.7439 -3166715.9053 -1990680.8386  331417.2039     267.7337      85.7274
400002027 300000507                                         4074905.2917 -4074905.2917 -2716603.5278 4688572.4479 -3374031.3064 -2687534.5848 4591494.5659 -3912146.8074 -2050103.9020  332135.9111     250.3621     116.1833
400002028 300000507                                         5157396.7439 -3166715.9053 -1990680.8386 4591494.5659 -3912146.8074 -2050103.9020 4688572.4479 -3374031.3064 -2687534.5848  335024.3025     258.7155      96.0915
400002029 300000508                                         3678298.5650 -5024649.2825 -1346350.7175 3912146.8074 -4591494.5659 -2050103.9020 4400885.2099 -4400885.2099 -1361638.6226  344128.0612     238.9866     126.7251
400002030 300000508                                         4074905.2917 -4074905.2917 -2716603.5278 4591494.5659 -3912146.8074 -2050103.9020 3912146.8074 -4591494.5659 -2050103.9020  343384.2298     243.0617     140.3544
400002031 300000508                                         5024649.2825 -3678298.5650 -1346350.7175 4400885.2099 -4400885.2099 -1361638.6226 4591494.5659 -3912146.8074 -2050103.9020  344128.0612     265.8535     124.9236
400002032 300000508                                         3912146.8074 -4591494.5659 -2050103.9020 4591494.5659 -3912146.8074 -2050103.9020 4400885.2099 -4400885.2099 -1361638.6226  347308.3434     251.2163     128.4634
400002033 300000509                                         2600949.8585 -2600949.8585 -5201899.7171 3374031.3064 -2687534.5848 -4688572.4479 2687534.5848 -3374031.3064 -4688572.4479  387995.8446     214.1726     127.6803
400002034 300000509                                         4074905.2917 -2716603.5278 -4074905.2917 3435012.9904 -3435012.9904 -4122015.5885 3374031.3064 -2687534.5848 -4688572.4479  388281.7658     223.4250     127.6601
400002035 300000509                                         2716603.5278 -4074905.2917 -4074905.2917 2687534.5848 -3374031.3064 -4688572.4479 3435012.9904 -3435012.9904 -4122015.5885  388281.7658     227.3859     110.4312
400002036 300000509                                         3374031.3064 -2687534.5848 -4688572.4479 3435012.9904 -3435012.9904 -4122015.5885 2687534.5848 -3374031.3064 -4688572.4479  392517.4362     221.9628     120.8010
400002037 300000510                                         5201899.7171 -2600949.8585 -2600949.8585 4688572.4479 -3374031.3064 -2687534.5848 4688572.4479 -2687534.5848 -3374031.3064  387995.8446     245.8043     112.3262
400002038 300000510                                         4074905.2917 -4074905.2917 -2716603.5278 4122015.5885 -3435012.9904 -3435012.9904 4688572.4479 -3374031.3064 -2687534.5848  388281.7658     247.0881     117.8138
400002039 300000510                                         4074905.2917 -2716603.5278 -4074905.2917 4688572.4479 -2687534.5848 -3374031.3064 4122015.5885 -3435012.9904 -3435012.9904  388281.7658     235.8674     121.6777
400002040 300000510                                         4688572.4479 -3374031.3064 -2687534.5848 4122015.5885 -3435012.9904 -3435012.9904 4688572.4479 -2687534.5848 -3374031.3064  392517.4362     242.1508     119.9389
400002041 300000511                                         2600949.8585 -5201899.7171 -2600949.8585 2687534.5848 -4688572.4479 -3374031.3064 3374031.3064 -4688572.4479 -2687534.5848  387995.8446     259.8398     124.3581
400002042 300000511                                         2716603.5278 -4074905.2917 -4074905.2917 3435012.9904 -4122015.5885 -3435012.9904 2687534.5848 -4688572.4479 -3374031.3064  388281.7658     240.2354     117.7812
400002043 300000511                                         4074905.2917 -4074905.2917 -2716603.5278 3374031.3064 -4688572.4479 -2687534.5848 3435012.9904 -4122015.5885 -3435012.9904  388281.7658     237.8810     140.2555
400002044 300000511                                         2687534.5848 -4688572.4479 -3374031.3064 3435012.9904 -4122015.5885 -3435012.9904 3374031.3064 -4688572.4479 -2687534.5848  392517.4362     244.8521     138.0432
400002045 300000512                                         4074905.2917 -2716603.5278 -4074905.2917 4122015.5885 -3435012.9904 -3435012.9904 3435012.9904 -3435012.9904 -4122015.5885  405996.4825     232.5685     120.5626
400002046 300000512                                         4074905.2917 -4074905.2917 -2716603.5278 3435012.9904 -4122015.5885 -3435012.9904 4122015.5885 -3435012.9904 -3435012.9904  405996.4825     241.6138     118.3262
400002047 300000512                                         2716603.5278 -4074905.2917 -4074905.2917 3435012.9904 -3435012.9904 -4122015.5885 3435012.9904 -4122015.5885 -3435012.9904  405996.4825     235.0310     108.0689
400002048 300000512                                         4122015.5885 -3435012.9904 -3435012.9904 3435012.9904 -4122015.5885 -3435012.9904 3435012.9904 -3435012.9904 -4122015.5885  410731.3740     237.4200     114.4088
