400000001 300000001                                               0.0000       0.0000 6371000.0000  624467.2010       0.0000 6340321.8936       0.0000  624467.2010 6340321.8936  195921.5441     204.5222      48.4254
400000002 300000001                                         1242920.4416       0.0000 6248583.0214  627459.2093  627459.2093 6308900.9250  624467.2010       0.0000 6340321.8936  196860.2699     208.3996      56.2259
400000003 300000001                                               0.0000 1242920.4416 6248583.0214       0.0000  624467.2010 6340321.8936  627459.2093  627459.2093 6308900.9250  196860.2699     207.8221      54.1134
400000004 300000001                                          624467.2010       0.0000 6340321.8936  627459.2093  627459.2093 6308900.9250       0.0000  624467.2010 6340321.8936  197817.4310     206.6744      51.8691
400000005 300000002                                         2438076.1476       0.0000 5886036.5016 1869698.6039  639129.1082 6056845.8882 1849403.6788       0.0000 6096666.8789  200521.8161     219.5669      78.9160
400000006 300000002                                         1266279.9131 1266279.9131 6114140.2800 1260914.7366  636326.6289 6212473.2151 1869698.6039  639129.1082 6056845.8882  200560.6406     217.1141      71.8107
400000007 300000002                                         1242920.4416       0.0000 6248583.0214 1849403.6788       0.0000 6096666.8789 1260914.7366  636326.6289 6212473.2151  199642.5528     213.5877      66.7866
400000008 300000002                                         1869698.6039  639129.1082 6056845.8882 1260914.7366  636326.6289 6212473.2151 1849403.6788       0.0000 6096666.8789  201535.9727     217.1007      72.9828
400000009 300000003                                               0.0000 2438076.1476 5886036.5016       0.0000 1849403.6788 6096666.8789  639129.1082 1869698.6039 6056845.8882  200521.8161     214.1228      79.5857
400000010 300000003                                               0.0000 1242920.4416 6248583.0214  636326.6289 1260914.7366 6212473.2151       0.0000 1849403.6788 6096666.8789  199642.5528     211.7528      66.9348
400000011 300000003                                         1266279.9131 1266279.9131 6114140.2800  639129.1082 1869698.6039 6056845.8882  636326.6289 1260914.7366 6212473.2151  200560.6406     213.6766      70.7932
400000012 300000003                                               0.0000 1849403.6788 6096666.8789  636326.6289 1260914.7366 6212473.2151  639129.1082 1869698.6039 6056845.8882  201535.9727     213.4534      72.4836
400000013 300000004                                         1242920.4416       0.0000 6248583.0214 1260914.7366  636326.6289 6212473.2151  627459.2093  627459.2093 6308900.9250  204548.8197     209.2209      58.0426
400000014 300000004                                         1266279.9131 1266279.9131 6114140.2800  636326.6289 1260914.7366 6212473.2151 1260914.7366  636326.6289 6212473.2151  203612.8458     214.3433      67.3151
400000015 300000004                                               0.0000 1242920.4416 6248583.0214  627459.2093  627459.2093 6308900.9250  636326.6289 1260914.7366 6212473.2151  204548.8197     208.9456      59.1004
400000016 300000004                                         1260914.7366  636326.6289 6212473.2151  636326.6289 1260914.7366 6212473.2151  627459.2093  627459.2093 6308900.9250  205583.5447     210.9376      60.9700
400000017 300000005                                         4504977.3029       0.0000 4504977.3029 4126944.5164  678984.1624 4805928.6788 4041719.6134       0.0000 4924849.5984  213029.7505     242.6984     105.9164
400000018 300000005                                         3678298.5650 1346350.7175 5024649.2825 3630292.7893  677162.3725 5191537.9595 4126944.5164  678984.1624 4805928.6788  213259.5913     238.0919     106.4894
400000019 300000005                                         3539537.9546       0.0000 5297292.9000 4041719.6134       0.0000 4924849.5984 3630292.7893  677162.3725 5191537.9595  212458.1628     236.5411      93.2810
400000020 300000005                                         4126944.5164  678984.1624 4805928.6788 3630292.7893  677162.3725 5191537.9595 4041719.6134       0.0000 4924849.5984  214297.3599     238.9038     107.5794
400000021 300000006                                         2600949.8585 2600949.8585 5201899.7171 2604139.2443 1976963.3461 5468063.2517 3166715.9053 1990680.8386 5157396.7439  213953.8407     231.4142     105.0935
400000022 300000006                                         2577802.4491 1330561.6814 5672228.9398 3143878.6287 1345228.8674 5375502.5311 2604139.2443 1976963.3461 5468063.2517  213196.7862     230.9935      92.8657
400000023 300000006                                         3678298.5650 1346350.7175 5024649.2825 3166715.9053 1990680.8386 5157396.7439 3143878.6287 1345228.8674 5375502.5311  213817.3983     236.4596     102.8046
400000024 300000006                                         2604139.2443 1976963.3461 5468063.2517 3143878.6287 1345228.8674 5375502.5311 3166715.9053 1990680.8386 5157396.7439  215042.4187     233.0380     102.8034
400000025 300000007                                         2438076.1476       0.0000 5886036.5016 3003268.6103       0.0000 5618720.3752 2522238.0841  669073.8784 5812081.9155  209920.2574     221.7369      86.2586
400000026 300000007                                         3539537.9546       0.0000 5297292.9000 3085738.1156  671168.2896 5533298.6915 3003268.6103       0.0000 5618720.3752  210577.3796     224.8159      96.6927
400000027 300000007                                         2577802.4491 1330561.6814 5672228.9398 2522238.0841  669073.8784 5812081.9155 3085738.1156  671168.2896 5533298.6915  210758.2000     225.1613      84.6281
400000028 300000007                                         3003268.6103       0.0000 5618720.3752 3085738.1156  671168.2896 5533298.6915 2522238.0841  669073.8784 5812081.9155  211783.6604     219.6987      94.3430
400000029 300000008                                         3678298.5650 1346350.7175 5024649.2825 3143878.6287 1345228.8674 5375502.5311 3630292.7893  677162.3725 5191537.9595  217445.2803     238.1845      90.9969
400000030 300000008                                         2577802.4491 1330561.6814 5672228.9398 3085738.1156  671168.2896 5533298.6915 3143878.6287 1345228.8674 5375502.5311  218077.9738     232.5582      84.7024
400000031 300000008                                         3539537.9546       0.0000 5297292.9000 3630292.7893  677162.3725 5191537.9595 3085738.1156  671168.2896 5533298.6915  218265.1507     233.1543      91.0731
400000032 300000008                                         3143878.6287 1345228.8674 5375502.5311 3085738.1156  671168.2896 5533298.6915 3630292.7893  677162.3725 5191537.9595  219375.9096     235.3261      88.2327
400000033 300000009                                               0.0000 4504977.3029 4504977.3029       0.0000 4041719.6134 4924849.5984  678984.1624 4126944.5164 4805928.6788  213029.7505     243.1706      90.1007
400000034 300000009                                               0.0000 3539537.9546 5297292.9000  677162.3725 3630292.7893 5191537.9595       0.0000 4041719.6134 4924849.5984  212458.1628     228.8357      97.4920
400000035 300000009                                         1346350.7175 3678298.5650 5024649.2825  678984.1624 4126944.5164 4805928.6788  677162.3725 3630292.7893 5191537.9595  213259.5913     242.2631      92.0573
400000036 300000009                                               0.0000 4041719.6134 4924849.5984  677162.3725 3630292.7893 5191537.9595  678984.1624 4126944.5164 4805928.6788  214297.3599     236.1387      94.1003
400000037 300000010                                               0.0000 2438076.1476 5886036.5016  669073.8784 2522238.0841 5812081.9155       0.0000 3003268.6103 5618720.3752  209920.2574     215.7510      92.0276
400000038 300000010                                         1330561.6814 2577802.4491 5672228.9398  671168.2896 3085738.1156 5533298.6915  669073.8784 2522238.0841 5812081.9155  210758.2000     218.6563      93.1436
400000039 300000010                                               0.0000 3539537.9546 5297292.9000       0.0000 3003268.6103 5618720.3752  671168.2896 3085738.1156 5533298.6915  210577.3796     221.1203      99.5456
400000040 300000010                                          669073.8784 2522238.0841 5812081.9155  671168.2896 3085738.1156 5533298.6915       0.0000 3003268.6103 5618720.3752  211783.6604     218.0496      94.7425
400000041 300000011                                         2600949.8585 2600949.8585 5201899.7171 1990680.8386 3166715.9053 5157396.7439 1976963.3461 2604139.2443 5468063.2517  213953.8407     228.9640     104.5942
400000042 300000011                                         1346350.7175 3678298.5650 5024649.2825 1345228.8674 3143878.6287 5375502.5311 1990680.8386 3166715.9053 5157396.7439  213817.3983     231.6072     102.3903
400000043 300000011                                         1330561.6814 2577802.4491 5672228.9398 1976963.3461 2604139.2443 5468063.2517 1345228.8674 3143878.6287 5375502.5311  213196.7862     220.9705     105.6142
400000044 300000011                                         1990680.8386 3166715.9053 5157396.7439 1345228.8674 3143878.6287 5375502.5311 1976963.3461 2604139.2443 5468063.2517  215042.4187     225.4422     108.3400
400000045 300000012                                               0.0000 3539537.9546 5297292.9000  671168.2896 3085738.1156 5533298.6915  677162.3725 3630292.7893 5191537.9595  218265.1507     226.3282      99.0140
400000046 300000012                                         1330561.6814 2577802.4491 5672228.9398 1345228.8674 3143878.6287 5375502.5311  671168.2896 3085738.1156 5533298.6915  218077.9738     222.0212     101.0166
400000047 300000012                                         1346350.7175 3678298.5650 5024649.2825  677162.3725 3630292.7893 5191537.9595 1345228.8674 3143878.6287 5375502.5311  217445.2803     232.8289     100.7198
400000048 300000012                                          671168.2896 3085738.1156 5533298.6915 1345228.8674 3143878.6287 5375502.5311  677162.3725 3630292.7893 5191537.9595  219375.9096     226.0646     102.6231
400000049 300000013                                         2438076.1476       0.0000 5886036.5016 2522238.0841  669073.8784 5812081.9155 1869698.6039  639129.1082 6056845.8882  232651.5371     220.1131      79.6099
400000050 300000013                                         2577802.4491 1330561.6814 5672228.9398 1933504.7432 1306164.9224 5928333.1219 2522238.0841  669073.8784 5812081.9155  231845.9895     221.6966      84.0874
400000051 300000013                                         1266279.9131 1266279.9131 6114140.2800 1869698.6039  639129.1082 6056845.8882 1933504.7432 1306164.9224 5928333.1219  232712.3450     219.2329      74.6099
400000052 300000013                                         2522238.0841  669073.8784 5812081.9155 1933504.7432 1306164.9224 5928333.1219 1869698.6039  639129.1082 6056845.8882  234046.8072     215.9799      81.0965
400000053 300000014                                         2600949.8585 2600949.8585 5201899.7171 1976963.3461 2604139.2443 5468063.2517 2604139.2443 1976963.3461 5468063.2517  228300.1373     228.3805     104.5927
400000054 300000014                                         1330561.6814 2577802.4491 5672228.9398 1973179.1775 1973179.1775 5727370.1528 1976963.3461 2604139.2443 5468063.2517  229212.6770     221.4854     100.6599
400000055 300000014                                         2577802.4491 1330561.6814 5672228.9398 2604139.2443 1976963.3461 5468063.2517 1973179.1775 1973179.1775 5727370.1528  229212.6770     225.9904      95.4321
400000056 300000014                                         1976963.3461 2604139.2443 5468063.2517 1973179.1775 1973179.1775 5727370.1528 2604139.2443 1976963.3461 5468063.2517  230526.8451     225.1832     102.1201
400000057 300000015                                               0.0000 2438076.1476 5886036.5016  639129.1082 1869698.6039 6056845.8882  669073.8784 2522238.0841 5812081.9155  232651.5371     216.3960      83.9548
400000058 300000015                                         1266279.9131 1266279.9131 6114140.2800 1306164.9224 1933504.7432 5928333.1219  639129.1082 1869698.6039 6056845.8882  232712.3450     217.7972      75.3320
400000059 300000015                                         1330561.6814 2577802.4491 5672228.9398  669073.8784 2522238.0841 5812081.9155 1306164.9224 1933504.7432 5928333.1219  231845.9895     215.5716      91.0604
400000060 300000015                                          639129.1082 1869698.6039 6056845.8882 1306164.9224 1933504.7432 5928333.1219  669073.8784 2522238.0841 5812081.9155  234046.8072     217.1333      83.0377
400000061 300000016                                         2577802.4491 1330561.6814 5672228.9398 1973179.1775 1973179.1775 5727370.1528 1933504.7432 1306164.9224 5928333.1219  238189.0310     222.7734      86.1012
400000062 300000016                                         1330561.6814 2577802.4491 5672228.9398 1306164.9224 1933504.7432 5928333.1219 1973179.1775 1973179.1775 5727370.1528  238189.0310     217.7922      93.9514
400000063 300000016                                         1266279.9131 1266279.9131 6114140.2800 1933504.7432 1306164.9224 5928333.1219 1306164.9224 1933504.7432 5928333.1219  237302.7613     220.1969      76.9265
400000064 300000016                                         1973179.1775 1973179.1775 5727370.1528 1306164.9224 1933504.7432 5928333.1219 1933504.7432 1306164.9224 5928333.1219  239617.8861     220.6439      84.1095
400000065 300000017                                         6371000.0000       0.0000       0.0000 6340321.8936  624467.2010       0.0000 6340321.8936       0.0000  624467.2010  195921.5441     259.5845      93.9722
400000066 300000017                                         6248583.0214 1242920.4416       0.0000 6308900.9250  627459.2093  627459.2093 6340321.8936  624467.2010       0.0000  196860.2699     234.5857     141.0750
400000067 300000017                                         6248583.0214       0.0000 1242920.4416 6340321.8936       0.0000  624467.2010 6308900.9250  627459.2093  627459.2093  196860.2699     227.3901     147.7091
400000068 300000017                                         6340321.8936  624467.2010       0.0000 6308900.9250  627459.2093  627459.2093 6340321.8936       0.0000  624467.2010  197817.4310     240.4902     118.1850
400000069 300000018                                         5886036.5016 2438076.1476       0.0000 6056845.8882 1869698.6039  639129.1082 6096666.8789 1849403.6788       0.0000  200521.8161     215.1402     138.6777
400000070 300000018                                         6114140.2800 1266279.9131 1266279.9131 6212473.2151 1260914.7366  636326.6289 6056845.8882 1869698.6039  639129.1082  200560.6406     209.5707     139.4131
400000071 300000018                                         6248583.0214 1242920.4416       0.0000 6096666.8789 1849403.6788       0.0000 6212473.2151 1260914.7366  636326.6289  199642.5528     219.7724     152.3982
400000072 300000018                                         6056845.8882 1869698.6039  639129.1082 6212473.2151 1260914.7366  636326.6289 6096666.8789 1849403.6788       0.0000  201535.9727     210.5651     143.6447
400000073 300000019                                         5886036.5016       0.0000 2438076.1476 6096666.8789       0.0000 1849403.6788 6056845.8882  639129.1082 1869698.6039  200521.8161     281.4139     128.5738
400000074 300000019                                         6248583.0214       0.0000 1242920.4416 6212473.2151  636326.6289 1260914.7366 6096666.8789       0.0000 1849403.6788  199642.5528     242.3973     121.8227
400000075 300000019                                         6114140.2800 1266279.9131 1266279.9131 6056845.8882  639129.1082 1869698.6039 6212473.2151  636326.6289 1260914.7366  200560.6406     243.3278     122.7696
400000076 300000019                                         6096666.8789       0.0000 1849403.6788 6212473.2151  636326.6289 1260914.7366 6056845.8882  639129.1082 1869698.6039  201535.9727     258.0410     122.4259
400000077 300000020                                         6248583.0214 1242920.4416       0.0000 6212473.2151 1260914.7366  636326.6289 6308900.9250  627459.2093  627459.2093  204548.8197     214.3499     170.7559
400000078 300000020                                         6114140.2800 1266279.9131 1266279.9131 6212473.2151  636326.6289 1260914.7366 6212473.2151 1260914.7366  636326.6289  203612.8458     217.4569     138.6716
400000079 300000020                                         6248583.0214       0.0000 1242920.4416 6308900.9250  627459.2093  627459.2093 6212473.2151  636326.6289 1260914.7366  204548.8197     219.4034     143.8182
400000080 300000020                                         6212473.2151 1260914.7366  636326.6289 6212473.2151  636326.6289 1260914.7366 6308900.9250  627459.2093  627459.2093  205583.5447     212.9549     156.3919
400000081 300000021                                         4504977.3029 4504977.3029       0.0000 4805928.6788 4126944.5164  678984.1624 4924849.5984 4041719.6134       0.0000  213029.7505     279.1437     116.0538
400000082 300000021                                         5024649.2825 3678298.5650 1346350.7175 5191537.9595 3630292.7893  677162.3725 4805928.6788 4126944.5164  678984.1624  213259.5913     232.4472     139.0805
400000083 300000021                                         5297292.9000 3539537.9546       0.0000 4924849.5984 4041719.6134       0.0000 5191537.9595 3630292.7893  677162.3725  212458.1628     267.5203      98.3183
400000084 300000021                                         4805928.6788 4126944.5164  678984.1624 5191537.9595 3630292.7893  677162.3725 4924849.5984 4041719.6134       0.0000  214297.3599     269.0909     119.3152
400000085 300000022                                         5201899.7171 2600949.8585 2600949.8585 5468063.2517 2604139.2443 1976963.3461 5157396.7439 3166715.9053 1990680.8386  213953.8407     299.9604     139.8626
400000086 300000022                                         5672228.9398 2577802.4491 1330561.6814 5375502.5311 3143878.6287 1345228.8674 5468063.2517 2604139.2443 1976963.3461  213196.7862     256.6071     131.2868
400000087 300000022                                         5024649.2825 3678298.5650 1346350.7175 5157396.7439 3166715.9053 1990680.8386 5375502.5311 3143878.6287 1345228.8674  213817.3983     250.1734     111.7426
400000088 300000022                                         5468063.2517 2604139.2443 1976963.3461 5375502.5311 3143878.6287 1345228.8674 5157396.7439 3166715.9053 1990680.8386  215042.4187     275.0849     137.3016
400000089 300000023                                         5886036.5016 2438076.1476       0.0000 5618720.3752 3003268.6103       0.0000 5812081.9155 2522238.0841  669073.8784  209920.2574     213.9228     135.8990
400000090 300000023                                         5297292.9000 3539537.9546       0.0000 5533298.6915 3085738.1156  671168.2896 5618720.3752 3003268.6103       0.0000  210577.3796     218.0858     131.5798
400000091 300000023                                         5672228.9398 2577802.4491 1330561.6814 5812081.9155 2522238.0841  669073.8784 5533298.6915 3085738.1156  671168.2896  210758.2000     216.2253     120.7422
400000092 300000023                                         5618720.3752 3003268.6103       0.0000 5533298.6915 3085738.1156  671168.2896 5812081.9155 2522238.0841  669073.8784  211783.6604     212.1244     126.4604
400000093 300000024                                         5024649.2825 3678298.5650 1346350.7175 5375502.5311 3143878.6287 1345228.8674 5191537.9595 3630292.7893  677162.3725  217445.2803     222.1355     134.0538
400000094 300000024                                         5672228.9398 2577802.4491 1330561.6814 5533298.6915 3085738.1156  671168.2896 5375502.5311 3143878.6287 1345228.8674  218077.9738     226.3997     122.5919
400000095 300000024                                         5297292.9000 3539537.9546       0.0000 5191537.9595 3630292.7893  677162.3725 5533298.6915 3085738.1156  671168.2896  218265.1507     237.8094     118.0779
400000096 300000024                                         5375502.5311 3143878.6287 1345228.8674 5533298.6915 3085738.1156  671168.2896 5191537.9595 3630292.7893  677162.3725  219375.9096     226.0561     132.9029
400000097 300000025                                         4504977.3029       0.0000 4504977.3029 4924849.5984       0.0000 4041719.6134 4805928.6788  678984.1624 4126944.5164  213029.7505     253.9405      81.6063
400000098 300000025                                         5297292.9000       0.0000 3539537.9546 5191537.9595  677162.3725 3630292.7893 4924849.5984       0.0000 4041719.6134  212458.1628     256.7902      98.4487
400000099 300000025                                         5024649.2825 1346350.7175 3678298.5650 4805928.6788  678984.1624 4126944.5164 5191537.9595  677162.3725 3630292.7893  213259.5913     261.8659      82.0877
400000100 300000025                                         4924849.5984       0.0000 4041719.6134 5191537.9595  677162.3725 3630292.7893 4805928.6788  678984.1624 4126944.5164  214297.3599     258.8544      75.2606
400000101 300000026                                         5886036.5016       0.0000 2438076.1476 5812081.9155  669073.8784 2522238.0841 5618720.3752       0.0000 3003268.6103  209920.2574     289.2045     122.7725
400000102 300000026                                         5672228.9398 1330561.6814 2577802.4491 5533298.6915  671168.2896 3085738.1156 5812081.9155  669073.8784 2522238.0841  210758.2000     289.9887     118.5686
400000103 300000026                                         5297292.9000       0.0000 3539537.9546 5618720.3752       0.0000 3003268.6103 5533298.6915  671168.2896 3085738.1156  210577.3796     274.7711     132.1074
400000104 300000026                                         5812081.9155  669073.8784 2522238.0841 5533298.6915  671168.2896 3085738.1156 5618720.3752       0.0000 3003268.6103  211783.6604     287.8340     117.9156
400000105 300000027                                         5201899.7171 2600949.8585 2600949.8585 5157396.7439 1990680.8386 3166715.9053 5468063.2517 1976963.3461 2604139.2443  213953.8407     306.8262     138.5827
400000106 300000027                                         5024649.2825 1346350.7175 3678298.5650 5375502.5311 1345228.8674 3143878.6287 5157396.7439 1990680.8386 3166715.9053  213817.3983     286.0151      89.6577
400000107 300000027                                         5672228.9398 1330561.6814 2577802.4491 5468063.2517 1976963.3461 2604139.2443 5375502.5311 1345228.8674 3143878.6287  213196.7862     300.9981     128.1032
400000108 300000027                                         5157396.7439 1990680.8386 3166715.9053 5375502.5311 1345228.8674 3143878.6287 5468063.2517 1976963.3461 2604139.2443  215042.4187     299.5457     123.8986
400000109 300000028                                         5297292.9000       0.0000 3539537.9546 5533298.6915  671168.2896 3085738.1156 5191537.9595  677162.3725 3630292.7893  218265.1507     269.1261     131.4288
400000110 300000028                                         5672228.9398 1330561.6814 2577802.4491 5375502.5311 1345228.8674 3143878.6287 5533298.6915  671168.2896 3085738.1156  218077.9738     292.2254     129.2479
400000111 300000028                                         5024649.2825 1346350.7175 3678298.5650 5191537.9595  677162.3725 3630292.7893 5375502.5311 1345228.8674 3143878.6287  217445.2803     276.0610      96.8477
400000112 300000028                                         5533298.6915  671168.2896 3085738.1156 5375502.5311 1345228.8674 3143878.6287 5191537.9595  677162.3725 3630292.7893  219375.9096     282.3254     133.3608
400000113 300000029                                         5886036.5016 2438076.1476       0.0000 5812081.9155 2522238.0841  669073.8784 6056845.8882 1869698.6039  639129.1082  232651.5371     213.6572     135.2428
400000114 300000029                                         5672228.9398 2577802.4491 1330561.6814 5928333.1219 1933504.7432 1306164.9224 5812081.9155 2522238.0841  669073.8784  231845.9895     216.5584     123.0002
400000115 300000029                                         6114140.2800 1266279.9131 1266279.9131 6056845.8882 1869698.6039  639129.1082 5928333.1219 1933504.7432 1306164.9224  232712.3450     219.7993     126.0304
400000116 300000029                                         5812081.9155 2522238.0841  669073.8784 5928333.1219 1933504.7432 1306164.9224 6056845.8882 1869698.6039  639129.1082  234046.8072     210.1879     129.0247
400000117 300000030                                         5201899.7171 2600949.8585 2600949.8585 5468063.2517 1976963.3461 2604139.2443 5468063.2517 2604139.2443 1976963.3461  228300.1373     306.7938     141.2284
400000118 300000030                                         5672228.9398 1330561.6814 2577802.4491 5727370.1528 1973179.1775 1973179.1775 5468063.2517 1976963.3461 2604139.2443  229212.6770     302.5750     112.1890
400000119 300000030                                         5672228.9398 2577802.4491 1330561.6814 5468063.2517 2604139.2443 1976963.3461 5727370.1528 1973179.1775 1973179.1775  229212.6770     276.0742     135.3890
400000120 300000030                                         5468063.2517 1976963.3461 2604139.2443 5727370.1528 1973179.1775 1973179.1775 5468063.2517 2604139.2443 1976963.3461  230526.8451     303.3162     133.5059
400000121 300000031                                         5886036.5016       0.0000 2438076.1476 6056845.8882  639129.1082 1869698.6039 5812081.9155  669073.8784 2522238.0841  232651.5371     288.2785     132.9344
400000122 300000031                                         6114140.2800 1266279.9131 1266279.9131 5928333.1219 1306164.9224 1933504.7432 6056845.8882  639129.1082 1869698.6039  232712.3450     268.3875     140.6752
400000123 300000031                                         5672228.9398 1330561.6814 2577802.4491 5812081.9155  669073.8784 2522238.0841 5928333.1219 1306164.9224 1933504.7432  231845.9895     299.1169     140.7729
400000124 300000031                                         6056845.8882  639129.1082 1869698.6039 5928333.1219 1306164.9224 1933504.7432 5812081.9155  669073.8784 2522238.0841  234046.8072     292.2969     133.9544
400000125 300000032                                         5672228.9398 2577802.4491 1330561.6814 5727370.1528 1973179.1775 1973179.1775 5928333.1219 1933504.7432 1306164.9224  238189.0310     249.6436     123.9810
400000126 300000032                                         5672228.9398 1330561.6814 2577802.4491 5928333.1219 1306164.9224 1933504.7432 5727370.1528 1973179.1775 1973179.1775  238189.0310     298.3395     142.6562
400000127 300000032                                         6114140.2800 1266279.9131 1266279.9131 5928333.1219 1933504.7432 1306164.9224 5928333.1219 1306164.9224 1933504.7432  237302.7613     250.9186     132.5596
400000128 300000032                                         5727370.1528 1973179.1775 1973179.1775 5928333.1219 1306164.9224 1933504.7432 5928333.1219 1933504.7432 1306164.9224  239617.8861     275.0584     147.8846
400000129 300000033                                               0.0000 6371000.0000       0.0000       0.0000 6340321.8936  624467.2010  624467.2010 6340321.8936       0.0000  195921.5441     216.6201     106.1182
400000130 300000033                                               0.0000 6248583.0214 1242920.4416  627459.2093 6308900.9250  627459.2093       0.0000 6340321.8936  624467.2010  196860.2699     211.7723     109.9706
400000131 300000033                                         1242920.4416 6248583.0214       0.0000  624467.2010 6340321.8936       0.0000  627459.2093 6308900.9250  627459.2093  196860.2699     224.1741      96.5260
400000132 300000033                                               0.0000 6340321.8936  624467.2010  627459.2093 6308900.9250  627459.2093  624467.2010 6340321.8936       0.0000  197817.4310     219.3834     100.3036
400000133 300000034                                               0.0000 5886036.5016 2438076.1476  639129.1082 6056845.8882 1869698.6039       0.0000 6096666.8789 1849403.6788  200521.8161     217.3163     126.8346
400000134 300000034                                         1266279.9131 6114140.2800 1266279.9131  636326.6289 6212473.2151 1260914.7366  639129.1082 6056845.8882 1869698.6039  200560.6406     219.2405     117.4863
400000135 300000034                                               0.0000 6248583.0214 1242920.4416       0.0000 6096666.8789 1849403.6788  636326.6289 6212473.2151 1260914.7366  199642.5528     209.9259     123.6633
400000136 300000034                                          639129.1082 6056845.8882 1869698.6039  636326.6289 6212473.2151 1260914.7366       0.0000 6096666.8789 1849403.6788  201535.9727     214.5552     128.4674
400000137 300000035                                         2438076.1476 5886036.5016       0.0000 1849403.6788 6096666.8789       0.0000 1869698.6039 6056845.8882  639129.1082  200521.8161     229.4076     100.3632
400000138 300000035                                         1242920.4416 6248583.0214       0.0000 1260914.7366 6212473.2151  636326.6289 1849403.6788 6096666.8789       0.0000  199642.5528     226.3900      99.3248
400000139 300000035                                         1266279.9131 6114140.2800 1266279.9131 1869698.6039 6056845.8882  639129.1082 1260914.7366 6212473.2151  636326.6289  200560.6406     228.5436     103.1897
400000140 300000035                                         1849403.6788 6096666.8789       0.0000 1260914.7366 6212473.2151  636326.6289 1869698.6039 6056845.8882  639129.1082  201535.9727     227.9547      99.5781
400000141 300000036                                               0.0000 6248583.0214 1242920.4416  636326.6289 6212473.2151 1260914.7366  627459.2093 6308900.9250  627459.2093  204548.8197     216.6749     107.7951
400000142 300000036                                         1266279.9131 6114140.2800 1266279.9131 1260914.7366 6212473.2151  636326.6289  636326.6289 6212473.2151 1260914.7366  203612.8458     229.4139      94.6608
400000143 300000036                                         1242920.4416 6248583.0214       0.0000  627459.2093 6308900.9250  627459.2093 1260914.7366 6212473.2151  636326.6289  204548.8197     226.4130      94.9228
400000144 300000036                                          636326.6289 6212473.2151 1260914.7366 1260914.7366 6212473.2151  636326.6289  627459.2093 6308900.9250  627459.2093  205583.5447     229.2484      94.0356
400000145 300000037                                               0.0000 4504977.3029 4504977.3029  678984.1624 4805928.6788 4126944.5164       0.0000 4924849.5984 4041719.6134  213029.7505     261.5385      95.1738
400000146 300000037                                         1346350.7175 5024649.2825 3678298.5650  677162.3725 5191537.9595 3630292.7893  678984.1624 4805928.6788 4126944.5164  213259.5913     246.2055     121.3004
400000147 300000037                                               0.0000 5297292.9000 3539537.9546       0.0000 4924849.5984 4041719.6134  677162.3725 5191537.9595 3630292.7893  212458.1628     232.1189     118.2924
400000148 300000037                                          678984.1624 4805928.6788 4126944.5164  677162.3725 5191537.9595 3630292.7893       0.0000 4924849.5984 4041719.6134  214297.3599     257.7334     109.4478
400000149 300000038                                         2600949.8585 5201899.7171 2600949.8585 1976963.3461 5468063.2517 2604139.2443 1990680.8386 5157396.7439 3166715.9053  213953.8407     293.7609      89.0352
400000150 300000038                                         1330561.6814 5672228.9398 2577802.4491 1345228.8674 5375502.5311 3143878.6287 1976963.3461 5468063.2517 2604139.2443  213196.7862     271.5553     112.8068
400000151 300000038                                         1346350.7175 5024649.2825 3678298.5650 1990680.8386 5157396.7439 3166715.9053 1345228.8674 5375502.5311 3143878.6287  213817.3983     286.4849      96.4170
400000152 300000038                                         1976963.3461 5468063.2517 2604139.2443 1345228.8674 5375502.5311 3143878.6287 1990680.8386 5157396.7439 3166715.9053  215042.4187     292.8868     100.2672
400000153 300000039                                               0.0000 5886036.5016 2438076.1476       0.0000 5618720.3752 3003268.6103  669073.8784 5812081.9155 2522238.0841  209920.2574     227.9604     127.5587
400000154 300000039                                               0.0000 5297292.9000 3539537.9546  671168.2896 5533298.6915 3085738.1156       0.0000 5618720.3752 3003268.6103  210577.3796     234.6162     116.1694
400000155 300000039                                         1330561.6814 5672228.9398 2577802.4491  669073.8784 5812081.9155 2522238.0841  671168.2896 5533298.6915 3085738.1156  210758.2000     251.3679     117.7215
400000156 300000039                                               0.0000 5618720.3752 3003268.6103  671168.2896 5533298.6915 3085738.1156  669073.8784 5812081.9155 2522238.0841  211783.6604     238.8186     128.6726
400000157 300000040                                         1346350.7175 5024649.2825 3678298.5650 1345228.8674 5375502.5311 3143878.6287  677162.3725 5191537.9595 3630292.7893  217445.2803     248.6498     115.0735
400000158 300000040                                         1330561.6814 5672228.9398 2577802.4491  671168.2896 5533298.6915 3085738.1156 1345228.8674 5375502.5311 3143878.6287  218077.9738     266.6075     112.8135
400000159 300000040                                               0.0000 5297292.9000 3539537.9546  677162.3725 5191537.9595 3630292.7893  671168.2896 5533298.6915 3085738.1156  218265.1507     240.0134     113.9919
400000160 300000040                                         1345228.8674 5375502.5311 3143878.6287  671168.2896 5533298.6915 3085738.1156  677162.3725 5191537.9595 3630292.7893  219375.9096     250.0801     116.0417
400000161 300000041                                         4504977.3029 4504977.3029       0.0000 4041719.6134 4924849.5984       0.0000 4126944.5164 4805928.6788  678984.1624  213029.7505     273.1836      56.7164
400000162 300000041                                         3539537.9546 5297292.9000       0.0000 3630292.7893 5191537.9595  677162.3725 4041719.6134 4924849.5984       0.0000  212458.1628     263.1808      60.4751
400000163 300000041                                         3678298.5650 5024649.2825 1346350.7175 4126944.5164 4805928.6788  678984.1624 3630292.7893 5191537.9595  677162.3725  213259.5913     276.5045      58.7540
400000164 300000041                                         4041719.6134 4924849.5984       0.0000 3630292.7893 5191537.9595  677162.3725 4126944.5164 4805928.6788  678984.1624  214297.3599     271.8876      53.4787
400000165 300000042                                         2438076.1476 5886036.5016       0.0000 2522238.0841 5812081.9155  669073.8784 3003268.6103 5618720.3752       0.0000  209920.2574     238.0969      86.2911
400000166 300000042                                         2577802.4491 5672228.9398 1330561.6814 3085738.1156 5533298.6915  671168.2896 2522238.0841 5812081.9155  669073.8784  210758.2000     248.0241      81.6825
400000167 300000042                                         3539537.9546 5297292.9000       0.0000 3003268.6103 5618720.3752       0.0000 3085738.1156 5533298.6915  671168.2896  210577.3796     249.6697      72.8264
400000168 300000042                                         2522238.0841 5812081.9155  669073.8784 3085738.1156 5533298.6915  671168.2896 3003268.6103 5618720.3752       0.0000  211783.6604     246.7162      77.0840
400000169 300000043                                         2600949.8585 5201899.7171 2600949.8585 3166715.9053 5157396.7439 1990680.8386 2604139.2443 5468063.2517 1976963.3461  213953.8407     281.8360      77.3961
400000170 300000043                                         3678298.5650 5024649.2825 1346350.7175 3143878.6287 5375502.5311 1345228.8674 3166715.9053 5157396.7439 1990680.8386  213817.3983     279.9966      64.9461
400000171 300000043                                         2577802.4491 5672228.9398 1330561.6814 2604139.2443 5468063.2517 1976963.3461 3143878.6287 5375502.5311 1345228.8674  213196.7862     263.7268      88.3801
400000172 300000043                                         3166715.9053 5157396.7439 1990680.8386 3143878.6287 5375502.5311 1345228.8674 2604139.2443 5468063.2517 1976963.3461  215042.4187     274.1844      84.5207
400000173 300000044                                         3539537.9546 5297292.9000       0.0000 3085738.1156 5533298.6915  671168.2896 3630292.7893 5191537.9595  677162.3725  218265.1507     261.2928      61.5793
400000174 300000044                                         2577802.4491 5672228.9398 1330561.6814 3143878.6287 5375502.5311 1345228.8674 3085738.1156 5533298.6915  671168.2896  218077.9738     260.9385      71.7493
400000175 300000044                                         3678298.5650 5024649.2825 1346350.7175 3630292.7893 5191537.9595  677162.3725 3143878.6287 5375502.5311 1345228.8674  217445.2803     276.0359      64.6983
400000176 300000044                                         3085738.1156 5533298.6915  671168.2896 3143878.6287 5375502.5311 1345228.8674 3630292.7893 5191537.9595  677162.3725  219375.9096     268.2705      60.0684
400000177 300000045                                               0.0000 5886036.5016 2438076.1476  669073.8784 5812081.9155 2522238.0841  639129.1082 6056845.8882 1869698.6039  232651.5371     217.5057     133.9639
400000178 300000045                                         1330561.6814 5672228.9398 2577802.4491 1306164.9224 5928333.1219 1933504.7432  669073.8784 5812081.9155 2522238.0841  231845.9895     232.0759     127.4034
400000179 300000045                                         1266279.9131 6114140.2800 1266279.9131  639129.1082 6056845.8882 1869698.6039 1306164.9224 5928333.1219 1933504.7432  232712.3450     215.9422     130.5680
400000180 300000045                                          669073.8784 5812081.9155 2522238.0841 1306164.9224 5928333.1219 1933504.7432  639129.1082 6056845.8882 1869698.6039  234046.8072     215.7449     138.4027
400000181 300000046                                         2600949.8585 5201899.7171 2600949.8585 2604139.2443 5468063.2517 1976963.3461 1976963.3461 5468063.2517 2604139.2443  228300.1373     274.1581      83.0549
400000182 300000046                                         2577802.4491 5672228.9398 1330561.6814 1973179.1775 5727370.1528 1973179.1775 2604139.2443 5468063.2517 1976963.3461  229212.6770     254.4515      94.8282
400000183 300000046                                         1330561.6814 5672228.9398 2577802.4491 1976963.3461 5468063.2517 2604139.2443 1973179.1775 5727370.1528 1973179.1775  229212.6770     251.1008     119.8768
400000184 300000046                                         2604139.2443 5468063.2517 1976963.3461 1973179.1775 5727370.1528 1973179.1775 1976963.3461 5468063.2517 2604139.2443  230526.8451     257.4371      97.7705
400000185 300000047                                         2438076.1476 5886036.5016       0.0000 1869698.6039 6056845.8882  639129.1082 2522238.0841 5812081.9155  669073.8784  232651.5371     233.2487      96.5585
400000186 300000047                                         1266279.9131 6114140.2800 1266279.9131 1933504.7432 5928333.1219 1306164.9224 1869698.6039 6056845.8882  639129.1082  232712.3450     221.2332     115.0150
400000187 300000047                                         2577802.4491 5672228.9398 1330561.6814 2522238.0841 5812081.9155  669073.8784 1933504.7432 5928333.1219 1306164.9224  231845.9895     238.3573      96.7331
400000188 300000047                                         1869698.6039 6056845.8882  639129.1082 1933504.7432 5928333.1219 1306164.9224 2522238.0841 5812081.9155  669073.8784  234046.8072     229.3191     106.4068
400000189 300000048                                         1330561.6814 5672228.9398 2577802.4491 1973179.1775 5727370.1528 1973179.1775 1306164.9224 5928333.1219 1933504.7432  238189.0310     234.1117     131.1084
400000190 300000048                                         2577802.4491 5672228.9398 1330561.6814 1933504.7432 5928333.1219 1306164.9224 1973179.1775 5727370.1528 1973179.1775  238189.0310     242.4387      97.5159
400000191 300000048                                         1266279.9131 6114140.2800 1266279.9131 1306164.9224 5928333.1219 1933504.7432 1933504.7432 5928333.1219 1306164.9224  237302.7613     220.3896     133.6485
400000192 300000048                                         1973179.1775 5727370.1528 1973179.1775 1933504.7432 5928333.1219 1306164.9224 1306164.9224 5928333.1219 1933504.7432  239617.8861     227.9417     122.8959
400000193 300000049                                         4504977.3029       0.0000 4504977.3029 4805928.6788  678984.1624 4126944.5164 4126944.5164  678984.1624 4805928.6788  328324.9483     245.7606      93.3319
400000194 300000049                                         5024649.2825 1346350.7175 3678298.5650 4400885.2099 1361638.6226 4400885.2099 4805928.6788  678984.1624 4126944.5164  329212.3599     258.8428      77.2376
400000195 300000049                                         3678298.5650 1346350.7175 5024649.2825 4126944.5164  678984.1624 4805928.6788 4400885.2099 1361638.6226 4400885.2099  329212.3599     236.7096     111.1118
400000196 300000049                                         4805928.6788  678984.1624 4126944.5164 4400885.2099 1361638.6226 4400885.2099 4126944.5164  678984.1624 4805928.6788  332074.9378     247.3428      90.8984
400000197 300000050                                         5201899.7171 2600949.8585 2600949.8585 4688572.4479 2687534.5848 3374031.3064 5157396.7439 1990680.8386 3166715.9053  331958.1435     305.2213     134.5399
400000198 300000050                                         4074905.2917 2716603.5278 4074905.2917 4591494.5659 2050103.9020 3912146.8074 4688572.4479 2687534.5848 3374031.3064  332135.9111     284.1194      64.4422
400000199 300000050                                         5024649.2825 1346350.7175 3678298.5650 5157396.7439 1990680.8386 3166715.9053 4591494.5659 2050103.9020 3912146.8074  331417.2039     281.0502      66.9552
400000200 300000050                                         4688572.4479 2687534.5848 3374031.3064 4591494.5659 2050103.9020 3912146.8074 5157396.7439 1990680.8386 3166715.9053  335024.3025     291.2325      70.2258
400000201 300000051                                         2600949.8585 2600949.8585 5201899.7171 3166715.9053 1990680.8386 5157396.7439 3374031.3064 2687534.5848 4688572.4479  331958.1435     238.2543     100.9381
400000202 300000051                                         3678298.5650 1346350.7175 5024649.2825 3912146.8074 2050103.9020 4591494.5659 3166715.9053 1990680.8386 5157396.7439  331417.2039     240.7215     103.6309
400000203 300000051                                         4074905.2917 2716603.5278 4074905.2917 3374031.3064 2687534.5848 4688572.4479 3912146.8074 2050103.9020 4591494.5659  332135.9111     256.5319      81.3198
400000204 300000051                                         3166715.9053 1990680.8386 5157396.7439 3912146.8074 2050103.9020 4591494.5659 3374031.3064 2687534.5848 4688572.4479  335024.3025     245.7309      97.9402
400000205 300000052                                         5024649.2825 1346350.7175 3678298.5650 4591494.5659 2050103.9020 3912146.8074 4400885.2099 1361638.6226 4400885.2099  344128.0612     262.6466      76.1281
400000206 300000052                                         4074905.2917 2716603.5278 4074905.2917 3912146.8074 2050103.9020 4591494.5659 4591494.5659 2050103.9020 3912146.8074  343384.2298     261.2891      87.0076
400000207 300000052                                         3678298.5650 1346350.7175 5024649.2825 4400885.2099 1361638.6226 4400885.2099 3912146.8074 2050103.9020 4591494.5659  344128.0612     241.0852     106.9750
400000208 300000052                                         4591494.5659 2050103.9020 3912146.8074 3912146.8074 2050103.9020 4591494.5659 4400885.2099 1361638.6226 4400885.2099  347308.3434     249.5709     101.7474
400000209 300000053                                         4504977.3029 4504977.3029       0.0000 4126944.5164 4805928.6788  678984.1624 4805928.6788 4126944.5164  678984.1624  328324.9483     278.2055     107.7565
400000210 300000053                                         3678298.5650 5024649.2825 1346350.7175 4400885.2099 4400885.2099 1361638.6226 4126944.5164 4805928.6788  678984.1624  329212.3599     280.6563      85.5758
400000211 300000053                                         5024649.2825 3678298.5650 1346350.7175 4805928.6788 4126944.5164  678984.1624 4400885.2099 4400885.2099 1361638.6226  329212.3599     257.3078     103.3345
400000212 300000053                                         4126944.5164 4805928.6788  678984.1624 4400885.2099 4400885.2099 1361638.6226 4805928.6788 4126944.5164  678984.1624  332074.9378     275.4528     106.7466
400000213 300000054                                         2600949.8585 5201899.7171 2600949.8585 3374031.3064 4688572.4479 2687534.5848 3166715.9053 5157396.7439 1990680.8386  331958.1435     302.0291      79.9954
400000214 300000054                                         4074905.2917 4074905.2917 2716603.5278 3912146.8074 4591494.5659 2050103.9020 3374031.3064 4688572.4479 2687534.5848  332135.9111     316.3511     126.9770
400000215 300000054                                         3678298.5650 5024649.2825 1346350.7175 3166715.9053 5157396.7439 1990680.8386 3912146.8074 4591494.5659 2050103.9020  331417.2039     291.4971      90.5221
400000216 300000054                                         3374031.3064 4688572.4479 2687534.5848 3912146.8074 4591494.5659 2050103.9020 3166715.9053 5157396.7439 1990680.8386  335024.3025     309.5206     125.8955
400000217 300000055                                         5201899.7171 2600949.8585 2600949.8585 5157396.7439 3166715.9053 1990680.8386 4688572.4479 3374031.3064 2687534.5848  331958.1435     308.5883     121.6214
400000218 300000055                                         5024649.2825 3678298.5650 1346350.7175 4591494.5659 3912146.8074 2050103.9020 5157396.7439 3166715.9053 1990680.8386  331417.2039     269.6190      94.0677
400000219 300000055                                         4074905.2917 4074905.2917 2716603.5278 4688572.4479 3374031.3064 2687534.5848 4591494.5659 3912146.8074 2050103.9020  332135.9111     301.2587      85.9207
400000220 300000055                                         5157396.7439 3166715.9053 1990680.8386 4591494.5659 3912146.8074 2050103.9020 4688572.4479 3374031.3064 2687534.5848  335024.3025     296.5107      85.4906
400000221 300000056                                         3678298.5650 5024649.2825 1346350.7175 3912146.8074 4591494.5659 2050103.9020 4400885.2099 4400885.2099 1361638.6226  344128.0612     289.2605      83.2135
400000222 300000056                                         4074905.2917 4074905.2917 2716603.5278 4591494.5659 3912146.8074 2050103.9020 3912146.8074 4591494.5659 2050103.9020  343384.2298     305.4234     117.3251
400000223 300000056                                         5024649.2825 3678298.5650 1346350.7175 4400885.2099 4400885.2099 1361638.6226 4591494.5659 3912146.8074 2050103.9020  344128.0612     265.4926      82.2761
400000224 300000056                                         3912146.8074 4591494.5659 2050103.9020 4591494.5659 3912146.8074 2050103.9020 4400885.2099 4400885.2099 1361638.6226  347308.3434     288.1753     109.4739
400000225 300000057                                               0.0000 4504977.3029 4504977.3029  678984.1624 4126944.5164 4805928.6788  678984.1624 4805928.6788 4126944.5164  328324.9483     249.7503      93.1219
400000226 300000057                                         1346350.7175 3678298.5650 5024649.2825 1361638.6226 4400885.2099 4400885.2099  678984.1624 4126944.5164 4805928.6788  329212.3599     253.6766      85.9839
400000227 300000057                                         1346350.7175 5024649.2825 3678298.5650  678984.1624 4805928.6788 4126944.5164 1361638.6226 4400885.2099 4400885.2099  329212.3599     247.1556     107.4765
400000228 300000057                                          678984.1624 4126944.5164 4805928.6788 1361638.6226 4400885.2099 4400885.2099  678984.1624 4805928.6788 4126944.5164  332074.9378     253.1942      91.9139
400000229 300000058                                         2600949.8585 2600949.8585 5201899.7171 2687534.5848 3374031.3064 4688572.4479 1990680.8386 3166715.9053 5157396.7439  331958.1435     239.6321      96.5769
400000230 300000058                                         2716603.5278 4074905.2917 4074905.2917 2050103.9020 3912146.8074 4591494.5659 2687534.5848 3374031.3064 4688572.4479  332135.9111     268.2449      93.7744
400000231 300000058                                         1346350.7175 3678298.5650 5024649.2825 1990680.8386 3166715.9053 5157396.7439 2050103.9020 3912146.8074 4591494.5659  331417.2039     247.0820      92.9314
400000232 300000058                                         2687534.5848 3374031.3064 4688572.4479 2050103.9020 3912146.8074 4591494.5659 1990680.8386 3166715.9053 5157396.7439  335024.3025     251.5895      92.0896
400000233 300000059                                         2600949.8585 5201899.7171 2600949.8585 1990680.8386 5157396.7439 3166715.9053 2687534.5848 4688572.4479 3374031.3064  331958.1435     311.8479      90.2040
400000234 300000059                                         1346350.7175 5024649.2825 3678298.5650 2050103.9020 4591494.5659 3912146.8074 1990680.8386 5157396.7439 3166715.9053  331417.2039     282.6223      89.8522
400000235 300000059                                         2716603.5278 4074905.2917 4074905.2917 2687534.5848 4688572.4479 3374031.3064 2050103.9020 4591494.5659 3912146.8074  332135.9111     298.1441      87.9359
400000236 300000059                                         1990680.8386 5157396.7439 3166715.9053 2050103.9020 4591494.5659 3912146.8074 2687534.5848 4688572.4479 3374031.3064  335024.3025     303.1029      91.3707
400000237 300000060                                         1346350.7175 3678298.5650 5024649.2825 2050103.9020 3912146.8074 4591494.5659 1361638.6226 4400885.2099 4400885.2099  344128.0612     261.4133      86.2430
400000238 300000060                                         2716603.5278 4074905.2917 4074905.2917 2050103.9020 4591494.5659 3912146.8074 2050103.9020 3912146.8074 4591494.5659  343384.2298     284.1344      90.6798
400000239 300000060                                         1346350.7175 5024649.2825 3678298.5650 1361638.6226 4400885.2099 4400885.2099 2050103.9020 4591494.5659 3912146.8074  344128.0612     260.7212      91.7062
400000240 300000060                                         2050103.9020 3912146.8074 4591494.5659 2050103.9020 4591494.5659 3912146.8074 1361638.6226 4400885.2099 4400885.2099  347308.3434     279.7639      86.2108
400000241 300000061                                         5201899.7171 2600949.8585 2600949.8585 4688572.4479 3374031.3064 2687534.5848 4688572.4479 2687534.5848 3374031.3064  387995.8446     312.2526     117.7908
400000242 300000061                                         4074905.2917 4074905.2917 2716603.5278 4122015.5885 3435012.9904 3435012.9904 4688572.4479 3374031.3064 2687534.5848  388281.7658     310.7139     105.2954
400000243 300000061                                         4074905.2917 2716603.5278 4074905.2917 4688572.4479 2687534.5848 3374031.3064 4122015.5885 3435012.9904 3435012.9904  388281.7658     295.7848      73.5810
400000244 300000061                                         4688572.4479 3374031.3064 2687534.5848 4122015.5885 3435012.9904 3435012.9904 4688572.4479 2687534.5848 3374031.3064  392517.4362     309.5240      89.1370
400000245 300000062                                         2600949.8585 5201899.7171 2600949.8585 2687534.5848 4688572.4479 3374031.3064 3374031.3064 4688572.4479 2687534.5848  387995.8446     312.6187      76.0593
400000246 300000062                                         2716603.5278 4074905.2917 4074905.2917 3435012.9904 4122015.5885 3435012.9904 2687534.5848 4688572.4479 3374031.3064  388281.7658     302.1780      86.2945
400000247 300000062                                         4074905.2917 4074905.2917 2716603.5278 3374031.3064 4688572.4479 2687534.5848 3435012.9904 4122015.5885 3435012.9904  388281.7658     319.1308      90.7146
400000248 300000062                                         2687534.5848 4688572.4479 3374031.3064 3435012.9904 4122015.5885 3435012.9904 3374031.3064 4688572.4479 2687534.5848  392517.4362     309.3076      87.0778
400000249 300000063                                         2600949.8585 2600949.8585 5201899.7171 3374031.3064 2687534.5848 4688572.4479 2687534.5848 3374031.3064 4688572.4479  387995.8446     245.3306      93.5637
400000250 300000063                                         4074905.2917 2716603.5278 4074905.2917 3435012.9904 3435012.9904 4122015.5885 3374031.3064 2687534.5848 4688572.4479  388281.7658     255.9451      90.2983
400000251 300000063                                         2716603.5278 4074905.2917 4074905.2917 2687534.5848 3374031.3064 4688572.4479 3435012.9904 3435012.9904 4122015.5885  388281.7658     264.6922      83.6209
400000252 300000063                                         3374031.3064 2687534.5848 4688572.4479 3435012.9904 3435012.9904 4122015.5885 2687534.5848 3374031.3064 4688572.4479  392517.4362     251.3409      94.8195
400000253 300000064                                         4074905.2917 4074905.2917 2716603.5278 3435012.9904 4122015.5885 3435012.9904 4122015.5885 3435012.9904 3435012.9904  405996.4825     317.4822     113.4514
400000254 300000064                                         2716603.5278 4074905.2917 4074905.2917 3435012.9904 3435012.9904 4122015.5885 3435012.9904 4122015.5885 3435012.9904  405996.4825     280.6627      85.8530
400000255 300000064                                         4074905.2917 2716603.5278 4074905.2917 4122015.5885 3435012.9904 3435012.9904 3435012.9904 3435012.9904 4122015.5885  405996.4825     287.2254      93.0145
400000256 300000064                                         3435012.9904 4122015.5885 3435012.9904 3435012.9904 3435012.9904 4122015.5885 4122015.5885 3435012.9904 3435012.9904  410731.3740     302.2226      94.2794
400000257 300000065                                               0.0000       0.0000 6371000.0000       0.0000  624467.2010 6340321.8936 -624467.2010       0.0000 6340321.8936  195921.5441     203.9497      47.9229
400000258 300000065                                               0.0000 1242920.4416 6248583.0214 -627459.2093  627459.2093 6308900.9250       0.0000  624467.2010 6340321.8936  196860.2699     207.1237      55.7188
400000259 300000065                                         -1242920.4416       0.0000 6248583.0214 -624467.2010       0.0000 6340321.8936 -627459.2093  627459.2093 6308900.9250  196860.2699     205.4686      57.6821
400000260 300000065                                               0.0000  624467.2010 6340321.8936 -627459.2093  627459.2093 6308900.9250 -624467.2010       0.0000 6340321.8936  197817.4310     205.1484      51.5576
400000261 300000066                                               0.0000 2438076.1476 5886036.5016 -639129.1082 1869698.6039 6056845.8882       0.0000 1849403.6788 6096666.8789  200521.8161     210.5196      81.0538
400000262 300000066                                         -1266279.9131 1266279.9131 6114140.2800 -636326.6289 1260914.7366 6212473.2151 -639129.1082 1869698.6039 6056845.8882  200560.6406     212.0142      69.5569
400000263 300000066                                               0.0000 1242920.4416 6248583.0214       0.0000 1849403.6788 6096666.8789 -636326.6289 1260914.7366 6212473.2151  199642.5528     210.0415      66.1554
400000264 300000066                                         -639129.1082 1869698.6039 6056845.8882 -636326.6289 1260914.7366 6212473.2151       0.0000 1849403.6788 6096666.8789  201535.9727     210.3790      72.1569
400000265 300000067                                         -2438076.1476       0.0000 5886036.5016 -1849403.6788       0.0000 6096666.8789 -1869698.6039  639129.1082 6056845.8882  200521.8161     213.4406      77.8574
400000266 300000067                                         -1242920.4416       0.0000 6248583.0214 -1260914.7366  636326.6289 6212473.2151 -1849403.6788       0.0000 6096666.8789  199642.5528     209.2144      70.0314
400000267 300000067                                         -1266279.9131 1266279.9131 6114140.2800 -1869698.6039  639129.1082 6056845.8882 -1260914.7366  636326.6289 6212473.2151  200560.6406     212.3307      69.3774
400000268 300000067                                         -1849403.6788       0.0000 6096666.8789 -1260914.7366  636326.6289 6212473.2151 -1869698.6039  639129.1082 6056845.8882  201535.9727     211.3322      73.8242
400000269 300000068                                               0.0000 1242920.4416 6248583.0214 -636326.6289 1260914.7366 6212473.2151 -627459.2093  627459.2093 6308900.9250  204548.8197     207.7802      60.2313
400000270 300000068                                         -1266279.9131 1266279.9131 6114140.2800 -1260914.7366  636326.6289 6212473.2151 -636326.6289 1260914.7366 6212473.2151  203612.8458     210.9957      65.7059
400000271 300000068                                         -1242920.4416       0.0000 6248583.0214 -627459.2093  627459.2093 6308900.9250 -1260914.7366  636326.6289 6212473.2151  204548.8197     207.4963      62.3084
400000272 300000068                                         -636326.6289 1260914.7366 6212473.2151 -1260914.7366  636326.6289 6212473.2151 -627459.2093  627459.2093 6308900.9250  205583.5447     208.7890      60.1054
400000273 300000069                                               0.0000 4504977.3029 4504977.3029 -678984.1624 4126944.5164 4805928.6788       0.0000 4041719.6134 4924849.5984  213029.7505     240.3167      87.4860
400000274 300000069                                         -1346350.7175 3678298.5650 5024649.2825 -677162.3725 3630292.7893 5191537.9595 -678984.1624 4126944.5164 4805928.6788  213259.5913     226.1437      92.9386
400000275 300000069                                               0.0000 3539537.9546 5297292.9000       0.0000 4041719.6134 4924849.5984 -677162.3725 3630292.7893 5191537.9595  212458.1628     222.5044      99.0242
400000276 300000069                                         -678984.1624 4126944.5164 4805928.6788 -677162.3725 3630292.7893 5191537.9595       0.0000 4041719.6134 4924849.5984  214297.3599     226.4523      93.9829
400000277 300000070                                         -2600949.8585 2600949.8585 5201899.7171 -1976963.3461 2604139.2443 5468063.2517 -1990680.8386 3166715.9053 5157396.7439  213953.8407     217.6961     103.7895
400000278 300000070                                         -1330561.6814 2577802.4491 5672228.9398 -1345228.8674 3143878.6287 5375502.5311 -1976963.3461 2604139.2443 5468063.2517  213196.7862     215.5310      97.4522
400000279 300000070                                         -1346350.7175 3678298.5650 5024649.2825 -1990680.8386 3166715.9053 5157396.7439 -1345228.8674 3143878.6287 5375502.5311  213817.3983     219.4059      97.1338
400000280 300000070                                         -1976963.3461 2604139.2443 5468063.2517 -1345228.8674 3143878.6287 5375502.5311 -1990680.8386 3166715.9053 5157396.7439  215042.4187     215.1271     105.5687
400000281 300000071                                               0.0000 2438076.1476 5886036.5016       0.0000 3003268.6103 5618720.3752 -669073.8784 2522238.0841 5812081.9155  209920.2574     210.8860      94.1413
400000282 300000071                                               0.0000 3539537.9546 5297292.9000 -671168.2896 3085738.1156 5533298.6915       0.0000 3003268.6103 5618720.3752  210577.3796     218.2710     100.4080
400000283 300000071                                         -1330561.6814 2577802.4491 5672228.9398 -669073.8784 2522238.0841 5812081.9155 -671168.2896 3085738.1156 5533298.6915  210758.2000     215.2924      89.6562
400000284 300000071                                               0.0000 3003268.6103 5618720.3752 -671168.2896 3085738.1156 5533298.6915 -669073.8784 2522238.0841 5812081.9155  211783.6604     213.9136      95.5257
400000285 300000072                                         -1346350.7175 3678298.5650 5024649.2825 -1345228.8674 3143878.6287 5375502.5311 -677162.3725 3630292.7893 5191537.9595  217445.2803     220.3823      98.2047
400000286 300000072                                         -1330561.6814 2577802.4491 5672228.9398 -671168.2896 3085738.1156 5533298.6915 -1345228.8674 3143878.6287 5375502.5311  218077.9738     216.0962      95.4401
400000287 300000072                                               0.0000 3539537.9546 5297292.9000 -677162.3725 3630292.7893 5191537.9595 -671168.2896 3085738.1156 5533298.6915  218265.1507     221.1534      98.2707
400000288 300000072                                         -1345228.8674 3143878.6287 5375502.5311 -671168.2896 3085738.1156 5533298.6915 -677162.3725 3630292.7893 5191537.9595  219375.9096     218.7223     100.1088
400000289 300000073                                         -4504977.3029       0.0000 4504977.3029 -4041719.6134       0.0000 4924849.5984 -4126944.5164  678984.1624 4805928.6788  213029.7505     229.4758     121.2515
400000290 300000073                                         -3539537.9546       0.0000 5297292.9000 -3630292.7893  677162.3725 5191537.9595 -4041719.6134       0.0000 4924849.5984  212458.1628     225.1998     109.6746
400000291 300000073                                         -3678298.5650 1346350.7175 5024649.2825 -4126944.5164  678984.1624 4805928.6788 -3630292.7893  677162.3725 5191537.9595  213259.5913     230.2032     105.7427
400000292 300000073                                         -4041719.6134       0.0000 4924849.5984 -3630292.7893  677162.3725 5191537.9595 -4126944.5164  678984.1624 4805928.6788  214297.3599     228.1729     113.6287
400000293 300000074                                         -2438076.1476       0.0000 5886036.5016 -2522238.0841  669073.8784 5812081.9155 -3003268.6103       0.0000 5618720.3752  209920.2574     216.4981      84.8309
400000294 300000074                                         -2577802.4491 1330561.6814 5672228.9398 -3085738.1156  671168.2896 5533298.6915 -2522238.0841  669073.8784 5812081.9155  210758.2000     216.3271      93.2655
400000295 300000074                                         -3539537.9546       0.0000 5297292.9000 -3003268.6103       0.0000 5618720.3752 -3085738.1156  671168.2896 5533298.6915  210577.3796     222.6186      92.2771
400000296 300000074                                         -2522238.0841  669073.8784 5812081.9155 -3085738.1156  671168.2896 5533298.6915 -3003268.6103       0.0000 5618720.3752  211783.6604     216.5537      93.1044
400000297 300000075                                         -2600949.8585 2600949.8585 5201899.7171 -3166715.9053 1990680.8386 5157396.7439 -2604139.2443 1976963.3461 5468063.2517  213953.8407     228.5366      83.2797
400000298 300000075                                         -3678298.5650 1346350.7175 5024649.2825 -3143878.6287 1345228.8674 5375502.5311 -3166715.9053 1990680.8386 5157396.7439  213817.3983     227.3374     102.1389
400000299 300000075                                         -2577802.4491 1330561.6814 5672228.9398 -2604139.2443 1976963.3461 5468063.2517 -3143878.6287 1345228.8674 5375502.5311  213196.7862     221.6584      91.6391
400000300 300000075                                         -3166715.9053 1990680.8386 5157396.7439 -3143878.6287 1345228.8674 5375502.5311 -2604139.2443 1976963.3461 5468063.2517  215042.4187     229.1226      89.2622
400000301 300000076                                         -3539537.9546       0.0000 5297292.9000 -3085738.1156  671168.2896 5533298.6915 -3630292.7893  677162.3725 5191537.9595  218265.1507     225.0547      95.5616
400000302 300000076                                         -2577802.4491 1330561.6814 5672228.9398 -3143878.6287 1345228.8674 5375502.5311 -3085738.1156  671168.2896 5533298.6915  218077.9738     221.6923      92.5875
400000303 300000076                                         -3678298.5650 1346350.7175 5024649.2825 -3630292.7893  677162.3725 5191537.9595 -3143878.6287 1345228.8674 5375502.5311  217445.2803     225.3280      97.4719
400000304 300000076                                         -3085738.1156  671168.2896 5533298.6915 -3143878.6287 1345228.8674 5375502.5311 -3630292.7893  677162.3725 5191537.9595  219375.9096     223.5662      95.4789
400000305 300000077                                               0.0000 2438076.1476 5886036.5016 -669073.8784 2522238.0841 5812081.9155 -639129.1082 1869698.6039 6056845.8882  232651.5371     208.6155      86.4139
400000306 300000077                                         -1330561.6814 2577802.4491 5672228.9398 -1306164.9224 1933504.7432 5928333.1219 -669073.8784 2522238.0841 5812081.9155  231845.9895     214.9147      83.4722
400000307 300000077                                         -1266279.9131 1266279.9131 6114140.2800 -639129.1082 1869698.6039 6056845.8882 -1306164.9224 1933504.7432 5928333.1219  232712.3450     212.2574      75.3576
400000308 300000077                                         -669073.8784 2522238.0841 5812081.9155 -1306164.9224 1933504.7432 5928333.1219 -639129.1082 1869698.6039 6056845.8882  234046.8072     211.9211      81.2480
400000309 300000078                                         -2600949.8585 2600949.8585 5201899.7171 -2604139.2443 1976963.3461 5468063.2517 -1976963.3461 2604139.2443 5468063.2517  228300.1373     217.7361     100.2955
400000310 300000078                                         -2577802.4491 1330561.6814 5672228.9398 -1973179.1775 1973179.1775 5727370.1528 -2604139.2443 1976963.3461 5468063.2517  229212.6770     212.4902      97.3832
400000311 300000078                                         -1330561.6814 2577802.4491 5672228.9398 -1976963.3461 2604139.2443 5468063.2517 -1973179.1775 1973179.1775 5727370.1528  229212.6770     217.8195      87.2321
400000312 300000078                                         -2604139.2443 1976963.3461 5468063.2517 -1973179.1775 1973179.1775 5727370.1528 -1976963.3461 2604139.2443 5468063.2517  230526.8451     217.3334      93.1162
400000313 300000079                                         -2438076.1476       0.0000 5886036.5016 -1869698.6039  639129.1082 6056845.8882 -2522238.0841  669073.8784 5812081.9155  232651.5371     213.8006      79.9344
400000314 300000079                                         -1266279.9131 1266279.9131 6114140.2800 -1933504.7432 1306164.9224 5928333.1219 -1869698.6039  639129.1082 6056845.8882  232712.3450     213.3322      75.7615
400000315 300000079                                         -2577802.4491 1330561.6814 5672228.9398 -2522238.0841  669073.8784 5812081.9155 -1933504.7432 1306164.9224 5928333.1219  231845.9895     214.8253      82.9786
400000316 300000079                                         -1869698.6039  639129.1082 6056845.8882 -1933504.7432 1306164.9224 5928333.1219 -2522238.0841  669073.8784 5812081.9155  234046.8072     214.8420      77.8136
400000317 300000080                                         -1330561.6814 2577802.4491 5672228.9398 -1973179.1775 1973179.1775 5727370.1528 -1306164.9224 1933504.7432 5928333.1219  238189.0310     214.7150      83.4259
400000318 300000080                                         -2577802.4491 1330561.6814 5672228.9398 -1933504.7432 1306164.9224 5928333.1219 -1973179.1775 1973179.1775 5727370.1528  238189.0310     209.6956      91.2737
400000319 300000080                                         -1266279.9131 1266279.9131 6114140.2800 -1306164.9224 1933504.7432 5928333.1219 -1933504.7432 1306164.9224 5928333.1219  237302.7613     212.0346      76.7486
400000320 300000080                                         -1973179.1775 1973179.1775 5727370.1528 -1933504.7432 1306164.9224 5928333.1219 -1306164.9224 1933504.7432 5928333.1219  239617.8861     209.4301      84.9458
400000321 300000081                                               0.0000 6371000.0000       0.0000 -624467.2010 6340321.8936       0.0000       0.0000 6340321.8936  624467.2010  195921.5441     209.8262     117.9094
400000322 300000081                                         -1242920.4416 6248583.0214       0.0000 -627459.2093 6308900.9250  627459.2093 -624467.2010 6340321.8936       0.0000  196860.2699     197.3197     135.9596
400000323 300000081                                               0.0000 6248583.0214 1242920.4416       0.0000 6340321.8936  624467.2010 -627459.2093 6308900.9250  627459.2093  196860.2699     204.7900     122.8611
400000324 300000081                                         -624467.2010 6340321.8936       0.0000 -627459.2093 6308900.9250  627459.2093       0.0000 6340321.8936  624467.2010  197817.4310     203.2833     125.1598
400000325 300000082                                         -2438076.1476 5886036.5016       0.0000 -1869698.6039 6056845.8882  639129.1082 -1849403.6788 6096666.8789       0.0000  200521.8161     211.0732     123.1176
400000326 300000082                                         -1266279.9131 6114140.2800 1266279.9131 -1260914.7366 6212473.2151  636326.6289 -1869698.6039 6056845.8882  639129.1082  200560.6406     204.3848     129.2814
400000327 300000082                                         -1242920.4416 6248583.0214       0.0000 -1849403.6788 6096666.8789       0.0000 -1260914.7366 6212473.2151  636326.6289  199642.5528     214.2475     129.0069
400000328 300000082                                         -1869698.6039 6056845.8882  639129.1082 -1260914.7366 6212473.2151  636326.6289 -1849403.6788 6096666.8789       0.0000  201535.9727     214.5600     113.5466
400000329 300000083                                               0.0000 5886036.5016 2438076.1476       0.0000 6096666.8789 1849403.6788 -639129.1082 6056845.8882 1869698.6039  200521.8161     210.8492     132.8906
400000330 300000083                                               0.0000 6248583.0214 1242920.4416 -636326.6289 6212473.2151 1260914.7366       0.0000 6096666.8789 1849403.6788  199642.5528     202.9538     138.1197
400000331 300000083                                         -1266279.9131 6114140.2800 1266279.9131 -639129.1082 6056845.8882 1869698.6039 -636326.6289 6212473.2151 1260914.7366  200560.6406     193.9311     153.4322
400000332 300000083                                               0.0000 6096666.8789 1849403.6788 -636326.6289 6212473.2151 1260914.7366 -639129.1082 6056845.8882 1869698.6039  201535.9727     202.3501     144.6107
400000333 300000084                                         -1242920.4416 6248583.0214       0.0000 -1260914.7366 6212473.2151  636326.6289 -627459.2093 6308900.9250  627459.2093  204548.8197     198.5090     137.9353
400000334 300000084                                         -1266279.9131 6114140.2800 1266279.9131 -636326.6289 6212473.2151 1260914.7366 -1260914.7366 6212473.2151  636326.6289  203612.8458     200.2346     136.6421
400000335 300000084                                               0.0000 6248583.0214 1242920.4416 -627459.2093 6308900.9250  627459.2093 -636326.6289 6212473.2151 1260914.7366  204548.8197     202.7138     132.5501
400000336 300000084                                         -1260914.7366 6212473.2151  636326.6289 -636326.6289 6212473.2151 1260914.7366 -627459.2093 6308900.9250  627459.2093  205583.5447     200.9946     132.8633
400000337 300000085                                         -4504977.3029 4504977.3029       0.0000 -4126944.5164 4805928.6788  678984.1624 -4041719.6134 4924849.5984       0.0000  213029.7505     228.3256      97.5006
400000338 300000085                                         -3678298.5650 5024649.2825 1346350.7175 -3630292.7893 5191537.9595  677162.3725 -4126944.5164 4805928.6788  678984.1624  213259.5913     208.1789     119.8230
400000339 300000085                                         -3539537.9546 5297292.9000       0.0000 -4041719.6134 4924849.5984       0.0000 -3630292.7893 5191537.9595  677162.3725  212458.1628     233.7675      91.8508
400000340 300000085                                         -4126944.5164 4805928.6788  678984.1624 -3630292.7893 5191537.9595  677162.3725 -4041719.6134 4924849.5984       0.0000  214297.3599     226.5223      98.2289
400000341 300000086                                         -2600949.8585 5201899.7171 2600949.8585 -2604139.2443 5468063.2517 1976963.3461 -3166715.9053 5157396.7439 1990680.8386  213953.8407     235.5969     104.7544
400000342 300000086                                         -2577802.4491 5672228.9398 1330561.6814 -3143878.6287 5375502.5311 1345228.8674 -2604139.2443 5468063.2517 1976963.3461  213196.7862     204.1796     126.1709
400000343 300000086                                         -3678298.5650 5024649.2825 1346350.7175 -3166715.9053 5157396.7439 1990680.8386 -3143878.6287 5375502.5311 1345228.8674  213817.3983     202.3199     126.7184
400000344 300000086                                         -2604139.2443 5468063.2517 1976963.3461 -3143878.6287 5375502.5311 1345228.8674 -3166715.9053 5157396.7439 1990680.8386  215042.4187     207.4178     121.7575
400000345 300000087                                         -2438076.1476 5886036.5016       0.0000 -3003268.6103 5618720.3752       0.0000 -2522238.0841 5812081.9155  669073.8784  209920.2574     211.7868     131.6801
400000346 300000087                                         -3539537.9546 5297292.9000       0.0000 -3085738.1156 5533298.6915  671168.2896 -3003268.6103 5618720.3752       0.0000  210577.3796     233.7552     103.4331
400000347 300000087                                         -2577802.4491 5672228.9398 1330561.6814 -2522238.0841 5812081.9155  669073.8784 -3085738.1156 5533298.6915  671168.2896  210758.2000     205.0578     126.5923
400000348 300000087                                         -3003268.6103 5618720.3752       0.0000 -3085738.1156 5533298.6915  671168.2896 -2522238.0841 5812081.9155  669073.8784  211783.6604     213.5647     123.4396
400000349 300000088                                         -3678298.5650 5024649.2825 1346350.7175 -3143878.6287 5375502.5311 1345228.8674 -3630292.7893 5191537.9595  677162.3725  217445.2803     199.6709     129.9400
400000350 300000088                                         -2577802.4491 5672228.9398 1330561.6814 -3085738.1156 5533298.6915  671168.2896 -3143878.6287 5375502.5311 1345228.8674  218077.9738     197.2136     137.0607
400000351 300000088                                         -3539537.9546 5297292.9000       0.0000 -3630292.7893 5191537.9595  677162.3725 -3085738.1156 5533298.6915  671168.2896  218265.1507     228.0797      99.7270
400000352 300000088                                         -3143878.6287 5375502.5311 1345228.8674 -3085738.1156 5533298.6915  671168.2896 -3630292.7893 5191537.9595  677162.3725  219375.9096     201.7814     126.3313
400000353 300000089                                               0.0000 4504977.3029 4504977.3029       0.0000 4924849.5984 4041719.6134 -678984.1624 4805928.6788 4126944.5164  213029.7505     263.5060      88.6196
400000354 300000089                                               0.0000 5297292.9000 3539537.9546 -677162.3725 5191537.9595 3630292.7893       0.0000 4924849.5984 4041719.6134  212458.1628     231.1393     122.7817
400000355 300000089                                         -1346350.7175 5024649.2825 3678298.5650 -678984.1624 4805928.6788 4126944.5164 -677162.3725 5191537.9595 3630292.7893  213259.5913     231.4829     126.4340
400000356 300000089                                               0.0000 4924849.5984 4041719.6134 -677162.3725 5191537.9595 3630292.7893 -678984.1624 4805928.6788 4126944.5164  214297.3599     243.8664     110.7092
400000357 300000090                                               0.0000 5886036.5016 2438076.1476 -669073.8784 5812081.9155 2522238.0841       0.0000 5618720.3752 3003268.6103  209920.2574     222.3016     137.8090
400000358 300000090                                         -1330561.6814 5672228.9398 2577802.4491 -671168.2896 5533298.6915 3085738.1156 -669073.8784 5812081.9155 2522238.0841  210758.2000     233.1352     152.4940
400000359 300000090                                               0.0000 5297292.9000 3539537.9546       0.0000 5618720.3752 3003268.6103 -671168.2896 5533298.6915 3085738.1156  210577.3796     226.6581     136.7558
400000360 300000090                                         -669073.8784 5812081.9155 2522238.0841 -671168.2896 5533298.6915 3085738.1156       0.0000 5618720.3752 3003268.6103  211783.6604     231.7741     146.0014
400000361 300000091                                         -2600949.8585 5201899.7171 2600949.8585 -1990680.8386 5157396.7439 3166715.9053 -1976963.3461 5468063.2517 2604139.2443  213953.8407     255.1654     141.3994
400000362 300000091                                         -1346350.7175 5024649.2825 3678298.5650 -1345228.8674 5375502.5311 3143878.6287 -1990680.8386 5157396.7439 3166715.9053  213817.3983     238.2711     164.5757
400000363 300000091                                         -1330561.6814 5672228.9398 2577802.4491 -1976963.3461 5468063.2517 2604139.2443 -1345228.8674 5375502.5311 3143878.6287  213196.7862     248.9483     151.2386
400000364 300000091                                         -1990680.8386 5157396.7439 3166715.9053 -1345228.8674 5375502.5311 3143878.6287 -1976963.3461 5468063.2517 2604139.2443  215042.4187     250.7992     153.3837
400000365 300000092                                               0.0000 5297292.9000 3539537.9546 -671168.2896 5533298.6915 3085738.1156 -677162.3725 5191537.9595 3630292.7893  218265.1507     224.3786     134.7700
400000366 300000092                                         -1330561.6814 5672228.9398 2577802.4491 -1345228.8674 5375502.5311 3143878.6287 -671168.2896 5533298.6915 3085738.1156  218077.9738     234.0542     156.5853
400000367 300000092                                         -1346350.7175 5024649.2825 3678298.5650 -677162.3725 5191537.9595 3630292.7893 -1345228.8674 5375502.5311 3143878.6287  217445.2803     225.1250     146.5864
400000368 300000092                                         -671168.2896 5533298.6915 3085738.1156 -1345228.8674 5375502.5311 3143878.6287 -677162.3725 5191537.9595 3630292.7893  219375.9096     225.8455     138.2216
400000369 300000093                                         -2438076.1476 5886036.5016       0.0000 -2522238.0841 5812081.9155  669073.8784 -1869698.6039 6056845.8882  639129.1082  232651.5371     207.8471     127.2635
400000370 300000093                                         -2577802.4491 5672228.9398 1330561.6814 -1933504.7432 5928333.1219 1306164.9224 -2522238.0841 5812081.9155  669073.8784  231845.9895     206.6656     127.0725
400000371 300000093                                         -1266279.9131 6114140.2800 1266279.9131 -1869698.6039 6056845.8882  639129.1082 -1933504.7432 5928333.1219 1306164.9224  232712.3450     199.8253     141.6826
400000372 300000093                                         -2522238.0841 5812081.9155  669073.8784 -1933504.7432 5928333.1219 1306164.9224 -1869698.6039 6056845.8882  639129.1082  234046.8072     208.0783     125.6593
400000373 300000094                                         -2600949.8585 5201899.7171 2600949.8585 -1976963.3461 5468063.2517 2604139.2443 -2604139.2443 5468063.2517 1976963.3461  228300.1373     245.1110     115.9244
400000374 300000094                                         -1330561.6814 5672228.9398 2577802.4491 -1973179.1775 5727370.1528 1973179.1775 -1976963.3461 5468063.2517 2604139.2443  229212.6770     243.5026     130.4429
400000375 300000094                                         -2577802.4491 5672228.9398 1330561.6814 -2604139.2443 5468063.2517 1976963.3461 -1973179.1775 5727370.1528 1973179.1775  229212.6770     220.5010     111.3653
400000376 300000094                                         -1976963.3461 5468063.2517 2604139.2443 -1973179.1775 5727370.1528 1973179.1775 -2604139.2443 5468063.2517 1976963.3461  230526.8451     235.0824     117.9999
400000377 300000095                                               0.0000 5886036.5016 2438076.1476 -639129.1082 6056845.8882 1869698.6039 -669073.8784 5812081.9155 2522238.0841  232651.5371     218.5616     139.9251
400000378 300000095                                         -1266279.9131 6114140.2800 1266279.9131 -1306164.9224 5928333.1219 1933504.7432 -639129.1082 6056845.8882 1869698.6039  232712.3450     201.7550     145.6347
400000379 300000095                                         -1330561.6814 5672228.9398 2577802.4491 -669073.8784 5812081.9155 2522238.0841 -1306164.9224 5928333.1219 1933504.7432  231845.9895     231.5508     144.1505
400000380 300000095                                         -639129.1082 6056845.8882 1869698.6039 -1306164.9224 5928333.1219 1933504.7432 -669073.8784 5812081.9155 2522238.0841  234046.8072     219.8836     144.2149
400000381 300000096                                         -2577802.4491 5672228.9398 1330561.6814 -1973179.1775 5727370.1528 1973179.1775 -1933504.7432 5928333.1219 1306164.9224  238189.0310     214.7207     117.5474
400000382 300000096                                         -1330561.6814 5672228.9398 2577802.4491 -1306164.9224 5928333.1219 1933504.7432 -1973179.1775 5727370.1528 1973179.1775  238189.0310     226.0848     141.2947
400000383 300000096                                         -1266279.9131 6114140.2800 1266279.9131 -1933504.7432 5928333.1219 1306164.9224 -1306164.9224 5928333.1219 1933504.7432  237302.7613     197.9189     146.8409
400000384 300000096                                         -1973179.1775 5727370.1528 1973179.1775 -1306164.9224 5928333.1219 1933504.7432 -1933504.7432 5928333.1219 1306164.9224  239617.8861     207.1507     145.1066
400000385 300000097                                         -6371000.0000       0.0000       0.0000 -6340321.8936       0.0000  624467.2010 -6340321.8936  624467.2010       0.0000  195921.5441     257.3925      71.2420
400000386 300000097                                         -6248583.0214       0.0000 1242920.4416 -6308900.9250  627459.2093  627459.2093 -6340321.8936       0.0000  624467.2010  196860.2699     223.8646     112.0359
400000387 300000097                                         -6248583.0214 1242920.4416       0.0000 -6340321.8936  624467.2010       0.0000 -6308900.9250  627459.2093  627459.2093  196860.2699     248.9277      77.9638
400000388 300000097                                         -6340321.8936       0.0000  624467.2010 -6308900.9250  627459.2093  627459.2093 -6340321.8936  624467.2010       0.0000  197817.4310     239.3540      92.0298
400000389 300000098                                         -5886036.5016       0.0000 2438076.1476 -6056845.8882  639129.1082 1869698.6039 -6096666.8789       0.0000 1849403.6788  200521.8161     259.4340      70.3054
400000390 300000098                                         -6114140.2800 1266279.9131 1266279.9131 -6212473.2151  636326.6289 1260914.7366 -6056845.8882  639129.1082 1869698.6039  200560.6406     247.5854      77.7592
400000391 300000098                                         -6248583.0214       0.0000 1242920.4416 -6096666.8789       0.0000 1849403.6788 -6212473.2151  636326.6289 1260914.7366  199642.5528     251.2691      76.2584
400000392 300000098                                         -6056845.8882  639129.1082 1869698.6039 -6212473.2151  636326.6289 1260914.7366 -6096666.8789       0.0000 1849403.6788  201535.9727     256.1240      72.3520
400000393 300000099                                         -5886036.5016 2438076.1476       0.0000 -6096666.8789 1849403.6788       0.0000 -6056845.8882 1869698.6039  639129.1082  200521.8161     235.2934      95.6020
400000394 300000099                                         -6248583.0214 1242920.4416       0.0000 -6212473.2151 1260914.7366  636326.6289 -6096666.8789 1849403.6788       0.0000  199642.5528     243.6972      84.0032
400000395 300000099                                         -6114140.2800 1266279.9131 1266279.9131 -6056845.8882 1869698.6039  639129.1082 -6212473.2151 1260914.7366  636326.6289  200560.6406     224.4229     103.9252
400000396 300000099                                         -6096666.8789 1849403.6788       0.0000 -6212473.2151 1260914.7366  636326.6289 -6056845.8882 1869698.6039  639129.1082  201535.9727     230.9564     100.1359
400000397 300000100                                         -6248583.0214       0.0000 1242920.4416 -6212473.2151  636326.6289 1260914.7366 -6308900.9250  627459.2093  627459.2093  204548.8197     232.7261      95.6465
400000398 300000100                                         -6114140.2800 1266279.9131 1266279.9131 -6212473.2151 1260914.7366  636326.6289 -6212473.2151  636326.6289 1260914.7366  203612.8458     232.7294      91.8072
400000399 300000100                                         -6248583.0214 1242920.4416       0.0000 -6308900.9250  627459.2093  627459.2093 -6212473.2151 1260914.7366  636326.6289  204548.8197     233.5967      97.3320
400000400 300000100                                         -6212473.2151  636326.6289 1260914.7366 -6212473.2151 1260914.7366  636326.6289 -6308900.9250  627459.2093  627459.2093  205583.5447     225.7500     104.8841
400000401 300000101                                         -4504977.3029       0.0000 4504977.3029 -4805928.6788  678984.1624 4126944.5164 -4924849.5984       0.0000 4041719.6134  213029.7505     237.4005     118.1885
400000402 300000101                                         -5024649.2825 1346350.7175 3678298.5650 -5191537.9595  677162.3725 3630292.7893 -4805928.6788  678984.1624 4126944.5164  213259.5913     252.8640      88.7338
400000403 300000101                                         -5297292.9000       0.0000 3539537.9546 -4924849.5984       0.0000 4041719.6134 -5191537.9595  677162.3725 3630292.7893  212458.1628     255.1818      87.4253
400000404 300000101                                         -4805928.6788  678984.1624 4126944.5164 -5191537.9595  677162.3725 3630292.7893 -4924849.5984       0.0000 4041719.6134  214297.3599     248.9011      99.2053
400000405 300000102                                         -5201899.7171 2600949.8585 2600949.8585 -5468063.2517 1976963.3461 2604139.2443 -5157396.7439 1990680.8386 3166715.9053  213953.8407     259.6147      72.4916
400000406 300000102                                         -5672228.9398 1330561.6814 2577802.4491 -5375502.5311 1345228.8674 3143878.6287 -5468063.2517 1976963.3461 2604139.2443  213196.7862     262.2817      69.6733
400000407 300000102                                         -5024649.2825 1346350.7175 3678298.5650 -5157396.7439 1990680.8386 3166715.9053 -5375502.5311 1345228.8674 3143878.6287  213817.3983     266.6715      67.0551
400000408 300000102                                         -5468063.2517 1976963.3461 2604139.2443 -5375502.5311 1345228.8674 3143878.6287 -5157396.7439 1990680.8386 3166715.9053  215042.4187     266.6784      65.5167
400000409 300000103                                         -5886036.5016       0.0000 2438076.1476 -5618720.3752       0.0000 3003268.6103 -5812081.9155  669073.8784 2522238.0841  209920.2574     258.6632      75.0013
400000410 300000103                                         -5297292.9000       0.0000 3539537.9546 -5533298.6915  671168.2896 3085738.1156 -5618720.3752       0.0000 3003268.6103  210577.3796     262.3566      71.6259
400000411 300000103                                         -5672228.9398 1330561.6814 2577802.4491 -5812081.9155  669073.8784 2522238.0841 -5533298.6915  671168.2896 3085738.1156  210758.2000     260.2581      73.1069
400000412 300000103                                         -5618720.3752       0.0000 3003268.6103 -5533298.6915  671168.2896 3085738.1156 -5812081.9155  669073.8784 2522238.0841  211783.6604     259.9612      74.4779
400000413 300000104                                         -5024649.2825 1346350.7175 3678298.5650 -5375502.5311 1345228.8674 3143878.6287 -5191537.9595  677162.3725 3630292.7893  217445.2803     263.2885      70.9510
400000414 300000104                                         -5672228.9398 1330561.6814 2577802.4491 -5533298.6915  671168.2896 3085738.1156 -5375502.5311 1345228.8674 3143878.6287  218077.9738     263.5204      69.0534
400000415 300000104                                         -5297292.9000       0.0000 3539537.9546 -5191537.9595  677162.3725 3630292.7893 -5533298.6915  671168.2896 3085738.1156  218265.1507     262.6186      72.0471
400000416 300000104                                         -5375502.5311 1345228.8674 3143878.6287 -5533298.6915  671168.2896 3085738.1156 -5191537.9595  677162.3725 3630292.7893  219375.9096     264.5404      68.6585
400000417 300000105                                         -4504977.3029 4504977.3029       0.0000 -4924849.5984 4041719.6134       0.0000 -4805928.6788 4126944.5164  678984.1624  213029.7505     224.6763     103.8101
400000418 300000105                                         -5297292.9000 3539537.9546       0.0000 -5191537.9595 3630292.7893  677162.3725 -4924849.5984 4041719.6134       0.0000  212458.1628     221.6765     104.9874
400000419 300000105                                         -5024649.2825 3678298.5650 1346350.7175 -4805928.6788 4126944.5164  678984.1624 -5191537.9595 3630292.7893  677162.3725  213259.5913     206.0825     122.1267
400000420 300000105                                         -4924849.5984 4041719.6134       0.0000 -5191537.9595 3630292.7893  677162.3725 -4805928.6788 4126944.5164  678984.1624  214297.3599     217.0247     110.4828
400000421 300000106                                         -5886036.5016 2438076.1476       0.0000 -5812081.9155 2522238.0841  669073.8784 -5618720.3752 3003268.6103       0.0000  209920.2574     230.5720     100.6729
400000422 300000106                                         -5672228.9398 2577802.4491 1330561.6814 -5533298.6915 3085738.1156  671168.2896 -5812081.9155 2522238.0841  669073.8784  210758.2000     213.9187     114.6853
400000423 300000106                                         -5297292.9000 3539537.9546       0.0000 -5618720.3752 3003268.6103       0.0000 -5533298.6915 3085738.1156  671168.2896  210577.3796     225.8390     101.6116
400000424 300000106                                         -5812081.9155 2522238.0841  669073.8784 -5533298.6915 3085738.1156  671168.2896 -5618720.3752 3003268.6103       0.0000  211783.6604     222.9325     107.4123
400000425 300000107                                         -5201899.7171 2600949.8585 2600949.8585 -5157396.7439 3166715.9053 1990680.8386 -5468063.2517 2604139.2443 1976963.3461  213953.8407     234.3417      95.1069
400000426 300000107                                         -5024649.2825 3678298.5650 1346350.7175 -5375502.5311 3143878.6287 1345228.8674 -5157396.7439 3166715.9053 1990680.8386  213817.3983     207.9932     114.5393
400000427 300000107                                         -5672228.9398 2577802.4491 1330561.6814 -5468063.2517 2604139.2443 1976963.3461 -5375502.5311 3143878.6287 1345228.8674  213196.7862     214.2822     110.7539
400000428 300000107                                         -5157396.7439 3166715.9053 1990680.8386 -5375502.5311 3143878.6287 1345228.8674 -5468063.2517 2604139.2443 1976963.3461  215042.4187     216.1722     110.2829
400000429 300000108                                         -5297292.9000 3539537.9546       0.0000 -5533298.6915 3085738.1156  671168.2896 -5191537.9595 3630292.7893  677162.3725  218265.1507     218.7809     106.3155
400000430 300000108                                         -5672228.9398 2577802.4491 1330561.6814 -5375502.5311 3143878.6287 1345228.8674 -5533298.6915 3085738.1156  671168.2896  218077.9738     211.3649     114.1559
400000431 300000108                                         -5024649.2825 3678298.5650 1346350.7175 -5191537.9595 3630292.7893  677162.3725 -5375502.5311 3143878.6287 1345228.8674  217445.2803     205.8369     117.4852
400000432 300000108                                         -5533298.6915 3085738.1156  671168.2896 -5375502.5311 3143878.6287 1345228.8674 -5191537.9595 3630292.7893  677162.3725  219375.9096     210.3724     113.3304
400000433 300000109                                         -5886036.5016       0.0000 2438076.1476 -5812081.9155  669073.8784 2522238.0841 -6056845.8882  639129.1082 1869698.6039  232651.5371     257.4606      73.0600
400000434 300000109                                         -5672228.9398 1330561.6814 2577802.4491 -5928333.1219 1306164.9224 1933504.7432 -5812081.9155  669073.8784 2522238.0841  231845.9895     250.7460      80.5281
400000435 300000109                                         -6114140.2800 1266279.9131 1266279.9131 -6056845.8882  639129.1082 1869698.6039 -5928333.1219 1306164.9224 1933504.7432  232712.3450     245.3303      81.3061
400000436 300000109                                         -5812081.9155  669073.8784 2522238.0841 -5928333.1219 1306164.9224 1933504.7432 -6056845.8882  639129.1082 1869698.6039  234046.8072     250.2724      79.9838
400000437 300000110                                         -5201899.7171 2600949.8585 2600949.8585 -5468063.2517 2604139.2443 1976963.3461 -5468063.2517 1976963.3461 2604139.2443  228300.1373     243.8005      88.3265
400000438 300000110                                         -5672228.9398 2577802.4491 1330561.6814 -5727370.1528 1973179.1775 1973179.1775 -5468063.2517 2604139.2443 1976963.3461  229212.6770     220.5211     107.0416
400000439 300000110                                         -5672228.9398 1330561.6814 2577802.4491 -5468063.2517 1976963.3461 2604139.2443 -5727370.1528 1973179.1775 1973179.1775  229212.6770     245.9665      85.7205
400000440 300000110                                         -5468063.2517 2604139.2443 1976963.3461 -5727370.1528 1973179.1775 1973179.1775 -5468063.2517 1976963.3461 2604139.2443  230526.8451     234.7494      96.5877
400000441 300000111                                         -5886036.5016 2438076.1476       0.0000 -6056845.8882 1869698.6039  639129.1082 -5812081.9155 2522238.0841  669073.8784  232651.5371     225.1905     107.0243
400000442 300000111                                         -6114140.2800 1266279.9131 1266279.9131 -5928333.1219 1933504.7432 1306164.9224 -6056845.8882 1869698.6039  639129.1082  232712.3450     228.7683      97.0337
400000443 300000111                                         -5672228.9398 2577802.4491 1330561.6814 -5812081.9155 2522238.0841  669073.8784 -5928333.1219 1933504.7432 1306164.9224  231845.9895     219.9007     106.7069
400000444 300000111                                         -6056845.8882 1869698.6039  639129.1082 -5928333.1219 1933504.7432 1306164.9224 -5812081.9155 2522238.0841  669073.8784  234046.8072     220.1585     108.2059
400000445 300000112                                         -5672228.9398 1330561.6814 2577802.4491 -5727370.1528 1973179.1775 1973179.1775 -5928333.1219 1306164.9224 1933504.7432  238189.0310     239.4089      92.6574
400000446 300000112                                         -5672228.9398 2577802.4491 1330561.6814 -5928333.1219 1933504.7432 1306164.9224 -5727370.1528 1973179.1775 1973179.1775  238189.0310     224.3792     101.4360
400000447 300000112                                         -6114140.2800 1266279.9131 1266279.9131 -5928333.1219 1306164.9224 1933504.7432 -5928333.1219 1933504.7432 1306164.9224  237302.7613     236.8691      88.4616
400000448 300000112                                         -5727370.1528 1973179.1775 1973179.1775 -5928333.1219 1933504.7432 1306164.9224 -5928333.1219 1306164.9224 1933504.7432  239617.8861     230.9483      96.7084
400000449 300000113                                               0.0000 4504977.3029 4504977.3029 -678984.1624 4805928.6788 4126944.5164 -678984.1624 4126944.5164 4805928.6788  328324.9483     251.8500      83.5214
400000450 300000113                                         -1346350.7175 5024649.2825 3678298.5650 -1361638.6226 4400885.2099 4400885.2099 -678984.1624 4805928.6788 4126944.5164  329212.3599     249.9878     109.9779
400000451 300000113                                         -1346350.7175 3678298.5650 5024649.2825 -678984.1624 4126944.5164 4805928.6788 -1361638.6226 4400885.2099 4400885.2099  329212.3599     239.1557      87.9797
400000452 300000113                                         -678984.1624 4805928.6788 4126944.5164 -1361638.6226 4400885.2099 4400885.2099 -678984.1624 4126944.5164 4805928.6788  332074.9378     251.0252      87.4292
400000453 300000114                                         -2600949.8585 5201899.7171 2600949.8585 -2687534.5848 4688572.4479 3374031.3064 -1990680.8386 5157396.7439 3166715.9053  331958.1435     255.0584     135.4101
400000454 300000114                                         -2716603.5278 4074905.2917 4074905.2917 -2050103.9020 4591494.5659 3912146.8074 -2687534.5848 4688572.4479 3374031.3064  332135.9111     247.9252     118.8335
400000455 300000114                                         -1346350.7175 5024649.2825 3678298.5650 -1990680.8386 5157396.7439 3166715.9053 -2050103.9020 4591494.5659 3912146.8074  331417.2039     239.3126     150.3520
400000456 300000114                                         -2687534.5848 4688572.4479 3374031.3064 -2050103.9020 4591494.5659 3912146.8074 -1990680.8386 5157396.7439 3166715.9053  335024.3025     247.3531     144.2777
400000457 300000115                                         -2600949.8585 2600949.8585 5201899.7171 -1990680.8386 3166715.9053 5157396.7439 -2687534.5848 3374031.3064 4688572.4479  331958.1435     229.5634      94.6445
400000458 300000115                                         -1346350.7175 3678298.5650 5024649.2825 -2050103.9020 3912146.8074 4591494.5659 -1990680.8386 3166715.9053 5157396.7439  331417.2039     234.9428      89.6239
400000459 300000115                                         -2716603.5278 4074905.2917 4074905.2917 -2687534.5848 3374031.3064 4688572.4479 -2050103.9020 3912146.8074 4591494.5659  332135.9111     249.0229      95.1116
400000460 300000115                                         -1990680.8386 3166715.9053 5157396.7439 -2050103.9020 3912146.8074 4591494.5659 -2687534.5848 3374031.3064 4688572.4479  335024.3025     237.6447      92.0763
400000461 300000116                                         -1346350.7175 5024649.2825 3678298.5650 -2050103.9020 4591494.5659 3912146.8074 -1361638.6226 4400885.2099 4400885.2099  344128.0612     244.2679     119.3936
400000462 300000116                                         -2716603.5278 4074905.2917 4074905.2917 -2050103.9020 3912146.8074 4591494.5659 -2050103.9020 4591494.5659 3912146.8074  343384.2298     248.9804     101.6246
400000463 300000116                                         -1346350.7175 3678298.5650 5024649.2825 -1361638.6226 4400885.2099 4400885.2099 -2050103.9020 3912146.8074 4591494.5659  344128.0612     243.3992      90.6765
400000464 300000116                                         -2050103.9020 4591494.5659 3912146.8074 -2050103.9020 3912146.8074 4591494.5659 -1361638.6226 4400885.2099 4400885.2099  347308.3434     248.5504     103.8120
400000465 300000117                                         -4504977.3029 4504977.3029       0.0000 -4805928.6788 4126944.5164  678984.1624 -4126944.5164 4805928.6788  678984.1624  328324.9483     219.9754     104.7913
400000466 300000117                                         -5024649.2825 3678298.5650 1346350.7175 -4400885.2099 4400885.2099 1361638.6226 -4805928.6788 4126944.5164  678984.1624  329212.3599     203.5114     120.4888
400000467 300000117                                         -3678298.5650 5024649.2825 1346350.7175 -4126944.5164 4805928.6788  678984.1624 -4400885.2099 4400885.2099 1361638.6226  329212.3599     201.8388     126.4809
400000468 300000117                                         -4805928.6788 4126944.5164  678984.1624 -4400885.2099 4400885.2099 1361638.6226 -4126944.5164 4805928.6788  678984.1624  332074.9378     204.3910     121.9070
400000469 300000118                                         -5201899.7171 2600949.8585 2600949.8585 -4688572.4479 3374031.3064 2687534.5848 -5157396.7439 3166715.9053 1990680.8386  331958.1435     242.9452      84.6073
400000470 300000118                                         -4074905.2917 4074905.2917 2716603.5278 -4591494.5659 3912146.8074 2050103.9020 -4688572.4479 3374031.3064 2687534.5848  332135.9111     248.8148      78.7811
400000471 300000118                                         -5024649.2825 3678298.5650 1346350.7175 -5157396.7439 3166715.9053 1990680.8386 -4591494.5659 3912146.8074 2050103.9020  331417.2039     215.5139     105.6874
400000472 300000118                                         -4688572.4479 3374031.3064 2687534.5848 -4591494.5659 3912146.8074 2050103.9020 -5157396.7439 3166715.9053 1990680.8386  335024.3025     237.2921      88.1833
400000473 300000119                                         -2600949.8585 5201899.7171 2600949.8585 -3166715.9053 5157396.7439 1990680.8386 -3374031.3064 4688572.4479 2687534.5848  331958.1435     246.3776     100.9644
400000474 300000119                                         -3678298.5650 5024649.2825 1346350.7175 -3912146.8074 4591494.5659 2050103.9020 -3166715.9053 5157396.7439 1990680.8386  331417.2039     216.6404     109.0184
400000475 300000119                                         -4074905.2917 4074905.2917 2716603.5278 -3374031.3064 4688572.4479 2687534.5848 -3912146.8074 4591494.5659 2050103.9020  332135.9111     251.0640      82.0928
400000476 300000119                                         -3166715.9053 5157396.7439 1990680.8386 -3912146.8074 4591494.5659 2050103.9020 -3374031.3064 4688572.4479 2687534.5848  335024.3025     239.3320      93.0315
400000477 300000120                                         -5024649.2825 3678298.5650 1346350.7175 -4591494.5659 3912146.8074 2050103.9020 -4400885.2099 4400885.2099 1361638.6226  344128.0612     210.0721     108.3467
400000478 300000120                                         -4074905.2917 4074905.2917 2716603.5278 -3912146.8074 4591494.5659 2050103.9020 -4591494.5659 3912146.8074 2050103.9020  343384.2298     244.6761      82.4900
400000479 300000120                                         -3678298.5650 5024649.2825 1346350.7175 -4400885.2099 4400885.2099 1361638.6226 -3912146.8074 4591494.5659 2050103.9020  344128.0612     208.9275     114.3806
400000480 300000120                                         -4591494.5659 3912146.8074 2050103.9020 -3912146.8074 4591494.5659 2050103.9020 -4400885.2099 4400885.2099 1361638.6226  347308.3434     222.4806      97.2727
400000481 300000121                                         -4504977.3029       0.0000 4504977.3029 -4126944.5164  678984.1624 4805928.6788 -4805928.6788  678984.1624 4126944.5164  328324.9483     231.8183     124.9008
400000482 300000121                                         -3678298.5650 1346350.7175 5024649.2825 -4400885.2099 1361638.6226 4400885.2099 -4126944.5164  678984.1624 4805928.6788  329212.3599     231.2885     115.4153
400000483 300000121                                         -5024649.2825 1346350.7175 3678298.5650 -4805928.6788  678984.1624 4126944.5164 -4400885.2099 1361638.6226 4400885.2099  329212.3599     243.1315     107.3834
400000484 300000121                                         -4126944.5164  678984.1624 4805928.6788 -4400885.2099 1361638.6226 4400885.2099 -4805928.6788  678984.1624 4126944.5164  332074.9378     232.7521     123.6194
400000485 300000122                                         -2600949.8585 2600949.8585 5201899.7171 -3374031.3064 2687534.5848 4688572.4479 -3166715.9053 1990680.8386 5157396.7439  331958.1435     230.3761      93.5880
400000486 300000122                                         -4074905.2917 2716603.5278 4074905.2917 -3912146.8074 2050103.9020 4591494.5659 -3374031.3064 2687534.5848 4688572.4479  332135.9111     236.4863     102.0693
400000487 300000122                                         -3678298.5650 1346350.7175 5024649.2825 -3166715.9053 1990680.8386 5157396.7439 -3912146.8074 2050103.9020 4591494.5659  331417.2039     231.4094     102.8485
400000488 300000122                                         -3374031.3064 2687534.5848 4688572.4479 -3912146.8074 2050103.9020 4591494.5659 -3166715.9053 1990680.8386 5157396.7439  335024.3025     234.1606      96.7044
400000489 300000123                                         -5201899.7171 2600949.8585 2600949.8585 -5157396.7439 1990680.8386 3166715.9053 -4688572.4479 2687534.5848 3374031.3064  331958.1435     261.2726      70.2619
400000490 300000123                                         -5024649.2825 1346350.7175 3678298.5650 -4591494.5659 2050103.9020 3912146.8074 -5157396.7439 1990680.8386 3166715.9053  331417.2039     258.9431      78.6721
400000491 300000123                                         -4074905.2917 2716603.5278 4074905.2917 -4688572.4479 2687534.5848 3374031.3064 -4591494.5659 2050103.9020 3912146.8074  332135.9111     244.4268      98.0904
400000492 300000123                                         -5157396.7439 1990680.8386 3166715.9053 -4591494.5659 2050103.9020 3912146.8074 -4688572.4479 2687534.5848 3374031.3064  335024.3025     257.7152      78.8685
400000493 300000124                                         -3678298.5650 1346350.7175 5024649.2825 -3912146.8074 2050103.9020 4591494.5659 -4400885.2099 1361638.6226 4400885.2099  344128.0612     232.4388     112.5384
400000494 300000124                                         -4074905.2917 2716603.5278 4074905.2917 -4591494.5659 2050103.9020 3912146.8074 -3912146.8074 2050103.9020 4591494.5659  343384.2298     237.6277     107.1959
400000495 300000124                                         -5024649.2825 1346350.7175 3678298.5650 -4400885.2099 1361638.6226 4400885.2099 -4591494.5659 2050103.9020 3912146.8074  344128.0612     244.1900     103.1156
400000496 300000124                                         -3912146.8074 2050103.9020 4591494.5659 -4591494.5659 2050103.9020 3912146.8074 -4400885.2099 1361638.6226 4400885.2099  347308.3434     235.2566     115.5345
400000497 300000125                                         -2600949.8585 5201899.7171 2600949.8585 -3374031.3064 4688572.4479 2687534.5848 -2687534.5848 4688572.4479 3374031.3064  387995.8446     256.3021     114.6949
400000498 300000125                                         -4074905.2917 4074905.2917 2716603.5278 -3435012.9904 4122015.5885 3435012.9904 -3374031.3064 4688572.4479 2687534.5848  388281.7658     257.4246      82.3935
400000499 300000125                                         -2716603.5278 4074905.2917 4074905.2917 -2687534.5848 4688572.4479 3374031.3064 -3435012.9904 4122015.5885 3435012.9904  388281.7658     249.9713     106.0143
400000500 300000125                                         -3374031.3064 4688572.4479 2687534.5848 -3435012.9904 4122015.5885 3435012.9904 -2687534.5848 4688572.4479 3374031.3064  392517.4362     256.8040      98.5015
400000501 300000126                                         -5201899.7171 2600949.8585 2600949.8585 -4688572.4479 2687534.5848 3374031.3064 -4688572.4479 3374031.3064 2687534.5848  387995.8446     254.2649      76.2051
400000502 300000126                                         -4074905.2917 2716603.5278 4074905.2917 -4122015.5885 3435012.9904 3435012.9904 -4688572.4479 2687534.5848 3374031.3064  388281.7658     246.2844      97.8029
400000503 300000126                                         -4074905.2917 4074905.2917 2716603.5278 -4688572.4479 3374031.3064 2687534.5848 -4122015.5885 3435012.9904 3435012.9904  388281.7658     257.3237      76.4550
400000504 300000126                                         -4688572.4479 2687534.5848 3374031.3064 -4122015.5885 3435012.9904 3435012.9904 -4688572.4479 3374031.3064 2687534.5848  392517.4362     255.6228      79.3424
400000505 300000127                                         -2600949.8585 2600949.8585 5201899.7171 -2687534.5848 3374031.3064 4688572.4479 -3374031.3064 2687534.5848 4688572.4479  387995.8446     231.7122      99.6932
400000506 300000127                                         -2716603.5278 4074905.2917 4074905.2917 -3435012.9904 3435012.9904 4122015.5885 -2687534.5848 3374031.3064 4688572.4479  388281.7658     243.3670     101.1333
400000507 300000127                                         -4074905.2917 2716603.5278 4074905.2917 -3374031.3064 2687534.5848 4688572.4479 -3435012.9904 3435012.9904 4122015.5885  388281.7658     240.1211     101.2142
400000508 300000127                                         -2687534.5848 3374031.3064 4688572.4479 -3435012.9904 3435012.9904 4122015.5885 -3374031.3064 2687534.5848 4688572.4479  392517.4362     240.5085      96.7344
400000509 300000128                                         -4074905.2917 4074905.2917 2716603.5278 -4122015.5885 3435012.9904 3435012.9904 -3435012.9904 4122015.5885 3435012.9904  405996.4825     256.2368      88.1303
400000510 300000128                                         -4074905.2917 2716603.5278 4074905.2917 -3435012.9904 3435012.9904 4122015.5885 -4122015.5885 3435012.9904 3435012.9904  405996.4825     242.7340     108.3415
400000511 300000128                                         -2716603.5278 4074905.2917 4074905.2917 -3435012.9904 4122015.5885 3435012.9904 -3435012.9904 3435012.9904 4122015.5885  405996.4825     246.1173     108.2006
400000512 300000128                                         -4122015.5885 3435012.9904 3435012.9904 -3435012.9904 3435012.9904 4122015.5885 -3435012.9904 4122015.5885 3435012.9904  410731.3740     246.6600     107.1491
400000513 300000129                                               0.0000       0.0000 6371000.0000 -624467.2010       0.0000 6340321.8936       0.0000 -624467.2010 6340321.8936  195921.5441     202.4375      49.1988
400000514 300000129                                         -1242920.4416       0.0000 6248583.0214 -627459.2093 -627459.2093 6308900.9250 -624467.2010       0.0000 6340321.8936  196860.2699     204.9070      58.8436
400000515 300000129                                               0.0000 -1242920.4416 6248583.0214       0.0000 -624467.2010 6340321.8936 -627459.2093 -627459.2093 6308900.9250  196860.2699     202.7892      61.0579
400000516 300000129                                         -624467.2010       0.0000 6340321.8936 -627459.2093 -627459.2093 6308900.9250       0.0000 -624467.2010 6340321.8936  197817.4310     202.6792      54.6342
400000517 300000130                                         -2438076.1476       0.0000 5886036.5016 -1869698.6039 -639129.1082 6056845.8882 -1849403.6788       0.0000 6096666.8789  200521.8161     215.3701      79.3091
400000518 300000130                                         -1266279.9131 -1266279.9131 6114140.2800 -1260914.7366 -636326.6289 6212473.2151 -1869698.6039 -639129.1082 6056845.8882  200560.6406     212.6177      73.1577
400000519 300000130                                         -1242920.4416       0.0000 6248583.0214 -1849403.6788       0.0000 6096666.8789 -1260914.7366 -636326.6289 6212473.2151  199642.5528     209.4389      69.2971
400000520 300000130                                         -1869698.6039 -639129.1082 6056845.8882 -1260914.7366 -636326.6289 6212473.2151 -1849403.6788       0.0000 6096666.8789  201535.9727     212.7151      73.0069
400000521 300000131                                               0.0000 -2438076.1476 5886036.5016       0.0000 -1849403.6788 6096666.8789 -639129.1082 -1869698.6039 6056845.8882  200521.8161     211.7152      80.7712
400000522 300000131                                               0.0000 -1242920.4416 6248583.0214 -636326.6289 -1260914.7366 6212473.2151       0.0000 -1849403.6788 6096666.8789  199642.5528     207.8620      68.8439
400000523 300000131                                         -1266279.9131 -1266279.9131 6114140.2800 -639129.1082 -1869698.6039 6056845.8882 -636326.6289 -1260914.7366 6212473.2151  200560.6406     211.3485      73.9672
400000524 300000131                                               0.0000 -1849403.6788 6096666.8789 -636326.6289 -1260914.7366 6212473.2151 -639129.1082 -1869698.6039 6056845.8882  201535.9727     209.6025      74.3981
400000525 300000132                                         -1242920.4416       0.0000 6248583.0214 -1260914.7366 -636326.6289 6212473.2151 -627459.2093 -627459.2093 6308900.9250  204548.8197     206.6060      64.3560
400000526 300000132                                         -1266279.9131 -1266279.9131 6114140.2800 -636326.6289 -1260914.7366 6212473.2151 -1260914.7366 -636326.6289 6212473.2151  203612.8458     209.8522      75.0809
400000527 300000132                                               0.0000 -1242920.4416 6248583.0214 -627459.2093 -627459.2093 6308900.9250 -636326.6289 -1260914.7366 6212473.2151  204548.8197     205.1529      69.0474
400000528 300000132                                         -1260914.7366 -636326.6289 6212473.2151 -636326.6289 -1260914.7366 6212473.2151 -627459.2093 -627459.2093 6308900.9250  205583.5447     206.0331      70.3246
400000529 300000133                                         -4504977.3029       0.0000 4504977.3029 -4126944.5164 -678984.1624 4805928.6788 -4041719.6134       0.0000 4924849.5984  213029.7505     228.0011     118.7551
400000530 300000133                                         -3678298.5650 -1346350.7175 5024649.2825 -3630292.7893 -677162.3725 5191537.9595 -4126944.5164 -678984.1624 4805928.6788  213259.5913     224.5315     116.6628
400000531 300000133                                         -3539537.9546       0.0000 5297292.9000 -4041719.6134       0.0000 4924849.5984 -3630292.7893 -677162.3725 5191537.9595  212458.1628     223.4865     112.7021
400000532 300000133                                         -4126944.5164 -678984.1624 4805928.6788 -3630292.7893 -677162.3725 5191537.9595 -4041719.6134       0.0000 4924849.5984  214297.3599     225.5108     115.1727
400000533 300000134                                         -2600949.8585 -2600949.8585 5201899.7171 -2604139.2443 -1976963.3461 5468063.2517 -3166715.9053 -1990680.8386 5157396.7439  213953.8407     222.8715     100.8713
400000534 300000134                                         -2577802.4491 -1330561.6814 5672228.9398 -3143878.6287 -1345228.8674 5375502.5311 -2604139.2443 -1976963.3461 5468063.2517  213196.7862     213.0682     104.6358
400000535 300000134                                         -3678298.5650 -1346350.7175 5024649.2825 -3166715.9053 -1990680.8386 5157396.7439 -3143878.6287 -1345228.8674 5375502.5311  213817.3983     224.1426     104.9117
400000536 300000134                                         -2604139.2443 -1976963.3461 5468063.2517 -3143878.6287 -1345228.8674 5375502.5311 -3166715.9053 -1990680.8386 5157396.7439  215042.4187     222.6770      99.0539
400000537 300000135                                         -2438076.1476       0.0000 5886036.5016 -3003268.6103       0.0000 5618720.3752 -2522238.0841 -669073.8784 5812081.9155  209920.2574     218.3760      84.8165
400000538 300000135                                         -3539537.9546       0.0000 5297292.9000 -3085738.1156 -671168.2896 5533298.6915 -3003268.6103       0.0000 5618720.3752  210577.3796     221.8521      99.3080
400000539 300000135                                         -2577802.4491 -1330561.6814 5672228.9398 -2522238.0841 -669073.8784 5812081.9155 -3085738.1156 -671168.2896 5533298.6915  210758.2000     217.6177      90.8075
400000540 300000135                                         -3003268.6103       0.0000 5618720.3752 -3085738.1156 -671168.2896 5533298.6915 -2522238.0841 -669073.8784 5812081.9155  211783.6604     219.8960      91.7288
400000541 300000136                                         -3678298.5650 -1346350.7175 5024649.2825 -3143878.6287 -1345228.8674 5375502.5311 -3630292.7893 -677162.3725 5191537.9595  217445.2803     221.1420     112.5412
400000542 300000136                                         -2577802.4491 -1330561.6814 5672228.9398 -3085738.1156 -671168.2896 5533298.6915 -3143878.6287 -1345228.8674 5375502.5311  218077.9738     215.3593     103.6767
400000543 300000136                                         -3539537.9546       0.0000 5297292.9000 -3630292.7893 -677162.3725 5191537.9595 -3085738.1156 -671168.2896 5533298.6915  218265.1507     222.0660     106.9203
400000544 300000136                                         -3143878.6287 -1345228.8674 5375502.5311 -3085738.1156 -671168.2896 5533298.6915 -3630292.7893 -677162.3725 5191537.9595  219375.9096     220.1825     108.4300
400000545 300000137                                               0.0000 -4504977.3029 4504977.3029       0.0000 -4041719.6134 4924849.5984 -678984.1624 -4126944.5164 4805928.6788  213029.7505     240.9565      98.6645
400000546 300000137                                               0.0000 -3539537.9546 5297292.9000 -677162.3725 -3630292.7893 5191537.9595       0.0000 -4041719.6134 4924849.5984  212458.1628     231.6792      95.3184
400000547 300000137                                         -1346350.7175 -3678298.5650 5024649.2825 -678984.1624 -4126944.5164 4805928.6788 -677162.3725 -3630292.7893 5191537.9595  213259.5913     238.4785      93.9333
400000548 300000137                                               0.0000 -4041719.6134 4924849.5984 -677162.3725 -3630292.7893 5191537.9595 -678984.1624 -4126944.5164 4805928.6788  214297.3599     238.1050      92.8787
400000549 300000138                                               0.0000 -2438076.1476 5886036.5016 -669073.8784 -2522238.0841 5812081.9155       0.0000 -3003268.6103 5618720.3752  209920.2574     215.8216      88.5313
400000550 300000138                                         -1330561.6814 -2577802.4491 5672228.9398 -671168.2896 -3085738.1156 5533298.6915 -669073.8784 -2522238.0841 5812081.9155  210758.2000     219.2241      87.7400
400000551 300000138                                               0.0000 -3539537.9546 5297292.9000       0.0000 -3003268.6103 5618720.3752 -671168.2896 -3085738.1156 5533298.6915  210577.3796     221.7255      92.9115
400000552 300000138                                         -669073.8784 -2522238.0841 5812081.9155 -671168.2896 -3085738.1156 5533298.6915       0.0000 -3003268.6103 5618720.3752  211783.6604     218.2851      89.8563
400000553 300000139                                         -2600949.8585 -2600949.8585 5201899.7171 -1990680.8386 -3166715.9053 5157396.7439 -1976963.3461 -2604139.2443 5468063.2517  213953.8407     217.0590     106.3248
400000554 300000139                                         -1346350.7175 -3678298.5650 5024649.2825 -1345228.8674 -3143878.6287 5375502.5311 -1990680.8386 -3166715.9053 5157396.7439  213817.3983     230.2153      90.1307
400000555 300000139                                         -1330561.6814 -2577802.4491 5672228.9398 -1976963.3461 -2604139.2443 5468063.2517 -1345228.8674 -3143878.6287 5375502.5311  213196.7862     221.9142      83.7244
400000556 300000139                                         -1990680.8386 -3166715.9053 5157396.7439 -1345228.8674 -3143878.6287 5375502.5311 -1976963.3461 -2604139.2443 5468063.2517  215042.4187     222.4115      90.5783
400000557 300000140                                               0.0000 -3539537.9546 5297292.9000 -671168.2896 -3085738.1156 5533298.6915 -677162.3725 -3630292.7893 5191537.9595  218265.1507     227.4012      94.6068
400000558 300000140                                         -1330561.6814 -2577802.4491 5672228.9398 -1345228.8674 -3143878.6287 5375502.5311 -671168.2896 -3085738.1156 5533298.6915  218077.9738     224.8066      84.2107
400000559 300000140                                         -1346350.7175 -3678298.5650 5024649.2825 -677162.3725 -3630292.7893 5191537.9595 -1345228.8674 -3143878.6287 5375502.5311  217445.2803     233.2678      88.1108
400000560 300000140                                         -671168.2896 -3085738.1156 5533298.6915 -1345228.8674 -3143878.6287 5375502.5311 -677162.3725 -3630292.7893 5191537.9595  219375.9096     228.9505      87.5895
400000561 300000141                                         -2438076.1476       0.0000 5886036.5016 -2522238.0841 -669073.8784 5812081.9155 -1869698.6039 -639129.1082 6056845.8882  232651.5371     218.6133      79.5875
400000562 300000141                                         -2577802.4491 -1330561.6814 5672228.9398 -1933504.7432 -1306164.9224 5928333.1219 -2522238.0841 -669073.8784 5812081.9155  231845.9895     214.5516      80.7669
400000563 300000141                                         -1266279.9131 -1266279.9131 6114140.2800 -1869698.6039 -639129.1082 6056845.8882 -1933504.7432 -1306164.9224 5928333.1219  232712.3450     215.4111      77.5361
400000564 300000141                                         -2522238.0841 -669073.8784 5812081.9155 -1933504.7432 -1306164.9224 5928333.1219 -1869698.6039 -639129.1082 6056845.8882  234046.8072     215.2745      79.0470
400000565 300000142                                         -2600949.8585 -2600949.8585 5201899.7171 -1976963.3461 -2604139.2443 5468063.2517 -2604139.2443 -1976963.3461 5468063.2517  228300.1373     213.3001     111.3267
400000566 300000142                                         -1330561.6814 -2577802.4491 5672228.9398 -1973179.1775 -1973179.1775 5727370.1528 -1976963.3461 -2604139.2443 5468063.2517  229212.6770     212.9933      90.0088
400000567 300000142                                         -2577802.4491 -1330561.6814 5672228.9398 -2604139.2443 -1976963.3461 5468063.2517 -1973179.1775 -1973179.1775 5727370.1528  229212.6770     206.7359      97.6426
400000568 300000142                                         -1976963.3461 -2604139.2443 5468063.2517 -1973179.1775 -1973179.1775 5727370.1528 -2604139.2443 -1976963.3461 5468063.2517  230526.8451     208.6090     100.1268
400000569 300000143                                               0.0000 -2438076.1476 5886036.5016 -639129.1082 -1869698.6039 6056845.8882 -669073.8784 -2522238.0841 5812081.9155  232651.5371     214.6680      85.1632
400000570 300000143                                         -1266279.9131 -1266279.9131 6114140.2800 -1306164.9224 -1933504.7432 5928333.1219 -639129.1082 -1869698.6039 6056845.8882  232712.3450     215.4299      76.3533
400000571 300000143                                         -1330561.6814 -2577802.4491 5672228.9398 -669073.8784 -2522238.0841 5812081.9155 -1306164.9224 -1933504.7432 5928333.1219  231845.9895     217.8932      82.2351
400000572 300000143                                         -639129.1082 -1869698.6039 6056845.8882 -1306164.9224 -1933504.7432 5928333.1219 -669073.8784 -2522238.0841 5812081.9155  234046.8072     216.2883      80.3751
400000573 300000144                                         -2577802.4491 -1330561.6814 5672228.9398 -1973179.1775 -1973179.1775 5727370.1528 -1933504.7432 -1306164.9224 5928333.1219  238189.0310     212.0145      80.4539
400000574 300000144                                         -1330561.6814 -2577802.4491 5672228.9398 -1306164.9224 -1933504.7432 5928333.1219 -1973179.1775 -1973179.1775 5727370.1528  238189.0310     216.2562      80.8682
400000575 300000144                                         -1266279.9131 -1266279.9131 6114140.2800 -1933504.7432 -1306164.9224 5928333.1219 -1306164.9224 -1933504.7432 5928333.1219  237302.7613     216.8755      75.7187
400000576 300000144                                         -1973179.1775 -1973179.1775 5727370.1528 -1306164.9224 -1933504.7432 5928333.1219 -1933504.7432 -1306164.9224 5928333.1219  239617.8861     214.7952      78.8204
400000577 300000145                                         -6371000.0000       0.0000       0.0000 -6340321.8936 -624467.2010       0.0000 -6340321.8936       0.0000  624467.2010  195921.5441     263.8054      67.0876
400000578 300000145                                         -6248583.0214 -1242920.4416       0.0000 -6308900.9250 -627459.2093  627459.2093 -6340321.8936 -624467.2010       0.0000  196860.2699     273.4846      61.3838
400000579 300000145                                         -6248583.0214       0.0000 1242920.4416 -6340321.8936       0.0000  624467.2010 -6308900.9250 -627459.2093  627459.2093  196860.2699     226.6198     112.4889
400000580 300000145                                         -6340321.8936 -624467.2010       0.0000 -6308900.9250 -627459.2093  627459.2093 -6340321.8936       0.0000  624467.2010  197817.4310     251.2261      85.5321
400000581 300000146                                         -5886036.5016 -2438076.1476       0.0000 -6056845.8882 -1869698.6039  639129.1082 -6096666.8789 -1849403.6788       0.0000  200521.8161     281.2038      59.5450
400000582 300000146                                         -6114140.2800 -1266279.9131 1266279.9131 -6212473.2151 -1260914.7366  636326.6289 -6056845.8882 -1869698.6039  639129.1082  200560.6406     229.4408     117.7002
400000583 300000146                                         -6248583.0214 -1242920.4416       0.0000 -6096666.8789 -1849403.6788       0.0000 -6212473.2151 -1260914.7366  636326.6289  199642.5528     278.3588      60.5183
400000584 300000146                                         -6056845.8882 -1869698.6039  639129.1082 -6212473.2151 -1260914.7366  636326.6289 -6096666.8789 -1849403.6788       0.0000  201535.9727     263.1270      77.4561
400000585 300000147                                         -5886036.5016       0.0000 2438076.1476 -6096666.8789       0.0000 1849403.6788 -6056845.8882 -639129.1082 1869698.6039  200521.8161     265.0877      67.2727
400000586 300000147                                         -6248583.0214       0.0000 1242920.4416 -6212473.2151 -636326.6289 1260914.7366 -6096666.8789       0.0000 1849403.6788  199642.5528     251.4541      78.5474
400000587 300000147                                         -6114140.2800 -1266279.9131 1266279.9131 -6056845.8882 -639129.1082 1869698.6039 -6212473.2151 -636326.6289 1260914.7366  200560.6406     255.1384      77.5904
400000588 300000147                                         -6096666.8789       0.0000 1849403.6788 -6212473.2151 -636326.6289 1260914.7366 -6056845.8882 -639129.1082 1869698.6039  201535.9727     259.0331      73.4464
400000589 300000148                                         -6248583.0214 -1242920.4416       0.0000 -6212473.2151 -1260914.7366  636326.6289 -6308900.9250 -627459.2093  627459.2093  204548.8197     259.4133      80.0791
400000590 300000148                                         -6114140.2800 -1266279.9131 1266279.9131 -6212473.2151 -636326.6289 1260914.7366 -6212473.2151 -1260914.7366  636326.6289  203612.8458     233.0793     105.9236
400000591 300000148                                         -6248583.0214       0.0000 1242920.4416 -6308900.9250 -627459.2093  627459.2093 -6212473.2151 -636326.6289 1260914.7366  204548.8197     232.6660     104.4992
400000592 300000148                                         -6212473.2151 -1260914.7366  636326.6289 -6212473.2151 -636326.6289 1260914.7366 -6308900.9250 -627459.2093  627459.2093  205583.5447     227.4582     116.9556
400000593 300000149                                         -4504977.3029 -4504977.3029       0.0000 -4805928.6788 -4126944.5164  678984.1624 -4924849.5984 -4041719.6134       0.0000  213029.7505     284.9078      55.3010
400000594 300000149                                         -5024649.2825 -3678298.5650 1346350.7175 -5191537.9595 -3630292.7893  677162.3725 -4805928.6788 -4126944.5164  678984.1624  213259.5913     243.9207     110.9636
400000595 300000149                                         -5297292.9000 -3539537.9546       0.0000 -4924849.5984 -4041719.6134       0.0000 -5191537.9595 -3630292.7893  677162.3725  212458.1628     284.9124      53.5610
400000596 300000149                                         -4805928.6788 -4126944.5164  678984.1624 -5191537.9595 -3630292.7893  677162.3725 -4924849.5984 -4041719.6134       0.0000  214297.3599     274.5954      67.6963
400000597 300000150                                         -5201899.7171 -2600949.8585 2600949.8585 -5468063.2517 -2604139.2443 1976963.3461 -5157396.7439 -3166715.9053 1990680.8386  213953.8407     280.3943      66.9306
400000598 300000150                                         -5672228.9398 -2577802.4491 1330561.6814 -5375502.5311 -3143878.6287 1345228.8674 -5468063.2517 -2604139.2443 1976963.3461  213196.7862     264.3629      82.9950
400000599 300000150                                         -5024649.2825 -3678298.5650 1346350.7175 -5157396.7439 -3166715.9053 1990680.8386 -5375502.5311 -3143878.6287 1345228.8674  213817.3983     268.4684      78.1002
400000600 300000150                                         -5468063.2517 -2604139.2443 1976963.3461 -5375502.5311 -3143878.6287 1345228.8674 -5157396.7439 -3166715.9053 1990680.8386  215042.4187     275.7194      70.0074
400000601 300000151                                         -5886036.5016 -2438076.1476       0.0000 -5618720.3752 -3003268.6103       0.0000 -5812081.9155 -2522238.0841  669073.8784  209920.2574     282.2577      60.7953
400000602 300000151                                         -5297292.9000 -3539537.9546       0.0000 -5533298.6915 -3085738.1156  671168.2896 -5618720.3752 -3003268.6103       0.0000  210577.3796     283.9631      55.1755
400000603 300000151                                         -5672228.9398 -2577802.4491 1330561.6814 -5812081.9155 -2522238.0841  669073.8784 -5533298.6915 -3085738.1156  671168.2896  210758.2000     237.1992     115.6167
400000604 300000151                                         -5618720.3752 -3003268.6103       0.0000 -5533298.6915 -3085738.1156  671168.2896 -5812081.9155 -2522238.0841  669073.8784  211783.6604     269.3342      75.5616
400000605 300000152                                         -5024649.2825 -3678298.5650 1346350.7175 -5375502.5311 -3143878.6287 1345228.8674 -5191537.9595 -3630292.7893  677162.3725  217445.2803     243.1995     105.4734
400000606 300000152                                         -5672228.9398 -2577802.4491 1330561.6814 -5533298.6915 -3085738.1156  671168.2896 -5375502.5311 -3143878.6287 1345228.8674  218077.9738     241.3540     109.3107
400000607 300000152                                         -5297292.9000 -3539537.9546       0.0000 -5191537.9595 -3630292.7893  677162.3725 -5533298.6915 -3085738.1156  671168.2896  218265.1507     272.8184      67.4131
400000608 300000152                                         -5375502.5311 -3143878.6287 1345228.8674 -5533298.6915 -3085738.1156  671168.2896 -5191537.9595 -3630292.7893  677162.3725  219375.9096     240.4296     112.2370
400000609 300000153                                         -4504977.3029       0.0000 4504977.3029 -4924849.5984       0.0000 4041719.6134 -4805928.6788 -678984.1624 4126944.5164  213029.7505     236.0713     118.0426
400000610 300000153                                         -5297292.9000       0.0000 3539537.9546 -5191537.9595 -677162.3725 3630292.7893 -4924849.5984       0.0000 4041719.6134  212458.1628     253.7979      85.4225
400000611 300000153                                         -5024649.2825 -1346350.7175 3678298.5650 -4805928.6788 -678984.1624 4126944.5164 -5191537.9595 -677162.3725 3630292.7893  213259.5913     250.3992      89.7537
400000612 300000153                                         -4924849.5984       0.0000 4041719.6134 -5191537.9595 -677162.3725 3630292.7893 -4805928.6788 -678984.1624 4126944.5164  214297.3599     246.1990      99.3174
400000613 300000154                                         -5886036.5016       0.0000 2438076.1476 -5812081.9155 -669073.8784 2522238.0841 -5618720.3752       0.0000 3003268.6103  209920.2574     261.9084      69.7056
400000614 300000154                                         -5672228.9398 -1330561.6814 2577802.4491 -5533298.6915 -671168.2896 3085738.1156 -5812081.9155 -669073.8784 2522238.0841  210758.2000     269.0881      63.9315
400000615 300000154                                         -5297292.9000       0.0000 3539537.9546 -5618720.3752       0.0000 3003268.6103 -5533298.6915 -671168.2896 3085738.1156  210577.3796     262.7720      69.3333
400000616 300000154                                         -5812081.9155 -669073.8784 2522238.0841 -5533298.6915 -671168.2896 3085738.1156 -5618720.3752       0.0000 3003268.6103  211783.6604     262.9468      69.9742
400000617 300000155                                         -5201899.7171 -2600949.8585 2600949.8585 -5157396.7439 -1990680.8386 3166715.9053 -5468063.2517 -1976963.3461 2604139.2443  213953.8407     277.4949      61.2868
400000618 300000155                                         -5024649.2825 -1346350.7175 3678298.5650 -5375502.5311 -1345228.8674 3143878.6287 -5157396.7439 -1990680.8386 3166715.9053  213817.3983     265.4284      70.9063
400000619 300000155                                         -5672228.9398 -1330561.6814 2577802.4491 -5468063.2517 -1976963.3461 2604139.2443 -5375502.5311 -1345228.8674 3143878.6287  213196.7862     273.7829      63.1527
400000620 300000155                                         -5157396.7439 -1990680.8386 3166715.9053 -5375502.5311 -1345228.8674 3143878.6287 -5468063.2517 -1976963.3461 2604139.2443  215042.4187     273.6461      62.7096
400000621 300000156                                         -5297292.9000       0.0000 3539537.9546 -5533298.6915 -671168.2896 3085738.1156 -5191537.9595 -677162.3725 3630292.7893  218265.1507     261.9084      69.9627
400000622 300000156                                         -5672228.9398 -1330561.6814 2577802.4491 -5375502.5311 -1345228.8674 3143878.6287 -5533298.6915 -671168.2896 3085738.1156  218077.9738     268.8755      65.2120
400000623 300000156                                         -5024649.2825 -1346350.7175 3678298.5650 -5191537.9595 -677162.3725 3630292.7893 -5375502.5311 -1345228.8674 3143878.6287  217445.2803     261.0550      74.1141
400000624 300000156                                         -5533298.6915 -671168.2896 3085738.1156 -5375502.5311 -1345228.8674 3143878.6287 -5191537.9595 -677162.3725 3630292.7893  219375.9096     265.2121      68.1847
400000625 300000157                                         -5886036.5016 -2438076.1476       0.0000 -5812081.9155 -2522238.0841  669073.8784 -6056845.8882 -1869698.6039  639129.1082  232651.5371     267.2081      76.0007
400000626 300000157                                         -5672228.9398 -2577802.4491 1330561.6814 -5928333.1219 -1933504.7432 1306164.9224 -5812081.9155 -2522238.0841  669073.8784  231845.9895     238.7220     109.0548
400000627 300000157                                         -6114140.2800 -1266279.9131 1266279.9131 -6056845.8882 -1869698.6039  639129.1082 -5928333.1219 -1933504.7432 1306164.9224  232712.3450     237.8657     104.5901
400000628 300000157                                         -5812081.9155 -2522238.0841  669073.8784 -5928333.1219 -1933504.7432 1306164.9224 -6056845.8882 -1869698.6039  639129.1082  234046.8072     234.0889     114.5336
400000629 300000158                                         -5201899.7171 -2600949.8585 2600949.8585 -5468063.2517 -1976963.3461 2604139.2443 -5468063.2517 -2604139.2443 1976963.3461  228300.1373     278.9690      64.8026
400000630 300000158                                         -5672228.9398 -1330561.6814 2577802.4491 -5727370.1528 -1973179.1775 1973179.1775 -5468063.2517 -1976963.3461 2604139.2443  229212.6770     278.6326      60.6460
400000631 300000158                                         -5672228.9398 -2577802.4491 1330561.6814 -5468063.2517 -2604139.2443 1976963.3461 -5727370.1528 -1973179.1775 1973179.1775  229212.6770     273.1722      69.6677
400000632 300000158                                         -5468063.2517 -1976963.3461 2604139.2443 -5727370.1528 -1973179.1775 1973179.1775 -5468063.2517 -2604139.2443 1976963.3461  230526.8451     279.4204      66.7359
400000633 300000159                                         -5886036.5016       0.0000 2438076.1476 -6056845.8882 -639129.1082 1869698.6039 -5812081.9155 -669073.8784 2522238.0841  232651.5371     268.9708      63.4930
400000634 300000159                                         -6114140.2800 -1266279.9131 1266279.9131 -5928333.1219 -1306164.9224 1933504.7432 -6056845.8882 -639129.1082 1869698.6039  232712.3450     265.5283      70.4007
400000635 300000159                                         -5672228.9398 -1330561.6814 2577802.4491 -5812081.9155 -669073.8784 2522238.0841 -5928333.1219 -1306164.9224 1933504.7432  231845.9895     274.2389      61.8037
400000636 300000159                                         -6056845.8882 -639129.1082 1869698.6039 -5928333.1219 -1306164.9224 1933504.7432 -5812081.9155 -669073.8784 2522238.0841  234046.8072     270.7156      66.5443
400000637 300000160                                         -5672228.9398 -2577802.4491 1330561.6814 -5727370.1528 -1973179.1775 1973179.1775 -5928333.1219 -1933504.7432 1306164.9224  238189.0310     263.0892      78.4695
400000638 300000160                                         -5672228.9398 -1330561.6814 2577802.4491 -5928333.1219 -1306164.9224 1933504.7432 -5727370.1528 -1973179.1775 1973179.1775  238189.0310     276.2771      66.6296
400000639 300000160                                         -6114140.2800 -1266279.9131 1266279.9131 -5928333.1219 -1933504.7432 1306164.9224 -5928333.1219 -1306164.9224 1933504.7432  237302.7613     261.0473      76.3753
400000640 300000160                                         -5727370.1528 -1973179.1775 1973179.1775 -5928333.1219 -1306164.9224 1933504.7432 -5928333.1219 -1933504.7432 1306164.9224  239617.8861     271.3059      68.9524
400000641 300000161                                               0.0000 -6371000.0000       0.0000       0.0000 -6340321.8936  624467.2010 -624467.2010 -6340321.8936       0.0000  195921.5441     265.0728     110.7284
400000642 300000161                                               0.0000 -6248583.0214 1242920.4416 -627459.2093 -6308900.9250  627459.2093       0.0000 -6340321.8936  624467.2010  196860.2699     224.6612     124.2839
400000643 300000161                                         -1242920.4416 -6248583.0214       0.0000 -624467.2010 -6340321.8936       0.0000 -627459.2093 -6308900.9250  627459.2093  196860.2699     268.0824     117.4626
400000644 300000161                                               0.0000 -6340321.8936  624467.2010 -627459.2093 -6308900.9250  627459.2093 -624467.2010 -6340321.8936       0.0000  197817.4310     254.6590     123.8065
400000645 300000162                                               0.0000 -5886036.5016 2438076.1476 -639129.1082 -6056845.8882 1869698.6039       0.0000 -6096666.8789 1849403.6788  200521.8161     226.5965     100.9407
400000646 300000162                                         -1266279.9131 -6114140.2800 1266279.9131 -636326.6289 -6212473.2151 1260914.7366 -639129.1082 -6056845.8882 1869698.6039  200560.6406     211.2244     126.1482
400000647 300000162                                               0.0000 -6248583.0214 1242920.4416       0.0000 -6096666.8789 1849403.6788 -636326.6289 -6212473.2151 1260914.7366  199642.5528     211.6051     116.7844
400000648 300000162                                         -639129.1082 -6056845.8882 1869698.6039 -636326.6289 -6212473.2151 1260914.7366       0.0000 -6096666.8789 1849403.6788  201535.9727     209.5068     119.4860
400000649 300000163                                         -2438076.1476 -5886036.5016       0.0000 -1849403.6788 -6096666.8789       0.0000 -1869698.6039 -6056845.8882  639129.1082  200521.8161     270.7967      93.4153
400000650 300000163                                         -1242920.4416 -6248583.0214       0.0000 -1260914.7366 -6212473.2151  636326.6289 -1849403.6788 -6096666.8789       0.0000  199642.5528     269.5241     106.2154
400000651 300000163                                         -1266279.9131 -6114140.2800 1266279.9131 -1869698.6039 -6056845.8882  639129.1082 -1260914.7366 -6212473.2151  636326.6289  200560.6406     227.5580     128.7005
400000652 300000163                                         -1849403.6788 -6096666.8789       0.0000 -1260914.7366 -6212473.2151  636326.6289 -1869698.6039 -6056845.8882  639129.1082  201535.9727     260.1522     109.8742
400000653 300000164                                               0.0000 -6248583.0214 1242920.4416 -636326.6289 -6212473.2151 1260914.7366 -627459.2093 -6308900.9250  627459.2093  204548.8197     220.2575     121.0547
400000654 300000164                                         -1266279.9131 -6114140.2800 1266279.9131 -1260914.7366 -6212473.2151  636326.6289 -636326.6289 -6212473.2151 1260914.7366  203612.8458     214.8934     132.8948
400000655 300000164                                         -1242920.4416 -6248583.0214       0.0000 -627459.2093 -6308900.9250  627459.2093 -1260914.7366 -6212473.2151  636326.6289  204548.8197     258.3207     120.1168
400000656 300000164                                         -636326.6289 -6212473.2151 1260914.7366 -1260914.7366 -6212473.2151  636326.6289 -627459.2093 -6308900.9250  627459.2093  205583.5447     225.4170     130.3114
400000657 300000165                                               0.0000 -4504977.3029 4504977.3029 -678984.1624 -4805928.6788 4126944.5164       0.0000 -4924849.5984 4041719.6134  213029.7505     252.9920     103.4671
400000658 300000165                                         -1346350.7175 -5024649.2825 3678298.5650 -677162.3725 -5191537.9595 3630292.7893 -678984.1624 -4805928.6788 4126944.5164  213259.5913     265.4484      99.6760
400000659 300000165                                               0.0000 -5297292.9000 3539537.9546       0.0000 -4924849.5984 4041719.6134 -677162.3725 -5191537.9595 3630292.7893  212458.1628     257.6901     105.3008
400000660 300000165                                         -678984.1624 -4805928.6788 4126944.5164 -677162.3725 -5191537.9595 3630292.7893       0.0000 -4924849.5984 4041719.6134  214297.3599     257.7808     103.8774
400000661 300000166                                         -2600949.8585 -5201899.7171 2600949.8585 -1976963.3461 -5468063.2517 2604139.2443 -1990680.8386 -5157396.7439 3166715.9053  213953.8407     281.1144      69.6583
400000662 300000166                                         -1330561.6814 -5672228.9398 2577802.4491 -1345228.8674 -5375502.5311 3143878.6287 -1976963.3461 -5468063.2517 2604139.2443  213196.7862     249.1989     107.8613
400000663 300000166                                         -1346350.7175 -5024649.2825 3678298.5650 -1990680.8386 -5157396.7439 3166715.9053 -1345228.8674 -5375502.5311 3143878.6287  213817.3983     267.2329      99.7415
400000664 300000166                                         -1976963.3461 -5468063.2517 2604139.2443 -1345228.8674 -5375502.5311 3143878.6287 -1990680.8386 -5157396.7439 3166715.9053  215042.4187     261.1301      93.4048
400000665 300000167                                               0.0000 -5886036.5016 2438076.1476       0.0000 -5618720.3752 3003268.6103 -669073.8784 -5812081.9155 2522238.0841  209920.2574     255.2595      82.3229
400000666 300000167                                               0.0000 -5297292.9000 3539537.9546 -671168.2896 -5533298.6915 3085738.1156       0.0000 -5618720.3752 3003268.6103  210577.3796     262.4513      94.9593
400000667 300000167                                         -1330561.6814 -5672228.9398 2577802.4491 -669073.8784 -5812081.9155 2522238.0841 -671168.2896 -5533298.6915 3085738.1156  210758.2000     257.4010     107.1394
400000668 300000167                                               0.0000 -5618720.3752 3003268.6103 -671168.2896 -5533298.6915 3085738.1156 -669073.8784 -5812081.9155 2522238.0841  211783.6604     256.8518      86.5900
400000669 300000168                                         -1346350.7175 -5024649.2825 3678298.5650 -1345228.8674 -5375502.5311 3143878.6287 -677162.3725 -5191537.9595 3630292.7893  217445.2803     267.6224     105.3103
400000670 300000168                                         -1330561.6814 -5672228.9398 2577802.4491 -671168.2896 -5533298.6915 3085738.1156 -1345228.8674 -5375502.5311 3143878.6287  218077.9738     265.1343     110.3417
400000671 300000168                                               0.0000 -5297292.9000 3539537.9546 -677162.3725 -5191537.9595 3630292.7893 -671168.2896 -5533298.6915 3085738.1156  218265.1507     265.4664     101.8057
400000672 300000168                                         -1345228.8674 -5375502.5311 3143878.6287 -671168.2896 -5533298.6915 3085738.1156 -677162.3725 -5191537.9595 3630292.7893  219375.9096     268.4145     106.3377
400000673 300000169                                         -4504977.3029 -4504977.3029       0.0000 -4041719.6134 -4924849.5984       0.0000 -4126944.5164 -4805928.6788  678984.1624  213029.7505     283.0911      57.6490
400000674 300000169                                         -3539537.9546 -5297292.9000       0.0000 -3630292.7893 -5191537.9595  677162.3725 -4041719.6134 -4924849.5984       0.0000  212458.1628     281.4393      63.2063
400000675 300000169                                         -3678298.5650 -5024649.2825 1346350.7175 -4126944.5164 -4805928.6788  678984.1624 -3630292.7893 -5191537.9595  677162.3725  213259.5913     247.3515     113.2528
400000676 300000169                                         -4041719.6134 -4924849.5984       0.0000 -3630292.7893 -5191537.9595  677162.3725 -4126944.5164 -4805928.6788  678984.1624  214297.3599     274.0016      72.9129
400000677 300000170                                         -2438076.1476 -5886036.5016       0.0000 -2522238.0841 -5812081.9155  669073.8784 -3003268.6103 -5618720.3752       0.0000  209920.2574     274.7621      83.1281
400000678 300000170                                         -2577802.4491 -5672228.9398 1330561.6814 -3085738.1156 -5533298.6915  671168.2896 -2522238.0841 -5812081.9155  669073.8784  210758.2000     239.7741     115.6218
400000679 300000170                                         -3539537.9546 -5297292.9000       0.0000 -3003268.6103 -5618720.3752       0.0000 -3085738.1156 -5533298.6915  671168.2896  210577.3796     278.4717      74.2688
400000680 300000170                                         -2522238.0841 -5812081.9155  669073.8784 -3085738.1156 -5533298.6915  671168.2896 -3003268.6103 -5618720.3752       0.0000  211783.6604     267.7169      91.8367
400000681 300000171                                         -2600949.8585 -5201899.7171 2600949.8585 -3166715.9053 -5157396.7439 1990680.8386 -2604139.2443 -5468063.2517 1976963.3461  213953.8407     272.2498      98.5745
400000682 300000171                                         -3678298.5650 -5024649.2825 1346350.7175 -3143878.6287 -5375502.5311 1345228.8674 -3166715.9053 -5157396.7439 1990680.8386  213817.3983     253.4515      95.2405
400000683 300000171                                         -2577802.4491 -5672228.9398 1330561.6814 -2604139.2443 -5468063.2517 1976963.3461 -3143878.6287 -5375502.5311 1345228.8674  213196.7862     242.2313      94.9784
400000684 300000171                                         -3166715.9053 -5157396.7439 1990680.8386 -3143878.6287 -5375502.5311 1345228.8674 -2604139.2443 -5468063.2517 1976963.3461  215042.4187     258.2604      89.2840
400000685 300000172                                         -3539537.9546 -5297292.9000       0.0000 -3085738.1156 -5533298.6915  671168.2896 -3630292.7893 -5191537.9595  677162.3725  218265.1507     272.2024      79.0338
400000686 300000172                                         -2577802.4491 -5672228.9398 1330561.6814 -3143878.6287 -5375502.5311 1345228.8674 -3085738.1156 -5533298.6915  671168.2896  218077.9738     232.9386     119.7741
400000687 300000172                                         -3678298.5650 -5024649.2825 1346350.7175 -3630292.7893 -5191537.9595  677162.3725 -3143878.6287 -5375502.5311 1345228.8674  217445.2803     237.9027     120.4724
400000688 300000172                                         -3085738.1156 -5533298.6915  671168.2896 -3143878.6287 -5375502.5311 1345228.8674 -3630292.7893 -5191537.9595  677162.3725  219375.9096     245.9837     114.2357
400000689 300000173                                               0.0000 -5886036.5016 2438076.1476 -669073.8784 -5812081.9155 2522238.0841 -639129.1082 -6056845.8882 1869698.6039  232651.5371     241.1211      95.8365
400000690 300000173                                         -1330561.6814 -5672228.9398 2577802.4491 -1306164.9224 -5928333.1219 1933504.7432 -669073.8784 -5812081.9155 2522238.0841  231845.9895     240.2470     121.9262
400000691 300000173                                         -1266279.9131 -6114140.2800 1266279.9131 -639129.1082 -6056845.8882 1869698.6039 -1306164.9224 -5928333.1219 1933504.7432  232712.3450     213.0495     119.4711
400000692 300000173                                         -669073.8784 -5812081.9155 2522238.0841 -1306164.9224 -5928333.1219 1933504.7432 -639129.1082 -6056845.8882 1869698.6039  234046.8072     226.6914     125.8009
400000693 300000174                                         -2600949.8585 -5201899.7171 2600949.8585 -2604139.2443 -5468063.2517 1976963.3461 -1976963.3461 -5468063.2517 2604139.2443  228300.1373     270.4521      82.7088
400000694 300000174                                         -2577802.4491 -5672228.9398 1330561.6814 -1973179.1775 -5727370.1528 1973179.1775 -2604139.2443 -5468063.2517 1976963.3461  229212.6770     241.9611      91.3640
400000695 300000174                                         -1330561.6814 -5672228.9398 2577802.4491 -1976963.3461 -5468063.2517 2604139.2443 -1973179.1775 -5727370.1528 1973179.1775  229212.6770     240.4493      93.3945
400000696 300000174                                         -2604139.2443 -5468063.2517 1976963.3461 -1973179.1775 -5727370.1528 1973179.1775 -1976963.3461 -5468063.2517 2604139.2443  230526.8451     254.0969      82.9783
400000697 300000175                                         -2438076.1476 -5886036.5016       0.0000 -1869698.6039 -6056845.8882  639129.1082 -2522238.0841 -5812081.9155  669073.8784  232651.5371     263.2224     101.0341
400000698 300000175                                         -1266279.9131 -6114140.2800 1266279.9131 -1933504.7432 -5928333.1219 1306164.9224 -1869698.6039 -6056845.8882  639129.1082  232712.3450     219.0932     127.0642
400000699 300000175                                         -2577802.4491 -5672228.9398 1330561.6814 -2522238.0841 -5812081.9155  669073.8784 -1933504.7432 -5928333.1219 1306164.9224  231845.9895     226.8413     118.4655
400000700 300000175                                         -1869698.6039 -6056845.8882  639129.1082 -1933504.7432 -5928333.1219 1306164.9224 -2522238.0841 -5812081.9155  669073.8784  234046.8072     233.7814     119.6725
400000701 300000176                                         -1330561.6814 -5672228.9398 2577802.4491 -1973179.1775 -5727370.1528 1973179.1775 -1306164.9224 -5928333.1219 1933504.7432  238189.0310     223.0365     114.1401
400000702 300000176                                         -2577802.4491 -5672228.9398 1330561.6814 -1933504.7432 -5928333.1219 1306164.9224 -1973179.1775 -5727370.1528 1973179.1775  238189.0310     229.0291     105.0951
400000703 300000176                                         -1266279.9131 -6114140.2800 1266279.9131 -1306164.9224 -5928333.1219 1933504.7432 -1933504.7432 -5928333.1219 1306164.9224  237302.7613     217.4553     120.1873
400000704 300000176                                         -1973179.1775 -5727370.1528 1973179.1775 -1933504.7432 -5928333.1219 1306164.9224 -1306164.9224 -5928333.1219 1933504.7432  239617.8861     223.9347     109.5958
400000705 300000177                                         -4504977.3029       0.0000 4504977.3029 -4805928.6788 -678984.1624 4126944.5164 -4126944.5164 -678984.1624 4805928.6788  328324.9483     229.2816     122.6537
400000706 300000177                                         -5024649.2825 -1346350.7175 3678298.5650 -4400885.2099 -1361638.6226 4400885.2099 -4805928.6788 -678984.1624 4126944.5164  329212.3599     241.1630     107.8663
400000707 300000177                                         -3678298.5650 -1346350.7175 5024649.2825 -4126944.5164 -678984.1624 4805928.6788 -4400885.2099 -1361638.6226 4400885.2099  329212.3599     226.4055     122.3100
400000708 300000177                                         -4805928.6788 -678984.1624 4126944.5164 -4400885.2099 -1361638.6226 4400885.2099 -4126944.5164 -678984.1624 4805928.6788  332074.9378     229.3098     123.8865
400000709 300000178                                         -5201899.7171 -2600949.8585 2600949.8585 -4688572.4479 -2687534.5848 3374031.3064 -5157396.7439 -1990680.8386 3166715.9053  331958.1435     275.7134      63.4285
400000710 300000178                                         -4074905.2917 -2716603.5278 4074905.2917 -4591494.5659 -2050103.9020 3912146.8074 -4688572.4479 -2687534.5848 3374031.3064  332135.9111     258.8543      82.1370
400000711 300000178                                         -5024649.2825 -1346350.7175 3678298.5650 -5157396.7439 -1990680.8386 3166715.9053 -4591494.5659 -2050103.9020 3912146.8074  331417.2039     259.6955      76.6571
400000712 300000178                                         -4688572.4479 -2687534.5848 3374031.3064 -4591494.5659 -2050103.9020 3912146.8074 -5157396.7439 -1990680.8386 3166715.9053  335024.3025     266.3403      71.0121
400000713 300000179                                         -2600949.8585 -2600949.8585 5201899.7171 -3166715.9053 -1990680.8386 5157396.7439 -3374031.3064 -2687534.5848 4688572.4479  331958.1435     227.7352     106.2062
400000714 300000179                                         -3678298.5650 -1346350.7175 5024649.2825 -3912146.8074 -2050103.9020 4591494.5659 -3166715.9053 -1990680.8386 5157396.7439  331417.2039     226.6828     114.1204
400000715 300000179                                         -4074905.2917 -2716603.5278 4074905.2917 -3374031.3064 -2687534.5848 4688572.4479 -3912146.8074 -2050103.9020 4591494.5659  332135.9111     239.3168     109.4548
400000716 300000179                                         -3166715.9053 -1990680.8386 5157396.7439 -3912146.8074 -2050103.9020 4591494.5659 -3374031.3064 -2687534.5848 4688572.4479  335024.3025     230.0676     112.0989
400000717 300000180                                         -5024649.2825 -1346350.7175 3678298.5650 -4591494.5659 -2050103.9020 3912146.8074 -4400885.2099 -1361638.6226 4400885.2099  344128.0612     244.7594      99.3819
400000718 300000180                                         -4074905.2917 -2716603.5278 4074905.2917 -3912146.8074 -2050103.9020 4591494.5659 -4591494.5659 -2050103.9020 3912146.8074  343384.2298     243.8704     104.0227
400000719 300000180                                         -3678298.5650 -1346350.7175 5024649.2825 -4400885.2099 -1361638.6226 4400885.2099 -3912146.8074 -2050103.9020 4591494.5659  344128.0612     228.7655     119.6660
400000720 300000180                                         -4591494.5659 -2050103.9020 3912146.8074 -3912146.8074 -2050103.9020 4591494.5659 -4400885.2099 -1361638.6226 4400885.2099  347308.3434     236.6986     113.9156
400000721 300000181                                         -4504977.3029 -4504977.3029       0.0000 -4126944.5164 -4805928.6788  678984.1624 -4805928.6788 -4126944.5164  678984.1624  328324.9483     274.7249      68.5406
400000722 300000181                                         -3678298.5650 -5024649.2825 1346350.7175 -4400885.2099 -4400885.2099 1361638.6226 -4126944.5164 -4805928.6788  678984.1624  329212.3599     244.3173     110.9344
400000723 300000181                                         -5024649.2825 -3678298.5650 1346350.7175 -4805928.6788 -4126944.5164  678984.1624 -4400885.2099 -4400885.2099 1361638.6226  329212.3599     246.4776     103.6793
400000724 300000181                                         -4126944.5164 -4805928.6788  678984.1624 -4400885.2099 -4400885.2099 1361638.6226 -4805928.6788 -4126944.5164  678984.1624  332074.9378     248.4962     107.6613
400000725 300000182                                         -2600949.8585 -5201899.7171 2600949.8585 -3374031.3064 -4688572.4479 2687534.5848 -3166715.9053 -5157396.7439 1990680.8386  331958.1435     281.0633     114.6259
400000726 300000182                                         -4074905.2917 -4074905.2917 2716603.5278 -3912146.8074 -4591494.5659 2050103.9020 -3374031.3064 -4688572.4479 2687534.5848  332135.9111     282.7594     108.0372
400000727 300000182                                         -3678298.5650 -5024649.2825 1346350.7175 -3166715.9053 -5157396.7439 1990680.8386 -3912146.8074 -4591494.5659 2050103.9020  331417.2039     271.0168      86.5278
400000728 300000182                                         -3374031.3064 -4688572.4479 2687534.5848 -3912146.8074 -4591494.5659 2050103.9020 -3166715.9053 -5157396.7439 1990680.8386  335024.3025     280.9872     109.2878
400000729 300000183                                         -5201899.7171 -2600949.8585 2600949.8585 -5157396.7439 -3166715.9053 1990680.8386 -4688572.4479 -3374031.3064 2687534.5848  331958.1435     280.8701      67.9645
400000730 300000183                                         -5024649.2825 -3678298.5650 1346350.7175 -4591494.5659 -3912146.8074 2050103.9020 -5157396.7439 -3166715.9053 1990680.8386  331417.2039     278.3692      69.9590
400000731 300000183                                         -4074905.2917 -4074905.2917 2716603.5278 -4688572.4479 -3374031.3064 2687534.5848 -4591494.5659 -3912146.8074 2050103.9020  332135.9111     281.7964      83.6213
400000732 300000183                                         -5157396.7439 -3166715.9053 1990680.8386 -4591494.5659 -3912146.8074 2050103.9020 -4688572.4479 -3374031.3064 2687534.5848  335024.3025     282.2086      71.8903
400000733 300000184                                         -3678298.5650 -5024649.2825 1346350.7175 -3912146.8074 -4591494.5659 2050103.9020 -4400885.2099 -4400885.2099 1361638.6226  344128.0612     265.6671      84.1415
400000734 300000184                                         -4074905.2917 -4074905.2917 2716603.5278 -4591494.5659 -3912146.8074 2050103.9020 -3912146.8074 -4591494.5659 2050103.9020  343384.2298     283.5799      89.7063
400000735 300000184                                         -5024649.2825 -3678298.5650 1346350.7175 -4400885.2099 -4400885.2099 1361638.6226 -4591494.5659 -3912146.8074 2050103.9020  344128.0612     270.4687      76.7546
400000736 300000184                                         -3912146.8074 -4591494.5659 2050103.9020 -4591494.5659 -3912146.8074 2050103.9020 -4400885.2099 -4400885.2099 1361638.6226  347308.3434     279.3979      77.5172
400000737 300000185                                               0.0000 -4504977.3029 4504977.3029 -678984.1624 -4126944.5164 4805928.6788 -678984.1624 -4805928.6788 4126944.5164  328324.9483     249.5019     102.4750
400000738 300000185                                         -1346350.7175 -3678298.5650 5024649.2825 -1361638.6226 -4400885.2099 4400885.2099 -678984.1624 -4126944.5164 4805928.6788  329212.3599     246.0710      94.9085
400000739 300000185                                         -1346350.7175 -5024649.2825 3678298.5650 -678984.1624 -4805928.6788 4126944.5164 -1361638.6226 -4400885.2099 4400885.2099  329212.3599     258.4535      97.7841
400000740 300000185                                         -678984.1624 -4126944.5164 4805928.6788 -1361638.6226 -4400885.2099 4400885.2099 -678984.1624 -4805928.6788 4126944.5164  332074.9378     254.0960      95.6972
400000741 300000186                                         -2600949.8585 -2600949.8585 5201899.7171 -2687534.5848 -3374031.3064 4688572.4479 -1990680.8386 -3166715.9053 5157396.7439  331958.1435     230.2125      98.2609
400000742 300000186                                         -2716603.5278 -4074905.2917 4074905.2917 -2050103.9020 -3912146.8074 4591494.5659 -2687534.5848 -3374031.3064 4688572.4479  332135.9111     257.6176      81.3084
400000743 300000186                                         -1346350.7175 -3678298.5650 5024649.2825 -1990680.8386 -3166715.9053 5157396.7439 -2050103.9020 -3912146.8074 4591494.5659  331417.2039     234.1596      94.3470
400000744 300000186                                         -2687534.5848 -3374031.3064 4688572.4479 -2050103.9020 -3912146.8074 4591494.5659 -1990680.8386 -3166715.9053 5157396.7439  335024.3025     241.4168      89.5638
400000745 300000187                                         -2600949.8585 -5201899.7171 2600949.8585 -1990680.8386 -5157396.7439 3166715.9053 -2687534.5848 -4688572.4479 3374031.3064  331958.1435     287.9636      76.8999
400000746 300000187                                         -1346350.7175 -5024649.2825 3678298.5650 -2050103.9020 -4591494.5659 3912146.8074 -1990680.8386 -5157396.7439 3166715.9053  331417.2039     269.7086      92.9019
400000747 300000187                                         -2716603.5278 -4074905.2917 4074905.2917 -2687534.5848 -4688572.4479 3374031.3064 -2050103.9020 -4591494.5659 3912146.8074  332135.9111     284.1339      77.1456
400000748 300000187                                         -1990680.8386 -5157396.7439 3166715.9053 -2050103.9020 -4591494.5659 3912146.8074 -2687534.5848 -4688572.4479 3374031.3064  335024.3025     292.5724      82.3329
400000749 300000188                                         -1346350.7175 -3678298.5650 5024649.2825 -2050103.9020 -3912146.8074 4591494.5659 -1361638.6226 -4400885.2099 4400885.2099  344128.0612     243.1530      92.6343
400000750 300000188                                         -2716603.5278 -4074905.2917 4074905.2917 -2050103.9020 -4591494.5659 3912146.8074 -2050103.9020 -3912146.8074 4591494.5659  343384.2298     266.7743      77.7873
400000751 300000188                                         -1346350.7175 -5024649.2825 3678298.5650 -1361638.6226 -4400885.2099 4400885.2099 -2050103.9020 -4591494.5659 3912146.8074  344128.0612     256.5586      94.3003
400000752 300000188                                         -2050103.9020 -3912146.8074 4591494.5659 -2050103.9020 -4591494.5659 3912146.8074 -1361638.6226 -4400885.2099 4400885.2099  347308.3434     254.8185      89.3484
400000753 300000189                                         -5201899.7171 -2600949.8585 2600949.8585 -4688572.4479 -3374031.3064 2687534.5848 -4688572.4479 -2687534.5848 3374031.3064  387995.8446     277.9670      66.5361
400000754 300000189                                         -4074905.2917 -4074905.2917 2716603.5278 -4122015.5885 -3435012.9904 3435012.9904 -4688572.4479 -3374031.3064 2687534.5848  388281.7658     278.6649      81.4894
400000755 300000189                                         -4074905.2917 -2716603.5278 4074905.2917 -4688572.4479 -2687534.5848 3374031.3064 -4122015.5885 -3435012.9904 3435012.9904  388281.7658     266.3144      77.1814
400000756 300000189                                         -4688572.4479 -3374031.3064 2687534.5848 -4122015.5885 -3435012.9904 3435012.9904 -4688572.4479 -2687534.5848 3374031.3064  392517.4362     275.2121      72.0860
400000757 300000190                                         -2600949.8585 -5201899.7171 2600949.8585 -2687534.5848 -4688572.4479 3374031.3064 -3374031.3064 -4688572.4479 2687534.5848  387995.8446     284.7669     103.7998
400000758 300000190                                         -2716603.5278 -4074905.2917 4074905.2917 -3435012.9904 -4122015.5885 3435012.9904 -2687534.5848 -4688572.4479 3374031.3064  388281.7658     278.2938      97.4938
400000759 300000190                                         -4074905.2917 -4074905.2917 2716603.5278 -3374031.3064 -4688572.4479 2687534.5848 -3435012.9904 -4122015.5885 3435012.9904  388281.7658     281.0198     102.7118
400000760 300000190                                         -2687534.5848 -4688572.4479 3374031.3064 -3435012.9904 -4122015.5885 3435012.9904 -3374031.3064 -4688572.4479 2687534.5848  392517.4362     282.5192     103.9069
400000761 300000191                                         -2600949.8585 -2600949.8585 5201899.7171 -3374031.3064 -2687534.5848 4688572.4479 -2687534.5848 -3374031.3064 4688572.4479  387995.8446     236.1590     101.3890
400000762 300000191                                         -4074905.2917 -2716603.5278 4074905.2917 -3435012.9904 -3435012.9904 4122015.5885 -3374031.3064 -2687534.5848 4688572.4479  388281.7658     247.7149     100.8128
400000763 300000191                                         -2716603.5278 -4074905.2917 4074905.2917 -2687534.5848 -3374031.3064 4688572.4479 -3435012.9904 -3435012.9904 4122015.5885  388281.7658     258.4360      88.7543
400000764 300000191                                         -3374031.3064 -2687534.5848 4688572.4479 -3435012.9904 -3435012.9904 4122015.5885 -2687534.5848 -3374031.3064 4688572.4479  392517.4362     246.5659     100.4528
400000765 300000192                                         -4074905.2917 -4074905.2917 2716603.5278 -3435012.9904 -4122015.5885 3435012.9904 -4122015.5885 -3435012.9904 3435012.9904  405996.4825     276.9320      88.0170
400000766 300000192                                         -2716603.5278 -4074905.2917 4074905.2917 -3435012.9904 -3435012.9904 4122015.5885 -3435012.9904 -4122015.5885 3435012.9904  405996.4825     269.4350      89.3135
400000767 300000192                                         -4074905.2917 -2716603.5278 4074905.2917 -4122015.5885 -3435012.9904 3435012.9904 -3435012.9904 -3435012.9904 4122015.5885  405996.4825     261.3621      88.4661
400000768 300000192                                         -3435012.9904 -4122015.5885 3435012.9904 -3435012.9904 -3435012.9904 4122015.5885 -4122015.5885 -3435012.9904 3435012.9904  410731.3740     269.9011      86.5765
400000769 300000193                                               0.0000       0.0000 6371000.0000       0.0000 -624467.2010 6340321.8936  624467.2010       0.0000 6340321.8936  195921.5441     202.5514      49.5481
400000770 300000193                                               0.0000 -1242920.4416 6248583.0214  627459.2093 -627459.2093 6308900.9250       0.0000 -624467.2010 6340321.8936  196860.2699     200.8868      57.0260
400000771 300000193                                         1242920.4416       0.0000 6248583.0214  624467.2010       0.0000 6340321.8936  627459.2093 -627459.2093 6308900.9250  196860.2699     203.9206      58.1307
400000772 300000193                                               0.0000 -624467.2010 6340321.8936  627459.2093 -627459.2093 6308900.9250  624467.2010       0.0000 6340321.8936  197817.4310     201.7053      54.7103
400000773 300000194                                               0.0000 -2438076.1476 5886036.5016  639129.1082 -1869698.6039 6056845.8882       0.0000 -1849403.6788 6096666.8789  200521.8161     210.2153      79.7380
400000774 300000194                                         1266279.9131 -1266279.9131 6114140.2800  636326.6289 -1260914.7366 6212473.2151  639129.1082 -1869698.6039 6056845.8882  200560.6406     207.0879      74.3843
400000775 300000194                                               0.0000 -1242920.4416 6248583.0214       0.0000 -1849403.6788 6096666.8789  636326.6289 -1260914.7366 6212473.2151  199642.5528     207.9799      63.6264
400000776 300000194                                          639129.1082 -1869698.6039 6056845.8882  636326.6289 -1260914.7366 6212473.2151       0.0000 -1849403.6788 6096666.8789  201535.9727     210.5796      67.5273
400000777 300000195                                         2438076.1476       0.0000 5886036.5016 1849403.6788       0.0000 6096666.8789 1869698.6039 -639129.1082 6056845.8882  200521.8161     216.2673      81.4075
400000778 300000195                                         1242920.4416       0.0000 6248583.0214 1260914.7366 -636326.6289 6212473.2151 1849403.6788       0.0000 6096666.8789  199642.5528     211.5329      66.2695
400000779 300000195                                         1266279.9131 -1266279.9131 6114140.2800 1869698.6039 -639129.1082 6056845.8882 1260914.7366 -636326.6289 6212473.2151  200560.6406     192.3854      88.7453
400000780 300000195                                         1849403.6788       0.0000 6096666.8789 1260914.7366 -636326.6289 6212473.2151 1869698.6039 -639129.1082 6056845.8882  201535.9727     211.5762      69.3336
400000781 300000196                                               0.0000 -1242920.4416 6248583.0214  636326.6289 -1260914.7366 6212473.2151  627459.2093 -627459.2093 6308900.9250  204548.8197     201.9535      60.9537
400000782 300000196                                         1266279.9131 -1266279.9131 6114140.2800 1260914.7366 -636326.6289 6212473.2151  636326.6289 -1260914.7366 6212473.2151  203612.8458     186.5241      91.1225
400000783 300000196                                         1242920.4416       0.0000 6248583.0214  627459.2093 -627459.2093 6308900.9250 1260914.7366 -636326.6289 6212473.2151  204548.8197     201.1353      66.7555
400000784 300000196                                          636326.6289 -1260914.7366 6212473.2151 1260914.7366 -636326.6289 6212473.2151  627459.2093 -627459.2093 6308900.9250  205583.5447     189.6974      77.3025
400000785 300000197                                               0.0000 -4504977.3029 4504977.3029  678984.1624 -4126944.5164 4805928.6788       0.0000 -4041719.6134 4924849.5984  213029.7505     237.5168      99.2311
400000786 300000197                                         1346350.7175 -3678298.5650 5024649.2825  677162.3725 -3630292.7893 5191537.9595  678984.1624 -4126944.5164 4805928.6788  213259.5913     226.6956     110.7374
400000787 300000197                                               0.0000 -3539537.9546 5297292.9000       0.0000 -4041719.6134 4924849.5984  677162.3725 -3630292.7893 5191537.9595  212458.1628     227.3177     102.2702
400000788 300000197                                          678984.1624 -4126944.5164 4805928.6788  677162.3725 -3630292.7893 5191537.9595       0.0000 -4041719.6134 4924849.5984  214297.3599     230.2458     103.5762
400000789 300000198                                         2600949.8585 -2600949.8585 5201899.7171 1976963.3461 -2604139.2443 5468063.2517 1990680.8386 -3166715.9053 5157396.7439  213953.8407     221.3265     102.9752
400000790 300000198                                         1330561.6814 -2577802.4491 5672228.9398 1345228.8674 -3143878.6287 5375502.5311 1976963.3461 -2604139.2443 5468063.2517  213196.7862     214.5977      99.4582
400000791 300000198                                         1346350.7175 -3678298.5650 5024649.2825 1990680.8386 -3166715.9053 5157396.7439 1345228.8674 -3143878.6287 5375502.5311  213817.3983     220.4904     111.9324
400000792 300000198                                         1976963.3461 -2604139.2443 5468063.2517 1345228.8674 -3143878.6287 5375502.5311 1990680.8386 -3166715.9053 5157396.7439  215042.4187     218.6510      98.4903
400000793 300000199                                               0.0000 -2438076.1476 5886036.5016       0.0000 -3003268.6103 5618720.3752  669073.8784 -2522238.0841 5812081.9155  209920.2574     215.1864      84.5472
400000794 300000199                                               0.0000 -3539537.9546 5297292.9000  671168.2896 -3085738.1156 5533298.6915       0.0000 -3003268.6103 5618720.3752  210577.3796     220.0571      93.4085
400000795 300000199                                         1330561.6814 -2577802.4491 5672228.9398  669073.8784 -2522238.0841 5812081.9155  671168.2896 -3085738.1156 5533298.6915  210758.2000     213.1058      93.3874
400000796 300000199                                               0.0000 -3003268.6103 5618720.3752  671168.2896 -3085738.1156 5533298.6915  669073.8784 -2522238.0841 5812081.9155  211783.6604     216.3300      89.9495
400000797 300000200                                         1346350.7175 -3678298.5650 5024649.2825 1345228.8674 -3143878.6287 5375502.5311  677162.3725 -3630292.7893 5191537.9595  217445.2803     219.6326     113.5839
400000798 300000200                                         1330561.6814 -2577802.4491 5672228.9398  671168.2896 -3085738.1156 5533298.6915 1345228.8674 -3143878.6287 5375502.5311  218077.9738     213.8548      97.8987
400000799 300000200                                               0.0000 -3539537.9546 5297292.9000  677162.3725 -3630292.7893 5191537.9595  671168.2896 -3085738.1156 5533298.6915  218265.1507     221.8380      95.8055
400000800 300000200                                         1345228.8674 -3143878.6287 5375502.5311  671168.2896 -3085738.1156 5533298.6915  677162.3725 -3630292.7893 5191537.9595  219375.9096     218.0740     107.1520
400000801 300000201                                         4504977.3029       0.0000 4504977.3029 4041719.6134       0.0000 4924849.5984 4126944.5164 -678984.1624 4805928.6788  213029.7505     246.0695      90.4828
400000802 300000201                                         3539537.9546       0.0000 5297292.9000 3630292.7893 -677162.3725 5191537.9595 4041719.6134       0.0000 4924849.5984  212458.1628     232.7018     109.0076
400000803 300000201                                         3678298.5650 -1346350.7175 5024649.2825 4126944.5164 -678984.1624 4805928.6788 3630292.7893 -677162.3725 5191537.9595  213259.5913     236.7687      99.2416
400000804 300000201                                         4041719.6134       0.0000 4924849.5984 3630292.7893 -677162.3725 5191537.9595 4126944.5164 -678984.1624 4805928.6788  214297.3599     238.4940     101.3612
400000805 300000202                                         2438076.1476       0.0000 5886036.5016 2522238.0841 -669073.8784 5812081.9155 3003268.6103       0.0000 5618720.3752  209920.2574     220.5662      88.6208
400000806 300000202                                         2577802.4491 -1330561.6814 5672228.9398 3085738.1156 -671168.2896 5533298.6915 2522238.0841 -669073.8784 5812081.9155  210758.2000     218.6559      92.5741
400000807 300000202                                         3539537.9546       0.0000 5297292.9000 3003268.6103       0.0000 5618720.3752 3085738.1156 -671168.2896 5533298.6915  210577.3796     224.7121      95.4722
400000808 300000202                                         2522238.0841 -669073.8784 5812081.9155 3085738.1156 -671168.2896 5533298.6915 3003268.6103       0.0000 5618720.3752  211783.6604     221.8526      90.7070
400000809 300000203                                         2600949.8585 -2600949.8585 5201899.7171 3166715.9053 -1990680.8386 5157396.7439 2604139.2443 -1976963.3461 5468063.2517  213953.8407     223.6163     104.8676
400000810 300000203                                         3678298.5650 -1346350.7175 5024649.2825 3143878.6287 -1345228.8674 5375502.5311 3166715.9053 -1990680.8386 5157396.7439  213817.3983     228.1325     109.0888
400000811 300000203                                         2577802.4491 -1330561.6814 5672228.9398 2604139.2443 -1976963.3461 5468063.2517 3143878.6287 -1345228.8674 5375502.5311  213196.7862     222.3809      97.8064
400000812 300000203                                         3166715.9053 -1990680.8386 5157396.7439 3143878.6287 -1345228.8674 5375502.5311 2604139.2443 -1976963.3461 5468063.2517  215042.4187     224.1353     107.1313
400000813 300000204                                         3539537.9546       0.0000 5297292.9000 3085738.1156 -671168.2896 5533298.6915 3630292.7893 -677162.3725 5191537.9595  218265.1507     227.3235     102.8833
400000814 300000204                                         2577802.4491 -1330561.6814 5672228.9398 3143878.6287 -1345228.8674 5375502.5311 3085738.1156 -671168.2896 5533298.6915  218077.9738     223.0235      96.9794
400000815 300000204                                         3678298.5650 -1346350.7175 5024649.2825 3630292.7893 -677162.3725 5191537.9595 3143878.6287 -1345228.8674 5375502.5311  217445.2803     230.9750     105.1683
400000816 300000204                                         3085738.1156 -671168.2896 5533298.6915 3143878.6287 -1345228.8674 5375502.5311 3630292.7893 -677162.3725 5191537.9595  219375.9096     226.7830     101.2301
400000817 300000205                                               0.0000 -2438076.1476 5886036.5016  669073.8784 -2522238.0841 5812081.9155  639129.1082 -1869698.6039 6056845.8882  232651.5371     212.7237      80.0707
400000818 300000205                                         1330561.6814 -2577802.4491 5672228.9398 1306164.9224 -1933504.7432 5928333.1219  669073.8784 -2522238.0841 5812081.9155  231845.9895     211.2011      86.1316
400000819 300000205                                         1266279.9131 -1266279.9131 6114140.2800  639129.1082 -1869698.6039 6056845.8882 1306164.9224 -1933504.7432 5928333.1219  232712.3450     208.2113      78.5077
400000820 300000205                                          669073.8784 -2522238.0841 5812081.9155 1306164.9224 -1933504.7432 5928333.1219  639129.1082 -1869698.6039 6056845.8882  234046.8072     209.7721      83.2167
400000821 300000206                                         2600949.8585 -2600949.8585 5201899.7171 2604139.2443 -1976963.3461 5468063.2517 1976963.3461 -2604139.2443 5468063.2517  228300.1373     221.1247     100.9834
400000822 300000206                                         2577802.4491 -1330561.6814 5672228.9398 1973179.1775 -1973179.1775 5727370.1528 2604139.2443 -1976963.3461 5468063.2517  229212.6770     218.3301      94.2458
400000823 300000206                                         1330561.6814 -2577802.4491 5672228.9398 1976963.3461 -2604139.2443 5468063.2517 1973179.1775 -1973179.1775 5727370.1528  229212.6770     213.3435     101.2136
400000824 300000206                                         2604139.2443 -1976963.3461 5468063.2517 1973179.1775 -1973179.1775 5727370.1528 1976963.3461 -2604139.2443 5468063.2517  230526.8451     212.5511     109.8011
400000825 300000207                                         2438076.1476       0.0000 5886036.5016 1869698.6039 -639129.1082 6056845.8882 2522238.0841 -669073.8784 5812081.9155  232651.5371     216.7402      84.4898
400000826 300000207                                         1266279.9131 -1266279.9131 6114140.2800 1933504.7432 -1306164.9224 5928333.1219 1869698.6039 -639129.1082 6056845.8882  232712.3450     190.9165     103.1387
400000827 300000207                                         2577802.4491 -1330561.6814 5672228.9398 2522238.0841 -669073.8784 5812081.9155 1933504.7432 -1306164.9224 5928333.1219  231845.9895     213.9861      88.2895
400000828 300000207                                         1869698.6039 -639129.1082 6056845.8882 1933504.7432 -1306164.9224 5928333.1219 2522238.0841 -669073.8784 5812081.9155  234046.8072     208.7458      85.9578
400000829 300000208                                         1330561.6814 -2577802.4491 5672228.9398 1973179.1775 -1973179.1775 5727370.1528 1306164.9224 -1933504.7432 5928333.1219  238189.0310     210.7828      91.8516
400000830 300000208                                         2577802.4491 -1330561.6814 5672228.9398 1933504.7432 -1306164.9224 5928333.1219 1973179.1775 -1973179.1775 5727370.1528  238189.0310     209.3247      99.8212
400000831 300000208                                         1266279.9131 -1266279.9131 6114140.2800 1306164.9224 -1933504.7432 5928333.1219 1933504.7432 -1306164.9224 5928333.1219  237302.7613     191.5451     110.5515
400000832 300000208                                         1973179.1775 -1973179.1775 5727370.1528 1933504.7432 -1306164.9224 5928333.1219 1306164.9224 -1933504.7432 5928333.1219  239617.8861     195.3807     124.0911
400000833 300000209                                               0.0000 -6371000.0000       0.0000  624467.2010 -6340321.8936       0.0000       0.0000 -6340321.8936  624467.2010  195921.5441     261.1518     119.5655
400000834 300000209                                         1242920.4416 -6248583.0214       0.0000  627459.2093 -6308900.9250  627459.2093  624467.2010 -6340321.8936       0.0000  196860.2699     250.4241     140.5179
400000835 300000209                                               0.0000 -6248583.0214 1242920.4416       0.0000 -6340321.8936  624467.2010  627459.2093 -6308900.9250  627459.2093  196860.2699     218.3089     128.7277
400000836 300000209                                          624467.2010 -6340321.8936       0.0000  627459.2093 -6308900.9250  627459.2093       0.0000 -6340321.8936  624467.2010  197817.4310     244.2294     124.6753
400000837 300000210                                         2438076.1476 -5886036.5016       0.0000 1869698.6039 -6056845.8882  639129.1082 1849403.6788 -6096666.8789       0.0000  200521.8161     221.3793     134.0053
400000838 300000210                                         1266279.9131 -6114140.2800 1266279.9131 1260914.7366 -6212473.2151  636326.6289 1869698.6039 -6056845.8882  639129.1082  200560.6406     199.1362     146.6174
400000839 300000210                                         1242920.4416 -6248583.0214       0.0000 1849403.6788 -6096666.8789       0.0000 1260914.7366 -6212473.2151  636326.6289  199642.5528     222.3104     163.7491
400000840 300000210                                         1869698.6039 -6056845.8882  639129.1082 1260914.7366 -6212473.2151  636326.6289 1849403.6788 -6096666.8789       0.0000  201535.9727     217.2524     154.3260
400000841 300000211                                               0.0000 -5886036.5016 2438076.1476       0.0000 -6096666.8789 1849403.6788  639129.1082 -6056845.8882 1869698.6039  200521.8161     237.1562     101.8333
400000842 300000211                                               0.0000 -6248583.0214 1242920.4416  636326.6289 -6212473.2151 1260914.7366       0.0000 -6096666.8789 1849403.6788  199642.5528     211.0652     112.8347
400000843 300000211                                         1266279.9131 -6114140.2800 1266279.9131  639129.1082 -6056845.8882 1869698.6039  636326.6289 -6212473.2151 1260914.7366  200560.6406     221.9077     115.9793
400000844 300000211                                               0.0000 -6096666.8789 1849403.6788  636326.6289 -6212473.2151 1260914.7366  639129.1082 -6056845.8882 1869698.6039  201535.9727     223.9061     118.8646
400000845 300000212                                         1242920.4416 -6248583.0214       0.0000 1260914.7366 -6212473.2151  636326.6289  627459.2093 -6308900.9250  627459.2093  204548.8197     224.5287     146.7563
400000846 300000212                                         1266279.9131 -6114140.2800 1266279.9131  636326.6289 -6212473.2151 1260914.7366 1260914.7366 -6212473.2151  636326.6289  203612.8458     203.3375     145.5214
400000847 300000212                                               0.0000 -6248583.0214 1242920.4416  627459.2093 -6308900.9250  627459.2093  636326.6289 -6212473.2151 1260914.7366  204548.8197     208.6264     126.8397
400000848 300000212                                         1260914.7366 -6212473.2151  636326.6289  636326.6289 -6212473.2151 1260914.7366  627459.2093 -6308900.9250  627459.2093  205583.5447     202.3875     157.7063
400000849 300000213                                         4504977.3029 -4504977.3029       0.0000 4126944.5164 -4805928.6788  678984.1624 4041719.6134 -4924849.5984       0.0000  213029.7505     281.1523      54.9307
400000850 300000213                                         3678298.5650 -5024649.2825 1346350.7175 3630292.7893 -5191537.9595  677162.3725 4126944.5164 -4805928.6788  678984.1624  213259.5913     263.2330      64.6387
400000851 300000213                                         3539537.9546 -5297292.9000       0.0000 4041719.6134 -4924849.5984       0.0000 3630292.7893 -5191537.9595  677162.3725  212458.1628     270.1677      93.0210
400000852 300000213                                         4126944.5164 -4805928.6788  678984.1624 3630292.7893 -5191537.9595  677162.3725 4041719.6134 -4924849.5984       0.0000  214297.3599     274.4202      74.1177
400000853 300000214                                         2600949.8585 -5201899.7171 2600949.8585 2604139.2443 -5468063.2517 1976963.3461 3166715.9053 -5157396.7439 1990680.8386  213953.8407     253.3563      76.2083
400000854 300000214                                         2577802.4491 -5672228.9398 1330561.6814 3143878.6287 -5375502.5311 1345228.8674 2604139.2443 -5468063.2517 1976963.3461  213196.7862     255.0453      73.6507
400000855 300000214                                         3678298.5650 -5024649.2825 1346350.7175 3166715.9053 -5157396.7439 1990680.8386 3143878.6287 -5375502.5311 1345228.8674  213817.3983     255.6367      72.5935
400000856 300000214                                         2604139.2443 -5468063.2517 1976963.3461 3143878.6287 -5375502.5311 1345228.8674 3166715.9053 -5157396.7439 1990680.8386  215042.4187     252.0685      77.6172
400000857 300000215                                         2438076.1476 -5886036.5016       0.0000 3003268.6103 -5618720.3752       0.0000 2522238.0841 -5812081.9155  669073.8784  209920.2574     223.4845     123.4083
400000858 300000215                                         3539537.9546 -5297292.9000       0.0000 3085738.1156 -5533298.6915  671168.2896 3003268.6103 -5618720.3752       0.0000  210577.3796     251.5787     103.8239
400000859 300000215                                         2577802.4491 -5672228.9398 1330561.6814 2522238.0841 -5812081.9155  669073.8784 3085738.1156 -5533298.6915  671168.2896  210758.2000     236.5829     108.7069
400000860 300000215                                         3003268.6103 -5618720.3752       0.0000 3085738.1156 -5533298.6915  671168.2896 2522238.0841 -5812081.9155  669073.8784  211783.6604     231.8535     114.9212
400000861 300000216                                         3678298.5650 -5024649.2825 1346350.7175 3143878.6287 -5375502.5311 1345228.8674 3630292.7893 -5191537.9595  677162.3725  217445.2803     261.6175      66.0457
400000862 300000216                                         2577802.4491 -5672228.9398 1330561.6814 3085738.1156 -5533298.6915  671168.2896 3143878.6287 -5375502.5311 1345228.8674  218077.9738     250.3116      89.9365
400000863 300000216                                         3539537.9546 -5297292.9000       0.0000 3630292.7893 -5191537.9595  677162.3725 3085738.1156 -5533298.6915  671168.2896  218265.1507     262.2699      98.9396
400000864 300000216                                         3143878.6287 -5375502.5311 1345228.8674 3085738.1156 -5533298.6915  671168.2896 3630292.7893 -5191537.9595  677162.3725  219375.9096     259.6032      80.1836
400000865 300000217                                               0.0000 -4504977.3029 4504977.3029       0.0000 -4924849.5984 4041719.6134  678984.1624 -4805928.6788 4126944.5164  213029.7505     251.2425     105.3305
400000866 300000217                                               0.0000 -5297292.9000 3539537.9546  677162.3725 -5191537.9595 3630292.7893       0.0000 -4924849.5984 4041719.6134  212458.1628     256.8661     106.4173
400000867 300000217                                         1346350.7175 -5024649.2825 3678298.5650  678984.1624 -4805928.6788 4126944.5164  677162.3725 -5191537.9595 3630292.7893  213259.5913     255.2616     109.5711
400000868 300000217                                               0.0000 -4924849.5984 4041719.6134  677162.3725 -5191537.9595 3630292.7893  678984.1624 -4805928.6788 4126944.5164  214297.3599     254.7445     108.8837
400000869 300000218                                               0.0000 -5886036.5016 2438076.1476  669073.8784 -5812081.9155 2522238.0841       0.0000 -5618720.3752 3003268.6103  209920.2574     253.8445      80.3857
400000870 300000218                                         1330561.6814 -5672228.9398 2577802.4491  671168.2896 -5533298.6915 3085738.1156  669073.8784 -5812081.9155 2522238.0841  210758.2000     244.7005      90.6413
400000871 300000218                                               0.0000 -5297292.9000 3539537.9546       0.0000 -5618720.3752 3003268.6103  671168.2896 -5533298.6915 3085738.1156  210577.3796     261.0164      89.3007
400000872 300000218                                          669073.8784 -5812081.9155 2522238.0841  671168.2896 -5533298.6915 3085738.1156       0.0000 -5618720.3752 3003268.6103  211783.6604     252.0672      83.0833
400000873 300000219                                         2600949.8585 -5201899.7171 2600949.8585 1990680.8386 -5157396.7439 3166715.9053 1976963.3461 -5468063.2517 2604139.2443  213953.8407     253.6754      78.9028
400000874 300000219                                         1346350.7175 -5024649.2825 3678298.5650 1345228.8674 -5375502.5311 3143878.6287 1990680.8386 -5157396.7439 3166715.9053  213817.3983     252.0485      86.7393
400000875 300000219                                         1330561.6814 -5672228.9398 2577802.4491 1976963.3461 -5468063.2517 2604139.2443 1345228.8674 -5375502.5311 3143878.6287  213196.7862     253.3116      80.0363
400000876 300000219                                         1990680.8386 -5157396.7439 3166715.9053 1345228.8674 -5375502.5311 3143878.6287 1976963.3461 -5468063.2517 2604139.2443  215042.4187     255.9654      78.3872
400000877 300000220                                               0.0000 -5297292.9000 3539537.9546  671168.2896 -5533298.6915 3085738.1156  677162.3725 -5191537.9595 3630292.7893  218265.1507     261.4196     100.4466
400000878 300000220                                         1330561.6814 -5672228.9398 2577802.4491 1345228.8674 -5375502.5311 3143878.6287  671168.2896 -5533298.6915 3085738.1156  218077.9738     247.2983      90.4445
400000879 300000220                                         1346350.7175 -5024649.2825 3678298.5650  677162.3725 -5191537.9595 3630292.7893 1345228.8674 -5375502.5311 3143878.6287  217445.2803     251.9071      98.5508
400000880 300000220                                          671168.2896 -5533298.6915 3085738.1156 1345228.8674 -5375502.5311 3143878.6287  677162.3725 -5191537.9595 3630292.7893  219375.9096     254.4931      95.0358
400000881 300000221                                         2438076.1476 -5886036.5016       0.0000 2522238.0841 -5812081.9155  669073.8784 1869698.6039 -6056845.8882  639129.1082  232651.5371     218.2592     131.7971
400000882 300000221                                         2577802.4491 -5672228.9398 1330561.6814 1933504.7432 -5928333.1219 1306164.9224 2522238.0841 -5812081.9155  669073.8784  231845.9895     237.9930     102.8967
400000883 300000221                                         1266279.9131 -6114140.2800 1266279.9131 1869698.6039 -6056845.8882  639129.1082 1933504.7432 -5928333.1219 1306164.9224  232712.3450     209.2930     123.1686
400000884 300000221                                         2522238.0841 -5812081.9155  669073.8784 1933504.7432 -5928333.1219 1306164.9224 1869698.6039 -6056845.8882  639129.1082  234046.8072     219.3670     129.6840
400000885 300000222                                         2600949.8585 -5201899.7171 2600949.8585 1976963.3461 -5468063.2517 2604139.2443 2604139.2443 -5468063.2517 1976963.3461  228300.1373     252.5453      78.1786
400000886 300000222                                         1330561.6814 -5672228.9398 2577802.4491 1973179.1775 -5727370.1528 1973179.1775 1976963.3461 -5468063.2517 2604139.2443  229212.6770     254.4533      75.4352
400000887 300000222                                         2577802.4491 -5672228.9398 1330561.6814 2604139.2443 -5468063.2517 1976963.3461 1973179.1775 -5727370.1528 1973179.1775  229212.6770     252.1396      76.7220
400000888 300000222                                         1976963.3461 -5468063.2517 2604139.2443 1973179.1775 -5727370.1528 1973179.1775 2604139.2443 -5468063.2517 1976963.3461  230526.8451     250.8795      80.7133
400000889 300000223                                               0.0000 -5886036.5016 2438076.1476  639129.1082 -6056845.8882 1869698.6039  669073.8784 -5812081.9155 2522238.0841  232651.5371     246.4260      81.7357
400000890 300000223                                         1266279.9131 -6114140.2800 1266279.9131 1306164.9224 -5928333.1219 1933504.7432  639129.1082 -6056845.8882 1869698.6039  232712.3450     241.8704      83.7220
400000891 300000223                                         1330561.6814 -5672228.9398 2577802.4491  669073.8784 -5812081.9155 2522238.0841 1306164.9224 -5928333.1219 1933504.7432  231845.9895     241.5780      86.2193
400000892 300000223                                          639129.1082 -6056845.8882 1869698.6039 1306164.9224 -5928333.1219 1933504.7432  669073.8784 -5812081.9155 2522238.0841  234046.8072     243.0932      81.0332
400000893 300000224                                         2577802.4491 -5672228.9398 1330561.6814 1973179.1775 -5727370.1528 1973179.1775 1933504.7432 -5928333.1219 1306164.9224  238189.0310     255.0880      73.5281
400000894 300000224                                         1330561.6814 -5672228.9398 2577802.4491 1306164.9224 -5928333.1219 1933504.7432 1973179.1775 -5727370.1528 1973179.1775  238189.0310     245.8140      83.9597
400000895 300000224                                         1266279.9131 -6114140.2800 1266279.9131 1933504.7432 -5928333.1219 1306164.9224 1306164.9224 -5928333.1219 1933504.7432  237302.7613     244.0516      84.1963
400000896 300000224                                         1973179.1775 -5727370.1528 1973179.1775 1306164.9224 -5928333.1219 1933504.7432 1933504.7432 -5928333.1219 1306164.9224  239617.8861     252.3586      77.0907
400000897 300000225                                         6371000.0000       0.0000       0.0000 6340321.8936       0.0000  624467.2010 6340321.8936 -624467.2010       0.0000  195921.5441     266.7024      91.2510
400000898 300000225                                         6248583.0214       0.0000 1242920.4416 6308900.9250 -627459.2093  627459.2093 6340321.8936       0.0000  624467.2010  196860.2699     233.5603     159.1348
400000899 300000225                                         6248583.0214 -1242920.4416       0.0000 6340321.8936 -624467.2010       0.0000 6308900.9250 -627459.2093  627459.2093  196860.2699     271.4267      86.9303
400000900 300000225                                         6340321.8936       0.0000  624467.2010 6308900.9250 -627459.2093  627459.2093 6340321.8936 -624467.2010       0.0000  197817.4310     261.1439     113.1125
400000901 300000226                                         5886036.5016       0.0000 2438076.1476 6056845.8882 -639129.1082 1869698.6039 6096666.8789       0.0000 1849403.6788  200521.8161     279.8787     142.1178
400000902 300000226                                         6114140.2800 -1266279.9131 1266279.9131 6212473.2151 -636326.6289 1260914.7366 6056845.8882 -639129.1082 1869698.6039  200560.6406     237.9718     116.0380
400000903 300000226                                         6248583.0214       0.0000 1242920.4416 6096666.8789       0.0000 1849403.6788 6212473.2151 -636326.6289 1260914.7366  199642.5528     242.9028     117.0808
400000904 300000226                                         6056845.8882 -639129.1082 1869698.6039 6212473.2151 -636326.6289 1260914.7366 6096666.8789       0.0000 1849403.6788  201535.9727     254.4549     116.1839
400000905 300000227                                         5886036.5016 -2438076.1476       0.0000 6096666.8789 -1849403.6788       0.0000 6056845.8882 -1869698.6039  639129.1082  200521.8161     267.2952      87.2905
400000906 300000227                                         6248583.0214 -1242920.4416       0.0000 6212473.2151 -1260914.7366  636326.6289 6096666.8789 -1849403.6788       0.0000  199642.5528     268.1823      84.5680
400000907 300000227                                         6114140.2800 -1266279.9131 1266279.9131 6056845.8882 -1869698.6039  639129.1082 6212473.2151 -1260914.7366  636326.6289  200560.6406     219.9168     140.8590
400000908 300000227                                         6096666.8789 -1849403.6788       0.0000 6212473.2151 -1260914.7366  636326.6289 6056845.8882 -1869698.6039  639129.1082  201535.9727     251.8562     107.6827
400000909 300000228                                         6248583.0214       0.0000 1242920.4416 6212473.2151 -636326.6289 1260914.7366 6308900.9250 -627459.2093  627459.2093  204548.8197     231.8885     146.3024
400000910 300000228                                         6114140.2800 -1266279.9131 1266279.9131 6212473.2151 -1260914.7366  636326.6289 6212473.2151 -636326.6289 1260914.7366  203612.8458     220.3785     137.5069
400000911 300000228                                         6248583.0214 -1242920.4416       0.0000 6308900.9250 -627459.2093  627459.2093 6212473.2151 -1260914.7366  636326.6289  204548.8197     254.7468     120.1867
400000912 300000228                                         6212473.2151 -636326.6289 1260914.7366 6212473.2151 -1260914.7366  636326.6289 6308900.9250 -627459.2093  627459.2093  205583.5447     231.2804     150.4492
400000913 300000229                                         4504977.3029       0.0000 4504977.3029 4805928.6788 -678984.1624 4126944.5164 4924849.5984       0.0000 4041719.6134  213029.7505     254.3685      92.3668
400000914 300000229                                         5024649.2825 -1346350.7175 3678298.5650 5191537.9595 -677162.3725 3630292.7893 4805928.6788 -678984.1624 4126944.5164  213259.5913     266.6635      70.6933
400000915 300000229                                         5297292.9000       0.0000 3539537.9546 4924849.5984       0.0000 4041719.6134 5191537.9595 -677162.3725 3630292.7893  212458.1628     260.7521      84.8344
400000916 300000229                                         4805928.6788 -678984.1624 4126944.5164 5191537.9595 -677162.3725 3630292.7893 4924849.5984       0.0000 4041719.6134  214297.3599     265.0227      86.9086
400000917 300000230                                         5201899.7171 -2600949.8585 2600949.8585 5468063.2517 -1976963.3461 2604139.2443 5157396.7439 -1990680.8386 3166715.9053  213953.8407     273.0796      66.6053
400000918 300000230                                         5672228.9398 -1330561.6814 2577802.4491 5375502.5311 -1345228.8674 3143878.6287 5468063.2517 -1976963.3461 2604139.2443  213196.7862     272.3577      80.4700
400000919 300000230                                         5024649.2825 -1346350.7175 3678298.5650 5157396.7439 -1990680.8386 3166715.9053 5375502.5311 -1345228.8674 3143878.6287  213817.3983     270.8727      69.4024
400000920 300000230                                         5468063.2517 -1976963.3461 2604139.2443 5375502.5311 -1345228.8674 3143878.6287 5157396.7439 -1990680.8386 3166715.9053  215042.4187     273.2254      65.1719
400000921 300000231                                         5886036.5016       0.0000 2438076.1476 5618720.3752       0.0000 3003268.6103 5812081.9155 -669073.8784 2522238.0841  209920.2574     288.1671     133.2665
400000922 300000231                                         5297292.9000       0.0000 3539537.9546 5533298.6915 -671168.2896 3085738.1156 5618720.3752       0.0000 3003268.6103  210577.3796     271.2503     125.9925
400000923 300000231                                         5672228.9398 -1330561.6814 2577802.4491 5812081.9155 -669073.8784 2522238.0841 5533298.6915 -671168.2896 3085738.1156  210758.2000     278.7655     127.6380
400000924 300000231                                         5618720.3752       0.0000 3003268.6103 5533298.6915 -671168.2896 3085738.1156 5812081.9155 -669073.8784 2522238.0841  211783.6604     280.8719     123.4729
400000925 300000232                                         5024649.2825 -1346350.7175 3678298.5650 5375502.5311 -1345228.8674 3143878.6287 5191537.9595 -677162.3725 3630292.7893  217445.2803     271.0662      67.6035
400000926 300000232                                         5672228.9398 -1330561.6814 2577802.4491 5533298.6915 -671168.2896 3085738.1156 5375502.5311 -1345228.8674 3143878.6287  218077.9738     276.6171     104.5157
400000927 300000232                                         5297292.9000       0.0000 3539537.9546 5191537.9595 -677162.3725 3630292.7893 5533298.6915 -671168.2896 3085738.1156  218265.1507     264.4104     103.1413
400000928 300000232                                         5375502.5311 -1345228.8674 3143878.6287 5533298.6915 -671168.2896 3085738.1156 5191537.9595 -677162.3725 3630292.7893  219375.9096     274.6898      81.6438
400000929 300000233                                         4504977.3029 -4504977.3029       0.0000 4924849.5984 -4041719.6134       0.0000 4805928.6788 -4126944.5164  678984.1624  213029.7505     275.7711      55.9275
400000930 300000233                                         5297292.9000 -3539537.9546       0.0000 5191537.9595 -3630292.7893  677162.3725 4924849.5984 -4041719.6134       0.0000  212458.1628     270.7752      65.0296
400000931 300000233                                         5024649.2825 -3678298.5650 1346350.7175 4805928.6788 -4126944.5164  678984.1624 5191537.9595 -3630292.7893  677162.3725  213259.5913     241.0332      97.9582
400000932 300000233                                         4924849.5984 -4041719.6134       0.0000 5191537.9595 -3630292.7893  677162.3725 4805928.6788 -4126944.5164  678984.1624  214297.3599     259.8447      75.1007
400000933 300000234                                         5886036.5016 -2438076.1476       0.0000 5812081.9155 -2522238.0841  669073.8784 5618720.3752 -3003268.6103       0.0000  209920.2574     267.3990      80.9517
400000934 300000234                                         5672228.9398 -2577802.4491 1330561.6814 5533298.6915 -3085738.1156  671168.2896 5812081.9155 -2522238.0841  669073.8784  210758.2000     234.9433     109.8169
400000935 300000234                                         5297292.9000 -3539537.9546       0.0000 5618720.3752 -3003268.6103       0.0000 5533298.6915 -3085738.1156  671168.2896  210577.3796     267.1365      75.1506
400000936 300000234                                         5812081.9155 -2522238.0841  669073.8784 5533298.6915 -3085738.1156  671168.2896 5618720.3752 -3003268.6103       0.0000  211783.6604     249.3633     103.0905
400000937 300000235                                         5201899.7171 -2600949.8585 2600949.8585 5157396.7439 -3166715.9053 1990680.8386 5468063.2517 -2604139.2443 1976963.3461  213953.8407     270.3243      79.1188
400000938 300000235                                         5024649.2825 -3678298.5650 1346350.7175 5375502.5311 -3143878.6287 1345228.8674 5157396.7439 -3166715.9053 1990680.8386  213817.3983     255.7929      85.1157
400000939 300000235                                         5672228.9398 -2577802.4491 1330561.6814 5468063.2517 -2604139.2443 1976963.3461 5375502.5311 -3143878.6287 1345228.8674  213196.7862     255.2430      84.3229
400000940 300000235                                         5157396.7439 -3166715.9053 1990680.8386 5375502.5311 -3143878.6287 1345228.8674 5468063.2517 -2604139.2443 1976963.3461  215042.4187     260.5721      85.9234
400000941 300000236                                         5297292.9000 -3539537.9546       0.0000 5533298.6915 -3085738.1156  671168.2896 5191537.9595 -3630292.7893  677162.3725  218265.1507     253.0892      89.7772
400000942 300000236                                         5672228.9398 -2577802.4491 1330561.6814 5375502.5311 -3143878.6287 1345228.8674 5533298.6915 -3085738.1156  671168.2896  218077.9738     243.7426      93.0115
400000943 300000236                                         5024649.2825 -3678298.5650 1346350.7175 5191537.9595 -3630292.7893  677162.3725 5375502.5311 -3143878.6287 1345228.8674  217445.2803     244.8776      93.1731
400000944 300000236                                         5533298.6915 -3085738.1156  671168.2896 5375502.5311 -3143878.6287 1345228.8674 5191537.9595 -3630292.7893  677162.3725  219375.9096     238.3735     103.1206
400000945 300000237                                         5886036.5016       0.0000 2438076.1476 5812081.9155 -669073.8784 2522238.0841 6056845.8882 -639129.1082 1869698.6039  232651.5371     285.2795     140.3659
400000946 300000237                                         5672228.9398 -1330561.6814 2577802.4491 5928333.1219 -1306164.9224 1933504.7432 5812081.9155 -669073.8784 2522238.0841  231845.9895     276.5225     139.9468
400000947 300000237                                         6114140.2800 -1266279.9131 1266279.9131 6056845.8882 -639129.1082 1869698.6039 5928333.1219 -1306164.9224 1933504.7432  232712.3450     247.0359     120.6619
400000948 300000237                                         5812081.9155 -669073.8784 2522238.0841 5928333.1219 -1306164.9224 1933504.7432 6056845.8882 -639129.1082 1869698.6039  234046.8072     275.9970     147.0062
400000949 300000238                                         5201899.7171 -2600949.8585 2600949.8585 5468063.2517 -2604139.2443 1976963.3461 5468063.2517 -1976963.3461 2604139.2443  228300.1373     272.9453      73.3297
400000950 300000238                                         5672228.9398 -2577802.4491 1330561.6814 5727370.1528 -1973179.1775 1973179.1775 5468063.2517 -2604139.2443 1976963.3461  229212.6770     261.8695      79.4408
400000951 300000238                                         5672228.9398 -1330561.6814 2577802.4491 5468063.2517 -1976963.3461 2604139.2443 5727370.1528 -1973179.1775 1973179.1775  229212.6770     272.1292      87.2022
400000952 300000238                                         5468063.2517 -2604139.2443 1976963.3461 5727370.1528 -1973179.1775 1973179.1775 5468063.2517 -1976963.3461 2604139.2443  230526.8451     272.2914      72.2632
400000953 300000239                                         5886036.5016 -2438076.1476       0.0000 6056845.8882 -1869698.6039  639129.1082 5812081.9155 -2522238.0841  669073.8784  232651.5371     251.2483     106.5607
400000954 300000239                                         6114140.2800 -1266279.9131 1266279.9131 5928333.1219 -1933504.7432 1306164.9224 6056845.8882 -1869698.6039  639129.1082  232712.3450     217.5285     127.7537
400000955 300000239                                         5672228.9398 -2577802.4491 1330561.6814 5812081.9155 -2522238.0841  669073.8784 5928333.1219 -1933504.7432 1306164.9224  231845.9895     236.6114     105.2435
400000956 300000239                                         6056845.8882 -1869698.6039  639129.1082 5928333.1219 -1933504.7432 1306164.9224 5812081.9155 -2522238.0841  669073.8784  234046.8072     230.3987     121.8380
400000957 300000240                                         5672228.9398 -1330561.6814 2577802.4491 5727370.1528 -1973179.1775 1973179.1775 5928333.1219 -1306164.9224 1933504.7432  238189.0310     271.6551     125.5469
400000958 300000240                                         5672228.9398 -2577802.4491 1330561.6814 5928333.1219 -1933504.7432 1306164.9224 5727370.1528 -1973179.1775 1973179.1775  238189.0310     247.3082      91.0820
400000959 300000240                                         6114140.2800 -1266279.9131 1266279.9131 5928333.1219 -1306164.9224 1933504.7432 5928333.1219 -1933504.7432 1306164.9224  237302.7613     226.8226     126.8799
400000960 300000240                                         5727370.1528 -1973179.1775 1973179.1775 5928333.1219 -1933504.7432 1306164.9224 5928333.1219 -1306164.9224 1933504.7432  239617.8861     247.9340     105.8378
400000961 300000241                                               0.0000 -4504977.3029 4504977.3029  678984.1624 -4805928.6788 4126944.5164  678984.1624 -4126944.5164 4805928.6788  328324.9483     244.1247     100.9786
400000962 300000241                                         1346350.7175 -5024649.2825 3678298.5650 1361638.6226 -4400885.2099 4400885.2099  678984.1624 -4805928.6788 4126944.5164  329212.3599     250.8384     108.1088
400000963 300000241                                         1346350.7175 -3678298.5650 5024649.2825  678984.1624 -4126944.5164 4805928.6788 1361638.6226 -4400885.2099 4400885.2099  329212.3599     233.6749     112.3781
400000964 300000241                                          678984.1624 -4805928.6788 4126944.5164 1361638.6226 -4400885.2099 4400885.2099  678984.1624 -4126944.5164 4805928.6788  332074.9378     243.0903     108.5794
400000965 300000242                                         2600949.8585 -5201899.7171 2600949.8585 2687534.5848 -4688572.4479 3374031.3064 1990680.8386 -5157396.7439 3166715.9053  331958.1435     253.7420      79.5384
400000966 300000242                                         2716603.5278 -4074905.2917 4074905.2917 2050103.9020 -4591494.5659 3912146.8074 2687534.5848 -4688572.4479 3374031.3064  332135.9111     250.4973      86.6518
400000967 300000242                                         1346350.7175 -5024649.2825 3678298.5650 1990680.8386 -5157396.7439 3166715.9053 2050103.9020 -4591494.5659 3912146.8074  331417.2039     250.9579      88.7598
400000968 300000242                                         2687534.5848 -4688572.4479 3374031.3064 2050103.9020 -4591494.5659 3912146.8074 1990680.8386 -5157396.7439 3166715.9053  335024.3025     252.5015      83.0433
400000969 300000243                                         2600949.8585 -2600949.8585 5201899.7171 1990680.8386 -3166715.9053 5157396.7439 2687534.5848 -3374031.3064 4688572.4479  331958.1435     226.9272     101.4412
400000970 300000243                                         1346350.7175 -3678298.5650 5024649.2825 2050103.9020 -3912146.8074 4591494.5659 1990680.8386 -3166715.9053 5157396.7439  331417.2039     228.6391     104.9722
400000971 300000243                                         2716603.5278 -4074905.2917 4074905.2917 2687534.5848 -3374031.3064 4688572.4479 2050103.9020 -3912146.8074 4591494.5659  332135.9111     244.4146      94.1139
400000972 300000243                                         1990680.8386 -3166715.9053 5157396.7439 2050103.9020 -3912146.8074 4591494.5659 2687534.5848 -3374031.3064 4688572.4479  335024.3025     233.3019     105.7256
400000973 300000244                                         1346350.7175 -5024649.2825 3678298.5650 2050103.9020 -4591494.5659 3912146.8074 1361638.6226 -4400885.2099 4400885.2099  344128.0612     250.7422      91.1952
400000974 300000244                                         2716603.5278 -4074905.2917 4074905.2917 2050103.9020 -3912146.8074 4591494.5659 2050103.9020 -4591494.5659 3912146.8074  343384.2298     246.5905      92.8089
400000975 300000244                                         1346350.7175 -3678298.5650 5024649.2825 1361638.6226 -4400885.2099 4400885.2099 2050103.9020 -3912146.8074 4591494.5659  344128.0612     237.2764     109.4151
400000976 300000244                                         2050103.9020 -4591494.5659 3912146.8074 2050103.9020 -3912146.8074 4591494.5659 1361638.6226 -4400885.2099 4400885.2099  347308.3434     247.5267      90.1560
400000977 300000245                                         4504977.3029 -4504977.3029       0.0000 4805928.6788 -4126944.5164  678984.1624 4126944.5164 -4805928.6788  678984.1624  328324.9483     269.9889      60.1228
400000978 300000245                                         5024649.2825 -3678298.5650 1346350.7175 4400885.2099 -4400885.2099 1361638.6226 4805928.6788 -4126944.5164  678984.1624  329212.3599     248.7547      86.0178
400000979 300000245                                         3678298.5650 -5024649.2825 1346350.7175 4126944.5164 -4805928.6788  678984.1624 4400885.2099 -4400885.2099 1361638.6226  329212.3599     255.8942      72.4163
400000980 300000245                                         4805928.6788 -4126944.5164  678984.1624 4400885.2099 -4400885.2099 1361638.6226 4126944.5164 -4805928.6788  678984.1624  332074.9378     249.0222      85.2014
400000981 300000246                                         5201899.7171 -2600949.8585 2600949.8585 4688572.4479 -3374031.3064 2687534.5848 5157396.7439 -3166715.9053 1990680.8386  331958.1435     272.9816      72.9503
400000982 300000246                                         4074905.2917 -4074905.2917 2716603.5278 4591494.5659 -3912146.8074 2050103.9020 4688572.4479 -3374031.3064 2687534.5848  332135.9111     269.4153      64.2734
400000983 300000246                                         5024649.2825 -3678298.5650 1346350.7175 5157396.7439 -3166715.9053 1990680.8386 4591494.5659 -3912146.8074 2050103.9020  331417.2039     263.6015      77.4760
400000984 300000246                                         4688572.4479 -3374031.3064 2687534.5848 4591494.5659 -3912146.8074 2050103.9020 5157396.7439 -3166715.9053 1990680.8386  335024.3025     270.1778      71.7283
400000985 300000247                                         2600949.8585 -5201899.7171 2600949.8585 3166715.9053 -5157396.7439 1990680.8386 3374031.3064 -4688572.4479 2687534.5848  331958.1435     253.7868      76.2932
400000986 300000247                                         3678298.5650 -5024649.2825 1346350.7175 3912146.8074 -4591494.5659 2050103.9020 3166715.9053 -5157396.7439 1990680.8386  331417.2039     257.4655      72.9372
400000987 300000247                                         4074905.2917 -4074905.2917 2716603.5278 3374031.3064 -4688572.4479 2687534.5848 3912146.8074 -4591494.5659 2050103.9020  332135.9111     262.4103      67.1259
400000988 300000247                                         3166715.9053 -5157396.7439 1990680.8386 3912146.8074 -4591494.5659 2050103.9020 3374031.3064 -4688572.4479 2687534.5848  335024.3025     256.2260      72.7259
400000989 300000248                                         5024649.2825 -3678298.5650 1346350.7175 4591494.5659 -3912146.8074 2050103.9020 4400885.2099 -4400885.2099 1361638.6226  344128.0612     260.2572      76.1793
400000990 300000248                                         4074905.2917 -4074905.2917 2716603.5278 3912146.8074 -4591494.5659 2050103.9020 4591494.5659 -3912146.8074 2050103.9020  343384.2298     265.8754      66.6289
400000991 300000248                                         3678298.5650 -5024649.2825 1346350.7175 4400885.2099 -4400885.2099 1361638.6226 3912146.8074 -4591494.5659 2050103.9020  344128.0612     261.7451      68.6183
400000992 300000248                                         4591494.5659 -3912146.8074 2050103.9020 3912146.8074 -4591494.5659 2050103.9020 4400885.2099 -4400885.2099 1361638.6226  347308.3434     263.3501      70.7769
400000993 300000249                                         4504977.3029       0.0000 4504977.3029 4126944.5164 -678984.1624 4805928.6788 4805928.6788 -678984.1624 4126944.5164  328324.9483     251.5117      82.4607
400000994 300000249                                         3678298.5650 -1346350.7175 5024649.2825 4400885.2099 -1361638.6226 4400885.2099 4126944.5164 -678984.1624 4805928.6788  329212.3599     243.5137      99.7134
400000995 300000249                                         5024649.2825 -1346350.7175 3678298.5650 4805928.6788 -678984.1624 4126944.5164 4400885.2099 -1361638.6226 4400885.2099  329212.3599     260.2865      83.1766
400000996 300000249                                         4126944.5164 -678984.1624 4805928.6788 4400885.2099 -1361638.6226 4400885.2099 4805928.6788 -678984.1624 4126944.5164  332074.9378     252.6687      87.5443
400000997 300000250                                         2600949.8585 -2600949.8585 5201899.7171 3374031.3064 -2687534.5848 4688572.4479 3166715.9053 -1990680.8386 5157396.7439  331958.1435     228.1346     110.3168
400000998 300000250                                         4074905.2917 -2716603.5278 4074905.2917 3912146.8074 -2050103.9020 4591494.5659 3374031.3064 -2687534.5848 4688572.4479  332135.9111     247.5039      96.1029
400000999 300000250                                         3678298.5650 -1346350.7175 5024649.2825 3166715.9053 -1990680.8386 5157396.7439 3912146.8074 -2050103.9020 4591494.5659  331417.2039     235.4026     107.5374
400001000 300000250                                         3374031.3064 -2687534.5848 4688572.4479 3912146.8074 -2050103.9020 4591494.5659 3166715.9053 -1990680.8386 5157396.7439  335024.3025     236.8103     107.4794
400001001 300000251                                         5201899.7171 -2600949.8585 2600949.8585 5157396.7439 -1990680.8386 3166715.9053 4688572.4479 -2687534.5848 3374031.3064  331958.1435     271.4217      65.6119
400001002 300000251                                         5024649.2825 -1346350.7175 3678298.5650 4591494.5659 -2050103.9020 3912146.8074 5157396.7439 -1990680.8386 3166715.9053  331417.2039     265.3144      77.3960
400001003 300000251                                         4074905.2917 -2716603.5278 4074905.2917 4688572.4479 -2687534.5848 3374031.3064 4591494.5659 -2050103.9020 3912146.8074  332135.9111     259.8165      77.7420
400001004 300000251                                         5157396.7439 -1990680.8386 3166715.9053 4591494.5659 -2050103.9020 3912146.8074 4688572.4479 -2687534.5848 3374031.3064  335024.3025     265.9538      71.9535
400001005 300000252                                         3678298.5650 -1346350.7175 5024649.2825 3912146.8074 -2050103.9020 4591494.5659 4400885.2099 -1361638.6226 4400885.2099  344128.0612     244.1482     102.2774
400001006 300000252                                         4074905.2917 -2716603.5278 4074905.2917 4591494.5659 -2050103.9020 3912146.8074 3912146.8074 -2050103.9020 4591494.5659  343384.2298     253.6978      88.5005
400001007 300000252                                         5024649.2825 -1346350.7175 3678298.5650 4400885.2099 -1361638.6226 4400885.2099 4591494.5659 -2050103.9020 3912146.8074  344128.0612     259.5782      86.7937
400001008 300000252                                         3912146.8074 -2050103.9020 4591494.5659 4591494.5659 -2050103.9020 3912146.8074 4400885.2099 -1361638.6226 4400885.2099  347308.3434     252.7499      92.7379
400001009 300000253                                         2600949.8585 -5201899.7171 2600949.8585 3374031.3064 -4688572.4479 2687534.5848 2687534.5848 -4688572.4479 3374031.3064  387995.8446     254.8097      76.8496
400001010 300000253                                         4074905.2917 -4074905.2917 2716603.5278 3435012.9904 -4122015.5885 3435012.9904 3374031.3064 -4688572.4479 2687534.5848  388281.7658     261.8639      67.4414
400001011 300000253                                         2716603.5278 -4074905.2917 4074905.2917 2687534.5848 -4688572.4479 3374031.3064 3435012.9904 -4122015.5885 3435012.9904  388281.7658     254.1616      78.5744
400001012 300000253                                         3374031.3064 -4688572.4479 2687534.5848 3435012.9904 -4122015.5885 3435012.9904 2687534.5848 -4688572.4479 3374031.3064  392517.4362     257.0655      73.8455
400001013 300000254                                         5201899.7171 -2600949.8585 2600949.8585 4688572.4479 -2687534.5848 3374031.3064 4688572.4479 -3374031.3064 2687534.5848  387995.8446     272.5988      65.1344
400001014 300000254                                         4074905.2917 -2716603.5278 4074905.2917 4122015.5885 -3435012.9904 3435012.9904 4688572.4479 -2687534.5848 3374031.3064  388281.7658     259.1108      74.7584
400001015 300000254                                         4074905.2917 -4074905.2917 2716603.5278 4688572.4479 -3374031.3064 2687534.5848 4122015.5885 -3435012.9904 3435012.9904  388281.7658     269.0863      62.5324
400001016 300000254                                         4688572.4479 -2687534.5848 3374031.3064 4122015.5885 -3435012.9904 3435012.9904 4688572.4479 -3374031.3064 2687534.5848  392517.4362     267.8827      66.3896
400001017 300000255                                         2600949.8585 -2600949.8585 5201899.7171 2687534.5848 -3374031.3064 4688572.4479 3374031.3064 -2687534.5848 4688572.4479  387995.8446     233.5339     107.8618
400001018 300000255                                         2716603.5278 -4074905.2917 4074905.2917 3435012.9904 -3435012.9904 4122015.5885 2687534.5848 -3374031.3064 4688572.4479  388281.7658     245.1453      94.8284
400001019 300000255                                         4074905.2917 -2716603.5278 4074905.2917 3374031.3064 -2687534.5848 4688572.4479 3435012.9904 -3435012.9904 4122015.5885  388281.7658     248.8302      89.9734
400001020 300000255                                         2687534.5848 -3374031.3064 4688572.4479 3435012.9904 -3435012.9904 4122015.5885 3374031.3064 -2687534.5848 4688572.4479  392517.4362     242.6047      99.2793
400001021 300000256                                         4074905.2917 -4074905.2917 2716603.5278 4122015.5885 -3435012.9904 3435012.9904 3435012.9904 -4122015.5885 3435012.9904  405996.4825     264.9261      65.0098
400001022 300000256                                         4074905.2917 -2716603.5278 4074905.2917 3435012.9904 -3435012.9904 4122015.5885 4122015.5885 -3435012.9904 3435012.9904  405996.4825     255.8906      77.0303
400001023 300000256                                         2716603.5278 -4074905.2917 4074905.2917 3435012.9904 -4122015.5885 3435012.9904 3435012.9904 -3435012.9904 4122015.5885  405996.4825     252.2547      81.7518
400001024 300000256                                         4122015.5885 -3435012.9904 3435012.9904 3435012.9904 -3435012.9904 4122015.5885 3435012.9904 -4122015.5885 3435012.9904  410731.3740     258.8932      71.4828
400001025 300000257                                         6371000.0000       0.0000       0.0000 6340321.8936       0.0000 -624467.2010 6340321.8936  624467.2010       0.0000  195921.5441     271.0862      80.1304
400001026 300000257                                         6248583.0214       0.0000 -1242920.4416 6308900.9250  627459.2093 -627459.2093 6340321.8936       0.0000 -624467.2010  196860.2699     277.1254     104.4583
400001027 300000257                                         6248583.0214 1242920.4416       0.0000 6340321.8936  624467.2010       0.0000 6308900.9250  627459.2093 -627459.2093  196860.2699     260.2727     108.4095
400001028 300000257                                         6340321.8936       0.0000 -624467.2010 6308900.9250  627459.2093 -627459.2093 6340321.8936  624467.2010       0.0000  197817.4310     272.4435      83.6725
400001029 300000258                                         5886036.5016       0.0000 -2438076.1476 6056845.8882  639129.1082 -1869698.6039 6096666.8789       0.0000 -1849403.6788  200521.8161     275.7339     119.3613
400001030 300000258                                         6114140.2800 1266279.9131 -1266279.9131 6212473.2151  636326.6289 -1260914.7366 6056845.8882  639129.1082 -1869698.6039  200560.6406     275.4993     128.6752
400001031 300000258                                         6248583.0214       0.0000 -1242920.4416 6096666.8789       0.0000 -1849403.6788 6212473.2151  636326.6289 -1260914.7366  199642.5528     275.9784     134.5667
400001032 300000258                                         6056845.8882  639129.1082 -1869698.6039 6212473.2151  636326.6289 -1260914.7366 6096666.8789       0.0000 -1849403.6788  201535.9727     275.4955     130.2137
400001033 300000259                                         5886036.5016 2438076.1476       0.0000 6096666.8789 1849403.6788       0.0000 6056845.8882 1869698.6039 -639129.1082  200521.8161     223.9316     128.2466
400001034 300000259                                         6248583.0214 1242920.4416       0.0000 6212473.2151 1260914.7366 -636326.6289 6096666.8789 1849403.6788       0.0000  199642.5528     239.3377     155.8405
400001035 300000259                                         6114140.2800 1266279.9131 -1266279.9131 6056845.8882 1869698.6039 -639129.1082 6212473.2151 1260914.7366 -636326.6289  200560.6406     263.7347     117.6679
400001036 300000259                                         6096666.8789 1849403.6788       0.0000 6212473.2151 1260914.7366 -636326.6289 6056845.8882 1869698.6039 -639129.1082  201535.9727     242.8192     132.5653
400001037 300000260                                         6248583.0214       0.0000 -1242920.4416 6212473.2151  636326.6289 -1260914.7366 6308900.9250  627459.2093 -627459.2093  204548.8197     276.5722     116.9832
400001038 300000260                                         6114140.2800 1266279.9131 -1266279.9131 6212473.2151 1260914.7366 -636326.6289 6212473.2151  636326.6289 -1260914.7366  203612.8458     274.5344     111.3275
400001039 300000260                                         6248583.0214 1242920.4416       0.0000 6308900.9250  627459.2093 -627459.2093 6212473.2151 1260914.7366 -636326.6289  204548.8197     262.0797     125.0980
400001040 300000260                                         6212473.2151  636326.6289 -1260914.7366 6212473.2151 1260914.7366 -636326.6289 6308900.9250  627459.2093 -627459.2093  205583.5447     274.3475     104.6493
400001041 300000261                                         4504977.3029       0.0000 -4504977.3029 4805928.6788  678984.1624 -4126944.5164 4924849.5984       0.0000 -4041719.6134  213029.7505     218.6753     106.9626
400001042 300000261                                         5024649.2825 1346350.7175 -3678298.5650 5191537.9595  677162.3725 -3630292.7893 4805928.6788  678984.1624 -4126944.5164  213259.5913     237.4842      95.2192
400001043 300000261                                         5297292.9000       0.0000 -3539537.9546 4924849.5984       0.0000 -4041719.6134 5191537.9595  677162.3725 -3630292.7893  212458.1628     235.0225      96.7808
400001044 300000261                                         4805928.6788  678984.1624 -4126944.5164 5191537.9595  677162.3725 -3630292.7893 4924849.5984       0.0000 -4041719.6134  214297.3599     229.2332     101.7840
400001045 300000262                                         5201899.7171 2600949.8585 -2600949.8585 5468063.2517 1976963.3461 -2604139.2443 5157396.7439 1990680.8386 -3166715.9053  213953.8407     283.0139      88.3823
400001046 300000262                                         5672228.9398 1330561.6814 -2577802.4491 5375502.5311 1345228.8674 -3143878.6287 5468063.2517 1976963.3461 -2604139.2443  213196.7862     280.4402      82.5356
400001047 300000262                                         5024649.2825 1346350.7175 -3678298.5650 5157396.7439 1990680.8386 -3166715.9053 5375502.5311 1345228.8674 -3143878.6287  213817.3983     263.6585      73.6024
400001048 300000262                                         5468063.2517 1976963.3461 -2604139.2443 5375502.5311 1345228.8674 -3143878.6287 5157396.7439 1990680.8386 -3166715.9053  215042.4187     279.6231      82.5246
400001049 300000263                                         5886036.5016       0.0000 -2438076.1476 5618720.3752       0.0000 -3003268.6103 5812081.9155  669073.8784 -2522238.0841  209920.2574     269.4281      97.9105
400001050 300000263                                         5297292.9000       0.0000 -3539537.9546 5533298.6915  671168.2896 -3085738.1156 5618720.3752       0.0000 -3003268.6103  210577.3796     255.5590      87.7317
400001051 300000263                                         5672228.9398 1330561.6814 -2577802.4491 5812081.9155  669073.8784 -2522238.0841 5533298.6915  671168.2896 -3085738.1156  210758.2000     272.1450      85.5786
400001052 300000263                                         5618720.3752       0.0000 -3003268.6103 5533298.6915  671168.2896 -3085738.1156 5812081.9155  669073.8784 -2522238.0841  211783.6604     266.0707      90.8818
400001053 300000264                                         5024649.2825 1346350.7175 -3678298.5650 5375502.5311 1345228.8674 -3143878.6287 5191537.9595  677162.3725 -3630292.7893  217445.2803     253.5051      81.6187
400001054 300000264                                         5672228.9398 1330561.6814 -2577802.4491 5533298.6915  671168.2896 -3085738.1156 5375502.5311 1345228.8674 -3143878.6287  218077.9738     269.7622      75.5185
400001055 300000264                                         5297292.9000       0.0000 -3539537.9546 5191537.9595  677162.3725 -3630292.7893 5533298.6915  671168.2896 -3085738.1156  218265.1507     249.4742      90.9919
400001056 300000264                                         5375502.5311 1345228.8674 -3143878.6287 5533298.6915  671168.2896 -3085738.1156 5191537.9595  677162.3725 -3630292.7893  219375.9096     258.2997      81.7953
400001057 300000265                                         4504977.3029 4504977.3029       0.0000 4924849.5984 4041719.6134       0.0000 4805928.6788 4126944.5164 -678984.1624  213029.7505     281.0222      78.6755
400001058 300000265                                         5297292.9000 3539537.9546       0.0000 5191537.9595 3630292.7893 -677162.3725 4924849.5984 4041719.6134       0.0000  212458.1628     267.0750     111.1073
400001059 300000265                                         5024649.2825 3678298.5650 -1346350.7175 4805928.6788 4126944.5164 -678984.1624 5191537.9595 3630292.7893 -677162.3725  213259.5913     286.7927     106.8579
400001060 300000265                                         4924849.5984 4041719.6134       0.0000 5191537.9595 3630292.7893 -677162.3725 4805928.6788 4126944.5164 -678984.1624  214297.3599     281.1803     110.8879
400001061 300000266                                         5886036.5016 2438076.1476       0.0000 5812081.9155 2522238.0841 -669073.8784 5618720.3752 3003268.6103       0.0000  209920.2574     218.9925     129.3081
400001062 300000266                                         5672228.9398 2577802.4491 -1330561.6814 5533298.6915 3085738.1156 -671168.2896 5812081.9155 2522238.0841 -669073.8784  210758.2000     251.3720     101.5273
400001063 300000266                                         5297292.9000 3539537.9546       0.0000 5618720.3752 3003268.6103       0.0000 5533298.6915 3085738.1156 -671168.2896  210577.3796     234.2485     131.0951
400001064 300000266                                         5812081.9155 2522238.0841 -669073.8784 5533298.6915 3085738.1156 -671168.2896 5618720.3752 3003268.6103       0.0000  211783.6604     228.3595     125.8529
400001065 300000267                                         5201899.7171 2600949.8585 -2600949.8585 5157396.7439 3166715.9053 -1990680.8386 5468063.2517 2604139.2443 -1976963.3461  213953.8407     295.8881      86.4201
400001066 300000267                                         5024649.2825 3678298.5650 -1346350.7175 5375502.5311 3143878.6287 -1345228.8674 5157396.7439 3166715.9053 -1990680.8386  213817.3983     297.9398      84.0314
400001067 300000267                                         5672228.9398 2577802.4491 -1330561.6814 5468063.2517 2604139.2443 -1976963.3461 5375502.5311 3143878.6287 -1345228.8674  213196.7862     291.5763      78.7601
400001068 300000267                                         5157396.7439 3166715.9053 -1990680.8386 5375502.5311 3143878.6287 -1345228.8674 5468063.2517 2604139.2443 -1976963.3461  215042.4187     299.2485      82.3514
400001069 300000268                                         5297292.9000 3539537.9546       0.0000 5533298.6915 3085738.1156 -671168.2896 5191537.9595 3630292.7893 -677162.3725  218265.1507     267.7604     101.3687
400001070 300000268                                         5672228.9398 2577802.4491 -1330561.6814 5375502.5311 3143878.6287 -1345228.8674 5533298.6915 3085738.1156 -671168.2896  218077.9738     276.1254      84.5817
400001071 300000268                                         5024649.2825 3678298.5650 -1346350.7175 5191537.9595 3630292.7893 -677162.3725 5375502.5311 3143878.6287 -1345228.8674  217445.2803     291.1889      85.7927
400001072 300000268                                         5533298.6915 3085738.1156 -671168.2896 5375502.5311 3143878.6287 -1345228.8674 5191537.9595 3630292.7893 -677162.3725  219375.9096     283.2312      83.0281
400001073 300000269                                         5886036.5016       0.0000 -2438076.1476 5812081.9155  669073.8784 -2522238.0841 6056845.8882  639129.1082 -1869698.6039  232651.5371     274.9383     112.0657
400001074 300000269                                         5672228.9398 1330561.6814 -2577802.4491 5928333.1219 1306164.9224 -1933504.7432 5812081.9155  669073.8784 -2522238.0841  231845.9895     276.4873      99.7683
400001075 300000269                                         6114140.2800 1266279.9131 -1266279.9131 6056845.8882  639129.1082 -1869698.6039 5928333.1219 1306164.9224 -1933504.7432  232712.3450     277.0267     125.8270
400001076 300000269                                         5812081.9155  669073.8784 -2522238.0841 5928333.1219 1306164.9224 -1933504.7432 6056845.8882  639129.1082 -1869698.6039  234046.8072     276.2925     112.8911
400001077 300000270                                         5201899.7171 2600949.8585 -2600949.8585 5468063.2517 2604139.2443 -1976963.3461 5468063.2517 1976963.3461 -2604139.2443  228300.1373     292.1759      89.3427
400001078 300000270                                         5672228.9398 2577802.4491 -1330561.6814 5727370.1528 1973179.1775 -1973179.1775 5468063.2517 2604139.2443 -1976963.3461  229212.6770     292.5028      80.6921
400001079 300000270                                         5672228.9398 1330561.6814 -2577802.4491 5468063.2517 1976963.3461 -2604139.2443 5727370.1528 1973179.1775 -1973179.1775  229212.6770     287.6455      87.0459
400001080 300000270                                         5468063.2517 2604139.2443 -1976963.3461 5727370.1528 1973179.1775 -1973179.1775 5468063.2517 1976963.3461 -2604139.2443  230526.8451     292.6578      86.2298
400001081 300000271                                         5886036.5016 2438076.1476       0.0000 6056845.8882 1869698.6039 -639129.1082 5812081.9155 2522238.0841 -669073.8784  232651.5371     226.2088     117.8799
400001082 300000271                                         6114140.2800 1266279.9131 -1266279.9131 5928333.1219 1933504.7432 -1306164.9224 6056845.8882 1869698.6039 -639129.1082  232712.3450     261.4655     100.0470
400001083 300000271                                         5672228.9398 2577802.4491 -1330561.6814 5812081.9155 2522238.0841 -669073.8784 5928333.1219 1933504.7432 -1306164.9224  231845.9895     254.3356      94.4635
400001084 300000271                                         6056845.8882 1869698.6039 -639129.1082 5928333.1219 1933504.7432 -1306164.9224 5812081.9155 2522238.0841 -669073.8784  234046.8072     240.2007     106.0395
400001085 300000272                                         5672228.9398 1330561.6814 -2577802.4491 5727370.1528 1973179.1775 -1973179.1775 5928333.1219 1306164.9224 -1933504.7432  238189.0310     289.5521      91.0520
400001086 300000272                                         5672228.9398 2577802.4491 -1330561.6814 5928333.1219 1933504.7432 -1306164.9224 5727370.1528 1973179.1775 -1973179.1775  238189.0310     281.4919      82.6307
400001087 300000272                                         6114140.2800 1266279.9131 -1266279.9131 5928333.1219 1306164.9224 -1933504.7432 5928333.1219 1933504.7432 -1306164.9224  237302.7613     279.3654      91.5518
400001088 300000272                                         5727370.1528 1973179.1775 -1973179.1775 5928333.1219 1933504.7432 -1306164.9224 5928333.1219 1306164.9224 -1933504.7432  239617.8861     287.7181      84.4877
400001089 300000273                                               0.0000       0.0000 -6371000.0000       0.0000  624467.2010 -6340321.8936  624467.2010       0.0000 -6340321.8936  195921.5441     117.8580      12.4790
400001090 300000273                                               0.0000 1242920.4416 -6248583.0214  627459.2093  627459.2093 -6308900.9250       0.0000  624467.2010 -6340321.8936  196860.2699     109.5297      27.7895
400001091 300000273                                         1242920.4416       0.0000 -6248583.0214  624467.2010       0.0000 -6340321.8936  627459.2093  627459.2093 -6308900.9250  196860.2699     123.7611      27.1926
400001092 300000273                                               0.0000  624467.2010 -6340321.8936  627459.2093  627459.2093 -6308900.9250  624467.2010       0.0000 -6340321.8936  197817.4310     117.0454      18.8156
400001093 300000274                                               0.0000 2438076.1476 -5886036.5016  639129.1082 1869698.6039 -6056845.8882       0.0000 1849403.6788 -6096666.8789  200521.8161     147.0438      79.7145
400001094 300000274                                         1266279.9131 1266279.9131 -6114140.2800  636326.6289 1260914.7366 -6212473.2151  639129.1082 1869698.6039 -6056845.8882  200560.6406     140.9391      61.4346
400001095 300000274                                               0.0000 1242920.4416 -6248583.0214       0.0000 1849403.6788 -6096666.8789  636326.6289 1260914.7366 -6212473.2151  199642.5528     126.6757      52.7154
400001096 300000274                                          639129.1082 1869698.6039 -6056845.8882  636326.6289 1260914.7366 -6212473.2151       0.0000 1849403.6788 -6096666.8789  201535.9727     144.2872      63.3778
400001097 300000275                                         2438076.1476       0.0000 -5886036.5016 1849403.6788       0.0000 -6096666.8789 1869698.6039  639129.1082 -6056845.8882  200521.8161     159.6697      77.7259
400001098 300000275                                         1242920.4416       0.0000 -6248583.0214 1260914.7366  636326.6289 -6212473.2151 1849403.6788       0.0000 -6096666.8789  199642.5528     123.7055      52.8211
400001099 300000275                                         1266279.9131 1266279.9131 -6114140.2800 1869698.6039  639129.1082 -6056845.8882 1260914.7366  636326.6289 -6212473.2151  200560.6406     127.4065      63.5810
400001100 300000275                                         1849403.6788       0.0000 -6096666.8789 1260914.7366  636326.6289 -6212473.2151 1869698.6039  639129.1082 -6056845.8882  201535.9727     126.3985      65.0955
400001101 300000276                                               0.0000 1242920.4416 -6248583.0214  636326.6289 1260914.7366 -6212473.2151  627459.2093  627459.2093 -6308900.9250  204548.8197     115.0642      38.6634
400001102 300000276                                         1266279.9131 1266279.9131 -6114140.2800 1260914.7366  636326.6289 -6212473.2151  636326.6289 1260914.7366 -6212473.2151  203612.8458     116.7598      54.2607
400001103 300000276                                         1242920.4416       0.0000 -6248583.0214  627459.2093  627459.2093 -6308900.9250 1260914.7366  636326.6289 -6212473.2151  204548.8197     119.0118      37.0907
400001104 300000276                                          636326.6289 1260914.7366 -6212473.2151 1260914.7366  636326.6289 -6212473.2151  627459.2093  627459.2093 -6308900.9250  205583.5447     111.1574      41.3389
400001105 300000277                                               0.0000 4504977.3029 -4504977.3029  678984.1624 4126944.5164 -4805928.6788       0.0000 4041719.6134 -4924849.5984  213029.7505     210.6742     104.4398
400001106 300000277                                         1346350.7175 3678298.5650 -5024649.2825  677162.3725 3630292.7893 -5191537.9595  678984.1624 4126944.5164 -4805928.6788  213259.5913     204.9526      97.2041
400001107 300000277                                               0.0000 3539537.9546 -5297292.9000       0.0000 4041719.6134 -4924849.5984  677162.3725 3630292.7893 -5191537.9595  212458.1628     202.2184      96.5642
400001108 300000277                                          678984.1624 4126944.5164 -4805928.6788  677162.3725 3630292.7893 -5191537.9595       0.0000 4041719.6134 -4924849.5984  214297.3599     205.7136      98.1381
400001109 300000278                                         2600949.8585 2600949.8585 -5201899.7171 1976963.3461 2604139.2443 -5468063.2517 1990680.8386 3166715.9053 -5157396.7439  213953.8407     194.6355      96.5832
400001110 300000278                                         1330561.6814 2577802.4491 -5672228.9398 1345228.8674 3143878.6287 -5375502.5311 1976963.3461 2604139.2443 -5468063.2517  213196.7862     188.8194     103.9668
400001111 300000278                                         1346350.7175 3678298.5650 -5024649.2825 1990680.8386 3166715.9053 -5157396.7439 1345228.8674 3143878.6287 -5375502.5311  213817.3983     198.8665      99.3445
400001112 300000278                                         1976963.3461 2604139.2443 -5468063.2517 1345228.8674 3143878.6287 -5375502.5311 1990680.8386 3166715.9053 -5157396.7439  215042.4187     193.6578      97.1357
400001113 300000279                                               0.0000 2438076.1476 -5886036.5016       0.0000 3003268.6103 -5618720.3752  669073.8784 2522238.0841 -5812081.9155  209920.2574     180.5215     100.2684
400001114 300000279                                               0.0000 3539537.9546 -5297292.9000  671168.2896 3085738.1156 -5533298.6915       0.0000 3003268.6103 -5618720.3752  210577.3796     193.0992     100.6898
400001115 300000279                                         1330561.6814 2577802.4491 -5672228.9398  669073.8784 2522238.0841 -5812081.9155  671168.2896 3085738.1156 -5533298.6915  210758.2000     184.4260     104.3411
400001116 300000279                                               0.0000 3003268.6103 -5618720.3752  671168.2896 3085738.1156 -5533298.6915  669073.8784 2522238.0841 -5812081.9155  211783.6604     186.3823     104.2267
400001117 300000280                                         1346350.7175 3678298.5650 -5024649.2825 1345228.8674 3143878.6287 -5375502.5311  677162.3725 3630292.7893 -5191537.9595  217445.2803     199.3986      98.3250
400001118 300000280                                         1330561.6814 2577802.4491 -5672228.9398  671168.2896 3085738.1156 -5533298.6915 1345228.8674 3143878.6287 -5375502.5311  218077.9738     188.6598     106.3939
400001119 300000280                                               0.0000 3539537.9546 -5297292.9000  677162.3725 3630292.7893 -5191537.9595  671168.2896 3085738.1156 -5533298.6915  218265.1507     196.6200     100.1845
400001120 300000280                                         1345228.8674 3143878.6287 -5375502.5311  671168.2896 3085738.1156 -5533298.6915  677162.3725 3630292.7893 -5191537.9595  219375.9096     194.6036     101.1611
400001121 300000281                                         4504977.3029       0.0000 -4504977.3029 4041719.6134       0.0000 -4924849.5984 4126944.5164  678984.1624 -4805928.6788  213029.7505     206.3148     110.7792
400001122 300000281                                         3539537.9546       0.0000 -5297292.9000 3630292.7893  677162.3725 -5191537.9595 4041719.6134       0.0000 -4924849.5984  212458.1628     194.2546     110.3495
400001123 300000281                                         3678298.5650 1346350.7175 -5024649.2825 4126944.5164  678984.1624 -4805928.6788 3630292.7893  677162.3725 -5191537.9595  213259.5913     198.3572     108.6948
400001124 300000281                                         4041719.6134       0.0000 -4924849.5984 3630292.7893  677162.3725 -5191537.9595 4126944.5164  678984.1624 -4805928.6788  214297.3599     199.4625     109.7771
400001125 300000282                                         2438076.1476       0.0000 -5886036.5016 2522238.0841  669073.8784 -5812081.9155 3003268.6103       0.0000 -5618720.3752  209920.2574     180.2489     102.5051
400001126 300000282                                         2577802.4491 1330561.6814 -5672228.9398 3085738.1156  671168.2896 -5533298.6915 2522238.0841  669073.8784 -5812081.9155  210758.2000     182.6244     111.8887
400001127 300000282                                         3539537.9546       0.0000 -5297292.9000 3003268.6103       0.0000 -5618720.3752 3085738.1156  671168.2896 -5533298.6915  210577.3796     185.4783     123.3975
400001128 300000282                                         2522238.0841  669073.8784 -5812081.9155 3085738.1156  671168.2896 -5533298.6915 3003268.6103       0.0000 -5618720.3752  211783.6604     182.8102     113.4816
400001129 300000283                                         2600949.8585 2600949.8585 -5201899.7171 3166715.9053 1990680.8386 -5157396.7439 2604139.2443 1976963.3461 -5468063.2517  213953.8407     193.5025     100.1288
400001130 300000283                                         3678298.5650 1346350.7175 -5024649.2825 3143878.6287 1345228.8674 -5375502.5311 3166715.9053 1990680.8386 -5157396.7439  213817.3983     193.9847     107.2593
400001131 300000283                                         2577802.4491 1330561.6814 -5672228.9398 2604139.2443 1976963.3461 -5468063.2517 3143878.6287 1345228.8674 -5375502.5311  213196.7862     185.3654     110.7115
400001132 300000283                                         3166715.9053 1990680.8386 -5157396.7439 3143878.6287 1345228.8674 -5375502.5311 2604139.2443 1976963.3461 -5468063.2517  215042.4187     190.9247     104.7594
400001133 300000284                                         3539537.9546       0.0000 -5297292.9000 3085738.1156  671168.2896 -5533298.6915 3630292.7893  677162.3725 -5191537.9595  218265.1507     188.1314     124.1670
400001134 300000284                                         2577802.4491 1330561.6814 -5672228.9398 3143878.6287 1345228.8674 -5375502.5311 3085738.1156  671168.2896 -5533298.6915  218077.9738     185.3168     118.2742
400001135 300000284                                         3678298.5650 1346350.7175 -5024649.2825 3630292.7893  677162.3725 -5191537.9595 3143878.6287 1345228.8674 -5375502.5311  217445.2803     192.8649     111.9720
400001136 300000284                                         3085738.1156  671168.2896 -5533298.6915 3143878.6287 1345228.8674 -5375502.5311 3630292.7893  677162.3725 -5191537.9595  219375.9096     188.0447     124.3249
400001137 300000285                                               0.0000 2438076.1476 -5886036.5016  669073.8784 2522238.0841 -5812081.9155  639129.1082 1869698.6039 -6056845.8882  232651.5371     168.7411      86.6380
400001138 300000285                                         1330561.6814 2577802.4491 -5672228.9398 1306164.9224 1933504.7432 -5928333.1219  669073.8784 2522238.0841 -5812081.9155  231845.9895     176.0951      97.8198
400001139 300000285                                         1266279.9131 1266279.9131 -6114140.2800  639129.1082 1869698.6039 -6056845.8882 1306164.9224 1933504.7432 -5928333.1219  232712.3450     140.3943      76.1916
400001140 300000285                                          669073.8784 2522238.0841 -5812081.9155 1306164.9224 1933504.7432 -5928333.1219  639129.1082 1869698.6039 -6056845.8882  234046.8072     165.1394      85.3699
400001141 300000286                                         2600949.8585 2600949.8585 -5201899.7171 2604139.2443 1976963.3461 -5468063.2517 1976963.3461 2604139.2443 -5468063.2517  228300.1373     191.2809      96.9865
400001142 300000286                                         2577802.4491 1330561.6814 -5672228.9398 1973179.1775 1973179.1775 -5727370.1528 2604139.2443 1976963.3461 -5468063.2517  229212.6770     182.3738     111.3572
400001143 300000286                                         1330561.6814 2577802.4491 -5672228.9398 1976963.3461 2604139.2443 -5468063.2517 1973179.1775 1973179.1775 -5727370.1528  229212.6770     184.0330     109.2887
400001144 300000286                                         2604139.2443 1976963.3461 -5468063.2517 1973179.1775 1973179.1775 -5727370.1528 1976963.3461 2604139.2443 -5468063.2517  230526.8451     185.7625     107.6603
400001145 300000287                                         2438076.1476       0.0000 -5886036.5016 1869698.6039  639129.1082 -6056845.8882 2522238.0841  669073.8784 -5812081.9155  232651.5371     174.2011      85.8799
400001146 300000287                                         1266279.9131 1266279.9131 -6114140.2800 1933504.7432 1306164.9224 -5928333.1219 1869698.6039  639129.1082 -6056845.8882  232712.3450     153.6302      75.6822
400001147 300000287                                         2577802.4491 1330561.6814 -5672228.9398 2522238.0841  669073.8784 -5812081.9155 1933504.7432 1306164.9224 -5928333.1219  231845.9895     178.3644     100.4053
400001148 300000287                                         1869698.6039  639129.1082 -6056845.8882 1933504.7432 1306164.9224 -5928333.1219 2522238.0841  669073.8784 -5812081.9155  234046.8072     172.6767      85.4133
400001149 300000288                                         1330561.6814 2577802.4491 -5672228.9398 1973179.1775 1973179.1775 -5727370.1528 1306164.9224 1933504.7432 -5928333.1219  238189.0310     175.5171     100.3372
400001150 300000288                                         2577802.4491 1330561.6814 -5672228.9398 1933504.7432 1306164.9224 -5928333.1219 1973179.1775 1973179.1775 -5727370.1528  238189.0310     178.4183     102.6495
400001151 300000288                                         1266279.9131 1266279.9131 -6114140.2800 1306164.9224 1933504.7432 -5928333.1219 1933504.7432 1306164.9224 -5928333.1219  237302.7613     148.7330      82.4049
400001152 300000288                                         1973179.1775 1973179.1775 -5727370.1528 1933504.7432 1306164.9224 -5928333.1219 1306164.9224 1933504.7432 -5928333.1219  239617.8861     170.7439      94.2959
400001153 300000289                                               0.0000 6371000.0000       0.0000  624467.2010 6340321.8936       0.0000       0.0000 6340321.8936 -624467.2010  195921.5441     220.5009     105.8590
400001154 300000289                                         1242920.4416 6248583.0214       0.0000  627459.2093 6308900.9250 -627459.2093  624467.2010 6340321.8936       0.0000  196860.2699     223.5761     102.2705
400001155 300000289                                               0.0000 6248583.0214 -1242920.4416       0.0000 6340321.8936 -624467.2010  627459.2093 6308900.9250 -627459.2093  196860.2699     241.9549      90.9667
400001156 300000289                                          624467.2010 6340321.8936       0.0000  627459.2093 6308900.9250 -627459.2093       0.0000 6340321.8936 -624467.2010  197817.4310     223.0165     106.7237
400001157 300000290                                         2438076.1476 5886036.5016       0.0000 1869698.6039 6056845.8882 -639129.1082 1849403.6788 6096666.8789       0.0000  200521.8161     230.2898      98.2006
400001158 300000290                                         1266279.9131 6114140.2800 -1266279.9131 1260914.7366 6212473.2151 -636326.6289 1869698.6039 6056845.8882 -639129.1082  200560.6406     233.8685     105.8617
400001159 300000290                                         1242920.4416 6248583.0214       0.0000 1849403.6788 6096666.8789       0.0000 1260914.7366 6212473.2151 -636326.6289  199642.5528     228.2340      98.1753
400001160 300000290                                         1869698.6039 6056845.8882 -639129.1082 1260914.7366 6212473.2151 -636326.6289 1849403.6788 6096666.8789       0.0000  201535.9727     228.6376     102.2242
400001161 300000291                                               0.0000 5886036.5016 -2438076.1476       0.0000 6096666.8789 -1849403.6788  639129.1082 6056845.8882 -1869698.6039  200521.8161     281.6980      77.3079
400001162 300000291                                               0.0000 6248583.0214 -1242920.4416  636326.6289 6212473.2151 -1260914.7366       0.0000 6096666.8789 -1849403.6788  199642.5528     268.7448      86.2547
400001163 300000291                                         1266279.9131 6114140.2800 -1266279.9131  639129.1082 6056845.8882 -1869698.6039  636326.6289 6212473.2151 -1260914.7366  200560.6406     268.4021      86.3353
400001164 300000291                                               0.0000 6096666.8789 -1849403.6788  636326.6289 6212473.2151 -1260914.7366  639129.1082 6056845.8882 -1869698.6039  201535.9727     275.2931      81.3537
400001165 300000292                                         1242920.4416 6248583.0214       0.0000 1260914.7366 6212473.2151 -636326.6289  627459.2093 6308900.9250 -627459.2093  204548.8197     224.8890     104.0671
400001166 300000292                                         1266279.9131 6114140.2800 -1266279.9131  636326.6289 6212473.2151 -1260914.7366 1260914.7366 6212473.2151 -636326.6289  203612.8458     244.8723      99.9116
400001167 300000292                                               0.0000 6248583.0214 -1242920.4416  627459.2093 6308900.9250 -627459.2093  636326.6289 6212473.2151 -1260914.7366  204548.8197     250.5181      91.1128
400001168 300000292                                         1260914.7366 6212473.2151 -636326.6289  636326.6289 6212473.2151 -1260914.7366  627459.2093 6308900.9250 -627459.2093  205583.5447     236.1012     101.1643
400001169 300000293                                         4504977.3029 4504977.3029       0.0000 4126944.5164 4805928.6788 -678984.1624 4041719.6134 4924849.5984       0.0000  213029.7505     273.3985      58.9175
400001170 300000293                                         3678298.5650 5024649.2825 -1346350.7175 3630292.7893 5191537.9595 -677162.3725 4126944.5164 4805928.6788 -678984.1624  213259.5913     272.4769      68.2034
400001171 300000293                                         3539537.9546 5297292.9000       0.0000 4041719.6134 4924849.5984       0.0000 3630292.7893 5191537.9595 -677162.3725  212458.1628     256.1468      72.7060
400001172 300000293                                         4126944.5164 4805928.6788 -678984.1624 3630292.7893 5191537.9595 -677162.3725 4041719.6134 4924849.5984       0.0000  214297.3599     265.4899      67.2643
400001173 300000294                                         2600949.8585 5201899.7171 -2600949.8585 2604139.2443 5468063.2517 -1976963.3461 3166715.9053 5157396.7439 -1990680.8386  213953.8407     284.7792      65.0512
400001174 300000294                                         2577802.4491 5672228.9398 -1330561.6814 3143878.6287 5375502.5311 -1345228.8674 2604139.2443 5468063.2517 -1976963.3461  213196.7862     279.9227      70.5330
400001175 300000294                                         3678298.5650 5024649.2825 -1346350.7175 3166715.9053 5157396.7439 -1990680.8386 3143878.6287 5375502.5311 -1345228.8674  213817.3983     283.4552      64.6117
400001176 300000294                                         2604139.2443 5468063.2517 -1976963.3461 3143878.6287 5375502.5311 -1345228.8674 3166715.9053 5157396.7439 -1990680.8386  215042.4187     284.2509      65.2454
400001177 300000295                                         2438076.1476 5886036.5016       0.0000 3003268.6103 5618720.3752       0.0000 2522238.0841 5812081.9155 -669073.8784  209920.2574     230.4176      96.6159
400001178 300000295                                         3539537.9546 5297292.9000       0.0000 3085738.1156 5533298.6915 -671168.2896 3003268.6103 5618720.3752       0.0000  210577.3796     239.2299      87.5436
400001179 300000295                                         2577802.4491 5672228.9398 -1330561.6814 2522238.0841 5812081.9155 -669073.8784 3085738.1156 5533298.6915 -671168.2896  210758.2000     246.7025      94.1730
400001180 300000295                                         3003268.6103 5618720.3752       0.0000 3085738.1156 5533298.6915 -671168.2896 2522238.0841 5812081.9155 -669073.8784  211783.6604     231.2261     100.3432
400001181 300000296                                         3678298.5650 5024649.2825 -1346350.7175 3143878.6287 5375502.5311 -1345228.8674 3630292.7893 5191537.9595 -677162.3725  217445.2803     272.8379      71.2646
400001182 300000296                                         2577802.4491 5672228.9398 -1330561.6814 3085738.1156 5533298.6915 -671168.2896 3143878.6287 5375502.5311 -1345228.8674  218077.9738     263.6329      80.2159
400001183 300000296                                         3539537.9546 5297292.9000       0.0000 3630292.7893 5191537.9595 -677162.3725 3085738.1156 5533298.6915 -671168.2896  218265.1507     244.9496      87.2297
400001184 300000296                                         3143878.6287 5375502.5311 -1345228.8674 3085738.1156 5533298.6915 -671168.2896 3630292.7893 5191537.9595 -677162.3725  219375.9096     257.7911      81.4016
400001185 300000297                                               0.0000 4504977.3029 -4504977.3029       0.0000 4924849.5984 -4041719.6134  678984.1624 4805928.6788 -4126944.5164  213029.7505     226.6765     102.7454
400001186 300000297                                               0.0000 5297292.9000 -3539537.9546  677162.3725 5191537.9595 -3630292.7893       0.0000 4924849.5984 -4041719.6134  212458.1628     245.1391      95.2402
400001187 300000297                                         1346350.7175 5024649.2825 -3678298.5650  678984.1624 4805928.6788 -4126944.5164  677162.3725 5191537.9595 -3630292.7893  213259.5913     243.9158      95.2329
400001188 300000297                                               0.0000 4924849.5984 -4041719.6134  677162.3725 5191537.9595 -3630292.7893  678984.1624 4805928.6788 -4126944.5164  214297.3599     238.5665      96.5754
400001189 300000298                                               0.0000 5886036.5016 -2438076.1476  669073.8784 5812081.9155 -2522238.0841       0.0000 5618720.3752 -3003268.6103  209920.2574     276.2252      83.9175
400001190 300000298                                         1330561.6814 5672228.9398 -2577802.4491  671168.2896 5533298.6915 -3085738.1156  669073.8784 5812081.9155 -2522238.0841  210758.2000     275.1975      88.9963
400001191 300000298                                               0.0000 5297292.9000 -3539537.9546       0.0000 5618720.3752 -3003268.6103  671168.2896 5533298.6915 -3085738.1156  210577.3796     262.9292      91.1519
400001192 300000298                                          669073.8784 5812081.9155 -2522238.0841  671168.2896 5533298.6915 -3085738.1156       0.0000 5618720.3752 -3003268.6103  211783.6604     271.9051      88.8206
400001193 300000299                                         2600949.8585 5201899.7171 -2600949.8585 1990680.8386 5157396.7439 -3166715.9053 1976963.3461 5468063.2517 -2604139.2443  213953.8407     276.0461      76.4741
400001194 300000299                                         1346350.7175 5024649.2825 -3678298.5650 1345228.8674 5375502.5311 -3143878.6287 1990680.8386 5157396.7439 -3166715.9053  213817.3983     261.2832      91.1080
400001195 300000299                                         1330561.6814 5672228.9398 -2577802.4491 1976963.3461 5468063.2517 -2604139.2443 1345228.8674 5375502.5311 -3143878.6287  213196.7862     274.9516      85.1839
400001196 300000299                                         1990680.8386 5157396.7439 -3166715.9053 1345228.8674 5375502.5311 -3143878.6287 1976963.3461 5468063.2517 -2604139.2443  215042.4187     271.6485      82.6354
400001197 300000300                                               0.0000 5297292.9000 -3539537.9546  671168.2896 5533298.6915 -3085738.1156  677162.3725 5191537.9595 -3630292.7893  218265.1507     257.1006      91.0452
400001198 300000300                                         1330561.6814 5672228.9398 -2577802.4491 1345228.8674 5375502.5311 -3143878.6287  671168.2896 5533298.6915 -3085738.1156  218077.9738     270.6643      92.8868
400001199 300000300                                         1346350.7175 5024649.2825 -3678298.5650  677162.3725 5191537.9595 -3630292.7893 1345228.8674 5375502.5311 -3143878.6287  217445.2803     255.7754      95.9161
400001200 300000300                                          671168.2896 5533298.6915 -3085738.1156 1345228.8674 5375502.5311 -3143878.6287  677162.3725 5191537.9595 -3630292.7893  219375.9096     261.5577      93.9846
400001201 300000301                                         2438076.1476 5886036.5016       0.0000 2522238.0841 5812081.9155 -669073.8784 1869698.6039 6056845.8882 -639129.1082  232651.5371     227.2305     106.9593
400001202 300000301                                         2577802.4491 5672228.9398 -1330561.6814 1933504.7432 5928333.1219 -1306164.9224 2522238.0841 5812081.9155 -669073.8784  231845.9895     257.0766      90.4405
400001203 300000301                                         1266279.9131 6114140.2800 -1266279.9131 1869698.6039 6056845.8882 -639129.1082 1933504.7432 5928333.1219 -1306164.9224  232712.3450     249.5460      95.4601
400001204 300000301                                         2522238.0841 5812081.9155 -669073.8784 1933504.7432 5928333.1219 -1306164.9224 1869698.6039 6056845.8882 -639129.1082  234046.8072     239.4706     103.1174
400001205 300000302                                         2600949.8585 5201899.7171 -2600949.8585 1976963.3461 5468063.2517 -2604139.2443 2604139.2443 5468063.2517 -1976963.3461  228300.1373     282.2151      70.6138
400001206 300000302                                         1330561.6814 5672228.9398 -2577802.4491 1973179.1775 5727370.1528 -1973179.1775 1976963.3461 5468063.2517 -2604139.2443  229212.6770     281.3718      76.9749
400001207 300000302                                         2577802.4491 5672228.9398 -1330561.6814 2604139.2443 5468063.2517 -1976963.3461 1973179.1775 5727370.1528 -1973179.1775  229212.6770     282.3259      71.2979
400001208 300000302                                         1976963.3461 5468063.2517 -2604139.2443 1973179.1775 5727370.1528 -1973179.1775 2604139.2443 5468063.2517 -1976963.3461  230526.8451     283.1174      72.8620
400001209 300000303                                               0.0000 5886036.5016 -2438076.1476  639129.1082 6056845.8882 -1869698.6039  669073.8784 5812081.9155 -2522238.0841  232651.5371     281.5998      78.0800
400001210 300000303                                         1266279.9131 6114140.2800 -1266279.9131 1306164.9224 5928333.1219 -1933504.7432  639129.1082 6056845.8882 -1869698.6039  232712.3450     277.9872      81.7750
400001211 300000303                                         1330561.6814 5672228.9398 -2577802.4491  669073.8784 5812081.9155 -2522238.0841 1306164.9224 5928333.1219 -1933504.7432  231845.9895     281.8255      82.0950
400001212 300000303                                          639129.1082 6056845.8882 -1869698.6039 1306164.9224 5928333.1219 -1933504.7432  669073.8784 5812081.9155 -2522238.0841  234046.8072     282.7280      78.7891
400001213 300000304                                         2577802.4491 5672228.9398 -1330561.6814 1973179.1775 5727370.1528 -1973179.1775 1933504.7432 5928333.1219 -1306164.9224  238189.0310     277.8698      76.3677
400001214 300000304                                         1330561.6814 5672228.9398 -2577802.4491 1306164.9224 5928333.1219 -1933504.7432 1973179.1775 5727370.1528 -1973179.1775  238189.0310     283.3728      77.1226
400001215 300000304                                         1266279.9131 6114140.2800 -1266279.9131 1933504.7432 5928333.1219 -1306164.9224 1306164.9224 5928333.1219 -1933504.7432  237302.7613     274.1246      81.0163
400001216 300000304                                         1973179.1775 5727370.1528 -1973179.1775 1306164.9224 5928333.1219 -1933504.7432 1933504.7432 5928333.1219 -1306164.9224  239617.8861     281.3781      76.0511
400001217 300000305                                         4504977.3029       0.0000 -4504977.3029 4126944.5164  678984.1624 -4805928.6788 4805928.6788  678984.1624 -4126944.5164  328324.9483     213.0457     107.5154
400001218 300000305                                         3678298.5650 1346350.7175 -5024649.2825 4400885.2099 1361638.6226 -4400885.2099 4126944.5164  678984.1624 -4805928.6788  329212.3599     206.3155     109.6095
400001219 300000305                                         5024649.2825 1346350.7175 -3678298.5650 4805928.6788  678984.1624 -4126944.5164 4400885.2099 1361638.6226 -4400885.2099  329212.3599     228.4096     102.7244
400001220 300000305                                         4126944.5164  678984.1624 -4805928.6788 4400885.2099 1361638.6226 -4400885.2099 4805928.6788  678984.1624 -4126944.5164  332074.9378     214.1533     108.9256
400001221 300000306                                         2600949.8585 2600949.8585 -5201899.7171 3374031.3064 2687534.5848 -4688572.4479 3166715.9053 1990680.8386 -5157396.7439  331958.1435     199.9623     103.2246
400001222 300000306                                         4074905.2917 2716603.5278 -4074905.2917 3912146.8074 2050103.9020 -4591494.5659 3374031.3064 2687534.5848 -4688572.4479  332135.9111     216.5953     104.9137
400001223 300000306                                         3678298.5650 1346350.7175 -5024649.2825 3166715.9053 1990680.8386 -5157396.7439 3912146.8074 2050103.9020 -4591494.5659  331417.2039     201.3113     110.1339
400001224 300000306                                         3374031.3064 2687534.5848 -4688572.4479 3912146.8074 2050103.9020 -4591494.5659 3166715.9053 1990680.8386 -5157396.7439  335024.3025     204.7484     110.5555
400001225 300000307                                         5201899.7171 2600949.8585 -2600949.8585 5157396.7439 1990680.8386 -3166715.9053 4688572.4479 2687534.5848 -3374031.3064  331958.1435     272.1997      82.9408
400001226 300000307                                         5024649.2825 1346350.7175 -3678298.5650 4591494.5659 2050103.9020 -3912146.8074 5157396.7439 1990680.8386 -3166715.9053  331417.2039     254.6939      80.5102
400001227 300000307                                         4074905.2917 2716603.5278 -4074905.2917 4688572.4479 2687534.5848 -3374031.3064 4591494.5659 2050103.9020 -3912146.8074  332135.9111     246.4768      89.5608
400001228 300000307                                         5157396.7439 1990680.8386 -3166715.9053 4591494.5659 2050103.9020 -3912146.8074 4688572.4479 2687534.5848 -3374031.3064  335024.3025     258.4195      80.8368
400001229 300000308                                         3678298.5650 1346350.7175 -5024649.2825 3912146.8074 2050103.9020 -4591494.5659 4400885.2099 1361638.6226 -4400885.2099  344128.0612     208.9119     108.7792
400001230 300000308                                         4074905.2917 2716603.5278 -4074905.2917 4591494.5659 2050103.9020 -3912146.8074 3912146.8074 2050103.9020 -4591494.5659  343384.2298     227.7272     100.9854
400001231 300000308                                         5024649.2825 1346350.7175 -3678298.5650 4400885.2099 1361638.6226 -4400885.2099 4591494.5659 2050103.9020 -3912146.8074  344128.0612     234.2896      99.5156
400001232 300000308                                         3912146.8074 2050103.9020 -4591494.5659 4591494.5659 2050103.9020 -3912146.8074 4400885.2099 1361638.6226 -4400885.2099  347308.3434     221.6544     103.9221
400001233 300000309                                               0.0000 4504977.3029 -4504977.3029  678984.1624 4805928.6788 -4126944.5164  678984.1624 4126944.5164 -4805928.6788  328324.9483     217.1636     106.3775
400001234 300000309                                         1346350.7175 5024649.2825 -3678298.5650 1361638.6226 4400885.2099 -4400885.2099  678984.1624 4805928.6788 -4126944.5164  329212.3599     233.6711     104.0970
400001235 300000309                                         1346350.7175 3678298.5650 -5024649.2825  678984.1624 4126944.5164 -4805928.6788 1361638.6226 4400885.2099 -4400885.2099  329212.3599     210.4250     102.3799
400001236 300000309                                          678984.1624 4805928.6788 -4126944.5164 1361638.6226 4400885.2099 -4400885.2099  678984.1624 4126944.5164 -4805928.6788  332074.9378     217.7154     108.5268
400001237 300000310                                         2600949.8585 5201899.7171 -2600949.8585 2687534.5848 4688572.4479 -3374031.3064 1990680.8386 5157396.7439 -3166715.9053  331958.1435     269.6161      78.0043
400001238 300000310                                         2716603.5278 4074905.2917 -4074905.2917 2050103.9020 4591494.5659 -3912146.8074 2687534.5848 4688572.4479 -3374031.3064  332135.9111     243.6812      96.3952
400001239 300000310                                         1346350.7175 5024649.2825 -3678298.5650 1990680.8386 5157396.7439 -3166715.9053 2050103.9020 4591494.5659 -3912146.8074  331417.2039     252.4233      91.5021
400001240 300000310                                         2687534.5848 4688572.4479 -3374031.3064 2050103.9020 4591494.5659 -3912146.8074 1990680.8386 5157396.7439 -3166715.9053  335024.3025     255.9189      87.5500
400001241 300000311                                         2600949.8585 2600949.8585 -5201899.7171 1990680.8386 3166715.9053 -5157396.7439 2687534.5848 3374031.3064 -4688572.4479  331958.1435     201.8462     100.6635
400001242 300000311                                         1346350.7175 3678298.5650 -5024649.2825 2050103.9020 3912146.8074 -4591494.5659 1990680.8386 3166715.9053 -5157396.7439  331417.2039     206.3449      99.0203
400001243 300000311                                         2716603.5278 4074905.2917 -4074905.2917 2687534.5848 3374031.3064 -4688572.4479 2050103.9020 3912146.8074 -4591494.5659  332135.9111     216.5289     108.2129
400001244 300000311                                         1990680.8386 3166715.9053 -5157396.7439 2050103.9020 3912146.8074 -4591494.5659 2687534.5848 3374031.3064 -4688572.4479  335024.3025     207.8037     102.1876
400001245 300000312                                         1346350.7175 5024649.2825 -3678298.5650 2050103.9020 4591494.5659 -3912146.8074 1361638.6226 4400885.2099 -4400885.2099  344128.0612     236.4443     100.5618
400001246 300000312                                         2716603.5278 4074905.2917 -4074905.2917 2050103.9020 3912146.8074 -4591494.5659 2050103.9020 4591494.5659 -3912146.8074  343384.2298     226.5150     109.5315
400001247 300000312                                         1346350.7175 3678298.5650 -5024649.2825 1361638.6226 4400885.2099 -4400885.2099 2050103.9020 3912146.8074 -4591494.5659  344128.0612     212.0991     101.5341
400001248 300000312                                         2050103.9020 4591494.5659 -3912146.8074 2050103.9020 3912146.8074 -4591494.5659 1361638.6226 4400885.2099 -4400885.2099  347308.3434     222.5263     107.8509
400001249 300000313                                         4504977.3029 4504977.3029       0.0000 4805928.6788 4126944.5164 -678984.1624 4126944.5164 4805928.6788 -678984.1624  328324.9483     280.6156      58.2448
400001250 300000313                                         5024649.2825 3678298.5650 -1346350.7175 4400885.2099 4400885.2099 -1361638.6226 4805928.6788 4126944.5164 -678984.1624  329212.3599     291.0606      73.8230
400001251 300000313                                         3678298.5650 5024649.2825 -1346350.7175 4126944.5164 4805928.6788 -678984.1624 4400885.2099 4400885.2099 -1361638.6226  329212.3599     284.4676      60.8723
400001252 300000313                                         4805928.6788 4126944.5164 -678984.1624 4400885.2099 4400885.2099 -1361638.6226 4126944.5164 4805928.6788 -678984.1624  332074.9378     286.6500      57.2141
400001253 300000314                                         5201899.7171 2600949.8585 -2600949.8585 4688572.4479 3374031.3064 -2687534.5848 5157396.7439 3166715.9053 -1990680.8386  331958.1435     293.6589      92.9855
400001254 300000314                                         4074905.2917 4074905.2917 -2716603.5278 4591494.5659 3912146.8074 -2050103.9020 4688572.4479 3374031.3064 -2687534.5848  332135.9111     292.6033      53.6290
400001255 300000314                                         5024649.2825 3678298.5650 -1346350.7175 5157396.7439 3166715.9053 -1990680.8386 4591494.5659 3912146.8074 -2050103.9020  331417.2039     296.4771      81.8517
400001256 300000314                                         4688572.4479 3374031.3064 -2687534.5848 4591494.5659 3912146.8074 -2050103.9020 5157396.7439 3166715.9053 -1990680.8386  335024.3025     294.3767      72.9120
400001257 300000315                                         2600949.8585 5201899.7171 -2600949.8585 3166715.9053 5157396.7439 -1990680.8386 3374031.3064 4688572.4479 -2687534.5848  331958.1435     284.0674      63.4708
400001258 300000315                                         3678298.5650 5024649.2825 -1346350.7175 3912146.8074 4591494.5659 -2050103.9020 3166715.9053 5157396.7439 -1990680.8386  331417.2039     286.2488      63.6925
400001259 300000315                                         4074905.2917 4074905.2917 -2716603.5278 3374031.3064 4688572.4479 -2687534.5848 3912146.8074 4591494.5659 -2050103.9020  332135.9111     285.8626      68.1321
400001260 300000315                                         3166715.9053 5157396.7439 -1990680.8386 3912146.8074 4591494.5659 -2050103.9020 3374031.3064 4688572.4479 -2687534.5848  335024.3025     287.3176      58.6239
400001261 300000316                                         5024649.2825 3678298.5650 -1346350.7175 4591494.5659 3912146.8074 -2050103.9020 4400885.2099 4400885.2099 -1361638.6226  344128.0612     294.9158      69.9301
400001262 300000316                                         4074905.2917 4074905.2917 -2716603.5278 3912146.8074 4591494.5659 -2050103.9020 4591494.5659 3912146.8074 -2050103.9020  343384.2298     294.9767      70.7792
400001263 300000316                                         3678298.5650 5024649.2825 -1346350.7175 4400885.2099 4400885.2099 -1361638.6226 3912146.8074 4591494.5659 -2050103.9020  344128.0612     286.7140      80.2154
400001264 300000316                                         4591494.5659 3912146.8074 -2050103.9020 3912146.8074 4591494.5659 -2050103.9020 4400885.2099 4400885.2099 -1361638.6226  347308.3434     293.6152      64.0247
400001265 300000317                                         2600949.8585 2600949.8585 -5201899.7171 2687534.5848 3374031.3064 -4688572.4479 3374031.3064 2687534.5848 -4688572.4479  387995.8446     204.8564     101.6284
400001266 300000317                                         2716603.5278 4074905.2917 -4074905.2917 3435012.9904 3435012.9904 -4122015.5885 2687534.5848 3374031.3064 -4688572.4479  388281.7658     221.0710     102.1480
400001267 300000317                                         4074905.2917 2716603.5278 -4074905.2917 3374031.3064 2687534.5848 -4688572.4479 3435012.9904 3435012.9904 -4122015.5885  388281.7658     222.3764      98.8199
400001268 300000317                                         2687534.5848 3374031.3064 -4688572.4479 3435012.9904 3435012.9904 -4122015.5885 3374031.3064 2687534.5848 -4688572.4479  392517.4362     214.0917     101.0795
400001269 300000318                                         2600949.8585 5201899.7171 -2600949.8585 3374031.3064 4688572.4479 -2687534.5848 2687534.5848 4688572.4479 -3374031.3064  387995.8446     274.8831      71.2278
400001270 300000318                                         4074905.2917 4074905.2917 -2716603.5278 3435012.9904 4122015.5885 -3435012.9904 3374031.3064 4688572.4479 -2687534.5848  388281.7658     276.8263      66.4512
400001271 300000318                                         2716603.5278 4074905.2917 -4074905.2917 2687534.5848 4688572.4479 -3374031.3064 3435012.9904 4122015.5885 -3435012.9904  388281.7658     249.6462      93.1576
400001272 300000318                                         3374031.3064 4688572.4479 -2687534.5848 3435012.9904 4122015.5885 -3435012.9904 2687534.5848 4688572.4479 -3374031.3064  392517.4362     267.4860      75.2046
400001273 300000319                                         5201899.7171 2600949.8585 -2600949.8585 4688572.4479 2687534.5848 -3374031.3064 4688572.4479 3374031.3064 -2687534.5848  387995.8446     275.1728      92.5942
400001274 300000319                                         4074905.2917 2716603.5278 -4074905.2917 4122015.5885 3435012.9904 -3435012.9904 4688572.4479 2687534.5848 -3374031.3064  388281.7658     250.2586      91.3983
400001275 300000319                                         4074905.2917 4074905.2917 -2716603.5278 4688572.4479 3374031.3064 -2687534.5848 4122015.5885 3435012.9904 -3435012.9904  388281.7658     277.8438      65.8262
400001276 300000319                                         4688572.4479 2687534.5848 -3374031.3064 4122015.5885 3435012.9904 -3435012.9904 4688572.4479 3374031.3064 -2687534.5848  392517.4362     265.6875      84.3319
400001277 300000320                                         2716603.5278 4074905.2917 -4074905.2917 3435012.9904 4122015.5885 -3435012.9904 3435012.9904 3435012.9904 -4122015.5885  405996.4825     238.9151      99.6174
400001278 300000320                                         4074905.2917 4074905.2917 -2716603.5278 4122015.5885 3435012.9904 -3435012.9904 3435012.9904 4122015.5885 -3435012.9904  405996.4825     268.9193      73.4232
400001279 300000320                                         4074905.2917 2716603.5278 -4074905.2917 3435012.9904 3435012.9904 -4122015.5885 4122015.5885 3435012.9904 -3435012.9904  405996.4825     239.6157      97.6516
400001280 300000320                                         3435012.9904 4122015.5885 -3435012.9904 4122015.5885 3435012.9904 -3435012.9904 3435012.9904 3435012.9904 -4122015.5885  410731.3740     248.2296      92.8599
400001281 300000321                                               0.0000 6371000.0000       0.0000       0.0000 6340321.8936 -624467.2010 -624467.2010 6340321.8936       0.0000  195921.5441     216.6559     112.1783
400001282 300000321                                               0.0000 6248583.0214 -1242920.4416 -627459.2093 6308900.9250 -627459.2093       0.0000 6340321.8936 -624467.2010  196860.2699     245.2676      87.0322
400001283 300000321                                         -1242920.4416 6248583.0214       0.0000 -624467.2010 6340321.8936       0.0000 -627459.2093 6308900.9250 -627459.2093  196860.2699     211.3512     125.5273
400001284 300000321                                               0.0000 6340321.8936 -624467.2010 -627459.2093 6308900.9250 -627459.2093 -624467.2010 6340321.8936       0.0000  197817.4310     221.5539     111.5461
400001285 300000322                                               0.0000 5886036.5016 -2438076.1476 -639129.1082 6056845.8882 -1869698.6039       0.0000 6096666.8789 -1849403.6788  200521.8161     281.2008      77.2739
400001286 300000322                                         -1266279.9131 6114140.2800 -1266279.9131 -636326.6289 6212473.2151 -1260914.7366 -639129.1082 6056845.8882 -1869698.6039  200560.6406     278.7170      74.2184
400001287 300000322                                               0.0000 6248583.0214 -1242920.4416       0.0000 6096666.8789 -1849403.6788 -636326.6289 6212473.2151 -1260914.7366  199642.5528     272.0073      82.3491
400001288 300000322                                         -639129.1082 6056845.8882 -1869698.6039 -636326.6289 6212473.2151 -1260914.7366       0.0000 6096666.8789 -1849403.6788  201535.9727     278.5879      77.3436
400001289 300000323                                         -2438076.1476 5886036.5016       0.0000 -1849403.6788 6096666.8789       0.0000 -1869698.6039 6056845.8882 -639129.1082  200521.8161     233.0729      99.2930
400001290 300000323                                         -1242920.4416 6248583.0214       0.0000 -1260914.7366 6212473.2151 -636326.6289 -1849403.6788 6096666.8789       0.0000  199642.5528     226.3820     123.8148
400001291 300000323                                         -1266279.9131 6114140.2800 -1266279.9131 -1869698.6039 6056845.8882 -639129.1082 -1260914.7366 6212473.2151 -636326.6289  200560.6406     263.6397      76.0030
400001292 300000323                                         -1849403.6788 6096666.8789       0.0000 -1260914.7366 6212473.2151 -636326.6289 -1869698.6039 6056845.8882 -639129.1082  201535.9727     244.2374     102.1791
400001293 300000324                                               0.0000 6248583.0214 -1242920.4416 -636326.6289 6212473.2151 -1260914.7366 -627459.2093 6308900.9250 -627459.2093  204548.8197     258.2071      80.2806
400001294 300000324                                         -1266279.9131 6114140.2800 -1266279.9131 -1260914.7366 6212473.2151 -636326.6289 -636326.6289 6212473.2151 -1260914.7366  203612.8458     267.8418      73.2597
400001295 300000324                                         -1242920.4416 6248583.0214       0.0000 -627459.2093 6308900.9250 -627459.2093 -1260914.7366 6212473.2151 -636326.6289  204548.8197     224.1532     114.0244
400001296 300000324                                         -636326.6289 6212473.2151 -1260914.7366 -1260914.7366 6212473.2151 -636326.6289 -627459.2093 6308900.9250 -627459.2093  205583.5447     251.4951      85.7388
400001297 300000325                                               0.0000 4504977.3029 -4504977.3029 -678984.1624 4805928.6788 -4126944.5164       0.0000 4924849.5984 -4041719.6134  213029.7505     226.8408     103.3591
400001298 300000325                                         -1346350.7175 5024649.2825 -3678298.5650 -677162.3725 5191537.9595 -3630292.7893 -678984.1624 4805928.6788 -4126944.5164  213259.5913     240.9587      92.6964
400001299 300000325                                               0.0000 5297292.9000 -3539537.9546       0.0000 4924849.5984 -4041719.6134 -677162.3725 5191537.9595 -3630292.7893  212458.1628     244.6663      93.0226
400001300 300000325                                         -678984.1624 4805928.6788 -4126944.5164 -677162.3725 5191537.9595 -3630292.7893       0.0000 4924849.5984 -4041719.6134  214297.3599     236.9312      96.4124
400001301 300000326                                         -2600949.8585 5201899.7171 -2600949.8585 -1976963.3461 5468063.2517 -2604139.2443 -1990680.8386 5157396.7439 -3166715.9053  213953.8407     282.3231      71.3880
400001302 300000326                                         -1330561.6814 5672228.9398 -2577802.4491 -1345228.8674 5375502.5311 -3143878.6287 -1976963.3461 5468063.2517 -2604139.2443  213196.7862     273.2802      84.3658
400001303 300000326                                         -1346350.7175 5024649.2825 -3678298.5650 -1990680.8386 5157396.7439 -3166715.9053 -1345228.8674 5375502.5311 -3143878.6287  213817.3983     258.8742      88.9848
400001304 300000326                                         -1976963.3461 5468063.2517 -2604139.2443 -1345228.8674 5375502.5311 -3143878.6287 -1990680.8386 5157396.7439 -3166715.9053  215042.4187     269.7080      85.4171
400001305 300000327                                               0.0000 5886036.5016 -2438076.1476       0.0000 5618720.3752 -3003268.6103 -669073.8784 5812081.9155 -2522238.0841  209920.2574     275.9189      81.9432
400001306 300000327                                               0.0000 5297292.9000 -3539537.9546 -671168.2896 5533298.6915 -3085738.1156       0.0000 5618720.3752 -3003268.6103  210577.3796     262.0920      90.6093
400001307 300000327                                         -1330561.6814 5672228.9398 -2577802.4491 -669073.8784 5812081.9155 -2522238.0841 -671168.2896 5533298.6915 -3085738.1156  210758.2000     273.0414      85.1940
400001308 300000327                                               0.0000 5618720.3752 -3003268.6103 -671168.2896 5533298.6915 -3085738.1156 -669073.8784 5812081.9155 -2522238.0841  211783.6604     271.0103      85.8764
400001309 300000328                                         -1346350.7175 5024649.2825 -3678298.5650 -1345228.8674 5375502.5311 -3143878.6287 -677162.3725 5191537.9595 -3630292.7893  217445.2803     253.0751      89.0966
400001310 300000328                                         -1330561.6814 5672228.9398 -2577802.4491 -671168.2896 5533298.6915 -3085738.1156 -1345228.8674 5375502.5311 -3143878.6287  218077.9738     268.8806      87.4749
400001311 300000328                                               0.0000 5297292.9000 -3539537.9546 -677162.3725 5191537.9595 -3630292.7893 -671168.2896 5533298.6915 -3085738.1156  218265.1507     255.2612      89.6612
400001312 300000328                                         -1345228.8674 5375502.5311 -3143878.6287 -671168.2896 5533298.6915 -3085738.1156 -677162.3725 5191537.9595 -3630292.7893  219375.9096     259.3325      88.9386
400001313 300000329                                         -4504977.3029 4504977.3029       0.0000 -4041719.6134 4924849.5984       0.0000 -4126944.5164 4805928.6788 -678984.1624  213029.7505     225.1227     114.0707
400001314 300000329                                         -3539537.9546 5297292.9000       0.0000 -3630292.7893 5191537.9595 -677162.3725 -4041719.6134 4924849.5984       0.0000  212458.1628     244.7585      86.4591
400001315 300000329                                         -3678298.5650 5024649.2825 -1346350.7175 -4126944.5164 4805928.6788 -678984.1624 -3630292.7893 5191537.9595 -677162.3725  213259.5913     278.6158      56.4150
400001316 300000329                                         -4041719.6134 4924849.5984       0.0000 -3630292.7893 5191537.9595 -677162.3725 -4126944.5164 4805928.6788 -678984.1624  214297.3599     247.9832      87.3536
400001317 300000330                                         -2438076.1476 5886036.5016       0.0000 -2522238.0841 5812081.9155 -669073.8784 -3003268.6103 5618720.3752       0.0000  209920.2574     240.5743     117.1105
400001318 300000330                                         -2577802.4491 5672228.9398 -1330561.6814 -3085738.1156 5533298.6915 -671168.2896 -2522238.0841 5812081.9155 -669073.8784  210758.2000     282.4366      58.6876
400001319 300000330                                         -3539537.9546 5297292.9000       0.0000 -3003268.6103 5618720.3752       0.0000 -3085738.1156 5533298.6915 -671168.2896  210577.3796     245.8085      99.2324
400001320 300000330                                         -2522238.0841 5812081.9155 -669073.8784 -3085738.1156 5533298.6915 -671168.2896 -3003268.6103 5618720.3752       0.0000  211783.6604     259.3268      77.1637
400001321 300000331                                         -2600949.8585 5201899.7171 -2600949.8585 -3166715.9053 5157396.7439 -1990680.8386 -2604139.2443 5468063.2517 -1976963.3461  213953.8407     300.7928      53.7473
400001322 300000331                                         -3678298.5650 5024649.2825 -1346350.7175 -3143878.6287 5375502.5311 -1345228.8674 -3166715.9053 5157396.7439 -1990680.8386  213817.3983     297.7045      46.0946
400001323 300000331                                         -2577802.4491 5672228.9398 -1330561.6814 -2604139.2443 5468063.2517 -1976963.3461 -3143878.6287 5375502.5311 -1345228.8674  213196.7862     296.0470      48.4144
400001324 300000331                                         -3166715.9053 5157396.7439 -1990680.8386 -3143878.6287 5375502.5311 -1345228.8674 -2604139.2443 5468063.2517 -1976963.3461  215042.4187     298.7745      44.1333
400001325 300000332                                         -3539537.9546 5297292.9000       0.0000 -3085738.1156 5533298.6915 -671168.2896 -3630292.7893 5191537.9595 -677162.3725  218265.1507     261.0990      81.3709
400001326 300000332                                         -2577802.4491 5672228.9398 -1330561.6814 -3143878.6287 5375502.5311 -1345228.8674 -3085738.1156 5533298.6915 -671168.2896  218077.9738     288.4740      55.1169
400001327 300000332                                         -3678298.5650 5024649.2825 -1346350.7175 -3630292.7893 5191537.9595 -677162.3725 -3143878.6287 5375502.5311 -1345228.8674  217445.2803     289.2219      52.6999
400001328 300000332                                         -3085738.1156 5533298.6915 -671168.2896 -3143878.6287 5375502.5311 -1345228.8674 -3630292.7893 5191537.9595 -677162.3725  219375.9096     282.7968      56.6212
400001329 300000333                                               0.0000 5886036.5016 -2438076.1476 -669073.8784 5812081.9155 -2522238.0841 -639129.1082 6056845.8882 -1869698.6039  232651.5371     279.9010      79.3090
400001330 300000333                                         -1330561.6814 5672228.9398 -2577802.4491 -1306164.9224 5928333.1219 -1933504.7432 -669073.8784 5812081.9155 -2522238.0841  231845.9895     279.7947      78.0493
400001331 300000333                                         -1266279.9131 6114140.2800 -1266279.9131 -639129.1082 6056845.8882 -1869698.6039 -1306164.9224 5928333.1219 -1933504.7432  232712.3450     284.2788      70.5498
400001332 300000333                                         -669073.8784 5812081.9155 -2522238.0841 -1306164.9224 5928333.1219 -1933504.7432 -639129.1082 6056845.8882 -1869698.6039  234046.8072     281.9015      74.4923
400001333 300000334                                         -2600949.8585 5201899.7171 -2600949.8585 -2604139.2443 5468063.2517 -1976963.3461 -1976963.3461 5468063.2517 -2604139.2443  228300.1373     296.0348      58.5078
400001334 300000334                                         -2577802.4491 5672228.9398 -1330561.6814 -1973179.1775 5727370.1528 -1973179.1775 -2604139.2443 5468063.2517 -1976963.3461  229212.6770     294.8174      53.6224
400001335 300000334                                         -1330561.6814 5672228.9398 -2577802.4491 -1976963.3461 5468063.2517 -2604139.2443 -1973179.1775 5727370.1528 -1973179.1775  229212.6770     283.3371      74.3027
400001336 300000334                                         -2604139.2443 5468063.2517 -1976963.3461 -1973179.1775 5727370.1528 -1973179.1775 -1976963.3461 5468063.2517 -2604139.2443  230526.8451     292.5195      57.9885
400001337 300000335                                         -2438076.1476 5886036.5016       0.0000 -1869698.6039 6056845.8882 -639129.1082 -2522238.0841 5812081.9155 -669073.8784  232651.5371     253.1856      86.0042
400001338 300000335                                         -1266279.9131 6114140.2800 -1266279.9131 -1933504.7432 5928333.1219 -1306164.9224 -1869698.6039 6056845.8882 -639129.1082  232712.3450     276.9464      67.8447
400001339 300000335                                         -2577802.4491 5672228.9398 -1330561.6814 -2522238.0841 5812081.9155 -669073.8784 -1933504.7432 5928333.1219 -1306164.9224  231845.9895     284.8252      62.6798
400001340 300000335                                         -1869698.6039 6056845.8882 -639129.1082 -1933504.7432 5928333.1219 -1306164.9224 -2522238.0841 5812081.9155 -669073.8784  234046.8072     273.8663      75.1297
400001341 300000336                                         -1330561.6814 5672228.9398 -2577802.4491 -1973179.1775 5727370.1528 -1973179.1775 -1306164.9224 5928333.1219 -1933504.7432  238189.0310     284.8255      73.8750
400001342 300000336                                         -2577802.4491 5672228.9398 -1330561.6814 -1933504.7432 5928333.1219 -1306164.9224 -1973179.1775 5727370.1528 -1973179.1775  238189.0310     291.3985      60.7550
400001343 300000336                                         -1266279.9131 6114140.2800 -1266279.9131 -1306164.9224 5928333.1219 -1933504.7432 -1933504.7432 5928333.1219 -1306164.9224  237302.7613     285.6047      67.0223
400001344 300000336                                         -1973179.1775 5727370.1528 -1973179.1775 -1933504.7432 5928333.1219 -1306164.9224 -1306164.9224 5928333.1219 -1933504.7432  239617.8861     288.8233      67.6343
400001345 300000337                                               0.0000       0.0000 -6371000.0000 -624467.2010       0.0000 -6340321.8936       0.0000  624467.2010 -6340321.8936  195921.5441     121.1565      12.6393
400001346 300000337                                         -1242920.4416       0.0000 -6248583.0214 -627459.2093  627459.2093 -6308900.9250 -624467.2010       0.0000 -6340321.8936  196860.2699     151.3396      27.4147
400001347 300000337                                               0.0000 1242920.4416 -6248583.0214       0.0000  624467.2010 -6340321.8936 -627459.2093  627459.2093 -6308900.9250  196860.2699     115.8523      27.3232
400001348 300000337                                         -624467.2010       0.0000 -6340321.8936 -627459.2093  627459.2093 -6308900.9250       0.0000  624467.2010 -6340321.8936  197817.4310     126.8986      19.0015
400001349 300000338                                         -2438076.1476       0.0000 -5886036.5016 -1869698.6039  639129.1082 -6056845.8882 -1849403.6788       0.0000 -6096666.8789  200521.8161     174.2182      74.5539
400001350 300000338                                         -1266279.9131 1266279.9131 -6114140.2800 -1260914.7366  636326.6289 -6212473.2151 -1869698.6039  639129.1082 -6056845.8882  200560.6406     136.5018      61.1104
400001351 300000338                                         -1242920.4416       0.0000 -6248583.0214 -1849403.6788       0.0000 -6096666.8789 -1260914.7366  636326.6289 -6212473.2151  199642.5528     168.9700      47.2985
400001352 300000338                                         -1869698.6039  639129.1082 -6056845.8882 -1260914.7366  636326.6289 -6212473.2151 -1849403.6788       0.0000 -6096666.8789  201535.9727     163.0420      59.5870
400001353 300000339                                               0.0000 2438076.1476 -5886036.5016       0.0000 1849403.6788 -6096666.8789 -639129.1082 1869698.6039 -6056845.8882  200521.8161     138.1162      79.5443
400001354 300000339                                               0.0000 1242920.4416 -6248583.0214 -636326.6289 1260914.7366 -6212473.2151       0.0000 1849403.6788 -6096666.8789  199642.5528     115.7460      53.1798
400001355 300000339                                         -1266279.9131 1266279.9131 -6114140.2800 -639129.1082 1869698.6039 -6056845.8882 -636326.6289 1260914.7366 -6212473.2151  200560.6406     122.0873      62.9604
400001356 300000339                                               0.0000 1849403.6788 -6096666.8789 -636326.6289 1260914.7366 -6212473.2151 -639129.1082 1869698.6039 -6056845.8882  201535.9727     123.0325      63.0999
400001357 300000340                                         -1242920.4416       0.0000 -6248583.0214 -1260914.7366  636326.6289 -6212473.2151 -627459.2093  627459.2093 -6308900.9250  204548.8197     149.0540      37.0143
400001358 300000340                                         -1266279.9131 1266279.9131 -6114140.2800 -636326.6289 1260914.7366 -6212473.2151 -1260914.7366  636326.6289 -6212473.2151  203612.8458     126.0572      52.7294
400001359 300000340                                               0.0000 1242920.4416 -6248583.0214 -627459.2093  627459.2093 -6308900.9250 -636326.6289 1260914.7366 -6212473.2151  204548.8197     117.5534      37.5806
400001360 300000340                                         -1260914.7366  636326.6289 -6212473.2151 -636326.6289 1260914.7366 -6212473.2151 -627459.2093  627459.2093 -6308900.9250  205583.5447     127.5133      39.8487
400001361 300000341                                         -4504977.3029       0.0000 -4504977.3029 -4126944.5164  678984.1624 -4805928.6788 -4041719.6134       0.0000 -4924849.5984  213029.7505     219.7085      89.1633
400001362 300000341                                         -3678298.5650 1346350.7175 -5024649.2825 -3630292.7893  677162.3725 -5191537.9595 -4126944.5164  678984.1624 -4805928.6788  213259.5913     213.3654      94.0413
400001363 300000341                                         -3539537.9546       0.0000 -5297292.9000 -4041719.6134       0.0000 -4924849.5984 -3630292.7893  677162.3725 -5191537.9595  212458.1628     210.9440      90.4271
400001364 300000341                                         -4126944.5164  678984.1624 -4805928.6788 -3630292.7893  677162.3725 -5191537.9595 -4041719.6134       0.0000 -4924849.5984  214297.3599     214.4575      90.9059
400001365 300000342                                         -2600949.8585 2600949.8585 -5201899.7171 -2604139.2443 1976963.3461 -5468063.2517 -3166715.9053 1990680.8386 -5157396.7439  213953.8407     205.1792      86.6735
400001366 300000342                                         -2577802.4491 1330561.6814 -5672228.9398 -3143878.6287 1345228.8674 -5375502.5311 -2604139.2443 1976963.3461 -5468063.2517  213196.7862     197.6975      89.8498
400001367 300000342                                         -3678298.5650 1346350.7175 -5024649.2825 -3166715.9053 1990680.8386 -5157396.7439 -3143878.6287 1345228.8674 -5375502.5311  213817.3983     208.8390      94.1821
400001368 300000342                                         -2604139.2443 1976963.3461 -5468063.2517 -3143878.6287 1345228.8674 -5375502.5311 -3166715.9053 1990680.8386 -5157396.7439  215042.4187     204.2142      88.9030
400001369 300000343                                         -2438076.1476       0.0000 -5886036.5016 -3003268.6103       0.0000 -5618720.3752 -2522238.0841  669073.8784 -5812081.9155  209920.2574     185.4207      94.3023
400001370 300000343                                         -3539537.9546       0.0000 -5297292.9000 -3085738.1156  671168.2896 -5533298.6915 -3003268.6103       0.0000 -5618720.3752  210577.3796     198.8828      89.4810
400001371 300000343                                         -2577802.4491 1330561.6814 -5672228.9398 -2522238.0841  669073.8784 -5812081.9155 -3085738.1156  671168.2896 -5533298.6915  210758.2000     189.9489      96.5186
400001372 300000343                                         -3003268.6103       0.0000 -5618720.3752 -3085738.1156  671168.2896 -5533298.6915 -2522238.0841  669073.8784 -5812081.9155  211783.6604     191.0694      91.1209
400001373 300000344                                         -3678298.5650 1346350.7175 -5024649.2825 -3143878.6287 1345228.8674 -5375502.5311 -3630292.7893  677162.3725 -5191537.9595  217445.2803     209.3476      93.1604
400001374 300000344                                         -2577802.4491 1330561.6814 -5672228.9398 -3085738.1156  671168.2896 -5533298.6915 -3143878.6287 1345228.8674 -5375502.5311  218077.9738     197.2200      91.1074
400001375 300000344                                         -3539537.9546       0.0000 -5297292.9000 -3630292.7893  677162.3725 -5191537.9595 -3085738.1156  671168.2896 -5533298.6915  218265.1507     205.2919      91.1423
400001376 300000344                                         -3143878.6287 1345228.8674 -5375502.5311 -3085738.1156  671168.2896 -5533298.6915 -3630292.7893  677162.3725 -5191537.9595  219375.9096     203.9329      91.8974
400001377 300000345                                               0.0000 4504977.3029 -4504977.3029       0.0000 4041719.6134 -4924849.5984 -678984.1624 4126944.5164 -4805928.6788  213029.7505     211.4227     102.3515
400001378 300000345                                               0.0000 3539537.9546 -5297292.9000 -677162.3725 3630292.7893 -5191537.9595       0.0000 4041719.6134 -4924849.5984  212458.1628     203.2770      93.0716
400001379 300000345                                         -1346350.7175 3678298.5650 -5024649.2825 -678984.1624 4126944.5164 -4805928.6788 -677162.3725 3630292.7893 -5191537.9595  213259.5913     207.2994      91.7982
400001380 300000345                                               0.0000 4041719.6134 -4924849.5984 -677162.3725 3630292.7893 -5191537.9595 -678984.1624 4126944.5164 -4805928.6788  214297.3599     207.3935      94.5406
400001381 300000346                                               0.0000 2438076.1476 -5886036.5016 -669073.8784 2522238.0841 -5812081.9155       0.0000 3003268.6103 -5618720.3752  209920.2574     179.0441      99.1947
400001382 300000346                                         -1330561.6814 2577802.4491 -5672228.9398 -671168.2896 3085738.1156 -5533298.6915 -669073.8784 2522238.0841 -5812081.9155  210758.2000     187.1114     100.7418
400001383 300000346                                               0.0000 3539537.9546 -5297292.9000       0.0000 3003268.6103 -5618720.3752 -671168.2896 3085738.1156 -5533298.6915  210577.3796     194.1516      94.5102
400001384 300000346                                         -669073.8784 2522238.0841 -5812081.9155 -671168.2896 3085738.1156 -5533298.6915       0.0000 3003268.6103 -5618720.3752  211783.6604     186.8051     103.2415
400001385 300000347                                         -2600949.8585 2600949.8585 -5201899.7171 -1990680.8386 3166715.9053 -5157396.7439 -1976963.3461 2604139.2443 -5468063.2517  213953.8407     204.3873      88.1345
400001386 300000347                                         -1346350.7175 3678298.5650 -5024649.2825 -1345228.8674 3143878.6287 -5375502.5311 -1990680.8386 3166715.9053 -5157396.7439  213817.3983     204.2758      93.6122
400001387 300000347                                         -1330561.6814 2577802.4491 -5672228.9398 -1976963.3461 2604139.2443 -5468063.2517 -1345228.8674 3143878.6287 -5375502.5311  213196.7862     195.7490      88.5770
400001388 300000347                                         -1990680.8386 3166715.9053 -5157396.7439 -1345228.8674 3143878.6287 -5375502.5311 -1976963.3461 2604139.2443 -5468063.2517  215042.4187     201.2818      89.3952
400001389 300000348                                               0.0000 3539537.9546 -5297292.9000 -671168.2896 3085738.1156 -5533298.6915 -677162.3725 3630292.7893 -5191537.9595  218265.1507     198.5704      90.3211
400001390 300000348                                         -1330561.6814 2577802.4491 -5672228.9398 -1345228.8674 3143878.6287 -5375502.5311 -671168.2896 3085738.1156 -5533298.6915  218077.9738     194.1336      90.4099
400001391 300000348                                         -1346350.7175 3678298.5650 -5024649.2825 -677162.3725 3630292.7893 -5191537.9595 -1345228.8674 3143878.6287 -5375502.5311  217445.2803     203.2619      91.4618
400001392 300000348                                         -671168.2896 3085738.1156 -5533298.6915 -1345228.8674 3143878.6287 -5375502.5311 -677162.3725 3630292.7893 -5191537.9595  219375.9096     198.7886      89.3359
400001393 300000349                                         -2438076.1476       0.0000 -5886036.5016 -2522238.0841  669073.8784 -5812081.9155 -1869698.6039  639129.1082 -6056845.8882  232651.5371     176.8647      86.7418
400001394 300000349                                         -2577802.4491 1330561.6814 -5672228.9398 -1933504.7432 1306164.9224 -5928333.1219 -2522238.0841  669073.8784 -5812081.9155  231845.9895     181.7560      95.8132
400001395 300000349                                         -1266279.9131 1266279.9131 -6114140.2800 -1869698.6039  639129.1082 -6056845.8882 -1933504.7432 1306164.9224 -5928333.1219  232712.3450     144.5731      74.2284
400001396 300000349                                         -2522238.0841  669073.8784 -5812081.9155 -1933504.7432 1306164.9224 -5928333.1219 -1869698.6039  639129.1082 -6056845.8882  234046.8072     170.7948      85.7919
400001397 300000350                                         -2600949.8585 2600949.8585 -5201899.7171 -1976963.3461 2604139.2443 -5468063.2517 -2604139.2443 1976963.3461 -5468063.2517  228300.1373     201.6364      87.4918
400001398 300000350                                         -1330561.6814 2577802.4491 -5672228.9398 -1973179.1775 1973179.1775 -5727370.1528 -1976963.3461 2604139.2443 -5468063.2517  229212.6770     191.1933      90.6264
400001399 300000350                                         -2577802.4491 1330561.6814 -5672228.9398 -2604139.2443 1976963.3461 -5468063.2517 -1973179.1775 1973179.1775 -5727370.1528  229212.6770     192.3564      90.7100
400001400 300000350                                         -1976963.3461 2604139.2443 -5468063.2517 -1973179.1775 1973179.1775 -5727370.1528 -2604139.2443 1976963.3461 -5468063.2517  230526.8451     195.3630      87.5858
400001401 300000351                                               0.0000 2438076.1476 -5886036.5016 -639129.1082 1869698.6039 -6056845.8882 -669073.8784 2522238.0841 -5812081.9155  232651.5371     152.8769      91.0688
400001402 300000351                                         -1266279.9131 1266279.9131 -6114140.2800 -1306164.9224 1933504.7432 -5928333.1219 -639129.1082 1869698.6039 -6056845.8882  232712.3450     136.9961      76.8233
400001403 300000351                                         -1330561.6814 2577802.4491 -5672228.9398 -669073.8784 2522238.0841 -5812081.9155 -1306164.9224 1933504.7432 -5928333.1219  231845.9895     176.8581      97.5027
400001404 300000351                                         -639129.1082 1869698.6039 -6056845.8882 -1306164.9224 1933504.7432 -5928333.1219 -669073.8784 2522238.0841 -5812081.9155  234046.8072     155.0255      89.3632
400001405 300000352                                         -2577802.4491 1330561.6814 -5672228.9398 -1973179.1775 1973179.1775 -5727370.1528 -1933504.7432 1306164.9224 -5928333.1219  238189.0310     183.8536      93.0020
400001406 300000352                                         -1330561.6814 2577802.4491 -5672228.9398 -1306164.9224 1933504.7432 -5928333.1219 -1973179.1775 1973179.1775 -5727370.1528  238189.0310     179.7041      98.0078
400001407 300000352                                         -1266279.9131 1266279.9131 -6114140.2800 -1933504.7432 1306164.9224 -5928333.1219 -1306164.9224 1933504.7432 -5928333.1219  237302.7613     143.5983      81.0152
400001408 300000352                                         -1973179.1775 1973179.1775 -5727370.1528 -1306164.9224 1933504.7432 -5928333.1219 -1933504.7432 1306164.9224 -5928333.1219  239617.8861     167.4772      94.3013
400001409 300000353                                         -6371000.0000       0.0000       0.0000 -6340321.8936  624467.2010       0.0000 -6340321.8936       0.0000 -624467.2010  195921.5441     270.9199      60.1706
400001410 300000353                                         -6248583.0214 1242920.4416       0.0000 -6308900.9250  627459.2093 -627459.2093 -6340321.8936  624467.2010       0.0000  196860.2699     259.2818      67.3354
400001411 300000353                                         -6248583.0214       0.0000 -1242920.4416 -6340321.8936       0.0000 -624467.2010 -6308900.9250  627459.2093 -627459.2093  196860.2699     260.9059      75.0552
400001412 300000353                                         -6340321.8936  624467.2010       0.0000 -6308900.9250  627459.2093 -627459.2093 -6340321.8936       0.0000 -624467.2010  197817.4310     264.4535      66.7641
400001413 300000354                                         -5886036.5016 2438076.1476       0.0000 -6056845.8882 1869698.6039 -639129.1082 -6096666.8789 1849403.6788       0.0000  200521.8161     238.9186      88.9895
400001414 300000354                                         -6114140.2800 1266279.9131 -1266279.9131 -6212473.2151 1260914.7366 -636326.6289 -6056845.8882 1869698.6039 -639129.1082  200560.6406     237.8043      95.0810
400001415 300000354                                         -6248583.0214 1242920.4416       0.0000 -6096666.8789 1849403.6788       0.0000 -6212473.2151 1260914.7366 -636326.6289  199642.5528     249.9960      75.9702
400001416 300000354                                         -6056845.8882 1869698.6039 -639129.1082 -6212473.2151 1260914.7366 -636326.6289 -6096666.8789 1849403.6788       0.0000  201535.9727     241.8600      85.8881
400001417 300000355                                         -5886036.5016       0.0000 -2438076.1476 -6096666.8789       0.0000 -1849403.6788 -6056845.8882  639129.1082 -1869698.6039  200521.8161     262.5403      91.4049
400001418 300000355                                         -6248583.0214       0.0000 -1242920.4416 -6212473.2151  636326.6289 -1260914.7366 -6096666.8789       0.0000 -1849403.6788  199642.5528     260.3016      82.9335
400001419 300000355                                         -6114140.2800 1266279.9131 -1266279.9131 -6056845.8882  639129.1082 -1869698.6039 -6212473.2151  636326.6289 -1260914.7366  200560.6406     256.8466      88.2191
400001420 300000355                                         -6096666.8789       0.0000 -1849403.6788 -6212473.2151  636326.6289 -1260914.7366 -6056845.8882  639129.1082 -1869698.6039  201535.9727     262.2790      86.4719
400001421 300000356                                         -6248583.0214 1242920.4416       0.0000 -6212473.2151 1260914.7366 -636326.6289 -6308900.9250  627459.2093 -627459.2093  204548.8197     252.1409      75.9113
400001422 300000356                                         -6114140.2800 1266279.9131 -1266279.9131 -6212473.2151  636326.6289 -1260914.7366 -6212473.2151 1260914.7366 -636326.6289  203612.8458     244.6583      90.9572
400001423 300000356                                         -6248583.0214       0.0000 -1242920.4416 -6308900.9250  627459.2093 -627459.2093 -6212473.2151  636326.6289 -1260914.7366  204548.8197     255.9697      81.6287
400001424 300000356                                         -6212473.2151 1260914.7366 -636326.6289 -6212473.2151  636326.6289 -1260914.7366 -6308900.9250  627459.2093 -627459.2093  205583.5447     248.4071      84.3002
400001425 300000357                                         -4504977.3029 4504977.3029       0.0000 -4805928.6788 4126944.5164 -678984.1624 -4924849.5984 4041719.6134       0.0000  213029.7505     217.9302     129.3659
400001426 300000357                                         -5024649.2825 3678298.5650 -1346350.7175 -5191537.9595 3630292.7893 -677162.3725 -4805928.6788 4126944.5164 -678984.1624  213259.5913     239.9671     129.9562
400001427 300000357                                         -5297292.9000 3539537.9546       0.0000 -4924849.5984 4041719.6134       0.0000 -5191537.9595 3630292.7893 -677162.3725  212458.1628     220.6093     120.1098
400001428 300000357                                         -4805928.6788 4126944.5164 -678984.1624 -5191537.9595 3630292.7893 -677162.3725 -4924849.5984 4041719.6134       0.0000  214297.3599     214.8867     140.1614
400001429 300000358                                         -5201899.7171 2600949.8585 -2600949.8585 -5468063.2517 2604139.2443 -1976963.3461 -5157396.7439 3166715.9053 -1990680.8386  213953.8407     284.5390      59.4983
400001430 300000358                                         -5672228.9398 2577802.4491 -1330561.6814 -5375502.5311 3143878.6287 -1345228.8674 -5468063.2517 2604139.2443 -1976963.3461  213196.7862     272.2221      79.3339
400001431 300000358                                         -5024649.2825 3678298.5650 -1346350.7175 -5157396.7439 3166715.9053 -1990680.8386 -5375502.5311 3143878.6287 -1345228.8674  213817.3983     281.2148      63.8453
400001432 300000358                                         -5468063.2517 2604139.2443 -1976963.3461 -5375502.5311 3143878.6287 -1345228.8674 -5157396.7439 3166715.9053 -1990680.8386  215042.4187     283.1739      65.4695
400001433 300000359                                         -5886036.5016 2438076.1476       0.0000 -5618720.3752 3003268.6103       0.0000 -5812081.9155 2522238.0841 -669073.8784  209920.2574     228.2021     103.4030
400001434 300000359                                         -5297292.9000 3539537.9546       0.0000 -5533298.6915 3085738.1156 -671168.2896 -5618720.3752 3003268.6103       0.0000  210577.3796     221.7532     107.2673
400001435 300000359                                         -5672228.9398 2577802.4491 -1330561.6814 -5812081.9155 2522238.0841 -669073.8784 -5533298.6915 3085738.1156 -671168.2896  210758.2000     218.8319     122.9826
400001436 300000359                                         -5618720.3752 3003268.6103       0.0000 -5533298.6915 3085738.1156 -671168.2896 -5812081.9155 2522238.0841 -669073.8784  211783.6604     216.6011     119.7987
400001437 300000360                                         -5024649.2825 3678298.5650 -1346350.7175 -5375502.5311 3143878.6287 -1345228.8674 -5191537.9595 3630292.7893 -677162.3725  217445.2803     256.5420      91.8372
400001438 300000360                                         -5672228.9398 2577802.4491 -1330561.6814 -5533298.6915 3085738.1156 -671168.2896 -5375502.5311 3143878.6287 -1345228.8674  218077.9738     239.5176     107.5677
400001439 300000360                                         -5297292.9000 3539537.9546       0.0000 -5191537.9595 3630292.7893 -677162.3725 -5533298.6915 3085738.1156 -671168.2896  218265.1507     221.0598     115.5431
400001440 300000360                                         -5375502.5311 3143878.6287 -1345228.8674 -5533298.6915 3085738.1156 -671168.2896 -5191537.9595 3630292.7893 -677162.3725  219375.9096     228.8435     126.8549
400001441 300000361                                         -4504977.3029       0.0000 -4504977.3029 -4924849.5984       0.0000 -4041719.6134 -4805928.6788  678984.1624 -4126944.5164  213029.7505     230.5832      82.7260
400001442 300000361                                         -5297292.9000       0.0000 -3539537.9546 -5191537.9595  677162.3725 -3630292.7893 -4924849.5984       0.0000 -4041719.6134  212458.1628     240.4386      82.0620
400001443 300000361                                         -5024649.2825 1346350.7175 -3678298.5650 -4805928.6788  678984.1624 -4126944.5164 -5191537.9595  677162.3725 -3630292.7893  213259.5913     237.4367      86.8948
400001444 300000361                                         -4924849.5984       0.0000 -4041719.6134 -5191537.9595  677162.3725 -3630292.7893 -4805928.6788  678984.1624 -4126944.5164  214297.3599     235.3285      93.2508
400001445 300000362                                         -5886036.5016       0.0000 -2438076.1476 -5812081.9155  669073.8784 -2522238.0841 -5618720.3752       0.0000 -3003268.6103  209920.2574     254.0396      90.9354
400001446 300000362                                         -5672228.9398 1330561.6814 -2577802.4491 -5533298.6915  671168.2896 -3085738.1156 -5812081.9155  669073.8784 -2522238.0841  210758.2000     260.5997      80.0333
400001447 300000362                                         -5297292.9000       0.0000 -3539537.9546 -5618720.3752       0.0000 -3003268.6103 -5533298.6915  671168.2896 -3085738.1156  210577.3796     247.6834      84.1961
400001448 300000362                                         -5812081.9155  669073.8784 -2522238.0841 -5533298.6915  671168.2896 -3085738.1156 -5618720.3752       0.0000 -3003268.6103  211783.6604     253.1921      85.5468
400001449 300000363                                         -5201899.7171 2600949.8585 -2600949.8585 -5157396.7439 1990680.8386 -3166715.9053 -5468063.2517 1976963.3461 -2604139.2443  213953.8407     270.0655      65.3945
400001450 300000363                                         -5024649.2825 1346350.7175 -3678298.5650 -5375502.5311 1345228.8674 -3143878.6287 -5157396.7439 1990680.8386 -3166715.9053  213817.3983     251.6224      82.0709
400001451 300000363                                         -5672228.9398 1330561.6814 -2577802.4491 -5468063.2517 1976963.3461 -2604139.2443 -5375502.5311 1345228.8674 -3143878.6287  213196.7862     265.8560      73.0723
400001452 300000363                                         -5157396.7439 1990680.8386 -3166715.9053 -5375502.5311 1345228.8674 -3143878.6287 -5468063.2517 1976963.3461 -2604139.2443  215042.4187     262.5609      73.3828
400001453 300000364                                         -5297292.9000       0.0000 -3539537.9546 -5533298.6915  671168.2896 -3085738.1156 -5191537.9595  677162.3725 -3630292.7893  218265.1507     246.2939      80.7300
400001454 300000364                                         -5672228.9398 1330561.6814 -2577802.4491 -5375502.5311 1345228.8674 -3143878.6287 -5533298.6915  671168.2896 -3085738.1156  218077.9738     258.9964      76.2014
400001455 300000364                                         -5024649.2825 1346350.7175 -3678298.5650 -5191537.9595  677162.3725 -3630292.7893 -5375502.5311 1345228.8674 -3143878.6287  217445.2803     244.9065      83.9422
400001456 300000364                                         -5533298.6915  671168.2896 -3085738.1156 -5375502.5311 1345228.8674 -3143878.6287 -5191537.9595  677162.3725 -3630292.7893  219375.9096     249.8821      80.1308
400001457 300000365                                         -5886036.5016 2438076.1476       0.0000 -5812081.9155 2522238.0841 -669073.8784 -6056845.8882 1869698.6039 -639129.1082  232651.5371     227.8157     105.5517
400001458 300000365                                         -5672228.9398 2577802.4491 -1330561.6814 -5928333.1219 1933504.7432 -1306164.9224 -5812081.9155 2522238.0841 -669073.8784  231845.9895     232.9988     110.0988
400001459 300000365                                         -6114140.2800 1266279.9131 -1266279.9131 -6056845.8882 1869698.6039 -639129.1082 -5928333.1219 1933504.7432 -1306164.9224  232712.3450     236.5827     101.6817
400001460 300000365                                         -5812081.9155 2522238.0841 -669073.8784 -5928333.1219 1933504.7432 -1306164.9224 -6056845.8882 1869698.6039 -639129.1082  234046.8072     227.3492     110.4981
400001461 300000366                                         -5201899.7171 2600949.8585 -2600949.8585 -5468063.2517 1976963.3461 -2604139.2443 -5468063.2517 2604139.2443 -1976963.3461  228300.1373     279.9285      61.8165
400001462 300000366                                         -5672228.9398 1330561.6814 -2577802.4491 -5727370.1528 1973179.1775 -1973179.1775 -5468063.2517 1976963.3461 -2604139.2443  229212.6770     274.9244      70.8522
400001463 300000366                                         -5672228.9398 2577802.4491 -1330561.6814 -5468063.2517 2604139.2443 -1976963.3461 -5727370.1528 1973179.1775 -1973179.1775  229212.6770     275.9321      79.8699
400001464 300000366                                         -5468063.2517 1976963.3461 -2604139.2443 -5727370.1528 1973179.1775 -1973179.1775 -5468063.2517 2604139.2443 -1976963.3461  230526.8451     280.1173      68.9144
400001465 300000367                                         -5886036.5016       0.0000 -2438076.1476 -6056845.8882  639129.1082 -1869698.6039 -5812081.9155  669073.8784 -2522238.0841  232651.5371     263.6455      86.5150
400001466 300000367                                         -6114140.2800 1266279.9131 -1266279.9131 -5928333.1219 1306164.9224 -1933504.7432 -6056845.8882  639129.1082 -1869698.6039  232712.3450     263.1314      91.6149
400001467 300000367                                         -5672228.9398 1330561.6814 -2577802.4491 -5812081.9155  669073.8784 -2522238.0841 -5928333.1219 1306164.9224 -1933504.7432  231845.9895     268.5631      82.9971
400001468 300000367                                         -6056845.8882  639129.1082 -1869698.6039 -5928333.1219 1306164.9224 -1933504.7432 -5812081.9155  669073.8784 -2522238.0841  234046.8072     268.7106      86.3129
400001469 300000368                                         -5672228.9398 2577802.4491 -1330561.6814 -5727370.1528 1973179.1775 -1973179.1775 -5928333.1219 1933504.7432 -1306164.9224  238189.0310     260.4968      96.6727
400001470 300000368                                         -5672228.9398 1330561.6814 -2577802.4491 -5928333.1219 1306164.9224 -1933504.7432 -5727370.1528 1973179.1775 -1973179.1775  238189.0310     273.9426      81.4651
400001471 300000368                                         -6114140.2800 1266279.9131 -1266279.9131 -5928333.1219 1933504.7432 -1306164.9224 -5928333.1219 1306164.9224 -1933504.7432  237302.7613     256.6862      94.4836
400001472 300000368                                         -5727370.1528 1973179.1775 -1973179.1775 -5928333.1219 1306164.9224 -1933504.7432 -5928333.1219 1933504.7432 -1306164.9224  239617.8861     268.0287      89.6390
400001473 300000369                                               0.0000 4504977.3029 -4504977.3029 -678984.1624 4126944.5164 -4805928.6788 -678984.1624 4805928.6788 -4126944.5164  328324.9483     218.7236     103.6867
400001474 300000369                                         -1346350.7175 3678298.5650 -5024649.2825 -1361638.6226 4400885.2099 -4400885.2099 -678984.1624 4126944.5164 -4805928.6788  329212.3599     212.9786      95.1976
400001475 300000369                                         -1346350.7175 5024649.2825 -3678298.5650 -678984.1624 4805928.6788 -4126944.5164 -1361638.6226 4400885.2099 -4400885.2099  329212.3599     231.1104      96.7916
400001476 300000369                                         -678984.1624 4126944.5164 -4805928.6788 -1361638.6226 4400885.2099 -4400885.2099 -678984.1624 4805928.6788 -4126944.5164  332074.9378     219.0093     101.9851
400001477 300000370                                         -2600949.8585 2600949.8585 -5201899.7171 -2687534.5848 3374031.3064 -4688572.4479 -1990680.8386 3166715.9053 -5157396.7439  331958.1435     209.8348      91.8412
400001478 300000370                                         -2716603.5278 4074905.2917 -4074905.2917 -2050103.9020 3912146.8074 -4591494.5659 -2687534.5848 3374031.3064 -4688572.4479  332135.9111     222.0350      94.7197
400001479 300000370                                         -1346350.7175 3678298.5650 -5024649.2825 -1990680.8386 3166715.9053 -5157396.7439 -2050103.9020 3912146.8074 -4591494.5659  331417.2039     210.2311      98.1900
400001480 300000370                                         -2687534.5848 3374031.3064 -4688572.4479 -2050103.9020 3912146.8074 -4591494.5659 -1990680.8386 3166715.9053 -5157396.7439  335024.3025     213.5297      96.8837
400001481 300000371                                         -2600949.8585 5201899.7171 -2600949.8585 -1990680.8386 5157396.7439 -3166715.9053 -2687534.5848 4688572.4479 -3374031.3064  331958.1435     275.6174      82.3613
400001482 300000371                                         -1346350.7175 5024649.2825 -3678298.5650 -2050103.9020 4591494.5659 -3912146.8074 -1990680.8386 5157396.7439 -3166715.9053  331417.2039     250.3764      90.7823
400001483 300000371                                         -2716603.5278 4074905.2917 -4074905.2917 -2687534.5848 4688572.4479 -3374031.3064 -2050103.9020 4591494.5659 -3912146.8074  332135.9111     242.4735      89.9874
400001484 300000371                                         -1990680.8386 5157396.7439 -3166715.9053 -2050103.9020 4591494.5659 -3912146.8074 -2687534.5848 4688572.4479 -3374031.3064  335024.3025     255.0702      91.7608
400001485 300000372                                         -1346350.7175 3678298.5650 -5024649.2825 -2050103.9020 3912146.8074 -4591494.5659 -1361638.6226 4400885.2099 -4400885.2099  344128.0612     215.1071      99.7739
400001486 300000372                                         -2716603.5278 4074905.2917 -4074905.2917 -2050103.9020 4591494.5659 -3912146.8074 -2050103.9020 3912146.8074 -4591494.5659  343384.2298     228.3700      94.8717
400001487 300000372                                         -1346350.7175 5024649.2825 -3678298.5650 -1361638.6226 4400885.2099 -4400885.2099 -2050103.9020 4591494.5659 -3912146.8074  344128.0612     234.6116      95.9575
400001488 300000372                                         -2050103.9020 3912146.8074 -4591494.5659 -2050103.9020 4591494.5659 -3912146.8074 -1361638.6226 4400885.2099 -4400885.2099  347308.3434     224.4706      99.0775
400001489 300000373                                         -4504977.3029       0.0000 -4504977.3029 -4805928.6788  678984.1624 -4126944.5164 -4126944.5164  678984.1624 -4805928.6788  328324.9483     222.5521      85.2713
400001490 300000373                                         -5024649.2825 1346350.7175 -3678298.5650 -4400885.2099 1361638.6226 -4400885.2099 -4805928.6788  678984.1624 -4126944.5164  329212.3599     233.2362      89.9445
400001491 300000373                                         -3678298.5650 1346350.7175 -5024649.2825 -4126944.5164  678984.1624 -4805928.6788 -4400885.2099 1361638.6226 -4400885.2099  329212.3599     218.6805      95.8058
400001492 300000373                                         -4805928.6788  678984.1624 -4126944.5164 -4400885.2099 1361638.6226 -4400885.2099 -4126944.5164  678984.1624 -4805928.6788  332074.9378     223.5077      95.5755
400001493 300000374                                         -5201899.7171 2600949.8585 -2600949.8585 -4688572.4479 2687534.5848 -3374031.3064 -5157396.7439 1990680.8386 -3166715.9053  331958.1435     262.9759      74.9776
400001494 300000374                                         -4074905.2917 2716603.5278 -4074905.2917 -4591494.5659 2050103.9020 -3912146.8074 -4688572.4479 2687534.5848 -3374031.3064  332135.9111     241.7012      82.4093
400001495 300000374                                         -5024649.2825 1346350.7175 -3678298.5650 -5157396.7439 1990680.8386 -3166715.9053 -4591494.5659 2050103.9020 -3912146.8074  331417.2039     245.3614      83.8773
400001496 300000374                                         -4688572.4479 2687534.5848 -3374031.3064 -4591494.5659 2050103.9020 -3912146.8074 -5157396.7439 1990680.8386 -3166715.9053  335024.3025     251.3628      76.7963
400001497 300000375                                         -2600949.8585 2600949.8585 -5201899.7171 -3166715.9053 1990680.8386 -5157396.7439 -3374031.3064 2687534.5848 -4688572.4479  331958.1435     212.0425      89.3873
400001498 300000375                                         -3678298.5650 1346350.7175 -5024649.2825 -3912146.8074 2050103.9020 -4591494.5659 -3166715.9053 1990680.8386 -5157396.7439  331417.2039     215.6668      93.0207
400001499 300000375                                         -4074905.2917 2716603.5278 -4074905.2917 -3374031.3064 2687534.5848 -4688572.4479 -3912146.8074 2050103.9020 -4591494.5659  332135.9111     224.2106      92.8993
400001500 300000375                                         -3166715.9053 1990680.8386 -5157396.7439 -3912146.8074 2050103.9020 -4591494.5659 -3374031.3064 2687534.5848 -4688572.4479  335024.3025     217.7588      91.3110
400001501 300000376                                         -5024649.2825 1346350.7175 -3678298.5650 -4591494.5659 2050103.9020 -3912146.8074 -4400885.2099 1361638.6226 -4400885.2099  344128.0612     234.9010      90.5600
400001502 300000376                                         -4074905.2917 2716603.5278 -4074905.2917 -3912146.8074 2050103.9020 -4591494.5659 -4591494.5659 2050103.9020 -3912146.8074  343384.2298     231.7311      83.3222
400001503 300000376                                         -3678298.5650 1346350.7175 -5024649.2825 -4400885.2099 1361638.6226 -4400885.2099 -3912146.8074 2050103.9020 -4591494.5659  344128.0612     221.1668      93.8864
400001504 300000376                                         -4591494.5659 2050103.9020 -3912146.8074 -3912146.8074 2050103.9020 -4591494.5659 -4400885.2099 1361638.6226 -4400885.2099  347308.3434     228.7339      88.7155
400001505 300000377                                         -4504977.3029 4504977.3029       0.0000 -4126944.5164 4805928.6788 -678984.1624 -4805928.6788 4126944.5164 -678984.1624  328324.9483     221.2839     123.8479
400001506 300000377                                         -3678298.5650 5024649.2825 -1346350.7175 -4400885.2099 4400885.2099 -1361638.6226 -4126944.5164 4805928.6788 -678984.1624  329212.3599     284.5379      53.8139
400001507 300000377                                         -5024649.2825 3678298.5650 -1346350.7175 -4805928.6788 4126944.5164 -678984.1624 -4400885.2099 4400885.2099 -1361638.6226  329212.3599     269.2204      72.4622
400001508 300000377                                         -4126944.5164 4805928.6788 -678984.1624 -4400885.2099 4400885.2099 -1361638.6226 -4805928.6788 4126944.5164 -678984.1624  332074.9378     261.2819      74.2376
400001509 300000378                                         -2600949.8585 5201899.7171 -2600949.8585 -3374031.3064 4688572.4479 -2687534.5848 -3166715.9053 5157396.7439 -1990680.8386  331958.1435     299.1233      73.7805
400001510 300000378                                         -4074905.2917 4074905.2917 -2716603.5278 -3912146.8074 4591494.5659 -2050103.9020 -3374031.3064 4688572.4479 -2687534.5848  332135.9111     290.5136      83.7128
400001511 300000378                                         -3678298.5650 5024649.2825 -1346350.7175 -3166715.9053 5157396.7439 -1990680.8386 -3912146.8074 4591494.5659 -2050103.9020  331417.2039     301.1969      70.2388
400001512 300000378                                         -3374031.3064 4688572.4479 -2687534.5848 -3912146.8074 4591494.5659 -2050103.9020 -3166715.9053 5157396.7439 -1990680.8386  335024.3025     300.3845      80.8973
400001513 300000379                                         -5201899.7171 2600949.8585 -2600949.8585 -5157396.7439 3166715.9053 -1990680.8386 -4688572.4479 3374031.3064 -2687534.5848  331958.1435     282.1792      76.0082
400001514 300000379                                         -5024649.2825 3678298.5650 -1346350.7175 -4591494.5659 3912146.8074 -2050103.9020 -5157396.7439 3166715.9053 -1990680.8386  331417.2039     292.3667      74.5085
400001515 300000379                                         -4074905.2917 4074905.2917 -2716603.5278 -4688572.4479 3374031.3064 -2687534.5848 -4591494.5659 3912146.8074 -2050103.9020  332135.9111     290.2303      91.3718
400001516 300000379                                         -5157396.7439 3166715.9053 -1990680.8386 -4591494.5659 3912146.8074 -2050103.9020 -4688572.4479 3374031.3064 -2687534.5848  335024.3025     292.3346      80.2224
400001517 300000380                                         -3678298.5650 5024649.2825 -1346350.7175 -3912146.8074 4591494.5659 -2050103.9020 -4400885.2099 4400885.2099 -1361638.6226  344128.0612     298.7987      69.0329
400001518 300000380                                         -4074905.2917 4074905.2917 -2716603.5278 -4591494.5659 3912146.8074 -2050103.9020 -3912146.8074 4591494.5659 -2050103.9020  343384.2298     294.2289      84.6572
400001519 300000380                                         -5024649.2825 3678298.5650 -1346350.7175 -4400885.2099 4400885.2099 -1361638.6226 -4591494.5659 3912146.8074 -2050103.9020  344128.0612     292.0049      54.5596
400001520 300000380                                         -3912146.8074 4591494.5659 -2050103.9020 -4591494.5659 3912146.8074 -2050103.9020 -4400885.2099 4400885.2099 -1361638.6226  347308.3434     301.1725      74.5719
400001521 300000381                                         -2600949.8585 2600949.8585 -5201899.7171 -3374031.3064 2687534.5848 -4688572.4479 -2687534.5848 3374031.3064 -4688572.4479  387995.8446     213.9860      92.8006
400001522 300000381                                         -4074905.2917 2716603.5278 -4074905.2917 -3435012.9904 3435012.9904 -4122015.5885 -3374031.3064 2687534.5848 -4688572.4479  388281.7658     228.5360      88.7922
400001523 300000381                                         -2716603.5278 4074905.2917 -4074905.2917 -2687534.5848 3374031.3064 -4688572.4479 -3435012.9904 3435012.9904 -4122015.5885  388281.7658     226.5581      91.4058
400001524 300000381                                         -3374031.3064 2687534.5848 -4688572.4479 -3435012.9904 3435012.9904 -4122015.5885 -2687534.5848 3374031.3064 -4688572.4479  392517.4362     222.8444      92.0687
400001525 300000382                                         -5201899.7171 2600949.8585 -2600949.8585 -4688572.4479 3374031.3064 -2687534.5848 -4688572.4479 2687534.5848 -3374031.3064  387995.8446     270.3641      83.1857
400001526 300000382                                         -4074905.2917 4074905.2917 -2716603.5278 -4122015.5885 3435012.9904 -3435012.9904 -4688572.4479 3374031.3064 -2687534.5848  388281.7658     277.4044      99.6507
400001527 300000382                                         -4074905.2917 2716603.5278 -4074905.2917 -4688572.4479 2687534.5848 -3374031.3064 -4122015.5885 3435012.9904 -3435012.9904  388281.7658     248.9003      93.8653
400001528 300000382                                         -4688572.4479 3374031.3064 -2687534.5848 -4122015.5885 3435012.9904 -3435012.9904 -4688572.4479 2687534.5848 -3374031.3064  392517.4362     268.9437      86.2734
400001529 300000383                                         -2600949.8585 5201899.7171 -2600949.8585 -2687534.5848 4688572.4479 -3374031.3064 -3374031.3064 4688572.4479 -2687534.5848  387995.8446     284.1621      75.3347
400001530 300000383                                         -2716603.5278 4074905.2917 -4074905.2917 -3435012.9904 4122015.5885 -3435012.9904 -2687534.5848 4688572.4479 -3374031.3064  388281.7658     249.1394      80.7545
400001531 300000383                                         -4074905.2917 4074905.2917 -2716603.5278 -3374031.3064 4688572.4479 -2687534.5848 -3435012.9904 4122015.5885 -3435012.9904  388281.7658     278.0972      81.2953
400001532 300000383                                         -2687534.5848 4688572.4479 -3374031.3064 -3435012.9904 4122015.5885 -3435012.9904 -3374031.3064 4688572.4479 -2687534.5848  392517.4362     270.8204      82.9827
400001533 300000384                                         -4074905.2917 2716603.5278 -4074905.2917 -4122015.5885 3435012.9904 -3435012.9904 -3435012.9904 3435012.9904 -4122015.5885  405996.4825     239.4271      92.7361
400001534 300000384                                         -4074905.2917 4074905.2917 -2716603.5278 -3435012.9904 4122015.5885 -3435012.9904 -4122015.5885 3435012.9904 -3435012.9904  405996.4825     270.2386      87.1689
400001535 300000384                                         -2716603.5278 4074905.2917 -4074905.2917 -3435012.9904 3435012.9904 -4122015.5885 -3435012.9904 4122015.5885 -3435012.9904  405996.4825     239.2507      84.7286
400001536 300000384                                         -4122015.5885 3435012.9904 -3435012.9904 -3435012.9904 4122015.5885 -3435012.9904 -3435012.9904 3435012.9904 -4122015.5885  410731.3740     246.9879      82.9806
400001537 300000385                                         -6371000.0000       0.0000       0.0000 -6340321.8936       0.0000 -624467.2010 -6340321.8936 -624467.2010       0.0000  195921.5441     276.6541      58.2618
400001538 300000385                                         -6248583.0214       0.0000 -1242920.4416 -6308900.9250 -627459.2093 -627459.2093 -6340321.8936       0.0000 -624467.2010  196860.2699     268.3989      68.8881
400001539 300000385                                         -6248583.0214 -1242920.4416       0.0000 -6340321.8936 -624467.2010       0.0000 -6308900.9250 -627459.2093 -627459.2093  196860.2699     284.2573      55.9972
400001540 300000385                                         -6340321.8936       0.0000 -624467.2010 -6308900.9250 -627459.2093 -627459.2093 -6340321.8936 -624467.2010       0.0000  197817.4310     279.1728      59.7001
400001541 300000386                                         -5886036.5016       0.0000 -2438076.1476 -6056845.8882 -639129.1082 -1869698.6039 -6096666.8789       0.0000 -1849403.6788  200521.8161     260.2935      91.0357
400001542 300000386                                         -6114140.2800 -1266279.9131 -1266279.9131 -6212473.2151 -636326.6289 -1260914.7366 -6056845.8882 -639129.1082 -1869698.6039  200560.6406     267.0607      79.0944
400001543 300000386                                         -6248583.0214       0.0000 -1242920.4416 -6096666.8789       0.0000 -1849403.6788 -6212473.2151 -636326.6289 -1260914.7366  199642.5528     264.5842      79.0517
400001544 300000386                                         -6056845.8882 -639129.1082 -1869698.6039 -6212473.2151 -636326.6289 -1260914.7366 -6096666.8789       0.0000 -1849403.6788  201535.9727     264.5693      82.9634
400001545 300000387                                         -5886036.5016 -2438076.1476       0.0000 -6096666.8789 -1849403.6788       0.0000 -6056845.8882 -1869698.6039 -639129.1082  200521.8161     293.2906      53.7721
400001546 300000387                                         -6248583.0214 -1242920.4416       0.0000 -6212473.2151 -1260914.7366 -636326.6289 -6096666.8789 -1849403.6788       0.0000  199642.5528     290.1571      55.3400
400001547 300000387                                         -6114140.2800 -1266279.9131 -1266279.9131 -6056845.8882 -1869698.6039 -639129.1082 -6212473.2151 -1260914.7366 -636326.6289  200560.6406     283.5330      63.5932
400001548 300000387                                         -6096666.8789 -1849403.6788       0.0000 -6212473.2151 -1260914.7366 -636326.6289 -6056845.8882 -1869698.6039 -639129.1082  201535.9727     293.0802      53.9610
400001549 300000388                                         -6248583.0214       0.0000 -1242920.4416 -6212473.2151 -636326.6289 -1260914.7366 -6308900.9250 -627459.2093 -627459.2093  204548.8197     266.6764      73.7644
400001550 300000388                                         -6114140.2800 -1266279.9131 -1266279.9131 -6212473.2151 -1260914.7366 -636326.6289 -6212473.2151 -636326.6289 -1260914.7366  203612.8458     272.5059      74.3623
400001551 300000388                                         -6248583.0214 -1242920.4416       0.0000 -6308900.9250 -627459.2093 -627459.2093 -6212473.2151 -1260914.7366 -636326.6289  204548.8197     287.6211      56.7115
400001552 300000388                                         -6212473.2151 -636326.6289 -1260914.7366 -6212473.2151 -1260914.7366 -636326.6289 -6308900.9250 -627459.2093 -627459.2093  205583.5447     276.3646      67.2751
400001553 300000389                                         -4504977.3029       0.0000 -4504977.3029 -4805928.6788 -678984.1624 -4126944.5164 -4924849.5984       0.0000 -4041719.6134  213029.7505     230.9715      88.0430
400001554 300000389                                         -5024649.2825 -1346350.7175 -3678298.5650 -5191537.9595 -677162.3725 -3630292.7893 -4805928.6788 -678984.1624 -4126944.5164  213259.5913     233.4543      95.1902
400001555 300000389                                         -5297292.9000       0.0000 -3539537.9546 -4924849.5984       0.0000 -4041719.6134 -5191537.9595 -677162.3725 -3630292.7893  212458.1628     238.1942      84.9871
400001556 300000389                                         -4805928.6788 -678984.1624 -4126944.5164 -5191537.9595 -677162.3725 -3630292.7893 -4924849.5984       0.0000 -4041719.6134  214297.3599     235.0809      87.9108
400001557 300000390                                         -5201899.7171 -2600949.8585 -2600949.8585 -5468063.2517 -1976963.3461 -2604139.2443 -5157396.7439 -1990680.8386 -3166715.9053  213953.8407     238.3469     101.3141
400001558 300000390                                         -5672228.9398 -1330561.6814 -2577802.4491 -5375502.5311 -1345228.8674 -3143878.6287 -5468063.2517 -1976963.3461 -2604139.2443  213196.7862     238.7580     106.5517
400001559 300000390                                         -5024649.2825 -1346350.7175 -3678298.5650 -5157396.7439 -1990680.8386 -3166715.9053 -5375502.5311 -1345228.8674 -3143878.6287  213817.3983     235.5298      99.4643
400001560 300000390                                         -5468063.2517 -1976963.3461 -2604139.2443 -5375502.5311 -1345228.8674 -3143878.6287 -5157396.7439 -1990680.8386 -3166715.9053  215042.4187     234.5915     107.2384
400001561 300000391                                         -5886036.5016       0.0000 -2438076.1476 -5618720.3752       0.0000 -3003268.6103 -5812081.9155 -669073.8784 -2522238.0841  209920.2574     248.7606      96.2791
400001562 300000391                                         -5297292.9000       0.0000 -3539537.9546 -5533298.6915 -671168.2896 -3085738.1156 -5618720.3752       0.0000 -3003268.6103  210577.3796     242.4758      89.8542
400001563 300000391                                         -5672228.9398 -1330561.6814 -2577802.4491 -5812081.9155 -669073.8784 -2522238.0841 -5533298.6915 -671168.2896 -3085738.1156  210758.2000     242.4558     102.7144
400001564 300000391                                         -5618720.3752       0.0000 -3003268.6103 -5533298.6915 -671168.2896 -3085738.1156 -5812081.9155 -669073.8784 -2522238.0841  211783.6604     241.6896      98.6645
400001565 300000392                                         -5024649.2825 -1346350.7175 -3678298.5650 -5375502.5311 -1345228.8674 -3143878.6287 -5191537.9595 -677162.3725 -3630292.7893  217445.2803     235.2694      96.6844
400001566 300000392                                         -5672228.9398 -1330561.6814 -2577802.4491 -5533298.6915 -671168.2896 -3085738.1156 -5375502.5311 -1345228.8674 -3143878.6287  218077.9738     237.5864     104.6672
400001567 300000392                                         -5297292.9000       0.0000 -3539537.9546 -5191537.9595 -677162.3725 -3630292.7893 -5533298.6915 -671168.2896 -3085738.1156  218265.1507     239.0957      90.5986
400001568 300000392                                         -5375502.5311 -1345228.8674 -3143878.6287 -5533298.6915 -671168.2896 -3085738.1156 -5191537.9595 -677162.3725 -3630292.7893  219375.9096     236.7156      95.9712
400001569 300000393                                         -4504977.3029 -4504977.3029       0.0000 -4924849.5984 -4041719.6134       0.0000 -4805928.6788 -4126944.5164 -678984.1624  213029.7505     294.7639      48.7779
400001570 300000393                                         -5297292.9000 -3539537.9546       0.0000 -5191537.9595 -3630292.7893 -677162.3725 -4924849.5984 -4041719.6134       0.0000  212458.1628     295.1720      49.0874
400001571 300000393                                         -5024649.2825 -3678298.5650 -1346350.7175 -4805928.6788 -4126944.5164 -678984.1624 -5191537.9595 -3630292.7893 -677162.3725  213259.5913     298.2699      52.5278
400001572 300000393                                         -4924849.5984 -4041719.6134       0.0000 -5191537.9595 -3630292.7893 -677162.3725 -4805928.6788 -4126944.5164 -678984.1624  214297.3599     297.6260      49.1201
400001573 300000394                                         -5886036.5016 -2438076.1476       0.0000 -5812081.9155 -2522238.0841 -669073.8784 -5618720.3752 -3003268.6103       0.0000  209920.2574     294.5508      53.9813
400001574 300000394                                         -5672228.9398 -2577802.4491 -1330561.6814 -5533298.6915 -3085738.1156 -671168.2896 -5812081.9155 -2522238.0841 -669073.8784  210758.2000     295.2300      58.9377
400001575 300000394                                         -5297292.9000 -3539537.9546       0.0000 -5618720.3752 -3003268.6103       0.0000 -5533298.6915 -3085738.1156 -671168.2896  210577.3796     294.7655      50.4951
400001576 300000394                                         -5812081.9155 -2522238.0841 -669073.8784 -5533298.6915 -3085738.1156 -671168.2896 -5618720.3752 -3003268.6103       0.0000  211783.6604     297.0960      52.5751
400001577 300000395                                         -5201899.7171 -2600949.8585 -2600949.8585 -5157396.7439 -3166715.9053 -1990680.8386 -5468063.2517 -2604139.2443 -1976963.3461  213953.8407     262.5919      81.7762
400001578 300000395                                         -5024649.2825 -3678298.5650 -1346350.7175 -5375502.5311 -3143878.6287 -1345228.8674 -5157396.7439 -3166715.9053 -1990680.8386  213817.3983     285.2393      65.8563
400001579 300000395                                         -5672228.9398 -2577802.4491 -1330561.6814 -5468063.2517 -2604139.2443 -1976963.3461 -5375502.5311 -3143878.6287 -1345228.8674  213196.7862     283.2849      68.5716
400001580 300000395                                         -5157396.7439 -3166715.9053 -1990680.8386 -5375502.5311 -3143878.6287 -1345228.8674 -5468063.2517 -2604139.2443 -1976963.3461  215042.4187     278.2328      72.3102
400001581 300000396                                         -5297292.9000 -3539537.9546       0.0000 -5533298.6915 -3085738.1156 -671168.2896 -5191537.9595 -3630292.7893 -677162.3725  218265.1507     297.5055      48.8346
400001582 300000396                                         -5672228.9398 -2577802.4491 -1330561.6814 -5375502.5311 -3143878.6287 -1345228.8674 -5533298.6915 -3085738.1156 -671168.2896  218077.9738     292.2889      62.7616
400001583 300000396                                         -5024649.2825 -3678298.5650 -1346350.7175 -5191537.9595 -3630292.7893 -677162.3725 -5375502.5311 -3143878.6287 -1345228.8674  217445.2803     294.4528      57.8242
400001584 300000396                                         -5533298.6915 -3085738.1156 -671168.2896 -5375502.5311 -3143878.6287 -1345228.8674 -5191537.9595 -3630292.7893 -677162.3725  219375.9096     296.6230      55.5643
400001585 300000397                                         -5886036.5016       0.0000 -2438076.1476 -5812081.9155 -669073.8784 -2522238.0841 -6056845.8882 -639129.1082 -1869698.6039  232651.5371     254.9305      94.2369
400001586 300000397                                         -5672228.9398 -1330561.6814 -2577802.4491 -5928333.1219 -1306164.9224 -1933504.7432 -5812081.9155 -669073.8784 -2522238.0841  231845.9895     251.1397      96.4557
400001587 300000397                                         -6114140.2800 -1266279.9131 -1266279.9131 -6056845.8882 -639129.1082 -1869698.6039 -5928333.1219 -1306164.9224 -1933504.7432  232712.3450     266.1202      81.7402
400001588 300000397                                         -5812081.9155 -669073.8784 -2522238.0841 -5928333.1219 -1306164.9224 -1933504.7432 -6056845.8882 -639129.1082 -1869698.6039  234046.8072     257.1991      91.4043
400001589 300000398                                         -5201899.7171 -2600949.8585 -2600949.8585 -5468063.2517 -2604139.2443 -1976963.3461 -5468063.2517 -1976963.3461 -2604139.2443  228300.1373     253.6484      88.5240
400001590 300000398                                         -5672228.9398 -2577802.4491 -1330561.6814 -5727370.1528 -1973179.1775 -1973179.1775 -5468063.2517 -2604139.2443 -1976963.3461  229212.6770     275.0499      75.7891
400001591 300000398                                         -5672228.9398 -1330561.6814 -2577802.4491 -5468063.2517 -1976963.3461 -2604139.2443 -5727370.1528 -1973179.1775 -1973179.1775  229212.6770     249.8502      94.7529
400001592 300000398                                         -5468063.2517 -2604139.2443 -1976963.3461 -5727370.1528 -1973179.1775 -1973179.1775 -5468063.2517 -1976963.3461 -2604139.2443  230526.8451     259.3030      85.7468
400001593 300000399                                         -5886036.5016 -2438076.1476       0.0000 -6056845.8882 -1869698.6039 -639129.1082 -5812081.9155 -2522238.0841 -669073.8784  232651.5371     296.2583      52.8654
400001594 300000399                                         -6114140.2800 -1266279.9131 -1266279.9131 -5928333.1219 -1933504.7432 -1306164.9224 -6056845.8882 -1869698.6039 -639129.1082  232712.3450     280.5065      69.8951
400001595 300000399                                         -5672228.9398 -2577802.4491 -1330561.6814 -5812081.9155 -2522238.0841 -669073.8784 -5928333.1219 -1933504.7432 -1306164.9224  231845.9895     288.2176      65.8719
400001596 300000399                                         -6056845.8882 -1869698.6039 -639129.1082 -5928333.1219 -1933504.7432 -1306164.9224 -5812081.9155 -2522238.0841 -669073.8784  234046.8072     290.5672      60.3763
400001597 300000400                                         -5672228.9398 -1330561.6814 -2577802.4491 -5727370.1528 -1973179.1775 -1973179.1775 -5928333.1219 -1306164.9224 -1933504.7432  238189.0310     256.0859      91.4550
400001598 300000400                                         -5672228.9398 -2577802.4491 -1330561.6814 -5928333.1219 -1933504.7432 -1306164.9224 -5727370.1528 -1973179.1775 -1973179.1775  238189.0310     279.2653      71.1080
400001599 300000400                                         -6114140.2800 -1266279.9131 -1266279.9131 -5928333.1219 -1306164.9224 -1933504.7432 -5928333.1219 -1933504.7432 -1306164.9224  237302.7613     271.9614      76.2432
400001600 300000400                                         -5727370.1528 -1973179.1775 -1973179.1775 -5928333.1219 -1933504.7432 -1306164.9224 -5928333.1219 -1306164.9224 -1933504.7432  239617.8861     269.8437      77.5223
400001601 300000401                                               0.0000       0.0000 -6371000.0000       0.0000 -624467.2010 -6340321.8936 -624467.2010       0.0000 -6340321.8936  195921.5441     131.9744      12.9823
400001602 300000401                                               0.0000 -1242920.4416 -6248583.0214 -627459.2093 -627459.2093 -6308900.9250       0.0000 -624467.2010 -6340321.8936  196860.2699     144.7295      28.4106
400001603 300000401                                         -1242920.4416       0.0000 -6248583.0214 -624467.2010       0.0000 -6340321.8936 -627459.2093 -627459.2093 -6308900.9250  196860.2699     156.3741      27.4142
400001604 300000401                                               0.0000 -624467.2010 -6340321.8936 -627459.2093 -627459.2093 -6308900.9250 -624467.2010       0.0000 -6340321.8936  197817.4310     151.4791      19.6106
400001605 300000402                                               0.0000 -2438076.1476 -5886036.5016 -639129.1082 -1869698.6039 -6056845.8882       0.0000 -1849403.6788 -6096666.8789  200521.8161     172.6514      77.9689
400001606 300000402                                         -1266279.9131 -1266279.9131 -6114140.2800 -636326.6289 -1260914.7366 -6212473.2151 -639129.1082 -1869698.6039 -6056845.8882  200560.6406     162.1588      63.2611
400001607 300000402                                               0.0000 -1242920.4416 -6248583.0214       0.0000 -1849403.6788 -6096666.8789 -636326.6289 -1260914.7366 -6212473.2151  199642.5528     150.5657      54.4183
400001608 300000402                                         -639129.1082 -1869698.6039 -6056845.8882 -636326.6289 -1260914.7366 -6212473.2151       0.0000 -1849403.6788 -6096666.8789  201535.9727     160.8855      64.2515
400001609 300000403                                         -2438076.1476       0.0000 -5886036.5016 -1849403.6788       0.0000 -6096666.8789 -1869698.6039 -639129.1082 -6056845.8882  200521.8161     178.0074      75.4695
400001610 300000403                                         -1242920.4416       0.0000 -6248583.0214 -1260914.7366 -636326.6289 -6212473.2151 -1849403.6788       0.0000 -6096666.8789  199642.5528     172.1802      49.2055
400001611 300000403                                         -1266279.9131 -1266279.9131 -6114140.2800 -1869698.6039 -639129.1082 -6056845.8882 -1260914.7366 -636326.6289 -6212473.2151  200560.6406     172.3082      61.2788
400001612 300000403                                         -1849403.6788       0.0000 -6096666.8789 -1260914.7366 -636326.6289 -6212473.2151 -1869698.6039 -639129.1082 -6056845.8882  201535.9727     174.2918      61.2808
400001613 300000404                                               0.0000 -1242920.4416 -6248583.0214 -636326.6289 -1260914.7366 -6212473.2151 -627459.2093 -627459.2093 -6308900.9250  204548.8197     147.6180      39.0979
400001614 300000404                                         -1266279.9131 -1266279.9131 -6114140.2800 -1260914.7366 -636326.6289 -6212473.2151 -636326.6289 -1260914.7366 -6212473.2151  203612.8458     155.9310      54.7407
400001615 300000404                                         -1242920.4416       0.0000 -6248583.0214 -627459.2093 -627459.2093 -6308900.9250 -1260914.7366 -636326.6289 -6212473.2151  204548.8197     158.8874      37.2706
400001616 300000404                                         -636326.6289 -1260914.7366 -6212473.2151 -1260914.7366 -636326.6289 -6212473.2151 -627459.2093 -627459.2093 -6308900.9250  205583.5447     154.1306      40.8589
400001617 300000405                                               0.0000 -4504977.3029 -4504977.3029 -678984.1624 -4126944.5164 -4805928.6788       0.0000 -4041719.6134 -4924849.5984  213029.7505     214.1466      93.4699
400001618 300000405                                         -1346350.7175 -3678298.5650 -5024649.2825 -677162.3725 -3630292.7893 -5191537.9595 -678984.1624 -4126944.5164 -4805928.6788  213259.5913     208.2140      92.3551
400001619 300000405                                               0.0000 -3539537.9546 -5297292.9000       0.0000 -4041719.6134 -4924849.5984 -677162.3725 -3630292.7893 -5191537.9595  212458.1628     205.5733      88.3240
400001620 300000405                                         -678984.1624 -4126944.5164 -4805928.6788 -677162.3725 -3630292.7893 -5191537.9595       0.0000 -4041719.6134 -4924849.5984  214297.3599     209.2976      90.7648
400001621 300000406                                         -2600949.8585 -2600949.8585 -5201899.7171 -1976963.3461 -2604139.2443 -5468063.2517 -1990680.8386 -3166715.9053 -5157396.7439  213953.8407     200.6346      95.1693
400001622 300000406                                         -1330561.6814 -2577802.4491 -5672228.9398 -1345228.8674 -3143878.6287 -5375502.5311 -1976963.3461 -2604139.2443 -5468063.2517  213196.7862     193.2729      91.0240
400001623 300000406                                         -1346350.7175 -3678298.5650 -5024649.2825 -1990680.8386 -3166715.9053 -5157396.7439 -1345228.8674 -3143878.6287 -5375502.5311  213817.3983     204.1107      93.8983
400001624 300000406                                         -1976963.3461 -2604139.2443 -5468063.2517 -1345228.8674 -3143878.6287 -5375502.5311 -1990680.8386 -3166715.9053 -5157396.7439  215042.4187     199.2212      93.8958
400001625 300000407                                               0.0000 -2438076.1476 -5886036.5016       0.0000 -3003268.6103 -5618720.3752 -669073.8784 -2522238.0841 -5812081.9155  209920.2574     187.3827      77.8545
400001626 300000407                                               0.0000 -3539537.9546 -5297292.9000 -671168.2896 -3085738.1156 -5533298.6915       0.0000 -3003268.6103 -5618720.3752  210577.3796     197.7614      84.6737
400001627 300000407                                         -1330561.6814 -2577802.4491 -5672228.9398 -669073.8784 -2522238.0841 -5812081.9155 -671168.2896 -3085738.1156 -5533298.6915  210758.2000     189.2239      82.9769
400001628 300000407                                               0.0000 -3003268.6103 -5618720.3752 -671168.2896 -3085738.1156 -5533298.6915 -669073.8784 -2522238.0841 -5812081.9155  211783.6604     191.5717      81.9260
400001629 300000408                                         -1346350.7175 -3678298.5650 -5024649.2825 -1345228.8674 -3143878.6287 -5375502.5311 -677162.3725 -3630292.7893 -5191537.9595  217445.2803     203.2771      92.7528
400001630 300000408                                         -1330561.6814 -2577802.4491 -5672228.9398 -671168.2896 -3085738.1156 -5533298.6915 -1345228.8674 -3143878.6287 -5375502.5311  218077.9738     193.8692      87.6492
400001631 300000408                                               0.0000 -3539537.9546 -5297292.9000 -677162.3725 -3630292.7893 -5191537.9595 -671168.2896 -3085738.1156 -5533298.6915  218265.1507     200.7300      86.4190
400001632 300000408                                         -1345228.8674 -3143878.6287 -5375502.5311 -671168.2896 -3085738.1156 -5533298.6915 -677162.3725 -3630292.7893 -5191537.9595  219375.9096     199.1598      88.5738
400001633 300000409                                         -4504977.3029       0.0000 -4504977.3029 -4041719.6134       0.0000 -4924849.5984 -4126944.5164 -678984.1624 -4805928.6788  213029.7505     221.5667      93.2671
400001634 300000409                                         -3539537.9546       0.0000 -5297292.9000 -3630292.7893 -677162.3725 -5191537.9595 -4041719.6134       0.0000 -4924849.5984  212458.1628     211.4543      93.2003
400001635 300000409                                         -3678298.5650 -1346350.7175 -5024649.2825 -4126944.5164 -678984.1624 -4805928.6788 -3630292.7893 -677162.3725 -5191537.9595  213259.5913     214.3680      94.3257
400001636 300000409                                         -4041719.6134       0.0000 -4924849.5984 -3630292.7893 -677162.3725 -5191537.9595 -4126944.5164 -678984.1624 -4805928.6788  214297.3599     215.5301      95.7834
400001637 300000410                                         -2438076.1476       0.0000 -5886036.5016 -2522238.0841 -669073.8784 -5812081.9155 -3003268.6103       0.0000 -5618720.3752  209920.2574     185.9724      92.3131
400001638 300000410                                         -2577802.4491 -1330561.6814 -5672228.9398 -3085738.1156 -671168.2896 -5533298.6915 -2522238.0841 -669073.8784 -5812081.9155  210758.2000     189.5134      93.9084
400001639 300000410                                         -3539537.9546       0.0000 -5297292.9000 -3003268.6103       0.0000 -5618720.3752 -3085738.1156 -671168.2896 -5533298.6915  210577.3796     198.2287      89.0470
400001640 300000410                                         -2522238.0841 -669073.8784 -5812081.9155 -3085738.1156 -671168.2896 -5533298.6915 -3003268.6103       0.0000 -5618720.3752  211783.6604     190.1634      90.2309
400001641 300000411                                         -2600949.8585 -2600949.8585 -5201899.7171 -3166715.9053 -1990680.8386 -5157396.7439 -2604139.2443 -1976963.3461 -5468063.2517  213953.8407     200.9968      95.9311
400001642 300000411                                         -3678298.5650 -1346350.7175 -5024649.2825 -3143878.6287 -1345228.8674 -5375502.5311 -3166715.9053 -1990680.8386 -5157396.7439  213817.3983     207.5244      93.2079
400001643 300000411                                         -2577802.4491 -1330561.6814 -5672228.9398 -2604139.2443 -1976963.3461 -5468063.2517 -3143878.6287 -1345228.8674 -5375502.5311  213196.7862     194.4996      92.6316
400001644 300000411                                         -3166715.9053 -1990680.8386 -5157396.7439 -3143878.6287 -1345228.8674 -5375502.5311 -2604139.2443 -1976963.3461 -5468063.2517  215042.4187     200.8046      91.9532
400001645 300000412                                         -3539537.9546       0.0000 -5297292.9000 -3085738.1156 -671168.2896 -5533298.6915 -3630292.7893 -677162.3725 -5191537.9595  218265.1507     204.1875      89.7916
400001646 300000412                                         -2577802.4491 -1330561.6814 -5672228.9398 -3143878.6287 -1345228.8674 -5375502.5311 -3085738.1156 -671168.2896 -5533298.6915  218077.9738     194.3907      90.9614
400001647 300000412                                         -3678298.5650 -1346350.7175 -5024649.2825 -3630292.7893 -677162.3725 -5191537.9595 -3143878.6287 -1345228.8674 -5375502.5311  217445.2803     208.5210      91.8646
400001648 300000412                                         -3085738.1156 -671168.2896 -5533298.6915 -3143878.6287 -1345228.8674 -5375502.5311 -3630292.7893 -677162.3725 -5191537.9595  219375.9096     202.2684      90.1602
400001649 300000413                                               0.0000 -2438076.1476 -5886036.5016 -669073.8784 -2522238.0841 -5812081.9155 -639129.1082 -1869698.6039 -6056845.8882  232651.5371     180.0871      79.6895
400001650 300000413                                         -1330561.6814 -2577802.4491 -5672228.9398 -1306164.9224 -1933504.7432 -5928333.1219 -669073.8784 -2522238.0841 -5812081.9155  231845.9895     184.0999      83.8431
400001651 300000413                                         -1266279.9131 -1266279.9131 -6114140.2800 -639129.1082 -1869698.6039 -6056845.8882 -1306164.9224 -1933504.7432 -5928333.1219  232712.3450     174.4033      75.5778
400001652 300000413                                         -669073.8784 -2522238.0841 -5812081.9155 -1306164.9224 -1933504.7432 -5928333.1219 -639129.1082 -1869698.6039 -6056845.8882  234046.8072     178.8245      82.0875
400001653 300000414                                         -2600949.8585 -2600949.8585 -5201899.7171 -2604139.2443 -1976963.3461 -5468063.2517 -1976963.3461 -2604139.2443 -5468063.2517  228300.1373     197.1782      92.7170
400001654 300000414                                         -2577802.4491 -1330561.6814 -5672228.9398 -1973179.1775 -1973179.1775 -5727370.1528 -2604139.2443 -1976963.3461 -5468063.2517  229212.6770     189.0246     101.5128
400001655 300000414                                         -1330561.6814 -2577802.4491 -5672228.9398 -1976963.3461 -2604139.2443 -5468063.2517 -1973179.1775 -1973179.1775 -5727370.1528  229212.6770     189.9715      88.4253
400001656 300000414                                         -2604139.2443 -1976963.3461 -5468063.2517 -1973179.1775 -1973179.1775 -5727370.1528 -1976963.3461 -2604139.2443 -5468063.2517  230526.8451     192.0560      91.2777
400001657 300000415                                         -2438076.1476       0.0000 -5886036.5016 -1869698.6039 -639129.1082 -6056845.8882 -2522238.0841 -669073.8784 -5812081.9155  232651.5371     179.8886      87.1411
400001658 300000415                                         -1266279.9131 -1266279.9131 -6114140.2800 -1933504.7432 -1306164.9224 -5928333.1219 -1869698.6039 -639129.1082 -6056845.8882  232712.3450     176.5328      74.5005
400001659 300000415                                         -2577802.4491 -1330561.6814 -5672228.9398 -2522238.0841 -669073.8784 -5812081.9155 -1933504.7432 -1306164.9224 -5928333.1219  231845.9895     183.8112      96.8151
400001660 300000415                                         -1869698.6039 -639129.1082 -6056845.8882 -1933504.7432 -1306164.9224 -5928333.1219 -2522238.0841 -669073.8784 -5812081.9155  234046.8072     179.2782      85.7928
400001661 300000416                                         -1330561.6814 -2577802.4491 -5672228.9398 -1973179.1775 -1973179.1775 -5727370.1528 -1306164.9224 -1933504.7432 -5928333.1219  238189.0310     185.4426      88.3438
400001662 300000416                                         -2577802.4491 -1330561.6814 -5672228.9398 -1933504.7432 -1306164.9224 -5928333.1219 -1973179.1775 -1973179.1775 -5727370.1528  238189.0310     183.6861     100.1367
400001663 300000416                                         -1266279.9131 -1266279.9131 -6114140.2800 -1306164.9224 -1933504.7432 -5928333.1219 -1933504.7432 -1306164.9224 -5928333.1219  237302.7613     177.3522      80.1699
400001664 300000416                                         -1973179.1775 -1973179.1775 -5727370.1528 -1933504.7432 -1306164.9224 -5928333.1219 -1306164.9224 -1933504.7432 -5928333.1219  239617.8861     180.7280      92.6588
400001665 300000417                                               0.0000 -6371000.0000       0.0000 -624467.2010 -6340321.8936       0.0000       0.0000 -6340321.8936 -624467.2010  195921.5441     274.9416      88.3704
400001666 300000417                                         -1242920.4416 -6248583.0214       0.0000 -627459.2093 -6308900.9250 -627459.2093 -624467.2010 -6340321.8936       0.0000  196860.2699     277.9583      87.2822
400001667 300000417                                               0.0000 -6248583.0214 -1242920.4416       0.0000 -6340321.8936 -624467.2010 -627459.2093 -6308900.9250 -627459.2093  196860.2699     279.2337     106.1888
400001668 300000417                                         -624467.2010 -6340321.8936       0.0000 -627459.2093 -6308900.9250 -627459.2093       0.0000 -6340321.8936 -624467.2010  197817.4310     278.0679      90.1868
400001669 300000418                                         -2438076.1476 -5886036.5016       0.0000 -1869698.6039 -6056845.8882 -639129.1082 -1849403.6788 -6096666.8789       0.0000  200521.8161     281.3117      72.4742
400001670 300000418                                         -1266279.9131 -6114140.2800 -1266279.9131 -1260914.7366 -6212473.2151 -636326.6289 -1869698.6039 -6056845.8882 -639129.1082  200560.6406     285.1415      91.4154
400001671 300000418                                         -1242920.4416 -6248583.0214       0.0000 -1849403.6788 -6096666.8789       0.0000 -1260914.7366 -6212473.2151 -636326.6289  199642.5528     279.6132      82.9472
400001672 300000418                                         -1869698.6039 -6056845.8882 -639129.1082 -1260914.7366 -6212473.2151 -636326.6289 -1849403.6788 -6096666.8789       0.0000  201535.9727     282.6134      79.7497
400001673 300000419                                               0.0000 -5886036.5016 -2438076.1476       0.0000 -6096666.8789 -1849403.6788 -639129.1082 -6056845.8882 -1869698.6039  200521.8161     275.8567     106.3955
400001674 300000419                                               0.0000 -6248583.0214 -1242920.4416 -636326.6289 -6212473.2151 -1260914.7366       0.0000 -6096666.8789 -1849403.6788  199642.5528     280.6874     107.5597
400001675 300000419                                         -1266279.9131 -6114140.2800 -1266279.9131 -639129.1082 -6056845.8882 -1869698.6039 -636326.6289 -6212473.2151 -1260914.7366  200560.6406     283.6430      97.9522
400001676 300000419                                               0.0000 -6096666.8789 -1849403.6788 -636326.6289 -6212473.2151 -1260914.7366 -639129.1082 -6056845.8882 -1869698.6039  201535.9727     280.6910     104.1513
400001677 300000420                                         -1242920.4416 -6248583.0214       0.0000 -1260914.7366 -6212473.2151 -636326.6289 -627459.2093 -6308900.9250 -627459.2093  204548.8197     281.1532      88.0312
400001678 300000420                                         -1266279.9131 -6114140.2800 -1266279.9131 -636326.6289 -6212473.2151 -1260914.7366 -1260914.7366 -6212473.2151 -636326.6289  203612.8458     284.6868      98.2868
400001679 300000420                                               0.0000 -6248583.0214 -1242920.4416 -627459.2093 -6308900.9250 -627459.2093 -636326.6289 -6212473.2151 -1260914.7366  204548.8197     281.7486     105.0896
400001680 300000420                                         -1260914.7366 -6212473.2151 -636326.6289 -636326.6289 -6212473.2151 -1260914.7366 -627459.2093 -6308900.9250 -627459.2093  205583.5447     282.9271      99.5889
400001681 300000421                                         -4504977.3029 -4504977.3029       0.0000 -4126944.5164 -4805928.6788 -678984.1624 -4041719.6134 -4924849.5984       0.0000  213029.7505     292.7958      51.2212
400001682 300000421                                         -3678298.5650 -5024649.2825 -1346350.7175 -3630292.7893 -5191537.9595 -677162.3725 -4126944.5164 -4805928.6788 -678984.1624  213259.5913     296.6003      56.0693
400001683 300000421                                         -3539537.9546 -5297292.9000       0.0000 -4041719.6134 -4924849.5984       0.0000 -3630292.7893 -5191537.9595 -677162.3725  212458.1628     290.3240      54.9816
400001684 300000421                                         -4126944.5164 -4805928.6788 -678984.1624 -3630292.7893 -5191537.9595 -677162.3725 -4041719.6134 -4924849.5984       0.0000  214297.3599     294.3471      52.9855
400001685 300000422                                         -2600949.8585 -5201899.7171 -2600949.8585 -2604139.2443 -5468063.2517 -1976963.3461 -3166715.9053 -5157396.7439 -1990680.8386  213953.8407     277.9137      69.5184
400001686 300000422                                         -2577802.4491 -5672228.9398 -1330561.6814 -3143878.6287 -5375502.5311 -1345228.8674 -2604139.2443 -5468063.2517 -1976963.3461  213196.7862     289.1142      70.2206
400001687 300000422                                         -3678298.5650 -5024649.2825 -1346350.7175 -3166715.9053 -5157396.7439 -1990680.8386 -3143878.6287 -5375502.5311 -1345228.8674  213817.3983     289.8552      68.8029
400001688 300000422                                         -2604139.2443 -5468063.2517 -1976963.3461 -3143878.6287 -5375502.5311 -1345228.8674 -3166715.9053 -5157396.7439 -1990680.8386  215042.4187     286.1508      69.7849
400001689 300000423                                         -2438076.1476 -5886036.5016       0.0000 -3003268.6103 -5618720.3752       0.0000 -2522238.0841 -5812081.9155 -669073.8784  209920.2574     284.6596      67.7721
400001690 300000423                                         -3539537.9546 -5297292.9000       0.0000 -3085738.1156 -5533298.6915 -671168.2896 -3003268.6103 -5618720.3752       0.0000  210577.3796     287.9248      63.2143
400001691 300000423                                         -2577802.4491 -5672228.9398 -1330561.6814 -2522238.0841 -5812081.9155 -669073.8784 -3085738.1156 -5533298.6915 -671168.2896  210758.2000     291.4614      68.5253
400001692 300000423                                         -3003268.6103 -5618720.3752       0.0000 -3085738.1156 -5533298.6915 -671168.2896 -2522238.0841 -5812081.9155 -669073.8784  211783.6604     288.8344      65.0032
400001693 300000424                                         -3678298.5650 -5024649.2825 -1346350.7175 -3143878.6287 -5375502.5311 -1345228.8674 -3630292.7893 -5191537.9595 -677162.3725  217445.2803     294.8451      63.0352
400001694 300000424                                         -2577802.4491 -5672228.9398 -1330561.6814 -3085738.1156 -5533298.6915 -671168.2896 -3143878.6287 -5375502.5311 -1345228.8674  218077.9738     292.9823      66.5647
400001695 300000424                                         -3539537.9546 -5297292.9000       0.0000 -3630292.7893 -5191537.9595 -677162.3725 -3085738.1156 -5533298.6915 -671168.2896  218265.1507     291.9640      60.9871
400001696 300000424                                         -3143878.6287 -5375502.5311 -1345228.8674 -3085738.1156 -5533298.6915 -671168.2896 -3630292.7893 -5191537.9595 -677162.3725  219375.9096     294.8852      62.0828
400001697 300000425                                               0.0000 -4504977.3029 -4504977.3029       0.0000 -4924849.5984 -4041719.6134 -678984.1624 -4805928.6788 -4126944.5164  213029.7505     222.2026      97.3830
400001698 300000425                                               0.0000 -5297292.9000 -3539537.9546 -677162.3725 -5191537.9595 -3630292.7893       0.0000 -4924849.5984 -4041719.6134  212458.1628     228.7010      98.0407
400001699 300000425                                         -1346350.7175 -5024649.2825 -3678298.5650 -678984.1624 -4805928.6788 -4126944.5164 -677162.3725 -5191537.9595 -3630292.7893  213259.5913     225.5209      99.6726
400001700 300000425                                               0.0000 -4924849.5984 -4041719.6134 -677162.3725 -5191537.9595 -3630292.7893 -678984.1624 -4805928.6788 -4126944.5164  214297.3599     224.7165      99.1538
400001701 300000426                                               0.0000 -5886036.5016 -2438076.1476 -669073.8784 -5812081.9155 -2522238.0841       0.0000 -5618720.3752 -3003268.6103  209920.2574     266.1111      90.3874
400001702 300000426                                         -1330561.6814 -5672228.9398 -2577802.4491 -671168.2896 -5533298.6915 -3085738.1156 -669073.8784 -5812081.9155 -2522238.0841  210758.2000     263.7702      80.4665
400001703 300000426                                               0.0000 -5297292.9000 -3539537.9546       0.0000 -5618720.3752 -3003268.6103 -671168.2896 -5533298.6915 -3085738.1156  210577.3796     246.4621      88.4600
400001704 300000426                                         -669073.8784 -5812081.9155 -2522238.0841 -671168.2896 -5533298.6915 -3085738.1156       0.0000 -5618720.3752 -3003268.6103  211783.6604     259.7360      84.0231
400001705 300000427                                         -2600949.8585 -5201899.7171 -2600949.8585 -1990680.8386 -5157396.7439 -3166715.9053 -1976963.3461 -5468063.2517 -2604139.2443  213953.8407     256.8739      79.1731
400001706 300000427                                         -1346350.7175 -5024649.2825 -3678298.5650 -1345228.8674 -5375502.5311 -3143878.6287 -1990680.8386 -5157396.7439 -3166715.9053  213817.3983     234.3828      96.6903
400001707 300000427                                         -1330561.6814 -5672228.9398 -2577802.4491 -1976963.3461 -5468063.2517 -2604139.2443 -1345228.8674 -5375502.5311 -3143878.6287  213196.7862     259.9268      78.4227
400001708 300000427                                         -1990680.8386 -5157396.7439 -3166715.9053 -1345228.8674 -5375502.5311 -3143878.6287 -1976963.3461 -5468063.2517 -2604139.2443  215042.4187     248.7305      86.1082
400001709 300000428                                               0.0000 -5297292.9000 -3539537.9546 -671168.2896 -5533298.6915 -3085738.1156 -677162.3725 -5191537.9595 -3630292.7893  218265.1507     236.6695      94.6069
400001710 300000428                                         -1330561.6814 -5672228.9398 -2577802.4491 -1345228.8674 -5375502.5311 -3143878.6287 -671168.2896 -5533298.6915 -3085738.1156  218077.9738     254.8033      82.7636
400001711 300000428                                         -1346350.7175 -5024649.2825 -3678298.5650 -677162.3725 -5191537.9595 -3630292.7893 -1345228.8674 -5375502.5311 -3143878.6287  217445.2803     232.0592      97.0978
400001712 300000428                                         -671168.2896 -5533298.6915 -3085738.1156 -1345228.8674 -5375502.5311 -3143878.6287 -677162.3725 -5191537.9595 -3630292.7893  219375.9096     239.9634      91.3412
400001713 300000429                                         -2438076.1476 -5886036.5016       0.0000 -2522238.0841 -5812081.9155 -669073.8784 -1869698.6039 -6056845.8882 -639129.1082  232651.5371     285.5428      71.7018
400001714 300000429                                         -2577802.4491 -5672228.9398 -1330561.6814 -1933504.7432 -5928333.1219 -1306164.9224 -2522238.0841 -5812081.9155 -669073.8784  231845.9895     289.5472      76.4435
400001715 300000429                                         -1266279.9131 -6114140.2800 -1266279.9131 -1869698.6039 -6056845.8882 -639129.1082 -1933504.7432 -5928333.1219 -1306164.9224  232712.3450     286.8153      86.6710
400001716 300000429                                         -2522238.0841 -5812081.9155 -669073.8784 -1933504.7432 -5928333.1219 -1306164.9224 -1869698.6039 -6056845.8882 -639129.1082  234046.8072     287.9304      80.5065
400001717 300000430                                         -2600949.8585 -5201899.7171 -2600949.8585 -1976963.3461 -5468063.2517 -2604139.2443 -2604139.2443 -5468063.2517 -1976963.3461  228300.1373     272.5768      72.1429
400001718 300000430                                         -1330561.6814 -5672228.9398 -2577802.4491 -1973179.1775 -5727370.1528 -1973179.1775 -1976963.3461 -5468063.2517 -2604139.2443  229212.6770     273.8062      73.7359
400001719 300000430                                         -2577802.4491 -5672228.9398 -1330561.6814 -2604139.2443 -5468063.2517 -1976963.3461 -1973179.1775 -5727370.1528 -1973179.1775  229212.6770     285.6781      73.6688
400001720 300000430                                         -1976963.3461 -5468063.2517 -2604139.2443 -1973179.1775 -5727370.1528 -1973179.1775 -2604139.2443 -5468063.2517 -1976963.3461  230526.8451     278.1262      73.0537
400001721 300000431                                               0.0000 -5886036.5016 -2438076.1476 -639129.1082 -6056845.8882 -1869698.6039 -669073.8784 -5812081.9155 -2522238.0841  232651.5371     273.4848      98.1188
400001722 300000431                                         -1266279.9131 -6114140.2800 -1266279.9131 -1306164.9224 -5928333.1219 -1933504.7432 -639129.1082 -6056845.8882 -1869698.6039  232712.3450     282.7676      93.8792
400001723 300000431                                         -1330561.6814 -5672228.9398 -2577802.4491 -669073.8784 -5812081.9155 -2522238.0841 -1306164.9224 -5928333.1219 -1933504.7432  231845.9895     274.2008      82.2838
400001724 300000431                                         -639129.1082 -6056845.8882 -1869698.6039 -1306164.9224 -5928333.1219 -1933504.7432 -669073.8784 -5812081.9155 -2522238.0841  234046.8072     277.2736      91.4510
400001725 300000432                                         -2577802.4491 -5672228.9398 -1330561.6814 -1973179.1775 -5727370.1528 -1973179.1775 -1933504.7432 -5928333.1219 -1306164.9224  238189.0310     286.8274      78.3221
400001726 300000432                                         -1330561.6814 -5672228.9398 -2577802.4491 -1306164.9224 -5928333.1219 -1933504.7432 -1973179.1775 -5727370.1528 -1973179.1775  238189.0310     278.3199      78.9657
400001727 300000432                                         -1266279.9131 -6114140.2800 -1266279.9131 -1933504.7432 -5928333.1219 -1306164.9224 -1306164.9224 -5928333.1219 -1933504.7432  237302.7613     285.3181      88.2121
400001728 300000432                                         -1973179.1775 -5727370.1528 -1973179.1775 -1306164.9224 -5928333.1219 -1933504.7432 -1933504.7432 -5928333.1219 -1306164.9224  239617.8861     283.9896      81.3992
400001729 300000433                                         -4504977.3029       0.0000 -4504977.3029 -4126944.5164 -678984.1624 -4805928.6788 -4805928.6788 -678984.1624 -4126944.5164  328324.9483     227.2534      93.2159
400001730 300000433                                         -3678298.5650 -1346350.7175 -5024649.2825 -4400885.2099 -1361638.6226 -4400885.2099 -4126944.5164 -678984.1624 -4805928.6788  329212.3599     220.9240      95.0982
400001731 300000433                                         -5024649.2825 -1346350.7175 -3678298.5650 -4805928.6788 -678984.1624 -4126944.5164 -4400885.2099 -1361638.6226 -4400885.2099  329212.3599     230.5049      96.3588
400001732 300000433                                         -4126944.5164 -678984.1624 -4805928.6788 -4400885.2099 -1361638.6226 -4400885.2099 -4805928.6788 -678984.1624 -4126944.5164  332074.9378     227.6761      94.2414
400001733 300000434                                         -2600949.8585 -2600949.8585 -5201899.7171 -3374031.3064 -2687534.5848 -4688572.4479 -3166715.9053 -1990680.8386 -5157396.7439  331958.1435     209.9807      96.2437
400001734 300000434                                         -4074905.2917 -2716603.5278 -4074905.2917 -3912146.8074 -2050103.9020 -4591494.5659 -3374031.3064 -2687534.5848 -4688572.4479  332135.9111     224.8694      89.5815
400001735 300000434                                         -3678298.5650 -1346350.7175 -5024649.2825 -3166715.9053 -1990680.8386 -5157396.7439 -3912146.8074 -2050103.9020 -4591494.5659  331417.2039     214.6570      96.6773
400001736 300000434                                         -3374031.3064 -2687534.5848 -4688572.4479 -3912146.8074 -2050103.9020 -4591494.5659 -3166715.9053 -1990680.8386 -5157396.7439  335024.3025     217.3469      94.2253
400001737 300000435                                         -5201899.7171 -2600949.8585 -2600949.8585 -5157396.7439 -1990680.8386 -3166715.9053 -4688572.4479 -2687534.5848 -3374031.3064  331958.1435     234.6825     100.8183
400001738 300000435                                         -5024649.2825 -1346350.7175 -3678298.5650 -4591494.5659 -2050103.9020 -3912146.8074 -5157396.7439 -1990680.8386 -3166715.9053  331417.2039     234.5459      97.0336
400001739 300000435                                         -4074905.2917 -2716603.5278 -4074905.2917 -4688572.4479 -2687534.5848 -3374031.3064 -4591494.5659 -2050103.9020 -3912146.8074  332135.9111     230.8859      97.5496
400001740 300000435                                         -5157396.7439 -1990680.8386 -3166715.9053 -4591494.5659 -2050103.9020 -3912146.8074 -4688572.4479 -2687534.5848 -3374031.3064  335024.3025     233.8078      99.4895
400001741 300000436                                         -3678298.5650 -1346350.7175 -5024649.2825 -3912146.8074 -2050103.9020 -4591494.5659 -4400885.2099 -1361638.6226 -4400885.2099  344128.0612     221.7382      95.2557
400001742 300000436                                         -4074905.2917 -2716603.5278 -4074905.2917 -4591494.5659 -2050103.9020 -3912146.8074 -3912146.8074 -2050103.9020 -4591494.5659  343384.2298     227.9607      92.4547
400001743 300000436                                         -5024649.2825 -1346350.7175 -3678298.5650 -4400885.2099 -1361638.6226 -4400885.2099 -4591494.5659 -2050103.9020 -3912146.8074  344128.0612     230.2282      96.0409
400001744 300000436                                         -3912146.8074 -2050103.9020 -4591494.5659 -4591494.5659 -2050103.9020 -3912146.8074 -4400885.2099 -1361638.6226 -4400885.2099  347308.3434     227.8621      93.4901
400001745 300000437                                               0.0000 -4504977.3029 -4504977.3029 -678984.1624 -4805928.6788 -4126944.5164 -678984.1624 -4126944.5164 -4805928.6788  328324.9483     218.3759      95.1830
400001746 300000437                                         -1346350.7175 -5024649.2825 -3678298.5650 -1361638.6226 -4400885.2099 -4400885.2099 -678984.1624 -4805928.6788 -4126944.5164  329212.3599     222.3020     100.1713
400001747 300000437                                         -1346350.7175 -3678298.5650 -5024649.2825 -678984.1624 -4126944.5164 -4805928.6788 -1361638.6226 -4400885.2099 -4400885.2099  329212.3599     213.2393      96.3929
400001748 300000437                                         -678984.1624 -4805928.6788 -4126944.5164 -1361638.6226 -4400885.2099 -4400885.2099 -678984.1624 -4126944.5164 -4805928.6788  332074.9378     218.6505      97.5048
400001749 300000438                                         -2600949.8585 -5201899.7171 -2600949.8585 -2687534.5848 -4688572.4479 -3374031.3064 -1990680.8386 -5157396.7439 -3166715.9053  331958.1435     243.0603      90.4169
400001750 300000438                                         -2716603.5278 -4074905.2917 -4074905.2917 -2050103.9020 -4591494.5659 -3912146.8074 -2687534.5848 -4688572.4479 -3374031.3064  332135.9111     226.1272     103.6468
400001751 300000438                                         -1346350.7175 -5024649.2825 -3678298.5650 -1990680.8386 -5157396.7439 -3166715.9053 -2050103.9020 -4591494.5659 -3912146.8074  331417.2039     227.5416     102.9306
400001752 300000438                                         -2687534.5848 -4688572.4479 -3374031.3064 -2050103.9020 -4591494.5659 -3912146.8074 -1990680.8386 -5157396.7439 -3166715.9053  335024.3025     228.4152     105.0041
400001753 300000439                                         -2600949.8585 -2600949.8585 -5201899.7171 -1990680.8386 -3166715.9053 -5157396.7439 -2687534.5848 -3374031.3064 -4688572.4479  331958.1435     209.4219      95.0736
400001754 300000439                                         -1346350.7175 -3678298.5650 -5024649.2825 -2050103.9020 -3912146.8074 -4591494.5659 -1990680.8386 -3166715.9053 -5157396.7439  331417.2039     210.1863      96.3484
400001755 300000439                                         -2716603.5278 -4074905.2917 -4074905.2917 -2687534.5848 -3374031.3064 -4688572.4479 -2050103.9020 -3912146.8074 -4591494.5659  332135.9111     219.6084      97.6834
400001756 300000439                                         -1990680.8386 -3166715.9053 -5157396.7439 -2050103.9020 -3912146.8074 -4591494.5659 -2687534.5848 -3374031.3064 -4688572.4479  335024.3025     213.5716      96.1470
400001757 300000440                                         -1346350.7175 -5024649.2825 -3678298.5650 -2050103.9020 -4591494.5659 -3912146.8074 -1361638.6226 -4400885.2099 -4400885.2099  344128.0612     223.5087     101.5928
400001758 300000440                                         -2716603.5278 -4074905.2917 -4074905.2917 -2050103.9020 -3912146.8074 -4591494.5659 -2050103.9020 -4591494.5659 -3912146.8074  343384.2298     223.4156     100.4539
400001759 300000440                                         -1346350.7175 -3678298.5650 -5024649.2825 -1361638.6226 -4400885.2099 -4400885.2099 -2050103.9020 -3912146.8074 -4591494.5659  344128.0612     214.7949      99.3367
400001760 300000440                                         -2050103.9020 -4591494.5659 -3912146.8074 -2050103.9020 -3912146.8074 -4591494.5659 -1361638.6226 -4400885.2099 -4400885.2099  347308.3434     221.5584      99.1215
400001761 300000441                                         -4504977.3029 -4504977.3029       0.0000 -4805928.6788 -4126944.5164 -678984.1624 -4126944.5164 -4805928.6788 -678984.1624  328324.9483     296.5959      48.9899
400001762 300000441                                         -5024649.2825 -3678298.5650 -1346350.7175 -4400885.2099 -4400885.2099 -1361638.6226 -4805928.6788 -4126944.5164 -678984.1624  329212.3599     296.1430      56.3700
400001763 300000441                                         -3678298.5650 -5024649.2825 -1346350.7175 -4126944.5164 -4805928.6788 -678984.1624 -4400885.2099 -4400885.2099 -1361638.6226  329212.3599     296.1272      57.7515
400001764 300000441                                         -4805928.6788 -4126944.5164 -678984.1624 -4400885.2099 -4400885.2099 -1361638.6226 -4126944.5164 -4805928.6788 -678984.1624  332074.9378     298.1946      52.5055
400001765 300000442                                         -5201899.7171 -2600949.8585 -2600949.8585 -4688572.4479 -3374031.3064 -2687534.5848 -5157396.7439 -3166715.9053 -1990680.8386  331958.1435     254.5060      82.8018
400001766 300000442                                         -4074905.2917 -4074905.2917 -2716603.5278 -4591494.5659 -3912146.8074 -2050103.9020 -4688572.4479 -3374031.3064 -2687534.5848  332135.9111     255.6161      81.5856
400001767 300000442                                         -5024649.2825 -3678298.5650 -1346350.7175 -5157396.7439 -3166715.9053 -1990680.8386 -4591494.5659 -3912146.8074 -2050103.9020  331417.2039     280.0839      67.9713
400001768 300000442                                         -4688572.4479 -3374031.3064 -2687534.5848 -4591494.5659 -3912146.8074 -2050103.9020 -5157396.7439 -3166715.9053 -1990680.8386  335024.3025     263.7849      77.4477
400001769 300000443                                         -2600949.8585 -5201899.7171 -2600949.8585 -3166715.9053 -5157396.7439 -1990680.8386 -3374031.3064 -4688572.4479 -2687534.5848  331958.1435     269.4635      70.0319
400001770 300000443                                         -3678298.5650 -5024649.2825 -1346350.7175 -3912146.8074 -4591494.5659 -2050103.9020 -3166715.9053 -5157396.7439 -1990680.8386  331417.2039     285.6948      68.2965
400001771 300000443                                         -4074905.2917 -4074905.2917 -2716603.5278 -3374031.3064 -4688572.4479 -2687534.5848 -3912146.8074 -4591494.5659 -2050103.9020  332135.9111     258.7998      80.0977
400001772 300000443                                         -3166715.9053 -5157396.7439 -1990680.8386 -3912146.8074 -4591494.5659 -2050103.9020 -3374031.3064 -4688572.4479 -2687534.5848  335024.3025     273.6356      69.2200
400001773 300000444                                         -5024649.2825 -3678298.5650 -1346350.7175 -4591494.5659 -3912146.8074 -2050103.9020 -4400885.2099 -4400885.2099 -1361638.6226  344128.0612     287.1450      63.2786
400001774 300000444                                         -4074905.2917 -4074905.2917 -2716603.5278 -3912146.8074 -4591494.5659 -2050103.9020 -4591494.5659 -3912146.8074 -2050103.9020  343384.2298     266.4393      74.8188
400001775 300000444                                         -3678298.5650 -5024649.2825 -1346350.7175 -4400885.2099 -4400885.2099 -1361638.6226 -3912146.8074 -4591494.5659 -2050103.9020  344128.0612     289.5853      64.3196
400001776 300000444                                         -4591494.5659 -3912146.8074 -2050103.9020 -3912146.8074 -4591494.5659 -2050103.9020 -4400885.2099 -4400885.2099 -1361638.6226  347308.3434     282.7859      63.6735
400001777 300000445                                         -2600949.8585 -2600949.8585 -5201899.7171 -2687534.5848 -3374031.3064 -4688572.4479 -3374031.3064 -2687534.5848 -4688572.4479  387995.8446     214.3034      94.8521
400001778 300000445                                         -2716603.5278 -4074905.2917 -4074905.2917 -3435012.9904 -3435012.9904 -4122015.5885 -2687534.5848 -3374031.3064 -4688572.4479  388281.7658     221.7559      96.5651
400001779 300000445                                         -4074905.2917 -2716603.5278 -4074905.2917 -3374031.3064 -2687534.5848 -4688572.4479 -3435012.9904 -3435012.9904 -4122015.5885  388281.7658     224.8216      92.9952
400001780 300000445                                         -2687534.5848 -3374031.3064 -4688572.4479 -3435012.9904 -3435012.9904 -4122015.5885 -3374031.3064 -2687534.5848 -4688572.4479  392517.4362     220.3547      94.7037
400001781 300000446                                         -2600949.8585 -5201899.7171 -2600949.8585 -3374031.3064 -4688572.4479 -2687534.5848 -2687534.5848 -4688572.4479 -3374031.3064  387995.8446     247.4167      87.4121
400001782 300000446                                         -4074905.2917 -4074905.2917 -2716603.5278 -3435012.9904 -4122015.5885 -3435012.9904 -3374031.3064 -4688572.4479 -2687534.5848  388281.7658     239.6672      96.1824
400001783 300000446                                         -2716603.5278 -4074905.2917 -4074905.2917 -2687534.5848 -4688572.4479 -3374031.3064 -3435012.9904 -4122015.5885 -3435012.9904  388281.7658     228.3815     102.9386
400001784 300000446                                         -3374031.3064 -4688572.4479 -2687534.5848 -3435012.9904 -4122015.5885 -3435012.9904 -2687534.5848 -4688572.4479 -3374031.3064  392517.4362     234.1245     100.6641
400001785 300000447                                         -5201899.7171 -2600949.8585 -2600949.8585 -4688572.4479 -2687534.5848 -3374031.3064 -4688572.4479 -3374031.3064 -2687534.5848  387995.8446     238.4619      96.6314
400001786 300000447                                         -4074905.2917 -2716603.5278 -4074905.2917 -4122015.5885 -3435012.9904 -3435012.9904 -4688572.4479 -2687534.5848 -3374031.3064  388281.7658     231.1410     100.6178
400001787 300000447                                         -4074905.2917 -4074905.2917 -2716603.5278 -4688572.4479 -3374031.3064 -2687534.5848 -4122015.5885 -3435012.9904 -3435012.9904  388281.7658     239.4861      94.9327
400001788 300000447                                         -4688572.4479 -2687534.5848 -3374031.3064 -4122015.5885 -3435012.9904 -3435012.9904 -4688572.4479 -3374031.3064 -2687534.5848  392517.4362     234.2027     100.2028
400001789 300000448                                         -2716603.5278 -4074905.2917 -4074905.2917 -3435012.9904 -4122015.5885 -3435012.9904 -3435012.9904 -3435012.9904 -4122015.5885  405996.4825     227.9440      98.3824
400001790 300000448                                         -4074905.2917 -4074905.2917 -2716603.5278 -4122015.5885 -3435012.9904 -3435012.9904 -3435012.9904 -4122015.5885 -3435012.9904  405996.4825     235.1568      98.5737
400001791 300000448                                         -4074905.2917 -2716603.5278 -4074905.2917 -3435012.9904 -3435012.9904 -4122015.5885 -4122015.5885 -3435012.9904 -3435012.9904  405996.4825     229.2818      96.0282
400001792 300000448                                         -3435012.9904 -4122015.5885 -3435012.9904 -4122015.5885 -3435012.9904 -3435012.9904 -3435012.9904 -3435012.9904 -4122015.5885  410731.3740     230.7855      97.5744
400001793 300000449                                               0.0000 -6371000.0000       0.0000       0.0000 -6340321.8936 -624467.2010  624467.2010 -6340321.8936       0.0000  195921.5441     271.0271     109.5794
400001794 300000449                                               0.0000 -6248583.0214 -1242920.4416  627459.2093 -6308900.9250 -627459.2093       0.0000 -6340321.8936 -624467.2010  196860.2699     275.7595     115.4510
400001795 300000449                                         1242920.4416 -6248583.0214       0.0000  624467.2010 -6340321.8936       0.0000  627459.2093 -6308900.9250 -627459.2093  196860.2699     262.5500     152.5639
400001796 300000449                                               0.0000 -6340321.8936 -624467.2010  627459.2093 -6308900.9250 -627459.2093  624467.2010 -6340321.8936       0.0000  197817.4310     270.9618     115.6311
400001797 300000450                                               0.0000 -5886036.5016 -2438076.1476  639129.1082 -6056845.8882 -1869698.6039       0.0000 -6096666.8789 -1849403.6788  200521.8161     274.5433     114.7439
400001798 300000450                                         1266279.9131 -6114140.2800 -1266279.9131  636326.6289 -6212473.2151 -1260914.7366  639129.1082 -6056845.8882 -1869698.6039  200560.6406     274.2175     146.7567
400001799 300000450                                               0.0000 -6248583.0214 -1242920.4416       0.0000 -6096666.8789 -1849403.6788  636326.6289 -6212473.2151 -1260914.7366  199642.5528     278.4082     119.5468
400001800 300000450                                          639129.1082 -6056845.8882 -1869698.6039  636326.6289 -6212473.2151 -1260914.7366       0.0000 -6096666.8789 -1849403.6788  201535.9727     277.0102     125.4700
400001801 300000451                                         2438076.1476 -5886036.5016       0.0000 1849403.6788 -6096666.8789       0.0000 1869698.6039 -6056845.8882 -639129.1082  200521.8161     226.0191     126.0756
400001802 300000451                                         1242920.4416 -6248583.0214       0.0000 1260914.7366 -6212473.2151 -636326.6289 1849403.6788 -6096666.8789       0.0000  199642.5528     232.7824     145.6438
400001803 300000451                                         1266279.9131 -6114140.2800 -1266279.9131 1869698.6039 -6056845.8882 -639129.1082 1260914.7366 -6212473.2151 -636326.6289  200560.6406     245.2840     131.6255
400001804 300000451                                         1849403.6788 -6096666.8789       0.0000 1260914.7366 -6212473.2151 -636326.6289 1869698.6039 -6056845.8882 -639129.1082  201535.9727     233.6156     126.6554
400001805 300000452                                               0.0000 -6248583.0214 -1242920.4416  636326.6289 -6212473.2151 -1260914.7366  627459.2093 -6308900.9250 -627459.2093  204548.8197     275.1180     129.2273
400001806 300000452                                         1266279.9131 -6114140.2800 -1266279.9131 1260914.7366 -6212473.2151 -636326.6289  636326.6289 -6212473.2151 -1260914.7366  203612.8458     266.4823     141.3174
400001807 300000452                                         1242920.4416 -6248583.0214       0.0000  627459.2093 -6308900.9250 -627459.2093 1260914.7366 -6212473.2151 -636326.6289  204548.8197     255.8000     132.2213
400001808 300000452                                          636326.6289 -6212473.2151 -1260914.7366 1260914.7366 -6212473.2151 -636326.6289  627459.2093 -6308900.9250 -627459.2093  205583.5447     267.9548     131.5256
400001809 300000453                                               0.0000 -4504977.3029 -4504977.3029  678984.1624 -4805928.6788 -4126944.5164       0.0000 -4924849.5984 -4041719.6134  213029.7505     223.5756      96.5446
400001810 300000453                                         1346350.7175 -5024649.2825 -3678298.5650  677162.3725 -5191537.9595 -3630292.7893  678984.1624 -4805928.6788 -4126944.5164  213259.5913     234.1842      91.1536
400001811 300000453                                               0.0000 -5297292.9000 -3539537.9546       0.0000 -4924849.5984 -4041719.6134  677162.3725 -5191537.9595 -3630292.7893  212458.1628     230.8695      96.1264
400001812 300000453                                          678984.1624 -4805928.6788 -4126944.5164  677162.3725 -5191537.9595 -3630292.7893       0.0000 -4924849.5984 -4041719.6134  214297.3599     228.4300      96.8329
400001813 300000454                                         2600949.8585 -5201899.7171 -2600949.8585 1976963.3461 -5468063.2517 -2604139.2443 1990680.8386 -5157396.7439 -3166715.9053  213953.8407     259.7012      83.3536
400001814 300000454                                         1330561.6814 -5672228.9398 -2577802.4491 1345228.8674 -5375502.5311 -3143878.6287 1976963.3461 -5468063.2517 -2604139.2443  213196.7862     268.2692     103.5951
400001815 300000454                                         1346350.7175 -5024649.2825 -3678298.5650 1990680.8386 -5157396.7439 -3166715.9053 1345228.8674 -5375502.5311 -3143878.6287  213817.3983     251.7497      84.7789
400001816 300000454                                         1976963.3461 -5468063.2517 -2604139.2443 1345228.8674 -5375502.5311 -3143878.6287 1990680.8386 -5157396.7439 -3166715.9053  215042.4187     263.6973      97.0176
400001817 300000455                                               0.0000 -5886036.5016 -2438076.1476       0.0000 -5618720.3752 -3003268.6103  669073.8784 -5812081.9155 -2522238.0841  209920.2574     266.0172      97.1757
400001818 300000455                                               0.0000 -5297292.9000 -3539537.9546  671168.2896 -5533298.6915 -3085738.1156       0.0000 -5618720.3752 -3003268.6103  210577.3796     248.6687      87.7310
400001819 300000455                                         1330561.6814 -5672228.9398 -2577802.4491  669073.8784 -5812081.9155 -2522238.0841  671168.2896 -5533298.6915 -3085738.1156  210758.2000     265.8690      97.4055
400001820 300000455                                               0.0000 -5618720.3752 -3003268.6103  671168.2896 -5533298.6915 -3085738.1156  669073.8784 -5812081.9155 -2522238.0841  211783.6604     261.0647      92.7395
400001821 300000456                                         1346350.7175 -5024649.2825 -3678298.5650 1345228.8674 -5375502.5311 -3143878.6287  677162.3725 -5191537.9595 -3630292.7893  217445.2803     246.4401      83.5118
400001822 300000456                                         1330561.6814 -5672228.9398 -2577802.4491  671168.2896 -5533298.6915 -3085738.1156 1345228.8674 -5375502.5311 -3143878.6287  218077.9738     262.7351      88.9120
400001823 300000456                                               0.0000 -5297292.9000 -3539537.9546  677162.3725 -5191537.9595 -3630292.7893  671168.2896 -5533298.6915 -3085738.1156  218265.1507     242.0990      89.3070
400001824 300000456                                         1345228.8674 -5375502.5311 -3143878.6287  671168.2896 -5533298.6915 -3085738.1156  677162.3725 -5191537.9595 -3630292.7893  219375.9096     250.7626      85.3581
400001825 300000457                                         4504977.3029 -4504977.3029       0.0000 4041719.6134 -4924849.5984       0.0000 4126944.5164 -4805928.6788 -678984.1624  213029.7505     277.1094      98.6591
400001826 300000457                                         3539537.9546 -5297292.9000       0.0000 3630292.7893 -5191537.9595 -677162.3725 4041719.6134 -4924849.5984       0.0000  212458.1628     266.0808      95.1820
400001827 300000457                                         3678298.5650 -5024649.2825 -1346350.7175 4126944.5164 -4805928.6788 -678984.1624 3630292.7893 -5191537.9595 -677162.3725  213259.5913     256.9275     100.3020
400001828 300000457                                         4041719.6134 -4924849.5984       0.0000 3630292.7893 -5191537.9595 -677162.3725 4126944.5164 -4805928.6788 -678984.1624  214297.3599     268.2489     108.1900
400001829 300000458                                         2438076.1476 -5886036.5016       0.0000 2522238.0841 -5812081.9155 -669073.8784 3003268.6103 -5618720.3752       0.0000  209920.2574     229.2983     118.6945
400001830 300000458                                         2577802.4491 -5672228.9398 -1330561.6814 3085738.1156 -5533298.6915 -671168.2896 2522238.0841 -5812081.9155 -669073.8784  210758.2000     244.6534     108.6758
400001831 300000458                                         3539537.9546 -5297292.9000       0.0000 3003268.6103 -5618720.3752       0.0000 3085738.1156 -5533298.6915 -671168.2896  210577.3796     246.1933     106.8706
400001832 300000458                                         2522238.0841 -5812081.9155 -669073.8784 3085738.1156 -5533298.6915 -671168.2896 3003268.6103 -5618720.3752       0.0000  211783.6604     236.5123     112.8386
400001833 300000459                                         2600949.8585 -5201899.7171 -2600949.8585 3166715.9053 -5157396.7439 -1990680.8386 2604139.2443 -5468063.2517 -1976963.3461  213953.8407     269.0829     100.6907
400001834 300000459                                         3678298.5650 -5024649.2825 -1346350.7175 3143878.6287 -5375502.5311 -1345228.8674 3166715.9053 -5157396.7439 -1990680.8386  213817.3983     262.2353     106.6872
400001835 300000459                                         2577802.4491 -5672228.9398 -1330561.6814 2604139.2443 -5468063.2517 -1976963.3461 3143878.6287 -5375502.5311 -1345228.8674  213196.7862     261.8985     106.4748
400001836 300000459                                         3166715.9053 -5157396.7439 -1990680.8386 3143878.6287 -5375502.5311 -1345228.8674 2604139.2443 -5468063.2517 -1976963.3461  215042.4187     265.1668     106.4054
400001837 300000460                                         3539537.9546 -5297292.9000       0.0000 3085738.1156 -5533298.6915 -671168.2896 3630292.7893 -5191537.9595 -677162.3725  218265.1507     252.2680     103.9788
400001838 300000460                                         2577802.4491 -5672228.9398 -1330561.6814 3143878.6287 -5375502.5311 -1345228.8674 3085738.1156 -5533298.6915 -671168.2896  218077.9738     251.2671     107.7572
400001839 300000460                                         3678298.5650 -5024649.2825 -1346350.7175 3630292.7893 -5191537.9595 -677162.3725 3143878.6287 -5375502.5311 -1345228.8674  217445.2803     253.9030     108.8196
400001840 300000460                                         3085738.1156 -5533298.6915 -671168.2896 3143878.6287 -5375502.5311 -1345228.8674 3630292.7893 -5191537.9595 -677162.3725  219375.9096     247.3153     110.1895
400001841 300000461                                               0.0000 -5886036.5016 -2438076.1476  669073.8784 -5812081.9155 -2522238.0841  639129.1082 -6056845.8882 -1869698.6039  232651.5371     271.9692     113.1694
400001842 300000461                                         1330561.6814 -5672228.9398 -2577802.4491 1306164.9224 -5928333.1219 -1933504.7432  669073.8784 -5812081.9155 -2522238.0841  231845.9895     271.6645     117.7353
400001843 300000461                                         1266279.9131 -6114140.2800 -1266279.9131  639129.1082 -6056845.8882 -1869698.6039 1306164.9224 -5928333.1219 -1933504.7432  232712.3450     274.1359     148.7587
400001844 300000461                                          669073.8784 -5812081.9155 -2522238.0841 1306164.9224 -5928333.1219 -1933504.7432  639129.1082 -6056845.8882 -1869698.6039  234046.8072     273.4414     127.3923
400001845 300000462                                         2600949.8585 -5201899.7171 -2600949.8585 2604139.2443 -5468063.2517 -1976963.3461 1976963.3461 -5468063.2517 -2604139.2443  228300.1373     265.2918      89.1127
400001846 300000462                                         2577802.4491 -5672228.9398 -1330561.6814 1973179.1775 -5727370.1528 -1973179.1775 2604139.2443 -5468063.2517 -1976963.3461  229212.6770     257.1183     109.8456
400001847 300000462                                         1330561.6814 -5672228.9398 -2577802.4491 1976963.3461 -5468063.2517 -2604139.2443 1973179.1775 -5727370.1528 -1973179.1775  229212.6770     271.2723     137.8321
400001848 300000462                                         2604139.2443 -5468063.2517 -1976963.3461 1973179.1775 -5727370.1528 -1973179.1775 1976963.3461 -5468063.2517 -2604139.2443  230526.8451     269.7968     102.9120
400001849 300000463                                         2438076.1476 -5886036.5016       0.0000 1869698.6039 -6056845.8882 -639129.1082 2522238.0841 -5812081.9155 -669073.8784  232651.5371     230.6934     118.3207
400001850 300000463                                         1266279.9131 -6114140.2800 -1266279.9131 1933504.7432 -5928333.1219 -1306164.9224 1869698.6039 -6056845.8882 -639129.1082  232712.3450     246.0607     124.3885
400001851 300000463                                         2577802.4491 -5672228.9398 -1330561.6814 2522238.0841 -5812081.9155 -669073.8784 1933504.7432 -5928333.1219 -1306164.9224  231845.9895     251.8278     108.3789
400001852 300000463                                         1869698.6039 -6056845.8882 -639129.1082 1933504.7432 -5928333.1219 -1306164.9224 2522238.0841 -5812081.9155 -669073.8784  234046.8072     243.1434     112.5671
400001853 300000464                                         1330561.6814 -5672228.9398 -2577802.4491 1973179.1775 -5727370.1528 -1973179.1775 1306164.9224 -5928333.1219 -1933504.7432  238189.0310     271.6970     146.5018
400001854 300000464                                         2577802.4491 -5672228.9398 -1330561.6814 1933504.7432 -5928333.1219 -1306164.9224 1973179.1775 -5727370.1528 -1973179.1775  238189.0310     251.9571     113.7838
400001855 300000464                                         1266279.9131 -6114140.2800 -1266279.9131 1306164.9224 -5928333.1219 -1933504.7432 1933504.7432 -5928333.1219 -1306164.9224  237302.7613     263.4530     127.3945
400001856 300000464                                         1973179.1775 -5727370.1528 -1973179.1775 1933504.7432 -5928333.1219 -1306164.9224 1306164.9224 -5928333.1219 -1933504.7432  239617.8861     264.0854     129.5273
400001857 300000465                                               0.0000       0.0000 -6371000.0000  624467.2010       0.0000 -6340321.8936       0.0000 -624467.2010 -6340321.8936  195921.5441     127.2231      12.8290
400001858 300000465                                         1242920.4416       0.0000 -6248583.0214  627459.2093 -627459.2093 -6308900.9250  624467.2010       0.0000 -6340321.8936  196860.2699     135.0412      27.5590
400001859 300000465                                               0.0000 -1242920.4416 -6248583.0214       0.0000 -624467.2010 -6340321.8936  627459.2093 -627459.2093 -6308900.9250  196860.2699     147.2109      27.9332
400001860 300000465                                          624467.2010       0.0000 -6340321.8936  627459.2093 -627459.2093 -6308900.9250       0.0000 -624467.2010 -6340321.8936  197817.4310     139.6493      19.3121
400001861 300000466                                         2438076.1476       0.0000 -5886036.5016 1869698.6039 -639129.1082 -6056845.8882 1849403.6788       0.0000 -6096666.8789  200521.8161     166.1484      76.5412
400001862 300000466                                         1266279.9131 -1266279.9131 -6114140.2800 1260914.7366 -636326.6289 -6212473.2151 1869698.6039 -639129.1082 -6056845.8882  200560.6406     166.4906      61.0040
400001863 300000466                                         1242920.4416       0.0000 -6248583.0214 1849403.6788       0.0000 -6096666.8789 1260914.7366 -636326.6289 -6212473.2151  199642.5528     136.8862      53.3904
400001864 300000466                                         1869698.6039 -639129.1082 -6056845.8882 1260914.7366 -636326.6289 -6212473.2151 1849403.6788       0.0000 -6096666.8789  201535.9727     155.5553      63.8743
400001865 300000467                                               0.0000 -2438076.1476 -5886036.5016       0.0000 -1849403.6788 -6096666.8789  639129.1082 -1869698.6039 -6056845.8882  200521.8161     171.6794      78.2564
400001866 300000467                                               0.0000 -1242920.4416 -6248583.0214  636326.6289 -1260914.7366 -6212473.2151       0.0000 -1849403.6788 -6096666.8789  199642.5528     152.0209      53.9034
400001867 300000467                                         1266279.9131 -1266279.9131 -6114140.2800  639129.1082 -1869698.6039 -6056845.8882  636326.6289 -1260914.7366 -6212473.2151  200560.6406     157.6601      62.3611
400001868 300000467                                               0.0000 -1849403.6788 -6096666.8789  636326.6289 -1260914.7366 -6212473.2151  639129.1082 -1869698.6039 -6056845.8882  201535.9727     158.0302      64.4703
400001869 300000468                                         1242920.4416       0.0000 -6248583.0214 1260914.7366 -636326.6289 -6212473.2151  627459.2093 -627459.2093 -6308900.9250  204548.8197     147.6259      37.9234
400001870 300000468                                         1266279.9131 -1266279.9131 -6114140.2800  636326.6289 -1260914.7366 -6212473.2151 1260914.7366 -636326.6289 -6212473.2151  203612.8458     160.7775      52.7301
400001871 300000468                                               0.0000 -1242920.4416 -6248583.0214  627459.2093 -627459.2093 -6308900.9250  636326.6289 -1260914.7366 -6212473.2151  204548.8197     149.7963      38.4055
400001872 300000468                                         1260914.7366 -636326.6289 -6212473.2151  636326.6289 -1260914.7366 -6212473.2151  627459.2093 -627459.2093 -6308900.9250  205583.5447     153.5126      40.7552
400001873 300000469                                         4504977.3029       0.0000 -4504977.3029 4126944.5164 -678984.1624 -4805928.6788 4041719.6134       0.0000 -4924849.5984  213029.7505     205.9861     112.0960
400001874 300000469                                         3678298.5650 -1346350.7175 -5024649.2825 3630292.7893 -677162.3725 -5191537.9595 4126944.5164 -678984.1624 -4805928.6788  213259.5913     200.1590     108.7055
400001875 300000469                                         3539537.9546       0.0000 -5297292.9000 4041719.6134       0.0000 -4924849.5984 3630292.7893 -677162.3725 -5191537.9595  212458.1628     195.2583     109.0387
400001876 300000469                                         4126944.5164 -678984.1624 -4805928.6788 3630292.7893 -677162.3725 -5191537.9595 4041719.6134       0.0000 -4924849.5984  214297.3599     200.2236     108.6832
400001877 300000470                                         2600949.8585 -2600949.8585 -5201899.7171 2604139.2443 -1976963.3461 -5468063.2517 3166715.9053 -1990680.8386 -5157396.7439  213953.8407     197.2174      99.1238
400001878 300000470                                         2577802.4491 -1330561.6814 -5672228.9398 3143878.6287 -1345228.8674 -5375502.5311 2604139.2443 -1976963.3461 -5468063.2517  213196.7862     189.2320     119.0192
400001879 300000470                                         3678298.5650 -1346350.7175 -5024649.2825 3166715.9053 -1990680.8386 -5157396.7439 3143878.6287 -1345228.8674 -5375502.5311  213817.3983     197.6699     105.6927
400001880 300000470                                         2604139.2443 -1976963.3461 -5468063.2517 3143878.6287 -1345228.8674 -5375502.5311 3166715.9053 -1990680.8386 -5157396.7439  215042.4187     194.6717     106.2593
400001881 300000471                                         2438076.1476       0.0000 -5886036.5016 3003268.6103       0.0000 -5618720.3752 2522238.0841 -669073.8784 -5812081.9155  209920.2574     179.7615     103.5552
400001882 300000471                                         3539537.9546       0.0000 -5297292.9000 3085738.1156 -671168.2896 -5533298.6915 3003268.6103       0.0000 -5618720.3752  210577.3796     185.8553     121.6006
400001883 300000471                                         2577802.4491 -1330561.6814 -5672228.9398 2522238.0841 -669073.8784 -5812081.9155 3085738.1156 -671168.2896 -5533298.6915  210758.2000     182.6820     112.4458
400001884 300000471                                         3003268.6103       0.0000 -5618720.3752 3085738.1156 -671168.2896 -5533298.6915 2522238.0841 -669073.8784 -5812081.9155  211783.6604     182.1702     114.0010
400001885 300000472                                         3678298.5650 -1346350.7175 -5024649.2825 3143878.6287 -1345228.8674 -5375502.5311 3630292.7893 -677162.3725 -5191537.9595  217445.2803     196.3768     105.1348
400001886 300000472                                         2577802.4491 -1330561.6814 -5672228.9398 3085738.1156 -671168.2896 -5533298.6915 3143878.6287 -1345228.8674 -5375502.5311  218077.9738     187.2653     114.7581
400001887 300000472                                         3539537.9546       0.0000 -5297292.9000 3630292.7893 -677162.3725 -5191537.9595 3085738.1156 -671168.2896 -5533298.6915  218265.1507     190.8103     112.1304
400001888 300000472                                         3143878.6287 -1345228.8674 -5375502.5311 3085738.1156 -671168.2896 -5533298.6915 3630292.7893 -677162.3725 -5191537.9595  219375.9096     191.3394     108.3811
400001889 300000473                                               0.0000 -4504977.3029 -4504977.3029       0.0000 -4041719.6134 -4924849.5984  678984.1624 -4126944.5164 -4805928.6788  213029.7505     213.7047      93.5585
400001890 300000473                                               0.0000 -3539537.9546 -5297292.9000  677162.3725 -3630292.7893 -5191537.9595       0.0000 -4041719.6134 -4924849.5984  212458.1628     206.0005      88.0658
400001891 300000473                                         1346350.7175 -3678298.5650 -5024649.2825  678984.1624 -4126944.5164 -4805928.6788  677162.3725 -3630292.7893 -5191537.9595  213259.5913     203.8836      98.5029
400001892 300000473                                               0.0000 -4041719.6134 -4924849.5984  677162.3725 -3630292.7893 -5191537.9595  678984.1624 -4126944.5164 -4805928.6788  214297.3599     208.6896      91.2266
400001893 300000474                                               0.0000 -2438076.1476 -5886036.5016  669073.8784 -2522238.0841 -5812081.9155       0.0000 -3003268.6103 -5618720.3752  209920.2574     187.7274      77.8860
400001894 300000474                                         1330561.6814 -2577802.4491 -5672228.9398  671168.2896 -3085738.1156 -5533298.6915  669073.8784 -2522238.0841 -5812081.9155  210758.2000     190.3140      80.5545
400001895 300000474                                               0.0000 -3539537.9546 -5297292.9000       0.0000 -3003268.6103 -5618720.3752  671168.2896 -3085738.1156 -5533298.6915  210577.3796     198.5624      82.9194
400001896 300000474                                          669073.8784 -2522238.0841 -5812081.9155  671168.2896 -3085738.1156 -5533298.6915       0.0000 -3003268.6103 -5618720.3752  211783.6604     192.3256      79.1332
400001897 300000475                                         2600949.8585 -2600949.8585 -5201899.7171 1990680.8386 -3166715.9053 -5157396.7439 1976963.3461 -2604139.2443 -5468063.2517  213953.8407     199.4154      91.9272
400001898 300000475                                         1346350.7175 -3678298.5650 -5024649.2825 1345228.8674 -3143878.6287 -5375502.5311 1990680.8386 -3166715.9053 -5157396.7439  213817.3983     201.0815      84.4720
400001899 300000475                                         1330561.6814 -2577802.4491 -5672228.9398 1976963.3461 -2604139.2443 -5468063.2517 1345228.8674 -3143878.6287 -5375502.5311  213196.7862     194.8778      83.7242
400001900 300000475                                         1990680.8386 -3166715.9053 -5157396.7439 1345228.8674 -3143878.6287 -5375502.5311 1976963.3461 -2604139.2443 -5468063.2517  215042.4187     198.6349      86.7446
400001901 300000476                                               0.0000 -3539537.9546 -5297292.9000  671168.2896 -3085738.1156 -5533298.6915  677162.3725 -3630292.7893 -5191537.9595  218265.1507     201.7390      86.1916
400001902 300000476                                         1330561.6814 -2577802.4491 -5672228.9398 1345228.8674 -3143878.6287 -5375502.5311  671168.2896 -3085738.1156 -5533298.6915  218077.9738     195.9943      81.8450
400001903 300000476                                         1346350.7175 -3678298.5650 -5024649.2825  677162.3725 -3630292.7893 -5191537.9595 1345228.8674 -3143878.6287 -5375502.5311  217445.2803     200.1217      94.1812
400001904 300000476                                          671168.2896 -3085738.1156 -5533298.6915 1345228.8674 -3143878.6287 -5375502.5311  677162.3725 -3630292.7893 -5191537.9595  219375.9096     200.6295      86.2588
400001905 300000477                                         2438076.1476       0.0000 -5886036.5016 2522238.0841 -669073.8784 -5812081.9155 1869698.6039 -639129.1082 -6056845.8882  232651.5371     175.6749      87.5993
400001906 300000477                                         2577802.4491 -1330561.6814 -5672228.9398 1933504.7432 -1306164.9224 -5928333.1219 2522238.0841 -669073.8784 -5812081.9155  231845.9895     178.3085     101.3138
400001907 300000477                                         1266279.9131 -1266279.9131 -6114140.2800 1869698.6039 -639129.1082 -6056845.8882 1933504.7432 -1306164.9224 -5928333.1219  232712.3450     169.4613      75.3963
400001908 300000477                                         2522238.0841 -669073.8784 -5812081.9155 1933504.7432 -1306164.9224 -5928333.1219 1869698.6039 -639129.1082 -6056845.8882  234046.8072     173.9820      87.4389
400001909 300000478                                         2600949.8585 -2600949.8585 -5201899.7171 1976963.3461 -2604139.2443 -5468063.2517 2604139.2443 -1976963.3461 -5468063.2517  228300.1373     196.5604      95.8360
400001910 300000478                                         1330561.6814 -2577802.4491 -5672228.9398 1973179.1775 -1973179.1775 -5727370.1528 1976963.3461 -2604139.2443 -5468063.2517  229212.6770     187.3998      96.6411
400001911 300000478                                         2577802.4491 -1330561.6814 -5672228.9398 2604139.2443 -1976963.3461 -5468063.2517 1973179.1775 -1973179.1775 -5727370.1528  229212.6770     186.5513     113.9338
400001912 300000478                                         1976963.3461 -2604139.2443 -5468063.2517 1973179.1775 -1973179.1775 -5727370.1528 2604139.2443 -1976963.3461 -5468063.2517  230526.8451     190.4396     107.1259
400001913 300000479                                               0.0000 -2438076.1476 -5886036.5016  639129.1082 -1869698.6039 -6056845.8882  669073.8784 -2522238.0841 -5812081.9155  232651.5371     176.6647      83.4274
400001914 300000479                                         1266279.9131 -1266279.9131 -6114140.2800 1306164.9224 -1933504.7432 -5928333.1219  639129.1082 -1869698.6039 -6056845.8882  232712.3450     160.9904      76.0847
400001915 300000479                                         1330561.6814 -2577802.4491 -5672228.9398  669073.8784 -2522238.0841 -5812081.9155 1306164.9224 -1933504.7432 -5928333.1219  231845.9895     174.0464      93.2246
400001916 300000479                                          639129.1082 -1869698.6039 -6056845.8882 1306164.9224 -1933504.7432 -5928333.1219  669073.8784 -2522238.0841 -5812081.9155  234046.8072     166.3358      87.5599
400001917 300000480                                         2577802.4491 -1330561.6814 -5672228.9398 1973179.1775 -1973179.1775 -5727370.1528 1933504.7432 -1306164.9224 -5928333.1219  238189.0310     179.7174     103.3565
400001918 300000480                                         1330561.6814 -2577802.4491 -5672228.9398 1306164.9224 -1933504.7432 -5928333.1219 1973179.1775 -1973179.1775 -5727370.1528  238189.0310     175.0110      99.1284
400001919 300000480                                         1266279.9131 -1266279.9131 -6114140.2800 1933504.7432 -1306164.9224 -5928333.1219 1306164.9224 -1933504.7432 -5928333.1219  237302.7613     167.8312      81.4331
400001920 300000480                                         1973179.1775 -1973179.1775 -5727370.1528 1306164.9224 -1933504.7432 -5928333.1219 1933504.7432 -1306164.9224 -5928333.1219  239617.8861     173.8091      95.3533
400001921 300000481                                         6371000.0000       0.0000       0.0000 6340321.8936 -624467.2010       0.0000 6340321.8936       0.0000 -624467.2010  195921.5441     275.8631      80.0772
400001922 300000481                                         6248583.0214 -1242920.4416       0.0000 6308900.9250 -627459.2093 -627459.2093 6340321.8936 -624467.2010       0.0000  196860.2699     279.6870      74.3532
400001923 300000481                                         6248583.0214       0.0000 -1242920.4416 6340321.8936       0.0000 -624467.2010 6308900.9250 -627459.2093 -627459.2093  196860.2699     278.9723     104.5902
400001924 300000481                                         6340321.8936 -624467.2010       0.0000 6308900.9250 -627459.2093 -627459.2093 6340321.8936       0.0000 -624467.2010  197817.4310     279.3845      83.9517
400001925 300000482                                         5886036.5016 -2438076.1476       0.0000 6056845.8882 -1869698.6039 -639129.1082 6096666.8789 -1849403.6788       0.0000  200521.8161     282.4801      69.5850
400001926 300000482                                         6114140.2800 -1266279.9131 -1266279.9131 6212473.2151 -1260914.7366 -636326.6289 6056845.8882 -1869698.6039 -639129.1082  200560.6406     284.0140      96.4428
400001927 300000482                                         6248583.0214 -1242920.4416       0.0000 6096666.8789 -1849403.6788       0.0000 6212473.2151 -1260914.7366 -636326.6289  199642.5528     281.7041      67.0440
400001928 300000482                                         6056845.8882 -1869698.6039 -639129.1082 6212473.2151 -1260914.7366 -636326.6289 6096666.8789 -1849403.6788       0.0000  201535.9727     284.3139      73.3435
400001929 300000483                                         5886036.5016       0.0000 -2438076.1476 6096666.8789       0.0000 -1849403.6788 6056845.8882 -639129.1082 -1869698.6039  200521.8161     275.9127     114.9025
400001930 300000483                                         6248583.0214       0.0000 -1242920.4416 6212473.2151 -636326.6289 -1260914.7366 6096666.8789       0.0000 -1849403.6788  199642.5528     276.7463     134.4105
400001931 300000483                                         6114140.2800 -1266279.9131 -1266279.9131 6056845.8882 -639129.1082 -1869698.6039 6212473.2151 -636326.6289 -1260914.7366  200560.6406     279.1492     122.7924
400001932 300000483                                         6096666.8789       0.0000 -1849403.6788 6212473.2151 -636326.6289 -1260914.7366 6056845.8882 -639129.1082 -1869698.6039  201535.9727     277.3471     125.4531
400001933 300000484                                         6248583.0214 -1242920.4416       0.0000 6212473.2151 -1260914.7366 -636326.6289 6308900.9250 -627459.2093 -627459.2093  204548.8197     282.5343      72.9252
400001934 300000484                                         6114140.2800 -1266279.9131 -1266279.9131 6212473.2151 -636326.6289 -1260914.7366 6212473.2151 -1260914.7366 -636326.6289  203612.8458     281.5063     112.5594
400001935 300000484                                         6248583.0214       0.0000 -1242920.4416 6308900.9250 -627459.2093 -627459.2093 6212473.2151 -636326.6289 -1260914.7366  204548.8197     278.6227     122.6807
400001936 300000484                                         6212473.2151 -1260914.7366 -636326.6289 6212473.2151 -636326.6289 -1260914.7366 6308900.9250 -627459.2093 -627459.2093  205583.5447     281.6447     102.8384
400001937 300000485                                         4504977.3029 -4504977.3029       0.0000 4805928.6788 -4126944.5164 -678984.1624 4924849.5984 -4041719.6134       0.0000  213029.7505     289.0557      60.1874
400001938 300000485                                         5024649.2825 -3678298.5650 -1346350.7175 5191537.9595 -3630292.7893 -677162.3725 4805928.6788 -4126944.5164 -678984.1624  213259.5913     291.9837      98.5565
400001939 300000485                                         5297292.9000 -3539537.9546       0.0000 4924849.5984 -4041719.6134       0.0000 5191537.9595 -3630292.7893 -677162.3725  212458.1628     285.6306      57.5704
400001940 300000485                                         4805928.6788 -4126944.5164 -678984.1624 5191537.9595 -3630292.7893 -677162.3725 4924849.5984 -4041719.6134       0.0000  214297.3599     292.5127      72.6631
400001941 300000486                                         5201899.7171 -2600949.8585 -2600949.8585 5468063.2517 -2604139.2443 -1976963.3461 5157396.7439 -3166715.9053 -1990680.8386  213953.8407     274.6935      75.9633
400001942 300000486                                         5672228.9398 -2577802.4491 -1330561.6814 5375502.5311 -3143878.6287 -1345228.8674 5468063.2517 -2604139.2443 -1976963.3461  213196.7862     285.5836      75.9369
400001943 300000486                                         5024649.2825 -3678298.5650 -1346350.7175 5157396.7439 -3166715.9053 -1990680.8386 5375502.5311 -3143878.6287 -1345228.8674  213817.3983     286.0251      66.1122
400001944 300000486                                         5468063.2517 -2604139.2443 -1976963.3461 5375502.5311 -3143878.6287 -1345228.8674 5157396.7439 -3166715.9053 -1990680.8386  215042.4187     282.7501      70.9012
400001945 300000487                                         5886036.5016 -2438076.1476       0.0000 5618720.3752 -3003268.6103       0.0000 5812081.9155 -2522238.0841 -669073.8784  209920.2574     283.9407      63.3059
400001946 300000487                                         5297292.9000 -3539537.9546       0.0000 5533298.6915 -3085738.1156 -671168.2896 5618720.3752 -3003268.6103       0.0000  210577.3796     284.8742      60.4797
400001947 300000487                                         5672228.9398 -2577802.4491 -1330561.6814 5812081.9155 -2522238.0841 -669073.8784 5533298.6915 -3085738.1156 -671168.2896  210758.2000     288.1120      73.9919
400001948 300000487                                         5618720.3752 -3003268.6103       0.0000 5533298.6915 -3085738.1156 -671168.2896 5812081.9155 -2522238.0841 -669073.8784  211783.6604     286.8798      64.4042
400001949 300000488                                         5024649.2825 -3678298.5650 -1346350.7175 5375502.5311 -3143878.6287 -1345228.8674 5191537.9595 -3630292.7893 -677162.3725  217445.2803     289.6874      68.6084
400001950 300000488                                         5672228.9398 -2577802.4491 -1330561.6814 5533298.6915 -3085738.1156 -671168.2896 5375502.5311 -3143878.6287 -1345228.8674  218077.9738     289.1227      71.5419
400001951 300000488                                         5297292.9000 -3539537.9546       0.0000 5191537.9595 -3630292.7893 -677162.3725 5533298.6915 -3085738.1156 -671168.2896  218265.1507     287.7361      61.6690
400001952 300000488                                         5375502.5311 -3143878.6287 -1345228.8674 5533298.6915 -3085738.1156 -671168.2896 5191537.9595 -3630292.7893 -677162.3725  219375.9096     289.7732      65.9400
400001953 300000489                                         4504977.3029       0.0000 -4504977.3029 4924849.5984       0.0000 -4041719.6134 4805928.6788 -678984.1624 -4126944.5164  213029.7505     218.0600     105.8338
400001954 300000489                                         5297292.9000       0.0000 -3539537.9546 5191537.9595 -677162.3725 -3630292.7893 4924849.5984       0.0000 -4041719.6134  212458.1628     231.6224      98.6346
400001955 300000489                                         5024649.2825 -1346350.7175 -3678298.5650 4805928.6788 -678984.1624 -4126944.5164 5191537.9595 -677162.3725 -3630292.7893  213259.5913     225.3896     103.9577
400001956 300000489                                         4924849.5984       0.0000 -4041719.6134 5191537.9595 -677162.3725 -3630292.7893 4805928.6788 -678984.1624 -4126944.5164  214297.3599     224.1070     101.4883
400001957 300000490                                         5886036.5016       0.0000 -2438076.1476 5812081.9155 -669073.8784 -2522238.0841 5618720.3752       0.0000 -3003268.6103  209920.2574     268.4600      96.4391
400001958 300000490                                         5672228.9398 -1330561.6814 -2577802.4491 5533298.6915 -671168.2896 -3085738.1156 5812081.9155 -669073.8784 -2522238.0841  210758.2000     264.2950      88.7683
400001959 300000490                                         5297292.9000       0.0000 -3539537.9546 5618720.3752       0.0000 -3003268.6103 5533298.6915 -671168.2896 -3085738.1156  210577.3796     252.7864      89.5971
400001960 300000490                                         5812081.9155 -669073.8784 -2522238.0841 5533298.6915 -671168.2896 -3085738.1156 5618720.3752       0.0000 -3003268.6103  211783.6604     262.1814      89.8479
400001961 300000491                                         5201899.7171 -2600949.8585 -2600949.8585 5157396.7439 -1990680.8386 -3166715.9053 5468063.2517 -1976963.3461 -2604139.2443  213953.8407     258.9383      86.2268
400001962 300000491                                         5024649.2825 -1346350.7175 -3678298.5650 5375502.5311 -1345228.8674 -3143878.6287 5157396.7439 -1990680.8386 -3166715.9053  213817.3983     240.7039     102.0772
400001963 300000491                                         5672228.9398 -1330561.6814 -2577802.4491 5468063.2517 -1976963.3461 -2604139.2443 5375502.5311 -1345228.8674 -3143878.6287  213196.7862     261.5713      86.2392
400001964 300000491                                         5157396.7439 -1990680.8386 -3166715.9053 5375502.5311 -1345228.8674 -3143878.6287 5468063.2517 -1976963.3461 -2604139.2443  215042.4187     254.3109      90.4671
400001965 300000492                                         5297292.9000       0.0000 -3539537.9546 5533298.6915 -671168.2896 -3085738.1156 5191537.9595 -677162.3725 -3630292.7893  218265.1507     243.3998      92.9428
400001966 300000492                                         5672228.9398 -1330561.6814 -2577802.4491 5375502.5311 -1345228.8674 -3143878.6287 5533298.6915 -671168.2896 -3085738.1156  218077.9738     257.5999      86.9871
400001967 300000492                                         5024649.2825 -1346350.7175 -3678298.5650 5191537.9595 -677162.3725 -3630292.7893 5375502.5311 -1345228.8674 -3143878.6287  217445.2803     236.1378     102.6104
400001968 300000492                                         5533298.6915 -671168.2896 -3085738.1156 5375502.5311 -1345228.8674 -3143878.6287 5191537.9595 -677162.3725 -3630292.7893  219375.9096     246.0661      93.9273
400001969 300000493                                         5886036.5016 -2438076.1476       0.0000 5812081.9155 -2522238.0841 -669073.8784 6056845.8882 -1869698.6039 -639129.1082  232651.5371     285.5563      69.4147
400001970 300000493                                         5672228.9398 -2577802.4491 -1330561.6814 5928333.1219 -1933504.7432 -1306164.9224 5812081.9155 -2522238.0841 -669073.8784  231845.9895     286.0859      90.4677
400001971 300000493                                         6114140.2800 -1266279.9131 -1266279.9131 6056845.8882 -1869698.6039 -639129.1082 5928333.1219 -1933504.7432 -1306164.9224  232712.3450     283.6852     107.2785
400001972 300000493                                         5812081.9155 -2522238.0841 -669073.8784 5928333.1219 -1933504.7432 -1306164.9224 6056845.8882 -1869698.6039 -639129.1082  234046.8072     285.8612      88.9727
400001973 300000494                                         5201899.7171 -2600949.8585 -2600949.8585 5468063.2517 -1976963.3461 -2604139.2443 5468063.2517 -2604139.2443 -1976963.3461  228300.1373     271.1170      80.6285
400001974 300000494                                         5672228.9398 -1330561.6814 -2577802.4491 5727370.1528 -1973179.1775 -1973179.1775 5468063.2517 -1976963.3461 -2604139.2443  229212.6770     272.1586      83.4000
400001975 300000494                                         5672228.9398 -2577802.4491 -1330561.6814 5468063.2517 -2604139.2443 -1976963.3461 5727370.1528 -1973179.1775 -1973179.1775  229212.6770     282.6001      81.1320
400001976 300000494                                         5468063.2517 -1976963.3461 -2604139.2443 5727370.1528 -1973179.1775 -1973179.1775 5468063.2517 -2604139.2443 -1976963.3461  230526.8451     276.1716      79.3982
400001977 300000495                                         5886036.5016       0.0000 -2438076.1476 6056845.8882 -639129.1082 -1869698.6039 5812081.9155 -669073.8784 -2522238.0841  232651.5371     274.2038     106.2528
400001978 300000495                                         6114140.2800 -1266279.9131 -1266279.9131 5928333.1219 -1306164.9224 -1933504.7432 6056845.8882 -639129.1082 -1869698.6039  232712.3450     279.1402     113.3913
400001979 300000495                                         5672228.9398 -1330561.6814 -2577802.4491 5812081.9155 -669073.8784 -2522238.0841 5928333.1219 -1306164.9224 -1933504.7432  231845.9895     273.0369      90.0774
400001980 300000495                                         6056845.8882 -639129.1082 -1869698.6039 5928333.1219 -1306164.9224 -1933504.7432 5812081.9155 -669073.8784 -2522238.0841  234046.8072     276.0943     102.3988
400001981 300000496                                         5672228.9398 -2577802.4491 -1330561.6814 5727370.1528 -1973179.1775 -1973179.1775 5928333.1219 -1933504.7432 -1306164.9224  238189.0310     283.5753      94.8080
400001982 300000496                                         5672228.9398 -1330561.6814 -2577802.4491 5928333.1219 -1306164.9224 -1933504.7432 5727370.1528 -1973179.1775 -1973179.1775  238189.0310     276.1390      87.9048
400001983 300000496                                         6114140.2800 -1266279.9131 -1266279.9131 5928333.1219 -1933504.7432 -1306164.9224 5928333.1219 -1306164.9224 -1933504.7432  237302.7613     281.2222     112.1002
400001984 300000496                                         5727370.1528 -1973179.1775 -1973179.1775 5928333.1219 -1306164.9224 -1933504.7432 5928333.1219 -1933504.7432 -1306164.9224  239617.8861     280.8751      97.8987
400001985 300000497                                               0.0000 -4504977.3029 -4504977.3029  678984.1624 -4126944.5164 -4805928.6788  678984.1624 -4805928.6788 -4126944.5164  328324.9483     219.0935      95.0928
400001986 300000497                                         1346350.7175 -3678298.5650 -5024649.2825 1361638.6226 -4400885.2099 -4400885.2099  678984.1624 -4126944.5164 -4805928.6788  329212.3599     207.1717     110.6286
400001987 300000497                                         1346350.7175 -5024649.2825 -3678298.5650  678984.1624 -4805928.6788 -4126944.5164 1361638.6226 -4400885.2099 -4400885.2099  329212.3599     229.4400      91.4647
400001988 300000497                                          678984.1624 -4126944.5164 -4805928.6788 1361638.6226 -4400885.2099 -4400885.2099  678984.1624 -4805928.6788 -4126944.5164  332074.9378     219.7557      96.0166
400001989 300000498                                         2600949.8585 -2600949.8585 -5201899.7171 2687534.5848 -3374031.3064 -4688572.4479 1990680.8386 -3166715.9053 -5157396.7439  331958.1435     205.6898      91.3708
400001990 300000498                                         2716603.5278 -4074905.2917 -4074905.2917 2050103.9020 -3912146.8074 -4591494.5659 2687534.5848 -3374031.3064 -4688572.4479  332135.9111     220.6933      79.1659
400001991 300000498                                         1346350.7175 -3678298.5650 -5024649.2825 1990680.8386 -3166715.9053 -5157396.7439 2050103.9020 -3912146.8074 -4591494.5659  331417.2039     209.5019      75.8453
400001992 300000498                                         2687534.5848 -3374031.3064 -4688572.4479 2050103.9020 -3912146.8074 -4591494.5659 1990680.8386 -3166715.9053 -5157396.7439  335024.3025     213.0945      81.0614
400001993 300000499                                         2600949.8585 -5201899.7171 -2600949.8585 1990680.8386 -5157396.7439 -3166715.9053 2687534.5848 -4688572.4479 -3374031.3064  331958.1435     265.2257      90.1127
400001994 300000499                                         1346350.7175 -5024649.2825 -3678298.5650 2050103.9020 -4591494.5659 -3912146.8074 1990680.8386 -5157396.7439 -3166715.9053  331417.2039     236.6934      97.5052
400001995 300000499                                         2716603.5278 -4074905.2917 -4074905.2917 2687534.5848 -4688572.4479 -3374031.3064 2050103.9020 -4591494.5659 -3912146.8074  332135.9111     232.9932     102.6056
400001996 300000499                                         1990680.8386 -5157396.7439 -3166715.9053 2050103.9020 -4591494.5659 -3912146.8074 2687534.5848 -4688572.4479 -3374031.3064  335024.3025     248.9383      93.4895
400001997 300000500                                         1346350.7175 -3678298.5650 -5024649.2825 2050103.9020 -3912146.8074 -4591494.5659 1361638.6226 -4400885.2099 -4400885.2099  344128.0612     213.1989      82.6387
400001998 300000500                                         2716603.5278 -4074905.2917 -4074905.2917 2050103.9020 -4591494.5659 -3912146.8074 2050103.9020 -3912146.8074 -4591494.5659  343384.2298     225.3220      78.6537
400001999 300000500                                         1346350.7175 -5024649.2825 -3678298.5650 1361638.6226 -4400885.2099 -4400885.2099 2050103.9020 -4591494.5659 -3912146.8074  344128.0612     228.4503      96.8336
400002000 300000500                                         2050103.9020 -3912146.8074 -4591494.5659 2050103.9020 -4591494.5659 -3912146.8074 1361638.6226 -4400885.2099 -4400885.2099  347308.3434     223.7668      81.7815
400002001 300000501                                         4504977.3029       0.0000 -4504977.3029 4805928.6788 -678984.1624 -4126944.5164 4126944.5164 -678984.1624 -4805928.6788  328324.9483     212.4506     110.1764
400002002 300000501                                         5024649.2825 -1346350.7175 -3678298.5650 4400885.2099 -1361638.6226 -4400885.2099 4805928.6788 -678984.1624 -4126944.5164  329212.3599     219.6577     110.6071
400002003 300000501                                         3678298.5650 -1346350.7175 -5024649.2825 4126944.5164 -678984.1624 -4805928.6788 4400885.2099 -1361638.6226 -4400885.2099  329212.3599     206.9492     111.1127
400002004 300000501                                         4805928.6788 -678984.1624 -4126944.5164 4400885.2099 -1361638.6226 -4400885.2099 4126944.5164 -678984.1624 -4805928.6788  332074.9378     213.0612     110.2538
400002005 300000502                                         5201899.7171 -2600949.8585 -2600949.8585 4688572.4479 -2687534.5848 -3374031.3064 5157396.7439 -1990680.8386 -3166715.9053  331958.1435     248.4174      93.4662
400002006 300000502                                         4074905.2917 -2716603.5278 -4074905.2917 4591494.5659 -2050103.9020 -3912146.8074 4688572.4479 -2687534.5848 -3374031.3064  332135.9111     223.5899     115.9948
400002007 300000502                                         5024649.2825 -1346350.7175 -3678298.5650 5157396.7439 -1990680.8386 -3166715.9053 4591494.5659 -2050103.9020 -3912146.8074  331417.2039     228.8472     111.9511
400002008 300000502                                         4688572.4479 -2687534.5848 -3374031.3064 4591494.5659 -2050103.9020 -3912146.8074 5157396.7439 -1990680.8386 -3166715.9053  335024.3025     231.3696     110.9112
400002009 300000503                                         2600949.8585 -2600949.8585 -5201899.7171 3166715.9053 -1990680.8386 -5157396.7439 3374031.3064 -2687534.5848 -4688572.4479  331958.1435     203.8113     101.1946
400002010 300000503                                         3678298.5650 -1346350.7175 -5024649.2825 3912146.8074 -2050103.9020 -4591494.5659 3166715.9053 -1990680.8386 -5157396.7439  331417.2039     203.7120     111.9633
400002011 300000503                                         4074905.2917 -2716603.5278 -4074905.2917 3374031.3064 -2687534.5848 -4688572.4479 3912146.8074 -2050103.9020 -4591494.5659  332135.9111     215.5038     106.9847
400002012 300000503                                         3166715.9053 -1990680.8386 -5157396.7439 3912146.8074 -2050103.9020 -4591494.5659 3374031.3064 -2687534.5848 -4688572.4479  335024.3025     207.7704     108.4295
400002013 300000504                                         5024649.2825 -1346350.7175 -3678298.5650 4591494.5659 -2050103.9020 -3912146.8074 4400885.2099 -1361638.6226 -4400885.2099  344128.0612     220.4657     114.2222
400002014 300000504                                         4074905.2917 -2716603.5278 -4074905.2917 3912146.8074 -2050103.9020 -4591494.5659 4591494.5659 -2050103.9020 -3912146.8074  343384.2298     218.5699     113.1908
400002015 300000504                                         3678298.5650 -1346350.7175 -5024649.2825 4400885.2099 -1361638.6226 -4400885.2099 3912146.8074 -2050103.9020 -4591494.5659  344128.0612     209.2437     113.5438
400002016 300000504                                         4591494.5659 -2050103.9020 -3912146.8074 3912146.8074 -2050103.9020 -4591494.5659 4400885.2099 -1361638.6226 -4400885.2099  347308.3434     216.9164     113.5386
400002017 300000505                                         4504977.3029 -4504977.3029       0.0000 4126944.5164 -4805928.6788 -678984.1624 4805928.6788 -4126944.5164 -678984.1624  328324.9483     286.7966      92.1387
400002018 300000505                                         3678298.5650 -5024649.2825 -1346350.7175 4400885.2099 -4400885.2099 -1361638.6226 4126944.5164 -4805928.6788 -678984.1624  329212.3599     272.7505      94.0991
400002019 300000505                                         5024649.2825 -3678298.5650 -1346350.7175 4805928.6788 -4126944.5164 -678984.1624 4400885.2099 -4400885.2099 -1361638.6226  329212.3599     291.8333      94.0087
400002020 300000505                                         4126944.5164 -4805928.6788 -678984.1624 4400885.2099 -4400885.2099 -1361638.6226 4805928.6788 -4126944.5164 -678984.1624  332074.9378     289.0578      83.9364
400002021 300000506                                         2600949.8585 -5201899.7171 -2600949.8585 3374031.3064 -4688572.4479 -2687534.5848 3166715.9053 -5157396.7439 -1990680.8386  331958.1435     268.2340     105.1540
400002022 300000506                                         4074905.2917 -4074905.2917 -2716603.5278 3912146.8074 -4591494.5659 -2050103.9020 3374031.3064 -4688572.4479 -2687534.5848  332135.9111     254.2766     112.4449
400002023 300000506                                         3678298.5650 -5024649.2825 -1346350.7175 3166715.9053 -5157396.7439 -1990680.8386 3912146.8074 -4591494.5659 -2050103.9020  331417.2039     264.7369     101.0723
400002024 300000506                                         3374031.3064 -4688572.4479 -2687534.5848 3912146.8074 -4591494.5659 -2050103.9020 3166715.9053 -5157396.7439 -1990680.8386  335024.3025     263.9327     104.4553
400002025 300000507                                         5201899.7171 -2600949.8585 -2600949.8585 5157396.7439 -3166715.9053 -1990680.8386 4688572.4479 -3374031.3064 -2687534.5848  331958.1435     267.6386      81.5196
400002026 300000507                                         5024649.2825 -3678298.5650 -1346350.7175 4591494.5659 -3912146.8074 -2050103.9020 5157396.7439 -3166715.9053 -1990680.8386  331417.2039     280.3057      70.1458
400002027 300000507                                         4074905.2917 -4074905.2917 -2716603.5278 4688572.4479 -3374031.3064 -2687534.5848 4591494.5659 -3912146.8074 -2050103.9020  332135.9111     260.8677      94.8225
400002028 300000507                                         5157396.7439 -3166715.9053 -1990680.8386 4591494.5659 -3912146.8074 -2050103.9020 4688572.4479 -3374031.3064 -2687534.5848  335024.3025     270.9337      78.0699
400002029 300000508                                         3678298.5650 -5024649.2825 -1346350.7175 3912146.8074 -4591494.5659 -2050103.9020 4400885.2099 -4400885.2099 -1361638.6226  344128.0612     271.2091      93.9131
400002030 300000508                                         4074905.2917 -4074905.2917 -2716603.5278 4591494.5659 -3912146.8074 -2050103.9020 3912146.8074 -4591494.5659 -2050103.9020  343384.2298     260.3064     108.6355
400002031 300000508                                         5024649.2825 -3678298.5650 -1346350.7175 4400885.2099 -4400885.2099 -1361638.6226 4591494.5659 -3912146.8074 -2050103.9020  344128.0612     280.7245     103.8950
400002032 300000508                                         3912146.8074 -4591494.5659 -2050103.9020 4591494.5659 -3912146.8074 -2050103.9020 4400885.2099 -4400885.2099 -1361638.6226  347308.3434     273.3044      95.1651
400002033 300000509                                         2600949.8585 -2600949.8585 -5201899.7171 3374031.3064 -2687534.5848 -4688572.4479 2687534.5848 -3374031.3064 -4688572.4479  387995.8446     209.1325      96.0966
400002034 300000509                                         4074905.2917 -2716603.5278 -4074905.2917 3435012.9904 -3435012.9904 -4122015.5885 3374031.3064 -2687534.5848 -4688572.4479  388281.7658     219.0665     102.0629
400002035 300000509                                         2716603.5278 -4074905.2917 -4074905.2917 2687534.5848 -3374031.3064 -4688572.4479 3435012.9904 -3435012.9904 -4122015.5885  388281.7658     221.9230      89.7091
400002036 300000509                                         3374031.3064 -2687534.5848 -4688572.4479 3435012.9904 -3435012.9904 -4122015.5885 2687534.5848 -3374031.3064 -4688572.4479  392517.4362     216.8364      94.2696
400002037 300000510                                         5201899.7171 -2600949.8585 -2600949.8585 4688572.4479 -3374031.3064 -2687534.5848 4688572.4479 -2687534.5848 -3374031.3064  387995.8446     252.4828      90.6711
400002038 300000510                                         4074905.2917 -4074905.2917 -2716603.5278 4122015.5885 -3435012.9904 -3435012.9904 4688572.4479 -3374031.3064 -2687534.5848  388281.7658     246.0638     101.6599
400002039 300000510                                         4074905.2917 -2716603.5278 -4074905.2917 4688572.4479 -2687534.5848 -3374031.3064 4122015.5885 -3435012.9904 -3435012.9904  388281.7658     228.1573     112.9302
400002040 300000510                                         4688572.4479 -3374031.3064 -2687534.5848 4122015.5885 -3435012.9904 -3435012.9904 4688572.4479 -2687534.5848 -3374031.3064  392517.4362     240.8090     104.0977
400002041 300000511                                         2600949.8585 -5201899.7171 -2600949.8585 2687534.5848 -4688572.4479 -3374031.3064 3374031.3064 -4688572.4479 -2687534.5848  387995.8446     261.0338     104.5265
400002042 300000511                                         2716603.5278 -4074905.2917 -4074905.2917 3435012.9904 -4122015.5885 -3435012.9904 2687534.5848 -4688572.4479 -3374031.3064  388281.7658     234.5373     100.0377
400002043 300000511                                         4074905.2917 -4074905.2917 -2716603.5278 3374031.3064 -4688572.4479 -2687534.5848 3435012.9904 -4122015.5885 -3435012.9904  388281.7658     238.4095     121.2531
400002044 300000511                                         2687534.5848 -4688572.4479 -3374031.3064 3435012.9904 -4122015.5885 -3435012.9904 3374031.3064 -4688572.4479 -2687534.5848  392517.4362     244.0472     117.0824
400002045 300000512                                         4074905.2917 -2716603.5278 -4074905.2917 4122015.5885 -3435012.9904 -3435012.9904 3435012.9904 -3435012.9904 -4122015.5885  405996.4825     225.6301     106.0495
400002046 300000512                                         4074905.2917 -4074905.2917 -2716603.5278 3435012.9904 -4122015.5885 -3435012.9904 4122015.5885 -3435012.9904 -3435012.9904  405996.4825     236.2101     105.9747
400002047 300000512                                         2716603.5278 -4074905.2917 -4074905.2917 3435012.9904 -3435012.9904 -4122015.5885 3435012.9904 -4122015.5885 -3435012.9904  405996.4825     229.4676      92.8238
400002048 300000512                                         4122015.5885 -3435012.9904 -3435012.9904 3435012.9904 -4122015.5885 -3435012.9904 3435012.9904 -3435012.9904 -4122015.5885  410731.3740     230.3471     104.1017
