300000001 200000001 400000001 400000002 400000003 400000004       0.0000       0.0000 6371000.0000 1242920.4416       0.0000 6248583.0214       0.0000 1242920.4416 6248583.0214  787459.5150     178.7411       0.0548
300000002 200000001 400000005 400000006 400000007 400000008 2438076.1476       0.0000 5886036.5016 1266279.9131 1266279.9131 6114140.2800 1242920.4416       0.0000 6248583.0214  802260.9823     194.9616       1.0721
300000003 200000001 400000009 400000010 400000011 400000012       0.0000 2438076.1476 5886036.5016       0.0000 1242920.4416 6248583.0214 1266279.9131 1266279.9131 6114140.2800  802260.9823     184.0385       1.1793
300000004 200000001 400000013 400000014 400000015 400000016 1242920.4416       0.0000 6248583.0214 1266279.9131 1266279.9131 6114140.2800       0.0000 1242920.4416 6248583.0214  818294.0298     186.8340       0.1240
300000005 200000002 400000017 400000018 400000019 400000020 4504977.3029       0.0000 4504977.3029 3678298.5650 1346350.7175 5024649.2825 3539537.9546       0.0000 5297292.9000  853044.8645     212.7593      53.5282
300000006 200000002 400000021 400000022 400000023 400000024 2600949.8585 2600949.8585 5201899.7171 2577802.4491 1330561.6814 5672228.9398 3678298.5650 1346350.7175 5024649.2825  856010.4439     204.3919      41.0026
300000007 200000002 400000025 400000026 400000027 400000028 2438076.1476       0.0000 5886036.5016 3539537.9546       0.0000 5297292.9000 2577802.4491 1330561.6814 5672228.9398  843039.4974     202.3489      20.7976
300000008 200000002 400000029 400000030 400000031 400000032 3678298.5650 1346350.7175 5024649.2825 2577802.4491 1330561.6814 5672228.9398 3539537.9546       0.0000 5297292.9000  873164.3145     208.7541      35.6550
300000009 200000003 400000033 400000034 400000035 400000036       0.0000 4504977.3029 4504977.3029       0.0000 3539537.9546 5297292.9000 1346350.7175 3678298.5650 5024649.2825  853044.8645     195.9402      56.9799
300000010 200000003 400000037 400000038 400000039 400000040       0.0000 2438076.1476 5886036.5016 1330561.6814 2577802.4491 5672228.9398       0.0000 3539537.9546 5297292.9000  843039.4974     182.2025      21.8750
300000011 200000003 400000041 400000042 400000043 400000044 2600949.8585 2600949.8585 5201899.7171 1346350.7175 3678298.5650 5024649.2825 1330561.6814 2577802.4491 5672228.9398  856010.4439     196.3755      39.2589
300000012 200000003 400000045 400000046 400000047 400000048       0.0000 3539537.9546 5297292.9000 1330561.6814 2577802.4491 5672228.9398 1346350.7175 3678298.5650 5024649.2825  873164.3145     192.2066      37.9788
300000013 200000004 400000049 400000050 400000051 400000052 2438076.1476       0.0000 5886036.5016 2577802.4491 1330561.6814 5672228.9398 1266279.9131 1266279.9131 6114140.2800  931256.6789     196.7766       6.7190
300000014 200000004 400000053 400000054 400000055 400000056 2600949.8585 2600949.8585 5201899.7171 1330561.6814 2577802.4491 5672228.9398 2577802.4491 1330561.6814 5672228.9398  917252.3363     196.2136      28.3178
300000015 200000004 400000057 400000058 400000059 400000060       0.0000 2438076.1476 5886036.5016 1266279.9131 1266279.9131 6114140.2800 1330561.6814 2577802.4491 5672228.9398  931256.6789     184.2704       7.3839
300000016 200000004 400000061 400000062 400000063 400000064 2577802.4491 1330561.6814 5672228.9398 1330561.6814 2577802.4491 5672228.9398 1266279.9131 1266279.9131 6114140.2800  953298.7094     194.3682      10.3070
300000017 200000005 400000065 400000066 400000067 400000068 6371000.0000       0.0000       0.0000 6248583.0214 1242920.4416       0.0000 6248583.0214       0.0000 1242920.4416  787459.5150     246.2524      99.8154
300000018 200000005 400000069 400000070 400000071 400000072 5886036.5016 2438076.1476       0.0000 6114140.2800 1266279.9131 1266279.9131 6248583.0214 1242920.4416       0.0000  802260.9823     232.8433     110.5562
300000019 200000005 400000073 400000074 400000075 400000076 5886036.5016       0.0000 2438076.1476 6248583.0214       0.0000 1242920.4416 6114140.2800 1266279.9131 1266279.9131  802260.9823     284.8377     100.0396
300000020 200000005 400000077 400000078 400000079 400000080 6248583.0214 1242920.4416       0.0000 6114140.2800 1266279.9131 1266279.9131 6248583.0214       0.0000 1242920.4416  818294.0298     254.7877      95.3231
300000021 200000006 400000081 400000082 400000083 400000084 4504977.3029 4504977.3029       0.0000 5024649.2825 3678298.5650 1346350.7175 5297292.9000 3539537.9546       0.0000  853044.8645     263.9258     102.3363
300000022 200000006 400000085 400000086 400000087 400000088 5201899.7171 2600949.8585 2600949.8585 5672228.9398 2577802.4491 1330561.6814 5024649.2825 3678298.5650 1346350.7175  856010.4439     295.0165     100.0079
300000023 200000006 400000089 400000090 400000091 400000092 5886036.5016 2438076.1476       0.0000 5297292.9000 3539537.9546       0.0000 5672228.9398 2577802.4491 1330561.6814  843039.4974     234.9110     105.8250
300000024 200000006 400000093 400000094 400000095 400000096 5024649.2825 3678298.5650 1346350.7175 5672228.9398 2577802.4491 1330561.6814 5297292.9000 3539537.9546       0.0000  873164.3145     271.0957      83.6740
300000025 200000007 400000097 400000098 400000099 400000100 4504977.3029       0.0000 4504977.3029 5297292.9000       0.0000 3539537.9546 5024649.2825 1346350.7175 3678298.5650  853044.8645     236.5398      65.1503
300000026 200000007 400000101 400000102 400000103 400000104 5886036.5016       0.0000 2438076.1476 5672228.9398 1330561.6814 2577802.4491 5297292.9000       0.0000 3539537.9546  843039.4974     262.2384      90.4894
300000027 200000007 400000105 400000106 400000107 400000108 5201899.7171 2600949.8585 2600949.8585 5024649.2825 1346350.7175 3678298.5650 5672228.9398 1330561.6814 2577802.4491  856010.4439     263.5345      92.0059
300000028 200000007 400000109 400000110 400000111 400000112 5297292.9000       0.0000 3539537.9546 5672228.9398 1330561.6814 2577802.4491 5024649.2825 1346350.7175 3678298.5650  873164.3145     253.4188      88.9347
300000029 200000008 400000113 400000114 400000115 400000116 5886036.5016 2438076.1476       0.0000 5672228.9398 2577802.4491 1330561.6814 6114140.2800 1266279.9131 1266279.9131  931256.6789     261.6167      82.7648
300000030 200000008 400000117 400000118 400000119 400000120 5201899.7171 2600949.8585 2600949.8585 5672228.9398 1330561.6814 2577802.4491 5672228.9398 2577802.4491 1330561.6814  917252.3363     283.0385     104.5971
300000031 200000008 400000121 400000122 400000123 400000124 5886036.5016       0.0000 2438076.1476 6114140.2800 1266279.9131 1266279.9131 5672228.9398 1330561.6814 2577802.4491  931256.6789     278.7778     110.2181
300000032 200000008 400000125 400000126 400000127 400000128 5672228.9398 2577802.4491 1330561.6814 5672228.9398 1330561.6814 2577802.4491 6114140.2800 1266279.9131 1266279.9131  953298.7094     289.4939     110.9846
300000033 200000009 400000129 400000130 400000131 400000132       0.0000 6371000.0000       0.0000       0.0000 6248583.0214 1242920.4416 1242920.4416 6248583.0214       0.0000  787459.5150     219.0243     108.2419
300000034 200000009 400000133 400000134 400000135 400000136       0.0000 5886036.5016 2438076.1476 1266279.9131 6114140.2800 1266279.9131       0.0000 6248583.0214 1242920.4416  802260.9823     254.8888      78.4506
300000035 200000009 400000137 400000138 400000139 400000140 2438076.1476 5886036.5016       0.0000 1242920.4416 6248583.0214       0.0000 1266279.9131 6114140.2800 1266279.9131  802260.9823     229.2401     102.9000
300000036 200000009 400000141 400000142 400000143 400000144       0.0000 6248583.0214 1242920.4416 1266279.9131 6114140.2800 1266279.9131 1242920.4416 6248583.0214       0.0000  818294.0298     225.1866     103.6441
300000037 200000010 400000145 400000146 400000147 400000148       0.0000 4504977.3029 4504977.3029 1346350.7175 5024649.2825 3678298.5650       0.0000 5297292.9000 3539537.9546  853044.8645     215.1914      68.0259
300000038 200000010 400000149 400000150 400000151 400000152 2600949.8585 5201899.7171 2600949.8585 1330561.6814 5672228.9398 2577802.4491 1346350.7175 5024649.2825 3678298.5650  856010.4439     282.6532      64.4756
300000039 200000010 400000153 400000154 400000155 400000156       0.0000 5886036.5016 2438076.1476       0.0000 5297292.9000 3539537.9546 1330561.6814 5672228.9398 2577802.4491  843039.4974     267.0510      66.6730
300000040 200000010 400000157 400000158 400000159 400000160 1346350.7175 5024649.2825 3678298.5650 1330561.6814 5672228.9398 2577802.4491       0.0000 5297292.9000 3539537.9546  873164.3145     240.7477      67.4736
300000041 200000011 400000161 400000162 400000163 400000164 4504977.3029 4504977.3029       0.0000 3539537.9546 5297292.9000       0.0000 3678298.5650 5024649.2825 1346350.7175  853044.8645     275.3281      59.0903
300000042 200000011 400000165 400000166 400000167 400000168 2438076.1476 5886036.5016       0.0000 2577802.4491 5672228.9398 1330561.6814 3539537.9546 5297292.9000       0.0000  843039.4974     255.4278      76.3130
300000043 200000011 400000169 400000170 400000171 400000172 2600949.8585 5201899.7171 2600949.8585 3678298.5650 5024649.2825 1346350.7175 2577802.4491 5672228.9398 1330561.6814  856010.4439     287.9992      53.9693
300000044 200000011 400000173 400000174 400000175 400000176 3539537.9546 5297292.9000       0.0000 2577802.4491 5672228.9398 1330561.6814 3678298.5650 5024649.2825 1346350.7175  873164.3145     266.8370      70.6774
300000045 200000012 400000177 400000178 400000179 400000180       0.0000 5886036.5016 2438076.1476 1330561.6814 5672228.9398 2577802.4491 1266279.9131 6114140.2800 1266279.9131  931256.6789     273.8082      75.5153
300000046 200000012 400000181 400000182 400000183 400000184 2600949.8585 5201899.7171 2600949.8585 2577802.4491 5672228.9398 1330561.6814 1330561.6814 5672228.9398 2577802.4491  917252.3363     291.3711      55.5938
300000047 200000012 400000185 400000186 400000187 400000188 2438076.1476 5886036.5016       0.0000 1266279.9131 6114140.2800 1266279.9131 2577802.4491 5672228.9398 1330561.6814  931256.6789     244.7569      89.0142
300000048 200000012 400000189 400000190 400000191 400000192 1330561.6814 5672228.9398 2577802.4491 2577802.4491 5672228.9398 1330561.6814 1266279.9131 6114140.2800 1266279.9131  953298.7094     270.8462      74.3940
300000049 200000013 400000193 400000194 400000195 400000196 4504977.3029       0.0000 4504977.3029 5024649.2825 1346350.7175 3678298.5650 3678298.5650 1346350.7175 5024649.2825 1318824.6059     221.0717      61.5707
300000050 200000013 400000197 400000198 400000199 400000200 5201899.7171 2600949.8585 2600949.8585 4074905.2917 2716603.5278 4074905.2917 5024649.2825 1346350.7175 3678298.5650 1330535.5610     253.5737      71.7156
300000051 200000013 400000201 400000202 400000203 400000204 2600949.8585 2600949.8585 5201899.7171 3678298.5650 1346350.7175 5024649.2825 4074905.2917 2716603.5278 4074905.2917 1330535.5610     216.1630      58.8105
300000052 200000013 400000205 400000206 400000207 400000208 5024649.2825 1346350.7175 3678298.5650 4074905.2917 2716603.5278 4074905.2917 3678298.5650 1346350.7175 5024649.2825 1378948.6957     225.3144      63.6037
300000053 200000014 400000209 400000210 400000211 400000212 4504977.3029 4504977.3029       0.0000 3678298.5650 5024649.2825 1346350.7175 5024649.2825 3678298.5650 1346350.7175 1318824.6059     284.5446      88.2394
300000054 200000014 400000213 400000214 400000215 400000216 2600949.8585 5201899.7171 2600949.8585 4074905.2917 4074905.2917 2716603.5278 3678298.5650 5024649.2825 1346350.7175 1330535.5610     291.3068      84.8307
300000055 200000014 400000217 400000218 400000219 400000220 5201899.7171 2600949.8585 2600949.8585 5024649.2825 3678298.5650 1346350.7175 4074905.2917 4074905.2917 2716603.5278 1330535.5610     293.7069      76.6502
300000056 200000014 400000221 400000222 400000223 400000224 3678298.5650 5024649.2825 1346350.7175 4074905.2917 4074905.2917 2716603.5278 5024649.2825 3678298.5650 1346350.7175 1378948.6957     291.2482      78.4915
300000057 200000015 400000225 400000226 400000227 400000228       0.0000 4504977.3029 4504977.3029 1346350.7175 3678298.5650 5024649.2825 1346350.7175 5024649.2825 3678298.5650 1318824.6059     210.2462      64.5570
300000058 200000015 400000229 400000230 400000231 400000232 2600949.8585 2600949.8585 5201899.7171 2716603.5278 4074905.2917 4074905.2917 1346350.7175 3678298.5650 5024649.2825 1330535.5610     212.5541      57.4945
300000059 200000015 400000233 400000234 400000235 400000236 2600949.8585 5201899.7171 2600949.8585 1346350.7175 5024649.2825 3678298.5650 2716603.5278 4074905.2917 4074905.2917 1330535.5610     247.8955      69.8183
300000060 200000015 400000237 400000238 400000239 400000240 1346350.7175 3678298.5650 5024649.2825 2716603.5278 4074905.2917 4074905.2917 1346350.7175 5024649.2825 3678298.5650 1378948.6957     218.6645      67.6584
300000061 200000016 400000241 400000242 400000243 400000244 5201899.7171 2600949.8585 2600949.8585 4074905.2917 4074905.2917 2716603.5278 4074905.2917 2716603.5278 4074905.2917 1557076.8123     265.4966      74.7748
300000062 200000016 400000245 400000246 400000247 400000248 2600949.8585 5201899.7171 2600949.8585 2716603.5278 4074905.2917 4074905.2917 4074905.2917 4074905.2917 2716603.5278 1557076.8123     260.6707      69.9026
300000063 200000016 400000249 400000250 400000251 400000252 2600949.8585 2600949.8585 5201899.7171 4074905.2917 2716603.5278 4074905.2917 2716603.5278 4074905.2917 4074905.2917 1557076.8123     220.9572      64.6023
300000064 200000016 400000253 400000254 400000255 400000256 4074905.2917 4074905.2917 2716603.5278 2716603.5278 4074905.2917 4074905.2917 4074905.2917 2716603.5278 4074905.2917 1628720.8215     241.5488      77.4624
300000065 200000017 400000257 400000258 400000259 400000260       0.0000       0.0000 6371000.0000       0.0000 1242920.4416 6248583.0214 -1242920.4416       0.0000 6248583.0214  787459.5150     179.2173       0.0548
300000066 200000017 400000261 400000262 400000263 400000264       0.0000 2438076.1476 5886036.5016 -1266279.9131 1266279.9131 6114140.2800       0.0000 1242920.4416 6248583.0214  802260.9823     176.5762       1.2097
300000067 200000017 400000265 400000266 400000267 400000268 -2438076.1476       0.0000 5886036.5016 -1242920.4416       0.0000 6248583.0214 -1266279.9131 1266279.9131 6114140.2800  802260.9823     186.0390       1.1303
300000068 200000017 400000269 400000270 400000271 400000272       0.0000 1242920.4416 6248583.0214 -1266279.9131 1266279.9131 6114140.2800 -1242920.4416       0.0000 6248583.0214  818294.0298     182.1817       0.1258
300000069 200000018 400000273 400000274 400000275 400000276       0.0000 4504977.3029 4504977.3029 -1346350.7175 3678298.5650 5024649.2825       0.0000 3539537.9546 5297292.9000  853044.8645     189.3191      51.3097
300000070 200000018 400000277 400000278 400000279 400000280 -2600949.8585 2600949.8585 5201899.7171 -1330561.6814 2577802.4491 5672228.9398 -1346350.7175 3678298.5650 5024649.2825  856010.4439     178.7336      35.4500
300000071 200000018 400000281 400000282 400000283 400000284       0.0000 2438076.1476 5886036.5016       0.0000 3539537.9546 5297292.9000 -1330561.6814 2577802.4491 5672228.9398  843039.4974     176.1247      19.8850
300000072 200000018 400000285 400000286 400000287 400000288 -1346350.7175 3678298.5650 5024649.2825 -1330561.6814 2577802.4491 5672228.9398       0.0000 3539537.9546 5297292.9000  873164.3145     181.4208      33.9125
300000073 200000019 400000289 400000290 400000291 400000292 -4504977.3029       0.0000 4504977.3029 -3539537.9546       0.0000 5297292.9000 -3678298.5650 1346350.7175 5024649.2825  853044.8645     210.1974      51.2641
300000074 200000019 400000293 400000294 400000295 400000296 -2438076.1476       0.0000 5886036.5016 -2577802.4491 1330561.6814 5672228.9398 -3539537.9546       0.0000 5297292.9000  843039.4974     188.7452      22.7569
300000075 200000019 400000297 400000298 400000299 400000300 -2600949.8585 2600949.8585 5201899.7171 -3678298.5650 1346350.7175 5024649.2825 -2577802.4491 1330561.6814 5672228.9398  856010.4439     196.0386      36.6126
300000076 200000019 400000301 400000302 400000303 400000304 -3539537.9546       0.0000 5297292.9000 -2577802.4491 1330561.6814 5672228.9398 -3678298.5650 1346350.7175 5024649.2825  873164.3145     198.9097      35.2247
300000077 200000020 400000305 400000306 400000307 400000308       0.0000 2438076.1476 5886036.5016 -1330561.6814 2577802.4491 5672228.9398 -1266279.9131 1266279.9131 6114140.2800  931256.6789     171.7882       6.5738
300000078 200000020 400000309 400000310 400000311 400000312 -2600949.8585 2600949.8585 5201899.7171 -2577802.4491 1330561.6814 5672228.9398 -1330561.6814 2577802.4491 5672228.9398  917252.3363     176.6174      25.1776
300000079 200000020 400000313 400000314 400000315 400000316 -2438076.1476       0.0000 5886036.5016 -1266279.9131 1266279.9131 6114140.2800 -2577802.4491 1330561.6814 5672228.9398  931256.6789     180.1069       7.1088
300000080 200000020 400000317 400000318 400000319 400000320 -1330561.6814 2577802.4491 5672228.9398 -2577802.4491 1330561.6814 5672228.9398 -1266279.9131 1266279.9131 6114140.2800  953298.7094     172.7011      10.7374
300000081 200000021 400000321 400000322 400000323 400000324       0.0000 6371000.0000       0.0000 -1242920.4416 6248583.0214       0.0000       0.0000 6248583.0214 1242920.4416  787459.5150     204.2856     124.9207
300000082 200000021 400000325 400000326 400000327 400000328 -2438076.1476 5886036.5016       0.0000 -1266279.9131 6114140.2800 1266279.9131 -1242920.4416 6248583.0214       0.0000  802260.9823     208.7902     123.0966
300000083 200000021 400000329 400000330 400000331 400000332       0.0000 5886036.5016 2438076.1476       0.0000 6248583.0214 1242920.4416 -1266279.9131 6114140.2800 1266279.9131  802260.9823     261.9584      68.3800
300000084 200000021 400000333 400000334 400000335 400000336 -1242920.4416 6248583.0214       0.0000 -1266279.9131 6114140.2800 1266279.9131       0.0000 6248583.0214 1242920.4416  818294.0298     213.4520     112.1795
300000085 200000022 400000337 400000338 400000339 400000340 -4504977.3029 4504977.3029       0.0000 -3678298.5650 5024649.2825 1346350.7175 -3539537.9546 5297292.9000       0.0000  853044.8645     225.4387      98.0406
300000086 200000022 400000341 400000342 400000343 400000344 -2600949.8585 5201899.7171 2600949.8585 -2577802.4491 5672228.9398 1330561.6814 -3678298.5650 5024649.2825 1346350.7175  856010.4439     248.3875      86.2836
300000087 200000022 400000345 400000346 400000347 400000348 -2438076.1476 5886036.5016       0.0000 -3539537.9546 5297292.9000       0.0000 -2577802.4491 5672228.9398 1330561.6814  843039.4974     215.0278     116.0272
300000088 200000022 400000349 400000350 400000351 400000352 -3678298.5650 5024649.2825 1346350.7175 -2577802.4491 5672228.9398 1330561.6814 -3539537.9546 5297292.9000       0.0000  873164.3145     226.7632      92.7900
300000089 200000023 400000353 400000354 400000355 400000356       0.0000 4504977.3029 4504977.3029       0.0000 5297292.9000 3539537.9546 -1346350.7175 5024649.2825 3678298.5650  853044.8645     214.6737      67.3200
300000090 200000023 400000357 400000358 400000359 400000360       0.0000 5886036.5016 2438076.1476 -1330561.6814 5672228.9398 2577802.4491       0.0000 5297292.9000 3539537.9546  843039.4974     256.3871      75.6044
300000091 200000023 400000361 400000362 400000363 400000364 -2600949.8585 5201899.7171 2600949.8585 -1346350.7175 5024649.2825 3678298.5650 -1330561.6814 5672228.9398 2577802.4491  856010.4439     246.6202     116.1941
300000092 200000023 400000365 400000366 400000367 400000368       0.0000 5297292.9000 3539537.9546 -1330561.6814 5672228.9398 2577802.4491 -1346350.7175 5024649.2825 3678298.5650  873164.3145     224.0036      83.1079
300000093 200000024 400000369 400000370 400000371 400000372 -2438076.1476 5886036.5016       0.0000 -2577802.4491 5672228.9398 1330561.6814 -1266279.9131 6114140.2800 1266279.9131  931256.6789     217.1567     110.9116
300000094 200000024 400000373 400000374 400000375 400000376 -2600949.8585 5201899.7171 2600949.8585 -1330561.6814 5672228.9398 2577802.4491 -2577802.4491 5672228.9398 1330561.6814  917252.3363     262.0741      96.6413
300000095 200000024 400000377 400000378 400000379 400000380       0.0000 5886036.5016 2438076.1476 -1266279.9131 6114140.2800 1266279.9131 -1330561.6814 5672228.9398 2577802.4491  931256.6789     272.0225      80.0426
300000096 200000024 400000381 400000382 400000383 400000384 -2577802.4491 5672228.9398 1330561.6814 -1330561.6814 5672228.9398 2577802.4491 -1266279.9131 6114140.2800 1266279.9131  953298.7094     254.5604     100.9495
300000097 200000025 400000385 400000386 400000387 400000388 -6371000.0000       0.0000       0.0000 -6248583.0214       0.0000 1242920.4416 -6248583.0214 1242920.4416       0.0000  787459.5150     244.9422      85.3503
300000098 200000025 400000389 400000390 400000391 400000392 -5886036.5016       0.0000 2438076.1476 -6114140.2800 1266279.9131 1266279.9131 -6248583.0214       0.0000 1242920.4416  802260.9823     269.9750      63.8705
300000099 200000025 400000393 400000394 400000395 400000396 -5886036.5016 2438076.1476       0.0000 -6248583.0214 1242920.4416       0.0000 -6114140.2800 1266279.9131 1266279.9131  802260.9823     236.3978      90.9522
300000100 200000025 400000397 400000398 400000399 400000400 -6248583.0214       0.0000 1242920.4416 -6114140.2800 1266279.9131 1266279.9131 -6248583.0214 1242920.4416       0.0000  818294.0298     236.7338      94.6516
300000101 200000026 400000401 400000402 400000403 400000404 -4504977.3029       0.0000 4504977.3029 -5024649.2825 1346350.7175 3678298.5650 -5297292.9000       0.0000 3539537.9546  853044.8645     225.1735      79.1767
300000102 200000026 400000405 400000406 400000407 400000408 -5201899.7171 2600949.8585 2600949.8585 -5672228.9398 1330561.6814 2577802.4491 -5024649.2825 1346350.7175 3678298.5650  856010.4439     262.2973      63.5625
300000103 200000026 400000409 400000410 400000411 400000412 -5886036.5016       0.0000 2438076.1476 -5297292.9000       0.0000 3539537.9546 -5672228.9398 1330561.6814 2577802.4491  843039.4974     261.7265      64.3486
300000104 200000026 400000413 400000414 400000415 400000416 -5024649.2825 1346350.7175 3678298.5650 -5672228.9398 1330561.6814 2577802.4491 -5297292.9000       0.0000 3539537.9546  873164.3145     246.3088      73.3447
300000105 200000027 400000417 400000418 400000419 400000420 -4504977.3029 4504977.3029       0.0000 -5297292.9000 3539537.9546       0.0000 -5024649.2825 3678298.5650 1346350.7175  853044.8645     226.5459      95.9575
300000106 200000027 400000421 400000422 400000423 400000424 -5886036.5016 2438076.1476       0.0000 -5672228.9398 2577802.4491 1330561.6814 -5297292.9000 3539537.9546       0.0000  843039.4974     228.4081      98.2461
300000107 200000027 400000425 400000426 400000427 400000428 -5201899.7171 2600949.8585 2600949.8585 -5024649.2825 3678298.5650 1346350.7175 -5672228.9398 2577802.4491 1330561.6814  856010.4439     277.9868      56.8662
300000108 200000027 400000429 400000430 400000431 400000432 -5297292.9000 3539537.9546       0.0000 -5672228.9398 2577802.4491 1330561.6814 -5024649.2825 3678298.5650 1346350.7175  873164.3145     237.6832      87.4055
300000109 200000028 400000433 400000434 400000435 400000436 -5886036.5016       0.0000 2438076.1476 -5672228.9398 1330561.6814 2577802.4491 -6114140.2800 1266279.9131 1266279.9131  931256.6789     278.5108      57.6007
300000110 200000028 400000437 400000438 400000439 400000440 -5201899.7171 2600949.8585 2600949.8585 -5672228.9398 2577802.4491 1330561.6814 -5672228.9398 1330561.6814 2577802.4491  917252.3363     283.7487      53.1504
300000111 200000028 400000441 400000442 400000443 400000444 -5886036.5016 2438076.1476       0.0000 -6114140.2800 1266279.9131 1266279.9131 -5672228.9398 2577802.4491 1330561.6814  931256.6789     235.8323      94.1121
300000112 200000028 400000445 400000446 400000447 400000448 -5672228.9398 1330561.6814 2577802.4491 -5672228.9398 2577802.4491 1330561.6814 -6114140.2800 1266279.9131 1266279.9131  953298.7094     276.6159      60.9568
300000113 200000029 400000449 400000450 400000451 400000452       0.0000 4504977.3029 4504977.3029 -1346350.7175 5024649.2825 3678298.5650 -1346350.7175 3678298.5650 5024649.2825 1318824.6059     212.0249      55.4497
300000114 200000029 400000453 400000454 400000455 400000456 -2600949.8585 5201899.7171 2600949.8585 -2716603.5278 4074905.2917 4074905.2917 -1346350.7175 5024649.2825 3678298.5650 1330535.5610     237.4298      81.0372
300000115 200000029 400000457 400000458 400000459 400000460 -2600949.8585 2600949.8585 5201899.7171 -1346350.7175 3678298.5650 5024649.2825 -2716603.5278 4074905.2917 4074905.2917 1330535.5610     199.5056      48.8808
300000116 200000029 400000461 400000462 400000463 400000464 -1346350.7175 5024649.2825 3678298.5650 -2716603.5278 4074905.2917 4074905.2917 -1346350.7175 3678298.5650 5024649.2825 1378948.6957     216.9950      57.8348
300000117 200000030 400000465 400000466 400000467 400000468 -4504977.3029 4504977.3029       0.0000 -5024649.2825 3678298.5650 1346350.7175 -3678298.5650 5024649.2825 1346350.7175 1318824.6059     233.1700      88.2276
300000118 200000030 400000469 400000470 400000471 400000472 -5201899.7171 2600949.8585 2600949.8585 -4074905.2917 4074905.2917 2716603.5278 -5024649.2825 3678298.5650 1346350.7175 1330535.5610     273.9927      59.2769
300000119 200000030 400000473 400000474 400000475 400000476 -2600949.8585 5201899.7171 2600949.8585 -3678298.5650 5024649.2825 1346350.7175 -4074905.2917 4074905.2917 2716603.5278 1330535.5610     253.0208      88.3263
300000120 200000030 400000477 400000478 400000479 400000480 -5024649.2825 3678298.5650 1346350.7175 -4074905.2917 4074905.2917 2716603.5278 -3678298.5650 5024649.2825 1346350.7175 1378948.6957     260.9365      68.9140
300000121 200000031 400000481 400000482 400000483 400000484 -4504977.3029       0.0000 4504977.3029 -3678298.5650 1346350.7175 5024649.2825 -5024649.2825 1346350.7175 3678298.5650 1318824.6059     215.2072      70.0263
300000122 200000031 400000485 400000486 400000487 400000488 -2600949.8585 2600949.8585 5201899.7171 -4074905.2917 2716603.5278 4074905.2917 -3678298.5650 1346350.7175 5024649.2825 1330535.5610     206.9534      54.8947
300000123 200000031 400000489 400000490 400000491 400000492 -5201899.7171 2600949.8585 2600949.8585 -5024649.2825 1346350.7175 3678298.5650 -4074905.2917 2716603.5278 4074905.2917 1330535.5610     236.9516      81.2467
300000124 200000031 400000493 400000494 400000495 400000496 -3678298.5650 1346350.7175 5024649.2825 -4074905.2917 2716603.5278 4074905.2917 -5024649.2825 1346350.7175 3678298.5650 1378948.6957     218.5882      71.4247
300000125 200000032 400000497 400000498 400000499 400000500 -2600949.8585 5201899.7171 2600949.8585 -4074905.2917 4074905.2917 2716603.5278 -2716603.5278 4074905.2917 4074905.2917 1557076.8123     245.1494      91.2033
300000126 200000032 400000501 400000502 400000503 400000504 -5201899.7171 2600949.8585 2600949.8585 -4074905.2917 2716603.5278 4074905.2917 -4074905.2917 4074905.2917 2716603.5278 1557076.8123     246.2275      79.4182
300000127 200000032 400000505 400000506 400000507 400000508 -2600949.8585 2600949.8585 5201899.7171 -2716603.5278 4074905.2917 4074905.2917 -4074905.2917 2716603.5278 4074905.2917 1557076.8123     213.0355      58.0454
300000128 200000032 400000509 400000510 400000511 400000512 -4074905.2917 4074905.2917 2716603.5278 -4074905.2917 2716603.5278 4074905.2917 -2716603.5278 4074905.2917 4074905.2917 1628720.8215     236.2092      77.8389
300000129 200000033 400000513 400000514 400000515 400000516       0.0000       0.0000 6371000.0000 -1242920.4416       0.0000 6248583.0214       0.0000 -1242920.4416 6248583.0214  787459.5150     176.5763       0.0548
300000130 200000033 400000517 400000518 400000519 400000520 -2438076.1476       0.0000 5886036.5016 -1266279.9131 -1266279.9131 6114140.2800 -1242920.4416       0.0000 6248583.0214  802260.9823     188.1700       1.0653
300000131 200000033 400000521 400000522 400000523 400000524       0.0000 -2438076.1476 5886036.5016       0.0000 -1242920.4416 6248583.0214 -1266279.9131 -1266279.9131 6114140.2800  802260.9823     180.4632       1.1132
300000132 200000033 400000525 400000526 400000527 400000528 -1242920.4416       0.0000 6248583.0214 -1266279.9131 -1266279.9131 6114140.2800       0.0000 -1242920.4416 6248583.0214  818294.0298     179.5939       0.1246
300000133 200000034 400000529 400000530 400000531 400000532 -4504977.3029       0.0000 4504977.3029 -3678298.5650 -1346350.7175 5024649.2825 -3539537.9546       0.0000 5297292.9000  853044.8645     212.3584      50.0031
300000134 200000034 400000533 400000534 400000535 400000536 -2600949.8585 -2600949.8585 5201899.7171 -2577802.4491 -1330561.6814 5672228.9398 -3678298.5650 -1346350.7175 5024649.2825  856010.4439     207.5857      34.6616
300000135 200000034 400000537 400000538 400000539 400000540 -2438076.1476       0.0000 5886036.5016 -3539537.9546       0.0000 5297292.9000 -2577802.4491 -1330561.6814 5672228.9398  843039.4974     199.1656      20.8413
300000136 200000034 400000541 400000542 400000543 400000544 -3678298.5650 -1346350.7175 5024649.2825 -2577802.4491 -1330561.6814 5672228.9398 -3539537.9546       0.0000 5297292.9000  873164.3145     205.1023      34.1728
300000137 200000035 400000545 400000546 400000547 400000548       0.0000 -4504977.3029 4504977.3029       0.0000 -3539537.9546 5297292.9000 -1346350.7175 -3678298.5650 5024649.2825  853044.8645     200.3166      53.2643
300000138 200000035 400000549 400000550 400000551 400000552       0.0000 -2438076.1476 5886036.5016 -1330561.6814 -2577802.4491 5672228.9398       0.0000 -3539537.9546 5297292.9000  843039.4974     187.7917      23.7854
300000139 200000035 400000553 400000554 400000555 400000556 -2600949.8585 -2600949.8585 5201899.7171 -1346350.7175 -3678298.5650 5024649.2825 -1330561.6814 -2577802.4491 5672228.9398  856010.4439     191.0705      36.2422
300000140 200000035 400000557 400000558 400000559 400000560       0.0000 -3539537.9546 5297292.9000 -1330561.6814 -2577802.4491 5672228.9398 -1346350.7175 -3678298.5650 5024649.2825  873164.3145     193.8205      35.4108
300000141 200000036 400000561 400000562 400000563 400000564 -2438076.1476       0.0000 5886036.5016 -2577802.4491 -1330561.6814 5672228.9398 -1266279.9131 -1266279.9131 6114140.2800  931256.6789     190.0888       6.4227
300000142 200000036 400000565 400000566 400000567 400000568 -2600949.8585 -2600949.8585 5201899.7171 -1330561.6814 -2577802.4491 5672228.9398 -2577802.4491 -1330561.6814 5672228.9398  917252.3363     188.0642      26.8523
300000143 200000036 400000569 400000570 400000571 400000572       0.0000 -2438076.1476 5886036.5016 -1266279.9131 -1266279.9131 6114140.2800 -1330561.6814 -2577802.4491 5672228.9398  931256.6789     184.2863       7.3426
300000144 200000036 400000573 400000574 400000575 400000576 -2577802.4491 -1330561.6814 5672228.9398 -1330561.6814 -2577802.4491 5672228.9398 -1266279.9131 -1266279.9131 6114140.2800  953298.7094     185.4489       9.8270
300000145 200000037 400000577 400000578 400000579 400000580 -6371000.0000       0.0000       0.0000 -6248583.0214 -1242920.4416       0.0000 -6248583.0214       0.0000 1242920.4416  787459.5150     250.8571      83.8652
300000146 200000037 400000581 400000582 400000583 400000584 -5886036.5016 -2438076.1476       0.0000 -6114140.2800 -1266279.9131 1266279.9131 -6248583.0214 -1242920.4416       0.0000  802260.9823     258.1696      81.6214
300000147 200000037 400000585 400000586 400000587 400000588 -5886036.5016       0.0000 2438076.1476 -6248583.0214       0.0000 1242920.4416 -6114140.2800 -1266279.9131 1266279.9131  802260.9823     266.6588      66.8430
300000148 200000037 400000589 400000590 400000591 400000592 -6248583.0214 -1242920.4416       0.0000 -6114140.2800 -1266279.9131 1266279.9131 -6248583.0214       0.0000 1242920.4416  818294.0298     236.9269     101.2753
300000149 200000038 400000593 400000594 400000595 400000596 -4504977.3029 -4504977.3029       0.0000 -5024649.2825 -3678298.5650 1346350.7175 -5297292.9000 -3539537.9546       0.0000  853044.8645     263.0524      81.8820
300000150 200000038 400000597 400000598 400000599 400000600 -5201899.7171 -2600949.8585 2600949.8585 -5672228.9398 -2577802.4491 1330561.6814 -5024649.2825 -3678298.5650 1346350.7175  856010.4439     253.3018      78.0105
300000151 200000038 400000601 400000602 400000603 400000604 -5886036.5016 -2438076.1476       0.0000 -5297292.9000 -3539537.9546       0.0000 -5672228.9398 -2577802.4491 1330561.6814  843039.4974     260.5344      83.0175
300000152 200000038 400000605 400000606 400000607 400000608 -5024649.2825 -3678298.5650 1346350.7175 -5672228.9398 -2577802.4491 1330561.6814 -5297292.9000 -3539537.9546       0.0000  873164.3145     237.9228     103.6997
300000153 200000039 400000609 400000610 400000611 400000612 -4504977.3029       0.0000 4504977.3029 -5297292.9000       0.0000 3539537.9546 -5024649.2825 -1346350.7175 3678298.5650  853044.8645     224.3005      79.1832
300000154 200000039 400000613 400000614 400000615 400000616 -5886036.5016       0.0000 2438076.1476 -5672228.9398 -1330561.6814 2577802.4491 -5297292.9000       0.0000 3539537.9546  843039.4974     255.7214      67.8290
300000155 200000039 400000617 400000618 400000619 400000620 -5201899.7171 -2600949.8585 2600949.8585 -5024649.2825 -1346350.7175 3678298.5650 -5672228.9398 -1330561.6814 2577802.4491  856010.4439     252.3414      69.1131
300000156 200000039 400000621 400000622 400000623 400000624 -5297292.9000       0.0000 3539537.9546 -5672228.9398 -1330561.6814 2577802.4491 -5024649.2825 -1346350.7175 3678298.5650  873164.3145     240.5500      74.9601
300000157 200000040 400000625 400000626 400000627 400000628 -5886036.5016 -2438076.1476       0.0000 -5672228.9398 -2577802.4491 1330561.6814 -6114140.2800 -1266279.9131 1266279.9131  931256.6789     239.9903     102.3159
300000158 200000040 400000629 400000630 400000631 400000632 -5201899.7171 -2600949.8585 2600949.8585 -5672228.9398 -1330561.6814 2577802.4491 -5672228.9398 -2577802.4491 1330561.6814  917252.3363     264.0133      66.9448
300000159 200000040 400000633 400000634 400000635 400000636 -5886036.5016       0.0000 2438076.1476 -6114140.2800 -1266279.9131 1266279.9131 -5672228.9398 -1330561.6814 2577802.4491  931256.6789     268.6593      64.1437
300000160 200000040 400000637 400000638 400000639 400000640 -5672228.9398 -2577802.4491 1330561.6814 -5672228.9398 -1330561.6814 2577802.4491 -6114140.2800 -1266279.9131 1266279.9131  953298.7094     260.9074      73.7465
300000161 200000041 400000641 400000642 400000643 400000644       0.0000 -6371000.0000       0.0000       0.0000 -6248583.0214 1242920.4416 -1242920.4416 -6248583.0214       0.0000  787459.5150     269.6081     109.3370
300000162 200000041 400000645 400000646 400000647 400000648       0.0000 -5886036.5016 2438076.1476 -1266279.9131 -6114140.2800 1266279.9131       0.0000 -6248583.0214 1242920.4416  802260.9823     271.0603      67.4956
300000163 200000041 400000649 400000650 400000651 400000652 -2438076.1476 -5886036.5016       0.0000 -1242920.4416 -6248583.0214       0.0000 -1266279.9131 -6114140.2800 1266279.9131  802260.9823     274.0058     104.2910
300000164 200000041 400000653 400000654 400000655 400000656       0.0000 -6248583.0214 1242920.4416 -1266279.9131 -6114140.2800 1266279.9131 -1242920.4416 -6248583.0214       0.0000  818294.0298     260.2059      99.3448
300000165 200000042 400000657 400000658 400000659 400000660       0.0000 -4504977.3029 4504977.3029 -1346350.7175 -5024649.2825 3678298.5650       0.0000 -5297292.9000 3539537.9546  853044.8645     232.1742      68.8845
300000166 200000042 400000661 400000662 400000663 400000664 -2600949.8585 -5201899.7171 2600949.8585 -1330561.6814 -5672228.9398 2577802.4491 -1346350.7175 -5024649.2825 3678298.5650  856010.4439     265.5387      58.1375
300000167 200000042 400000665 400000666 400000667 400000668       0.0000 -5886036.5016 2438076.1476       0.0000 -5297292.9000 3539537.9546 -1330561.6814 -5672228.9398 2577802.4491  843039.4974     264.0562      72.7896
300000168 200000042 400000669 400000670 400000671 400000672 -1346350.7175 -5024649.2825 3678298.5650 -1330561.6814 -5672228.9398 2577802.4491       0.0000 -5297292.9000 3539537.9546  873164.3145     255.8259      71.1540
300000169 200000043 400000673 400000674 400000675 400000676 -4504977.3029 -4504977.3029       0.0000 -3539537.9546 -5297292.9000       0.0000 -3678298.5650 -5024649.2825 1346350.7175  853044.8645     265.6333      88.8407
300000170 200000043 400000677 400000678 400000679 400000680 -2438076.1476 -5886036.5016       0.0000 -2577802.4491 -5672228.9398 1330561.6814 -3539537.9546 -5297292.9000       0.0000  843039.4974     271.2054      95.2354
300000171 200000043 400000681 400000682 400000683 400000684 -2600949.8585 -5201899.7171 2600949.8585 -3678298.5650 -5024649.2825 1346350.7175 -2577802.4491 -5672228.9398 1330561.6814  856010.4439     259.3540      86.3647
300000172 200000043 400000685 400000686 400000687 400000688 -3539537.9546 -5297292.9000       0.0000 -2577802.4491 -5672228.9398 1330561.6814 -3678298.5650 -5024649.2825 1346350.7175  873164.3145     247.6292     107.2072
300000173 200000044 400000689 400000690 400000691 400000692       0.0000 -5886036.5016 2438076.1476 -1330561.6814 -5672228.9398 2577802.4491 -1266279.9131 -6114140.2800 1266279.9131  931256.6789     266.7778      74.4206
300000174 200000044 400000693 400000694 400000695 400000696 -2600949.8585 -5201899.7171 2600949.8585 -2577802.4491 -5672228.9398 1330561.6814 -1330561.6814 -5672228.9398 2577802.4491  917252.3363     268.6106      63.6168
300000175 200000044 400000697 400000698 400000699 400000700 -2438076.1476 -5886036.5016       0.0000 -1266279.9131 -6114140.2800 1266279.9131 -2577802.4491 -5672228.9398 1330561.6814  931256.6789     256.4206     101.0319
300000176 200000044 400000701 400000702 400000703 400000704 -1330561.6814 -5672228.9398 2577802.4491 -2577802.4491 -5672228.9398 1330561.6814 -1266279.9131 -6114140.2800 1266279.9131  953298.7094     261.3926      66.9124
300000177 200000045 400000705 400000706 400000707 400000708 -4504977.3029       0.0000 4504977.3029 -5024649.2825 -1346350.7175 3678298.5650 -3678298.5650 -1346350.7175 5024649.2825 1318824.6059     217.6932      66.9883
300000178 200000045 400000709 400000710 400000711 400000712 -5201899.7171 -2600949.8585 2600949.8585 -4074905.2917 -2716603.5278 4074905.2917 -5024649.2825 -1346350.7175 3678298.5650 1330535.5610     238.3282      74.4904
300000179 200000045 400000713 400000714 400000715 400000716 -2600949.8585 -2600949.8585 5201899.7171 -3678298.5650 -1346350.7175 5024649.2825 -4074905.2917 -2716603.5278 4074905.2917 1330535.5610     213.3112      55.8384
300000180 200000045 400000717 400000718 400000719 400000720 -5024649.2825 -1346350.7175 3678298.5650 -4074905.2917 -2716603.5278 4074905.2917 -3678298.5650 -1346350.7175 5024649.2825 1378948.6957     216.8157      71.1492
300000181 200000046 400000721 400000722 400000723 400000724 -4504977.3029 -4504977.3029       0.0000 -3678298.5650 -5024649.2825 1346350.7175 -5024649.2825 -3678298.5650 1346350.7175 1318824.6059     241.7381     105.8525
300000182 200000046 400000725 400000726 400000727 400000728 -2600949.8585 -5201899.7171 2600949.8585 -4074905.2917 -4074905.2917 2716603.5278 -3678298.5650 -5024649.2825 1346350.7175 1330535.5610     260.5714      89.4037
300000183 200000046 400000729 400000730 400000731 400000732 -5201899.7171 -2600949.8585 2600949.8585 -5024649.2825 -3678298.5650 1346350.7175 -4074905.2917 -4074905.2917 2716603.5278 1330535.5610     254.2908      76.4643
300000184 200000046 400000733 400000734 400000735 400000736 -3678298.5650 -5024649.2825 1346350.7175 -4074905.2917 -4074905.2917 2716603.5278 -5024649.2825 -3678298.5650 1346350.7175 1378948.6957     252.1987      86.1798
300000185 200000047 400000737 400000738 400000739 400000740       0.0000 -4504977.3029 4504977.3029 -1346350.7175 -3678298.5650 5024649.2825 -1346350.7175 -5024649.2825 3678298.5650 1318824.6059     212.1897      61.8861
300000186 200000047 400000741 400000742 400000743 400000744 -2600949.8585 -2600949.8585 5201899.7171 -2716603.5278 -4074905.2917 4074905.2917 -1346350.7175 -3678298.5650 5024649.2825 1330535.5610     200.0204      58.2007
300000187 200000047 400000745 400000746 400000747 400000748 -2600949.8585 -5201899.7171 2600949.8585 -1346350.7175 -5024649.2825 3678298.5650 -2716603.5278 -4074905.2917 4074905.2917 1330535.5610     253.6367      58.7076
300000188 200000047 400000749 400000750 400000751 400000752 -1346350.7175 -3678298.5650 5024649.2825 -2716603.5278 -4074905.2917 4074905.2917 -1346350.7175 -5024649.2825 3678298.5650 1378948.6957     210.6461      64.0017
300000189 200000048 400000753 400000754 400000755 400000756 -5201899.7171 -2600949.8585 2600949.8585 -4074905.2917 -4074905.2917 2716603.5278 -4074905.2917 -2716603.5278 4074905.2917 1557076.8123     250.8456      71.2421
300000190 200000048 400000757 400000758 400000759 400000760 -2600949.8585 -5201899.7171 2600949.8585 -2716603.5278 -4074905.2917 4074905.2917 -4074905.2917 -4074905.2917 2716603.5278 1557076.8123     259.0838      71.7131
300000191 200000048 400000761 400000762 400000763 400000764 -2600949.8585 -2600949.8585 5201899.7171 -4074905.2917 -2716603.5278 4074905.2917 -2716603.5278 -4074905.2917 4074905.2917 1557076.8123     217.6289      64.8048
300000192 200000048 400000765 400000766 400000767 400000768 -4074905.2917 -4074905.2917 2716603.5278 -2716603.5278 -4074905.2917 4074905.2917 -4074905.2917 -2716603.5278 4074905.2917 1628720.8215     242.9562      71.7677
300000193 200000049 400000769 400000770 400000771 400000772       0.0000       0.0000 6371000.0000       0.0000 -1242920.4416 6248583.0214 1242920.4416       0.0000 6248583.0214  787459.5150     173.3876       0.0548
300000194 200000049 400000773 400000774 400000775 400000776       0.0000 -2438076.1476 5886036.5016 1266279.9131 -1266279.9131 6114140.2800       0.0000 -1242920.4416 6248583.0214  802260.9823     181.4692       1.1144
300000195 200000049 400000777 400000778 400000779 400000780 2438076.1476       0.0000 5886036.5016 1242920.4416       0.0000 6248583.0214 1266279.9131 -1266279.9131 6114140.2800  802260.9823     183.6967       1.1087
300000196 200000049 400000781 400000782 400000783 400000784       0.0000 -1242920.4416 6248583.0214 1266279.9131 -1266279.9131 6114140.2800 1242920.4416       0.0000 6248583.0214  818294.0298     164.9933       0.1251
300000197 200000050 400000785 400000786 400000787 400000788       0.0000 -4504977.3029 4504977.3029 1346350.7175 -3678298.5650 5024649.2825       0.0000 -3539537.9546 5297292.9000  853044.8645     199.6425      55.7796
300000198 200000050 400000789 400000790 400000791 400000792 2600949.8585 -2600949.8585 5201899.7171 1330561.6814 -2577802.4491 5672228.9398 1346350.7175 -3678298.5650 5024649.2825  856010.4439     196.8873      39.5765
300000199 200000050 400000793 400000794 400000795 400000796       0.0000 -2438076.1476 5886036.5016       0.0000 -3539537.9546 5297292.9000 1330561.6814 -2577802.4491 5672228.9398  843039.4974     192.3460      22.0438
300000200 200000050 400000797 400000798 400000799 400000800 1346350.7175 -3678298.5650 5024649.2825 1330561.6814 -2577802.4491 5672228.9398       0.0000 -3539537.9546 5297292.9000  873164.3145     194.8086      39.1491
300000201 200000051 400000801 400000802 400000803 400000804 4504977.3029       0.0000 4504977.3029 3539537.9546       0.0000 5297292.9000 3678298.5650 -1346350.7175 5024649.2825  853044.8645     217.7609      49.7944
300000202 200000051 400000805 400000806 400000807 400000808 2438076.1476       0.0000 5886036.5016 2577802.4491 -1330561.6814 5672228.9398 3539537.9546       0.0000 5297292.9000  843039.4974     205.0278      20.7473
300000203 200000051 400000809 400000810 400000811 400000812 2600949.8585 -2600949.8585 5201899.7171 3678298.5650 -1346350.7175 5024649.2825 2577802.4491 -1330561.6814 5672228.9398  856010.4439     210.7409      36.1673
300000204 200000051 400000813 400000814 400000815 400000816 3539537.9546       0.0000 5297292.9000 2577802.4491 -1330561.6814 5672228.9398 3678298.5650 -1346350.7175 5024649.2825  873164.3145     212.0059      33.9390
300000205 200000052 400000817 400000818 400000819 400000820       0.0000 -2438076.1476 5886036.5016 1330561.6814 -2577802.4491 5672228.9398 1266279.9131 -1266279.9131 6114140.2800  931256.6789     186.0824       6.9232
300000206 200000052 400000821 400000822 400000823 400000824 2600949.8585 -2600949.8585 5201899.7171 2577802.4491 -1330561.6814 5672228.9398 1330561.6814 -2577802.4491 5672228.9398  917252.3363     197.1307      27.2468
300000207 200000052 400000825 400000826 400000827 400000828 2438076.1476       0.0000 5886036.5016 1266279.9131 -1266279.9131 6114140.2800 2577802.4491 -1330561.6814 5672228.9398  931256.6789     186.0493       6.9678
300000208 200000052 400000829 400000830 400000831 400000832 1330561.6814 -2577802.4491 5672228.9398 2577802.4491 -1330561.6814 5672228.9398 1266279.9131 -1266279.9131 6114140.2800  953298.7094     178.3370      11.0939
300000209 200000053 400000833 400000834 400000835 400000836       0.0000 -6371000.0000       0.0000 1242920.4416 -6248583.0214       0.0000       0.0000 -6248583.0214 1242920.4416  787459.5150     260.0278     114.2198
300000210 200000053 400000837 400000838 400000839 400000840 2438076.1476 -5886036.5016       0.0000 1266279.9131 -6114140.2800 1266279.9131 1242920.4416 -6248583.0214       0.0000  802260.9823     217.0766     144.1421
300000211 200000053 400000841 400000842 400000843 400000844       0.0000 -5886036.5016 2438076.1476       0.0000 -6248583.0214 1242920.4416 1266279.9131 -6114140.2800 1266279.9131  802260.9823     252.8185      97.7294
300000212 200000053 400000845 400000846 400000847 400000848 1242920.4416 -6248583.0214       0.0000 1266279.9131 -6114140.2800 1266279.9131       0.0000 -6248583.0214 1242920.4416  818294.0298     229.5743     126.9739
300000213 200000054 400000849 400000850 400000851 400000852 4504977.3029 -4504977.3029       0.0000 3678298.5650 -5024649.2825 1346350.7175 3539537.9546 -5297292.9000       0.0000  853044.8645     257.4843      79.7089
300000214 200000054 400000853 400000854 400000855 400000856 2600949.8585 -5201899.7171 2600949.8585 2577802.4491 -5672228.9398 1330561.6814 3678298.5650 -5024649.2825 1346350.7175  856010.4439     269.4195      61.2175
300000215 200000054 400000857 400000858 400000859 400000860 2438076.1476 -5886036.5016       0.0000 3539537.9546 -5297292.9000       0.0000 2577802.4491 -5672228.9398 1330561.6814  843039.4974     232.4445     113.5919
300000216 200000054 400000861 400000862 400000863 400000864 3678298.5650 -5024649.2825 1346350.7175 2577802.4491 -5672228.9398 1330561.6814 3539537.9546 -5297292.9000       0.0000  873164.3145     251.4263      88.6342
300000217 200000055 400000865 400000866 400000867 400000868       0.0000 -4504977.3029 4504977.3029       0.0000 -5297292.9000 3539537.9546 1346350.7175 -5024649.2825 3678298.5650  853044.8645     227.5982      74.6875
300000218 200000055 400000869 400000870 400000871 400000872       0.0000 -5886036.5016 2438076.1476 1330561.6814 -5672228.9398 2577802.4491       0.0000 -5297292.9000 3539537.9546  843039.4974     266.1763      66.9699
300000219 200000055 400000873 400000874 400000875 400000876 2600949.8585 -5201899.7171 2600949.8585 1346350.7175 -5024649.2825 3678298.5650 1330561.6814 -5672228.9398 2577802.4491  856010.4439     262.4382      68.1554
300000220 200000055 400000877 400000878 400000879 400000880       0.0000 -5297292.9000 3539537.9546 1330561.6814 -5672228.9398 2577802.4491 1346350.7175 -5024649.2825 3678298.5650  873164.3145     255.0884      70.8985
300000221 200000056 400000881 400000882 400000883 400000884 2438076.1476 -5886036.5016       0.0000 2577802.4491 -5672228.9398 1330561.6814 1266279.9131 -6114140.2800 1266279.9131  931256.6789     232.4167     111.9970
300000222 200000056 400000885 400000886 400000887 400000888 2600949.8585 -5201899.7171 2600949.8585 1330561.6814 -5672228.9398 2577802.4491 2577802.4491 -5672228.9398 1330561.6814  917252.3363     267.8275      67.0670
300000223 200000056 400000889 400000890 400000891 400000892       0.0000 -5886036.5016 2438076.1476 1266279.9131 -6114140.2800 1266279.9131 1330561.6814 -5672228.9398 2577802.4491  931256.6789     263.1577      72.2612
300000224 200000056 400000893 400000894 400000895 400000896 2577802.4491 -5672228.9398 1330561.6814 1330561.6814 -5672228.9398 2577802.4491 1266279.9131 -6114140.2800 1266279.9131  953298.7094     261.5972      72.8546
300000225 200000057 400000897 400000898 400000899 400000900 6371000.0000       0.0000       0.0000 6248583.0214       0.0000 1242920.4416 6248583.0214 -1242920.4416       0.0000  787459.5150     262.3445      86.8100
300000226 200000057 400000901 400000902 400000903 400000904 5886036.5016       0.0000 2438076.1476 6114140.2800 -1266279.9131 1266279.9131 6248583.0214       0.0000 1242920.4416  802260.9823     277.3422      94.9951
300000227 200000057 400000905 400000906 400000907 400000908 5886036.5016 -2438076.1476       0.0000 6248583.0214 -1242920.4416       0.0000 6114140.2800 -1266279.9131 1266279.9131  802260.9823     253.6343      93.2758
300000228 200000057 400000909 400000910 400000911 400000912 6248583.0214       0.0000 1242920.4416 6114140.2800 -1266279.9131 1266279.9131 6248583.0214 -1242920.4416       0.0000  818294.0298     255.6280      89.0300
300000229 200000058 400000913 400000914 400000915 400000916 4504977.3029       0.0000 4504977.3029 5024649.2825 -1346350.7175 3678298.5650 5297292.9000       0.0000 3539537.9546  853044.8645     234.9646      65.3039
300000230 200000058 400000917 400000918 400000919 400000920 5201899.7171 -2600949.8585 2600949.8585 5672228.9398 -1330561.6814 2577802.4491 5024649.2825 -1346350.7175 3678298.5650  856010.4439     256.9139      65.6022
300000231 200000058 400000921 400000922 400000923 400000924 5886036.5016       0.0000 2438076.1476 5297292.9000       0.0000 3539537.9546 5672228.9398 -1330561.6814 2577802.4491  843039.4974     262.3493      94.0841
300000232 200000058 400000925 400000926 400000927 400000928 5024649.2825 -1346350.7175 3678298.5650 5672228.9398 -1330561.6814 2577802.4491 5297292.9000       0.0000 3539537.9546  873164.3145     253.1094      69.7944
300000233 200000059 400000929 400000930 400000931 400000932 4504977.3029 -4504977.3029       0.0000 5297292.9000 -3539537.9546       0.0000 5024649.2825 -3678298.5650 1346350.7175  853044.8645     244.4187      89.8375
300000234 200000059 400000933 400000934 400000935 400000936 5886036.5016 -2438076.1476       0.0000 5672228.9398 -2577802.4491 1330561.6814 5297292.9000 -3539537.9546       0.0000  843039.4974     236.7119     105.5831
300000235 200000059 400000937 400000938 400000939 400000940 5201899.7171 -2600949.8585 2600949.8585 5024649.2825 -3678298.5650 1346350.7175 5672228.9398 -2577802.4491 1330561.6814  856010.4439     250.2896      75.8661
300000236 200000059 400000941 400000942 400000943 400000944 5297292.9000 -3539537.9546       0.0000 5672228.9398 -2577802.4491 1330561.6814 5024649.2825 -3678298.5650 1346350.7175  873164.3145     226.4486     109.8914
300000237 200000060 400000945 400000946 400000947 400000948 5886036.5016       0.0000 2438076.1476 5672228.9398 -1330561.6814 2577802.4491 6114140.2800 -1266279.9131 1266279.9131  931256.6789     266.4786     110.6510
300000238 200000060 400000949 400000950 400000951 400000952 5201899.7171 -2600949.8585 2600949.8585 5672228.9398 -2577802.4491 1330561.6814 5672228.9398 -1330561.6814 2577802.4491  917252.3363     260.2081      64.6762
300000239 200000060 400000953 400000954 400000955 400000956 5886036.5016 -2438076.1476       0.0000 6114140.2800 -1266279.9131 1266279.9131 5672228.9398 -2577802.4491 1330561.6814  931256.6789     239.4235      94.6589
300000240 200000060 400000957 400000958 400000959 400000960 5672228.9398 -1330561.6814 2577802.4491 5672228.9398 -2577802.4491 1330561.6814 6114140.2800 -1266279.9131 1266279.9131  953298.7094     262.2345      80.0226
300000241 200000061 400000961 400000962 400000963 400000964       0.0000 -4504977.3029 4504977.3029 1346350.7175 -5024649.2825 3678298.5650 1346350.7175 -3678298.5650 5024649.2825 1318824.6059     211.5730      69.7430
300000242 200000061 400000965 400000966 400000967 400000968 2600949.8585 -5201899.7171 2600949.8585 2716603.5278 -4074905.2917 4074905.2917 1346350.7175 -5024649.2825 3678298.5650 1330535.5610     246.5509      72.3191
300000243 200000061 400000969 400000970 400000971 400000972 2600949.8585 -2600949.8585 5201899.7171 1346350.7175 -3678298.5650 5024649.2825 2716603.5278 -4074905.2917 4074905.2917 1330535.5610     208.0997      57.1310
300000244 200000061 400000973 400000974 400000975 400000976 1346350.7175 -5024649.2825 3678298.5650 2716603.5278 -4074905.2917 4074905.2917 1346350.7175 -3678298.5650 5024649.2825 1378948.6957     219.5904      68.8936
300000245 200000062 400000977 400000978 400000979 400000980 4504977.3029 -4504977.3029       0.0000 5024649.2825 -3678298.5650 1346350.7175 3678298.5650 -5024649.2825 1346350.7175 1318824.6059     243.9603      84.9961
300000246 200000062 400000981 400000982 400000983 400000984 5201899.7171 -2600949.8585 2600949.8585 4074905.2917 -4074905.2917 2716603.5278 5024649.2825 -3678298.5650 1346350.7175 1330535.5610     255.6309      68.5624
300000247 200000062 400000985 400000986 400000987 400000988 2600949.8585 -5201899.7171 2600949.8585 3678298.5650 -5024649.2825 1346350.7175 4074905.2917 -4074905.2917 2716603.5278 1330535.5610     265.7207      60.1491
300000248 200000062 400000989 400000990 400000991 400000992 5024649.2825 -3678298.5650 1346350.7175 4074905.2917 -4074905.2917 2716603.5278 3678298.5650 -5024649.2825 1346350.7175 1378948.6957     257.5225      68.0774
300000249 200000063 400000993 400000994 400000995 400000996 4504977.3029       0.0000 4504977.3029 3678298.5650 -1346350.7175 5024649.2825 5024649.2825 -1346350.7175 3678298.5650 1318824.6059     229.7302      61.7721
300000250 200000063 400000997 400000998 400000999 400001000 2600949.8585 -2600949.8585 5201899.7171 4074905.2917 -2716603.5278 4074905.2917 3678298.5650 -1346350.7175 5024649.2825 1330535.5610     220.8709      54.1132
300000251 200000063 400001001 400001002 400001003 400001004 5201899.7171 -2600949.8585 2600949.8585 5024649.2825 -1346350.7175 3678298.5650 4074905.2917 -2716603.5278 4074905.2917 1330535.5610     246.5770      68.8399
300000252 200000063 400001005 400001006 400001007 400001008 3678298.5650 -1346350.7175 5024649.2825 4074905.2917 -2716603.5278 4074905.2917 5024649.2825 -1346350.7175 3678298.5650 1378948.6957     234.0050      63.8339
300000253 200000064 400001009 400001010 400001011 400001012 2600949.8585 -5201899.7171 2600949.8585 4074905.2917 -4074905.2917 2716603.5278 2716603.5278 -4074905.2917 4074905.2917 1557076.8123     248.2575      69.2138
300000254 200000064 400001013 400001014 400001015 400001016 5201899.7171 -2600949.8585 2600949.8585 4074905.2917 -2716603.5278 4074905.2917 4074905.2917 -4074905.2917 2716603.5278 1557076.8123     248.9046      66.6833
300000255 200000064 400001017 400001018 400001019 400001020 2600949.8585 -2600949.8585 5201899.7171 2716603.5278 -4074905.2917 4074905.2917 4074905.2917 -2716603.5278 4074905.2917 1557076.8123     221.7844      64.7883
300000256 200000064 400001021 400001022 400001023 400001024 4074905.2917 -4074905.2917 2716603.5278 4074905.2917 -2716603.5278 4074905.2917 2716603.5278 -4074905.2917 4074905.2917 1628720.8215     239.1308      69.6945
300000257 200000065 400001025 400001026 400001027 400001028 6371000.0000       0.0000       0.0000 6248583.0214       0.0000 -1242920.4416 6248583.0214 1242920.4416       0.0000  787459.5150     260.9696     110.9072
300000258 200000065 400001029 400001030 400001031 400001032 5886036.5016       0.0000 -2438076.1476 6114140.2800 1266279.9131 -1266279.9131 6248583.0214       0.0000 -1242920.4416  802260.9823     274.7880     133.9903
300000259 200000065 400001033 400001034 400001035 400001036 5886036.5016 2438076.1476       0.0000 6248583.0214 1242920.4416       0.0000 6114140.2800 1266279.9131 -1266279.9131  802260.9823     217.1727     145.2420
300000260 200000065 400001037 400001038 400001039 400001040 6248583.0214       0.0000 -1242920.4416 6114140.2800 1266279.9131 -1266279.9131 6248583.0214 1242920.4416       0.0000  818294.0298     258.2694     122.9040
300000261 200000066 400001041 400001042 400001043 400001044 4504977.3029       0.0000 -4504977.3029 5024649.2825 1346350.7175 -3678298.5650 5297292.9000       0.0000 -3539537.9546  853044.8645     239.4876     140.5637
300000262 200000066 400001045 400001046 400001047 400001048 5201899.7171 2600949.8585 -2600949.8585 5672228.9398 1330561.6814 -2577802.4491 5024649.2825 1346350.7175 -3678298.5650  856010.4439     278.8534     106.6544
300000263 200000066 400001049 400001050 400001051 400001052 5886036.5016       0.0000 -2438076.1476 5297292.9000       0.0000 -3539537.9546 5672228.9398 1330561.6814 -2577802.4491  843039.4974     267.4632     111.0241
300000264 200000066 400001053 400001054 400001055 400001056 5024649.2825 1346350.7175 -3678298.5650 5672228.9398 1330561.6814 -2577802.4491 5297292.9000       0.0000 -3539537.9546  873164.3145     261.6078     105.4229
300000265 200000067 400001057 400001058 400001059 400001060 4504977.3029 4504977.3029       0.0000 5297292.9000 3539537.9546       0.0000 5024649.2825 3678298.5650 -1346350.7175  853044.8645     262.9373     107.3995
300000266 200000067 400001061 400001062 400001063 400001064 5886036.5016 2438076.1476       0.0000 5672228.9398 2577802.4491 -1330561.6814 5297292.9000 3539537.9546       0.0000  843039.4974     209.0594     153.1263
300000267 200000067 400001065 400001066 400001067 400001068 5201899.7171 2600949.8585 -2600949.8585 5024649.2825 3678298.5650 -1346350.7175 5672228.9398 2577802.4491 -1330561.6814  856010.4439     244.7990     136.4530
300000268 200000067 400001069 400001070 400001071 400001072 5297292.9000 3539537.9546       0.0000 5672228.9398 2577802.4491 -1330561.6814 5024649.2825 3678298.5650 -1346350.7175  873164.3145     234.7096     133.4430
300000269 200000068 400001073 400001074 400001075 400001076 5886036.5016       0.0000 -2438076.1476 5672228.9398 1330561.6814 -2577802.4491 6114140.2800 1266279.9131 -1266279.9131  931256.6789     274.1557     113.3949
300000270 200000068 400001077 400001078 400001079 400001080 5201899.7171 2600949.8585 -2600949.8585 5672228.9398 2577802.4491 -1330561.6814 5672228.9398 1330561.6814 -2577802.4491  917252.3363     248.7698     139.5359
300000271 200000068 400001081 400001082 400001083 400001084 5886036.5016 2438076.1476       0.0000 6114140.2800 1266279.9131 -1266279.9131 5672228.9398 2577802.4491 -1330561.6814  931256.6789     208.1504     151.4321
300000272 200000068 400001085 400001086 400001087 400001088 5672228.9398 1330561.6814 -2577802.4491 5672228.9398 2577802.4491 -1330561.6814 6114140.2800 1266279.9131 -1266279.9131  953298.7094     237.3068     136.8859
300000273 200000069 400001089 400001090 400001091 400001092       0.0000       0.0000 -6371000.0000       0.0000 1242920.4416 -6248583.0214 1242920.4416       0.0000 -6248583.0214  787459.5150     165.1750     301.6285
300000274 200000069 400001093 400001094 400001095 400001096       0.0000 2438076.1476 -5886036.5016 1266279.9131 1266279.9131 -6114140.2800       0.0000 1242920.4416 -6248583.0214  802260.9823     177.1346     288.3417
300000275 200000069 400001097 400001098 400001099 400001100 2438076.1476       0.0000 -5886036.5016 1242920.4416       0.0000 -6248583.0214 1266279.9131 1266279.9131 -6114140.2800  802260.9823     172.8248     291.1058
300000276 200000069 400001101 400001102 400001103 400001104       0.0000 1242920.4416 -6248583.0214 1266279.9131 1266279.9131 -6114140.2800 1242920.4416       0.0000 -6248583.0214  818294.0298     160.7667     301.9937
300000277 200000070 400001105 400001106 400001107 400001108       0.0000 4504977.3029 -4504977.3029 1346350.7175 3678298.5650 -5024649.2825       0.0000 3539537.9546 -5297292.9000  853044.8645     212.5896     181.2372
300000278 200000070 400001109 400001110 400001111 400001112 2600949.8585 2600949.8585 -5201899.7171 1330561.6814 2577802.4491 -5672228.9398 1346350.7175 3678298.5650 -5024649.2825  856010.4439     205.1172     198.5725
300000279 200000070 400001113 400001114 400001115 400001116       0.0000 2438076.1476 -5886036.5016       0.0000 3539537.9546 -5297292.9000 1330561.6814 2577802.4491 -5672228.9398  843039.4974     202.1583     228.1087
300000280 200000070 400001117 400001118 400001119 400001120 1346350.7175 3678298.5650 -5024649.2825 1330561.6814 2577802.4491 -5672228.9398       0.0000 3539537.9546 -5297292.9000  873164.3145     205.0071     192.3587
300000281 200000071 400001121 400001122 400001123 400001124 4504977.3029       0.0000 -4504977.3029 3539537.9546       0.0000 -5297292.9000 3678298.5650 1346350.7175 -5024649.2825  853044.8645     212.6508     198.9553
300000282 200000071 400001125 400001126 400001127 400001128 2438076.1476       0.0000 -5886036.5016 2577802.4491 1330561.6814 -5672228.9398 3539537.9546       0.0000 -5297292.9000  843039.4974     201.2120     256.1745
300000283 200000071 400001129 400001130 400001131 400001132 2600949.8585 2600949.8585 -5201899.7171 3678298.5650 1346350.7175 -5024649.2825 2577802.4491 1330561.6814 -5672228.9398  856010.4439     206.1896     212.6851
300000284 200000071 400001133 400001134 400001135 400001136 3539537.9546       0.0000 -5297292.9000 2577802.4491 1330561.6814 -5672228.9398 3678298.5650 1346350.7175 -5024649.2825  873164.3145     205.2261     231.8330
300000285 200000072 400001137 400001138 400001139 400001140       0.0000 2438076.1476 -5886036.5016 1330561.6814 2577802.4491 -5672228.9398 1266279.9131 1266279.9131 -6114140.2800  931256.6789     192.2582     264.1572
300000286 200000072 400001141 400001142 400001143 400001144 2600949.8585 2600949.8585 -5201899.7171 2577802.4491 1330561.6814 -5672228.9398 1330561.6814 2577802.4491 -5672228.9398  917252.3363     202.5211     225.5878
300000287 200000072 400001145 400001146 400001147 400001148 2438076.1476       0.0000 -5886036.5016 1266279.9131 1266279.9131 -6114140.2800 2577802.4491 1330561.6814 -5672228.9398  931256.6789     196.4867     261.8936
300000288 200000072 400001149 400001150 400001151 400001152 1330561.6814 2577802.4491 -5672228.9398 2577802.4491 1330561.6814 -5672228.9398 1266279.9131 1266279.9131 -6114140.2800  953298.7094     194.7604     264.7183
300000289 200000073 400001153 400001154 400001155 400001156       0.0000 6371000.0000       0.0000 1242920.4416 6248583.0214       0.0000       0.0000 6248583.0214 -1242920.4416  787459.5150     220.0735     115.8636
300000290 200000073 400001157 400001158 400001159 400001160 2438076.1476 5886036.5016       0.0000 1266279.9131 6114140.2800 -1266279.9131 1242920.4416 6248583.0214       0.0000  802260.9823     232.5697     106.2933
300000291 200000073 400001161 400001162 400001163 400001164       0.0000 5886036.5016 -2438076.1476       0.0000 6248583.0214 -1242920.4416 1266279.9131 6114140.2800 -1266279.9131  802260.9823     269.6278      88.2501
300000292 200000073 400001165 400001166 400001167 400001168 1242920.4416 6248583.0214       0.0000 1266279.9131 6114140.2800 -1266279.9131       0.0000 6248583.0214 -1242920.4416  818294.0298     237.6556     104.6529
300000293 200000074 400001169 400001170 400001171 400001172 4504977.3029 4504977.3029       0.0000 3678298.5650 5024649.2825 -1346350.7175 3539537.9546 5297292.9000       0.0000  853044.8645     266.6862      67.2075
300000294 200000074 400001173 400001174 400001175 400001176 2600949.8585 5201899.7171 -2600949.8585 2577802.4491 5672228.9398 -1330561.6814 3678298.5650 5024649.2825 -1346350.7175  856010.4439     271.3800      75.5519
300000295 200000074 400001177 400001178 400001179 400001180 2438076.1476 5886036.5016       0.0000 3539537.9546 5297292.9000       0.0000 2577802.4491 5672228.9398 -1330561.6814  843039.4974     246.7303      88.9793
300000296 200000074 400001181 400001182 400001183 400001184 3678298.5650 5024649.2825 -1346350.7175 2577802.4491 5672228.9398 -1330561.6814 3539537.9546 5297292.9000       0.0000  873164.3145     252.5556      87.8945
300000297 200000075 400001185 400001186 400001187 400001188       0.0000 4504977.3029 -4504977.3029       0.0000 5297292.9000 -3539537.9546 1346350.7175 5024649.2825 -3678298.5650  853044.8645     236.0846     144.7539
300000298 200000075 400001189 400001190 400001191 400001192       0.0000 5886036.5016 -2438076.1476 1330561.6814 5672228.9398 -2577802.4491       0.0000 5297292.9000 -3539537.9546  843039.4974     270.2256      90.2385
300000299 200000075 400001193 400001194 400001195 400001196 2600949.8585 5201899.7171 -2600949.8585 1346350.7175 5024649.2825 -3678298.5650 1330561.6814 5672228.9398 -2577802.4491  856010.4439     264.6871      93.2870
300000300 200000075 400001197 400001198 400001199 400001200       0.0000 5297292.9000 -3539537.9546 1330561.6814 5672228.9398 -2577802.4491 1346350.7175 5024649.2825 -3678298.5650  873164.3145     256.5513     109.2451
300000301 200000076 400001201 400001202 400001203 400001204 2438076.1476 5886036.5016       0.0000 2577802.4491 5672228.9398 -1330561.6814 1266279.9131 6114140.2800 -1266279.9131  931256.6789     239.3985     104.0593
300000302 200000076 400001205 400001206 400001207 400001208 2600949.8585 5201899.7171 -2600949.8585 1330561.6814 5672228.9398 -2577802.4491 2577802.4491 5672228.9398 -1330561.6814  917252.3363     276.0276      75.2655
300000303 200000076 400001209 400001210 400001211 400001212       0.0000 5886036.5016 -2438076.1476 1266279.9131 6114140.2800 -1266279.9131 1330561.6814 5672228.9398 -2577802.4491  931256.6789     278.0245      78.2799
300000304 200000076 400001213 400001214 400001215 400001216 2577802.4491 5672228.9398 -1330561.6814 1330561.6814 5672228.9398 -2577802.4491 1266279.9131 6114140.2800 -1266279.9131  953298.7094     268.2650      84.0301
300000305 200000077 400001217 400001218 400001219 400001220 4504977.3029       0.0000 -4504977.3029 3678298.5650 1346350.7175 -5024649.2825 5024649.2825 1346350.7175 -3678298.5650 1318824.6059     226.9256     169.7171
300000306 200000077 400001221 400001222 400001223 400001224 2600949.8585 2600949.8585 -5201899.7171 4074905.2917 2716603.5278 -4074905.2917 3678298.5650 1346350.7175 -5024649.2825 1330535.5610     216.0019     188.0542
300000307 200000077 400001225 400001226 400001227 400001228 5201899.7171 2600949.8585 -2600949.8585 5024649.2825 1346350.7175 -3678298.5650 4074905.2917 2716603.5278 -4074905.2917 1330535.5610     257.6452     118.7018
300000308 200000077 400001229 400001230 400001231 400001232 3678298.5650 1346350.7175 -5024649.2825 4074905.2917 2716603.5278 -4074905.2917 5024649.2825 1346350.7175 -3678298.5650 1378948.6957     232.5493     153.0127
300000309 200000078 400001233 400001234 400001235 400001236       0.0000 4504977.3029 -4504977.3029 1346350.7175 5024649.2825 -3678298.5650 1346350.7175 3678298.5650 -5024649.2825 1318824.6059     224.1779     161.1390
300000310 200000078 400001237 400001238 400001239 400001240 2600949.8585 5201899.7171 -2600949.8585 2716603.5278 4074905.2917 -4074905.2917 1346350.7175 5024649.2825 -3678298.5650 1330535.5610     247.1127     124.1988
300000311 200000078 400001241 400001242 400001243 400001244 2600949.8585 2600949.8585 -5201899.7171 1346350.7175 3678298.5650 -5024649.2825 2716603.5278 4074905.2917 -4074905.2917 1330535.5610     214.7056     182.8595
300000312 200000078 400001245 400001246 400001247 400001248 1346350.7175 5024649.2825 -3678298.5650 2716603.5278 4074905.2917 -4074905.2917 1346350.7175 3678298.5650 -5024649.2825 1378948.6957     227.0761     158.5224
300000313 200000079 400001249 400001250 400001251 400001252 4504977.3029 4504977.3029       0.0000 5024649.2825 3678298.5650 -1346350.7175 3678298.5650 5024649.2825 -1346350.7175 1318824.6059     273.3704      69.1546
300000314 200000079 400001253 400001254 400001255 400001256 5201899.7171 2600949.8585 -2600949.8585 4074905.2917 4074905.2917 -2716603.5278 5024649.2825 3678298.5650 -1346350.7175 1330535.5610     267.4506     110.1838
300000315 200000079 400001257 400001258 400001259 400001260 2600949.8585 5201899.7171 -2600949.8585 3678298.5650 5024649.2825 -1346350.7175 4074905.2917 4074905.2917 -2716603.5278 1330535.5610     269.9493      79.0109
300000316 200000079 400001261 400001262 400001263 400001264 5024649.2825 3678298.5650 -1346350.7175 4074905.2917 4074905.2917 -2716603.5278 3678298.5650 5024649.2825 -1346350.7175 1378948.6957     269.6898      92.1224
300000317 200000080 400001265 400001266 400001267 400001268 2600949.8585 2600949.8585 -5201899.7171 2716603.5278 4074905.2917 -4074905.2917 4074905.2917 2716603.5278 -4074905.2917 1557076.8123     222.2003     169.7999
300000318 200000080 400001269 400001270 400001271 400001272 2600949.8585 5201899.7171 -2600949.8585 4074905.2917 4074905.2917 -2716603.5278 2716603.5278 4074905.2917 -4074905.2917 1557076.8123     256.9098     105.8696
300000319 200000080 400001273 400001274 400001275 400001276 5201899.7171 2600949.8585 -2600949.8585 4074905.2917 2716603.5278 -4074905.2917 4074905.2917 4074905.2917 -2716603.5278 1557076.8123     251.5488     124.2376
300000320 200000080 400001277 400001278 400001279 400001280 2716603.5278 4074905.2917 -4074905.2917 4074905.2917 4074905.2917 -2716603.5278 4074905.2917 2716603.5278 -4074905.2917 1628720.8215     245.8539     128.4450
300000321 200000081 400001281 400001282 400001283 400001284       0.0000 6371000.0000       0.0000       0.0000 6248583.0214 -1242920.4416 -1242920.4416 6248583.0214       0.0000  787459.5150     208.7903     133.6490
300000322 200000081 400001285 400001286 400001287 400001288       0.0000 5886036.5016 -2438076.1476 -1266279.9131 6114140.2800 -1266279.9131       0.0000 6248583.0214 -1242920.4416  802260.9823     270.0718      87.1218
300000323 200000081 400001289 400001290 400001291 400001292 -2438076.1476 5886036.5016       0.0000 -1242920.4416 6248583.0214       0.0000 -1266279.9131 6114140.2800 -1266279.9131  802260.9823     203.5919     134.2450
300000324 200000081 400001293 400001294 400001295 400001296       0.0000 6248583.0214 -1242920.4416 -1266279.9131 6114140.2800 -1266279.9131 -1242920.4416 6248583.0214       0.0000  818294.0298     225.8438     116.3585
300000325 200000082 400001297 400001298 400001299 400001300       0.0000 4504977.3029 -4504977.3029 -1346350.7175 5024649.2825 -3678298.5650       0.0000 5297292.9000 -3539537.9546  853044.8645     237.5466     140.6049
300000326 200000082 400001301 400001302 400001303 400001304 -2600949.8585 5201899.7171 -2600949.8585 -1330561.6814 5672228.9398 -2577802.4491 -1346350.7175 5024649.2825 -3678298.5650  856010.4439     270.3794     100.9206
300000327 200000082 400001305 400001306 400001307 400001308       0.0000 5886036.5016 -2438076.1476       0.0000 5297292.9000 -3539537.9546 -1330561.6814 5672228.9398 -2577802.4491  843039.4974     269.1853     100.0248
300000328 200000082 400001309 400001310 400001311 400001312 -1346350.7175 5024649.2825 -3678298.5650 -1330561.6814 5672228.9398 -2577802.4491       0.0000 5297292.9000 -3539537.9546  873164.3145     257.2682     114.8439
300000329 200000083 400001313 400001314 400001315 400001316 -4504977.3029 4504977.3029       0.0000 -3539537.9546 5297292.9000       0.0000 -3678298.5650 5024649.2825 -1346350.7175  853044.8645     238.0665      87.7883
300000330 200000083 400001317 400001318 400001319 400001320 -2438076.1476 5886036.5016       0.0000 -2577802.4491 5672228.9398 -1330561.6814 -3539537.9546 5297292.9000       0.0000  843039.4974     222.9484     112.5397
300000331 200000083 400001321 400001322 400001323 400001324 -2600949.8585 5201899.7171 -2600949.8585 -3678298.5650 5024649.2825 -1346350.7175 -2577802.4491 5672228.9398 -1330561.6814  856010.4439     287.4092      61.0898
300000332 200000083 400001325 400001326 400001327 400001328 -3539537.9546 5297292.9000       0.0000 -2577802.4491 5672228.9398 -1330561.6814 -3678298.5650 5024649.2825 -1346350.7175  873164.3145     254.7698      78.1096
300000333 200000084 400001329 400001330 400001331 400001332       0.0000 5886036.5016 -2438076.1476 -1330561.6814 5672228.9398 -2577802.4491 -1266279.9131 6114140.2800 -1266279.9131  931256.6789     278.3321      89.3790
300000334 200000084 400001333 400001334 400001335 400001336 -2600949.8585 5201899.7171 -2600949.8585 -2577802.4491 5672228.9398 -1330561.6814 -1330561.6814 5672228.9398 -2577802.4491  917252.3363     288.0033      70.5587
300000335 200000084 400001337 400001338 400001339 400001340 -2438076.1476 5886036.5016       0.0000 -1266279.9131 6114140.2800 -1266279.9131 -2577802.4491 5672228.9398 -1330561.6814  931256.6789     227.9953     110.5031
300000336 200000084 400001341 400001342 400001343 400001344 -1330561.6814 5672228.9398 -2577802.4491 -2577802.4491 5672228.9398 -1330561.6814 -1266279.9131 6114140.2800 -1266279.9131  953298.7094     279.3715      77.0156
300000337 200000085 400001345 400001346 400001347 400001348       0.0000       0.0000 -6371000.0000 -1242920.4416       0.0000 -6248583.0214       0.0000 1242920.4416 -6248583.0214  787459.5150     174.0050     295.7251
300000338 200000085 400001349 400001350 400001351 400001352 -2438076.1476       0.0000 -5886036.5016 -1266279.9131 1266279.9131 -6114140.2800 -1242920.4416       0.0000 -6248583.0214  802260.9823     193.5831     256.0763
300000339 200000085 400001353 400001354 400001355 400001356       0.0000 2438076.1476 -5886036.5016       0.0000 1242920.4416 -6248583.0214 -1266279.9131 1266279.9131 -6114140.2800  802260.9823     165.3164     293.2381
300000340 200000085 400001357 400001358 400001359 400001360 -1242920.4416       0.0000 -6248583.0214 -1266279.9131 1266279.9131 -6114140.2800       0.0000 1242920.4416 -6248583.0214  818294.0298     174.1209     291.8236
300000341 200000086 400001361 400001362 400001363 400001364 -4504977.3029       0.0000 -4504977.3029 -3678298.5650 1346350.7175 -5024649.2825 -3539537.9546       0.0000 -5297292.9000  853044.8645     221.7399     157.2903
300000342 200000086 400001365 400001366 400001367 400001368 -2600949.8585 2600949.8585 -5201899.7171 -2577802.4491 1330561.6814 -5672228.9398 -3678298.5650 1346350.7175 -5024649.2825  856010.4439     214.4736     177.7872
300000343 200000086 400001369 400001370 400001371 400001372 -2438076.1476       0.0000 -5886036.5016 -3539537.9546       0.0000 -5297292.9000 -2577802.4491 1330561.6814 -5672228.9398  843039.4974     207.9351     209.5315
300000344 200000086 400001373 400001374 400001375 400001376 -3678298.5650 1346350.7175 -5024649.2825 -2577802.4491 1330561.6814 -5672228.9398 -3539537.9546       0.0000 -5297292.9000  873164.3145     213.6450     182.1494
300000345 200000087 400001377 400001378 400001379 400001380       0.0000 4504977.3029 -4504977.3029       0.0000 3539537.9546 -5297292.9000 -1346350.7175 3678298.5650 -5024649.2825  853044.8645     215.1296     173.5934
300000346 200000087 400001381 400001382 400001383 400001384       0.0000 2438076.1476 -5886036.5016 -1330561.6814 2577802.4491 -5672228.9398       0.0000 3539537.9546 -5297292.9000  843039.4974     203.6202     222.3767
300000347 200000087 400001385 400001386 400001387 400001388 -2600949.8585 2600949.8585 -5201899.7171 -1346350.7175 3678298.5650 -5024649.2825 -1330561.6814 2577802.4491 -5672228.9398  856010.4439     211.5976     178.4958
300000348 200000087 400001389 400001390 400001391 400001392       0.0000 3539537.9546 -5297292.9000 -1330561.6814 2577802.4491 -5672228.9398 -1346350.7175 3678298.5650 -5024649.2825  873164.3145     208.6832     183.0467
300000349 200000088 400001393 400001394 400001395 400001396 -2438076.1476       0.0000 -5886036.5016 -2577802.4491 1330561.6814 -5672228.9398 -1266279.9131 1266279.9131 -6114140.2800  931256.6789     197.2815     267.3206
300000350 200000088 400001397 400001398 400001399 400001400 -2600949.8585 2600949.8585 -5201899.7171 -1330561.6814 2577802.4491 -5672228.9398 -2577802.4491 1330561.6814 -5672228.9398  917252.3363     208.8036     188.9823
300000351 200000088 400001401 400001402 400001403 400001404       0.0000 2438076.1476 -5886036.5016 -1266279.9131 1266279.9131 -6114140.2800 -1330561.6814 2577802.4491 -5672228.9398  931256.6789     186.3040     277.1268
300000352 200000088 400001405 400001406 400001407 400001408 -2577802.4491 1330561.6814 -5672228.9398 -1330561.6814 2577802.4491 -5672228.9398 -1266279.9131 1266279.9131 -6114140.2800  953298.7094     195.7311     257.0344
300000353 200000089 400001409 400001410 400001411 400001412 -6371000.0000       0.0000       0.0000 -6248583.0214 1242920.4416       0.0000 -6248583.0214       0.0000 -1242920.4416  787459.5150     256.0719      74.3110
300000354 200000089 400001413 400001414 400001415 400001416 -5886036.5016 2438076.1476       0.0000 -6114140.2800 1266279.9131 -1266279.9131 -6248583.0214 1242920.4416       0.0000  802260.9823     237.3895      90.7206
300000355 200000089 400001417 400001418 400001419 400001420 -5886036.5016       0.0000 -2438076.1476 -6248583.0214       0.0000 -1242920.4416 -6114140.2800 1266279.9131 -1266279.9131  802260.9823     233.0181     116.4532
300000356 200000089 400001421 400001422 400001423 400001424 -6248583.0214 1242920.4416       0.0000 -6114140.2800 1266279.9131 -1266279.9131 -6248583.0214       0.0000 -1242920.4416  818294.0298     233.2869     103.4263
300000357 200000090 400001425 400001426 400001427 400001428 -4504977.3029 4504977.3029       0.0000 -5024649.2825 3678298.5650 -1346350.7175 -5297292.9000 3539537.9546       0.0000  853044.8645     214.0605     128.2901
300000358 200000090 400001429 400001430 400001431 400001432 -5201899.7171 2600949.8585 -2600949.8585 -5672228.9398 2577802.4491 -1330561.6814 -5024649.2825 3678298.5650 -1346350.7175  856010.4439     269.8922      78.4094
300000359 200000090 400001433 400001434 400001435 400001436 -5886036.5016 2438076.1476       0.0000 -5297292.9000 3539537.9546       0.0000 -5672228.9398 2577802.4491 -1330561.6814  843039.4974     226.1186     105.5163
300000360 200000090 400001437 400001438 400001439 400001440 -5024649.2825 3678298.5650 -1346350.7175 -5672228.9398 2577802.4491 -1330561.6814 -5297292.9000 3539537.9546       0.0000  873164.3145     231.6279     108.7341
300000361 200000091 400001441 400001442 400001443 400001444 -4504977.3029       0.0000 -4504977.3029 -5297292.9000       0.0000 -3539537.9546 -5024649.2825 1346350.7175 -3678298.5650  853044.8645     241.9654     124.8577
300000362 200000091 400001445 400001446 400001447 400001448 -5886036.5016       0.0000 -2438076.1476 -5672228.9398 1330561.6814 -2577802.4491 -5297292.9000       0.0000 -3539537.9546  843039.4974     254.8147     102.3380
300000363 200000091 400001449 400001450 400001451 400001452 -5201899.7171 2600949.8585 -2600949.8585 -5024649.2825 1346350.7175 -3678298.5650 -5672228.9398 1330561.6814 -2577802.4491  856010.4439     259.7204      92.6876
300000364 200000091 400001453 400001454 400001455 400001456 -5297292.9000       0.0000 -3539537.9546 -5672228.9398 1330561.6814 -2577802.4491 -5024649.2825 1346350.7175 -3678298.5650  873164.3145     252.6759     106.5720
300000365 200000092 400001457 400001458 400001459 400001460 -5886036.5016 2438076.1476       0.0000 -5672228.9398 2577802.4491 -1330561.6814 -6114140.2800 1266279.9131 -1266279.9131  931256.6789     228.0364     110.7164
300000366 200000092 400001461 400001462 400001463 400001464 -5201899.7171 2600949.8585 -2600949.8585 -5672228.9398 1330561.6814 -2577802.4491 -5672228.9398 2577802.4491 -1330561.6814  917252.3363     269.2379      83.0327
300000367 200000092 400001465 400001466 400001467 400001468 -5886036.5016       0.0000 -2438076.1476 -6114140.2800 1266279.9131 -1266279.9131 -5672228.9398 1330561.6814 -2577802.4491  931256.6789     249.5651     105.8895
300000368 200000092 400001469 400001470 400001471 400001472 -5672228.9398 2577802.4491 -1330561.6814 -5672228.9398 1330561.6814 -2577802.4491 -6114140.2800 1266279.9131 -1266279.9131  953298.7094     251.6294     101.2769
300000369 200000093 400001473 400001474 400001475 400001476       0.0000 4504977.3029 -4504977.3029 -1346350.7175 3678298.5650 -5024649.2825 -1346350.7175 5024649.2825 -3678298.5650 1318824.6059     226.7491     154.3122
300000370 200000093 400001477 400001478 400001479 400001480 -2600949.8585 2600949.8585 -5201899.7171 -2716603.5278 4074905.2917 -4074905.2917 -1346350.7175 3678298.5650 -5024649.2825 1330535.5610     221.6850     163.1215
300000371 200000093 400001481 400001482 400001483 400001484 -2600949.8585 5201899.7171 -2600949.8585 -1346350.7175 5024649.2825 -3678298.5650 -2716603.5278 4074905.2917 -4074905.2917 1330535.5610     258.6322     116.4109
300000372 200000093 400001485 400001486 400001487 400001488 -1346350.7175 3678298.5650 -5024649.2825 -2716603.5278 4074905.2917 -4074905.2917 -1346350.7175 5024649.2825 -3678298.5650 1378948.6957     231.2398     150.9449
300000373 200000094 400001489 400001490 400001491 400001492 -4504977.3029       0.0000 -4504977.3029 -5024649.2825 1346350.7175 -3678298.5650 -3678298.5650 1346350.7175 -5024649.2825 1318824.6059     231.1505     144.3357
300000374 200000094 400001493 400001494 400001495 400001496 -5201899.7171 2600949.8585 -2600949.8585 -4074905.2917 2716603.5278 -4074905.2917 -5024649.2825 1346350.7175 -3678298.5650 1330535.5610     245.5252     120.2412
300000375 200000094 400001497 400001498 400001499 400001500 -2600949.8585 2600949.8585 -5201899.7171 -3678298.5650 1346350.7175 -5024649.2825 -4074905.2917 2716603.5278 -4074905.2917 1330535.5610     225.7857     155.8576
300000376 200000094 400001501 400001502 400001503 400001504 -5024649.2825 1346350.7175 -3678298.5650 -4074905.2917 2716603.5278 -4074905.2917 -3678298.5650 1346350.7175 -5024649.2825 1378948.6957     233.0670     141.6945
300000377 200000095 400001505 400001506 400001507 400001508 -4504977.3029 4504977.3029       0.0000 -3678298.5650 5024649.2825 -1346350.7175 -5024649.2825 3678298.5650 -1346350.7175 1318824.6059     241.8710      90.7881
300000378 200000095 400001509 400001510 400001511 400001512 -2600949.8585 5201899.7171 -2600949.8585 -4074905.2917 4074905.2917 -2716603.5278 -3678298.5650 5024649.2825 -1346350.7175 1330535.5610     280.3701     104.7818
300000379 200000095 400001513 400001514 400001515 400001516 -5201899.7171 2600949.8585 -2600949.8585 -5024649.2825 3678298.5650 -1346350.7175 -4074905.2917 4074905.2917 -2716603.5278 1330535.5610     275.9520     111.1545
300000380 200000095 400001517 400001518 400001519 400001520 -3678298.5650 5024649.2825 -1346350.7175 -4074905.2917 4074905.2917 -2716603.5278 -5024649.2825 3678298.5650 -1346350.7175 1378948.6957     268.9176     102.0008
300000381 200000096 400001521 400001522 400001523 400001524 -2600949.8585 2600949.8585 -5201899.7171 -4074905.2917 2716603.5278 -4074905.2917 -2716603.5278 4074905.2917 -4074905.2917 1557076.8123     230.7911     145.3519
300000382 200000096 400001525 400001526 400001527 400001528 -5201899.7171 2600949.8585 -2600949.8585 -4074905.2917 4074905.2917 -2716603.5278 -4074905.2917 2716603.5278 -4074905.2917 1557076.8123     263.6196     133.1614
300000383 200000096 400001529 400001530 400001531 400001532 -2600949.8585 5201899.7171 -2600949.8585 -2716603.5278 4074905.2917 -4074905.2917 -4074905.2917 4074905.2917 -2716603.5278 1557076.8123     265.5805     116.0672
300000384 200000096 400001533 400001534 400001535 400001536 -4074905.2917 2716603.5278 -4074905.2917 -4074905.2917 4074905.2917 -2716603.5278 -2716603.5278 4074905.2917 -4074905.2917 1628720.8215     250.5501     122.9849
300000385 200000097 400001537 400001538 400001539 400001540 -6371000.0000       0.0000       0.0000 -6248583.0214       0.0000 -1242920.4416 -6248583.0214 -1242920.4416       0.0000  787459.5150     267.5085      67.8455
300000386 200000097 400001541 400001542 400001543 400001544 -5886036.5016       0.0000 -2438076.1476 -6114140.2800 -1266279.9131 -1266279.9131 -6248583.0214       0.0000 -1242920.4416  802260.9823     235.1194     115.5914
300000387 200000097 400001545 400001546 400001547 400001548 -5886036.5016 -2438076.1476       0.0000 -6248583.0214 -1242920.4416       0.0000 -6114140.2800 -1266279.9131 -1266279.9131  802260.9823     279.1541      61.0571
300000388 200000097 400001549 400001550 400001551 400001552 -6248583.0214       0.0000 -1242920.4416 -6114140.2800 -1266279.9131 -1266279.9131 -6248583.0214 -1242920.4416       0.0000  818294.0298     253.2695      90.3336
300000389 200000098 400001553 400001554 400001555 400001556 -4504977.3029       0.0000 -4504977.3029 -5024649.2825 -1346350.7175 -3678298.5650 -5297292.9000       0.0000 -3539537.9546  853044.8645     238.7320     124.3234
300000390 200000098 400001557 400001558 400001559 400001560 -5201899.7171 -2600949.8585 -2600949.8585 -5672228.9398 -1330561.6814 -2577802.4491 -5024649.2825 -1346350.7175 -3678298.5650  856010.4439     239.6590     119.5312
300000391 200000098 400001561 400001562 400001563 400001564 -5886036.5016       0.0000 -2438076.1476 -5297292.9000       0.0000 -3539537.9546 -5672228.9398 -1330561.6814 -2577802.4491  843039.4974     249.0105     109.0823
300000392 200000098 400001565 400001566 400001567 400001568 -5024649.2825 -1346350.7175 -3678298.5650 -5672228.9398 -1330561.6814 -2577802.4491 -5297292.9000       0.0000 -3539537.9546  873164.3145     245.7131     113.5222
300000393 200000099 400001569 400001570 400001571 400001572 -4504977.3029 -4504977.3029       0.0000 -5297292.9000 -3539537.9546       0.0000 -5024649.2825 -3678298.5650 -1346350.7175  853044.8645     290.4083      52.8953
300000394 200000099 400001573 400001574 400001575 400001576 -5886036.5016 -2438076.1476       0.0000 -5672228.9398 -2577802.4491 -1330561.6814 -5297292.9000 -3539537.9546       0.0000  843039.4974     286.8358      57.7440
300000395 200000099 400001577 400001578 400001579 400001580 -5201899.7171 -2600949.8585 -2600949.8585 -5024649.2825 -3678298.5650 -1346350.7175 -5672228.9398 -2577802.4491 -1330561.6814  856010.4439     254.1946      91.1704
300000396 200000099 400001581 400001582 400001583 400001584 -5297292.9000 -3539537.9546       0.0000 -5672228.9398 -2577802.4491 -1330561.6814 -5024649.2825 -3678298.5650 -1346350.7175  873164.3145     279.2696      67.2053
300000397 200000100 400001585 400001586 400001587 400001588 -5886036.5016       0.0000 -2438076.1476 -5672228.9398 -1330561.6814 -2577802.4491 -6114140.2800 -1266279.9131 -1266279.9131  931256.6789     239.0893     115.3414
300000398 200000100 400001589 400001590 400001591 400001592 -5201899.7171 -2600949.8585 -2600949.8585 -5672228.9398 -2577802.4491 -1330561.6814 -5672228.9398 -1330561.6814 -2577802.4491  917252.3363     243.5248     106.5469
300000399 200000100 400001593 400001594 400001595 400001596 -5886036.5016 -2438076.1476       0.0000 -6114140.2800 -1266279.9131 -1266279.9131 -5672228.9398 -2577802.4491 -1330561.6814  931256.6789     267.4793      78.7256
300000400 200000100 400001597 400001598 400001599 400001600 -5672228.9398 -1330561.6814 -2577802.4491 -5672228.9398 -2577802.4491 -1330561.6814 -6114140.2800 -1266279.9131 -1266279.9131  953298.7094     242.5272     105.9630
300000401 200000101 400001601 400001602 400001603 400001604       0.0000       0.0000 -6371000.0000       0.0000 -1242920.4416 -6248583.0214 -1242920.4416       0.0000 -6248583.0214  787459.5150     187.4512     292.7745
300000402 200000101 400001605 400001606 400001607 400001608       0.0000 -2438076.1476 -5886036.5016 -1266279.9131 -1266279.9131 -6114140.2800       0.0000 -1242920.4416 -6248583.0214  802260.9823     194.7355     272.1438
300000403 200000101 400001609 400001610 400001611 400001612 -2438076.1476       0.0000 -5886036.5016 -1242920.4416       0.0000 -6248583.0214 -1266279.9131 -1266279.9131 -6114140.2800  802260.9823     200.6385     254.7571
300000404 200000101 400001613 400001614 400001615 400001616       0.0000 -1242920.4416 -6248583.0214 -1266279.9131 -1266279.9131 -6114140.2800 -1242920.4416       0.0000 -6248583.0214  818294.0298     189.0524     290.8694
300000405 200000102 400001617 400001618 400001619 400001620       0.0000 -4504977.3029 -4504977.3029 -1346350.7175 -3678298.5650 -5024649.2825       0.0000 -3539537.9546 -5297292.9000  853044.8645     220.4146     169.5042
300000406 200000102 400001621 400001622 400001623 400001624 -2600949.8585 -2600949.8585 -5201899.7171 -1330561.6814 -2577802.4491 -5672228.9398 -1346350.7175 -3678298.5650 -5024649.2825  856010.4439     213.8707     188.5587
300000407 200000102 400001625 400001626 400001627 400001628       0.0000 -2438076.1476 -5886036.5016       0.0000 -3539537.9546 -5297292.9000 -1330561.6814 -2577802.4491 -5672228.9398  843039.4974     207.1699     190.9010
300000408 200000102 400001629 400001630 400001631 400001632 -1346350.7175 -3678298.5650 -5024649.2825 -1330561.6814 -2577802.4491 -5672228.9398       0.0000 -3539537.9546 -5297292.9000  873164.3145     213.2792     182.5288
300000409 200000103 400001633 400001634 400001635 400001636 -4504977.3029       0.0000 -4504977.3029 -3539537.9546       0.0000 -5297292.9000 -3678298.5650 -1346350.7175 -5024649.2825  853044.8645     223.6541     153.6276
300000410 200000103 400001637 400001638 400001639 400001640 -2438076.1476       0.0000 -5886036.5016 -2577802.4491 -1330561.6814 -5672228.9398 -3539537.9546       0.0000 -5297292.9000  843039.4974     208.3132     203.9226
300000411 200000103 400001641 400001642 400001643 400001644 -2600949.8585 -2600949.8585 -5201899.7171 -3678298.5650 -1346350.7175 -5024649.2825 -2577802.4491 -1330561.6814 -5672228.9398  856010.4439     214.4464     184.1278
300000412 200000103 400001645 400001646 400001647 400001648 -3539537.9546       0.0000 -5297292.9000 -2577802.4491 -1330561.6814 -5672228.9398 -3678298.5650 -1346350.7175 -5024649.2825  873164.3145     214.2875     171.1221
300000413 200000104 400001649 400001650 400001651 400001652       0.0000 -2438076.1476 -5886036.5016 -1330561.6814 -2577802.4491 -5672228.9398 -1266279.9131 -1266279.9131 -6114140.2800  931256.6789     202.4757     235.9524
300000414 200000104 400001653 400001654 400001655 400001656 -2600949.8585 -2600949.8585 -5201899.7171 -2577802.4491 -1330561.6814 -5672228.9398 -1330561.6814 -2577802.4491 -5672228.9398  917252.3363     209.1829     201.9086
300000415 200000104 400001657 400001658 400001659 400001660 -2438076.1476       0.0000 -5886036.5016 -1266279.9131 -1266279.9131 -6114140.2800 -2577802.4491 -1330561.6814 -5672228.9398  931256.6789     202.2195     254.2764
300000416 200000104 400001661 400001662 400001663 400001664 -1330561.6814 -2577802.4491 -5672228.9398 -2577802.4491 -1330561.6814 -5672228.9398 -1266279.9131 -1266279.9131 -6114140.2800  953298.7094     203.1945     242.6534
300000417 200000105 400001665 400001666 400001667 400001668       0.0000 -6371000.0000       0.0000 -1242920.4416 -6248583.0214       0.0000       0.0000 -6248583.0214 -1242920.4416  787459.5150     283.5206      83.6207
300000418 200000105 400001669 400001670 400001671 400001672 -2438076.1476 -5886036.5016       0.0000 -1266279.9131 -6114140.2800 -1266279.9131 -1242920.4416 -6248583.0214       0.0000  802260.9823     289.0198      84.5070
300000419 200000105 400001673 400001674 400001675 400001676       0.0000 -5886036.5016 -2438076.1476       0.0000 -6248583.0214 -1242920.4416 -1266279.9131 -6114140.2800 -1266279.9131  802260.9823     277.2923     108.7726
300000420 200000105 400001677 400001678 400001679 400001680 -1242920.4416 -6248583.0214       0.0000 -1266279.9131 -6114140.2800 -1266279.9131       0.0000 -6248583.0214 -1242920.4416  818294.0298     285.0066      98.2368
300000421 200000106 400001681 400001682 400001683 400001684 -4504977.3029 -4504977.3029       0.0000 -3678298.5650 -5024649.2825 -1346350.7175 -3539537.9546 -5297292.9000       0.0000  853044.8645     291.6792      56.2693
300000422 200000106 400001685 400001686 400001687 400001688 -2600949.8585 -5201899.7171 -2600949.8585 -2577802.4491 -5672228.9398 -1330561.6814 -3678298.5650 -5024649.2825 -1346350.7175  856010.4439     276.9794      82.4336
300000423 200000106 400001689 400001690 400001691 400001692 -2438076.1476 -5886036.5016       0.0000 -3539537.9546 -5297292.9000       0.0000 -2577802.4491 -5672228.9398 -1330561.6814  843039.4974     290.8060      68.2373
300000424 200000106 400001693 400001694 400001695 400001696 -3678298.5650 -5024649.2825 -1346350.7175 -2577802.4491 -5672228.9398 -1330561.6814 -3539537.9546 -5297292.9000       0.0000  873164.3145     291.2318      65.0906
300000425 200000107 400001697 400001698 400001699 400001700       0.0000 -4504977.3029 -4504977.3029       0.0000 -5297292.9000 -3539537.9546 -1346350.7175 -5024649.2825 -3678298.5650  853044.8645     236.9282     140.2007
300000426 200000107 400001701 400001702 400001703 400001704       0.0000 -5886036.5016 -2438076.1476 -1330561.6814 -5672228.9398 -2577802.4491       0.0000 -5297292.9000 -3539537.9546  843039.4974     260.4850     101.9607
300000427 200000107 400001705 400001706 400001707 400001708 -2600949.8585 -5201899.7171 -2600949.8585 -1346350.7175 -5024649.2825 -3678298.5650 -1330561.6814 -5672228.9398 -2577802.4491  856010.4439     251.1135     102.6649
300000428 200000107 400001709 400001710 400001711 400001712       0.0000 -5297292.9000 -3539537.9546 -1330561.6814 -5672228.9398 -2577802.4491 -1346350.7175 -5024649.2825 -3678298.5650  873164.3145     248.4876     112.7377
300000429 200000108 400001713 400001714 400001715 400001716 -2438076.1476 -5886036.5016       0.0000 -2577802.4491 -5672228.9398 -1330561.6814 -1266279.9131 -6114140.2800 -1266279.9131  931256.6789     289.4440      81.9114
300000430 200000108 400001717 400001718 400001719 400001720 -2600949.8585 -5201899.7171 -2600949.8585 -1330561.6814 -5672228.9398 -2577802.4491 -2577802.4491 -5672228.9398 -1330561.6814  917252.3363     269.5943      87.3105
300000431 200000108 400001721 400001722 400001723 400001724       0.0000 -5886036.5016 -2438076.1476 -1266279.9131 -6114140.2800 -1266279.9131 -1330561.6814 -5672228.9398 -2577802.4491  931256.6789     272.3466     105.9502
300000432 200000108 400001725 400001726 400001727 400001728 -2577802.4491 -5672228.9398 -1330561.6814 -1330561.6814 -5672228.9398 -2577802.4491 -1266279.9131 -6114140.2800 -1266279.9131  953298.7094     277.5349      98.3190
300000433 200000109 400001729 400001730 400001731 400001732 -4504977.3029       0.0000 -4504977.3029 -3678298.5650 -1346350.7175 -5024649.2825 -5024649.2825 -1346350.7175 -3678298.5650 1318824.6059     231.5674     143.8397
300000434 200000109 400001733 400001734 400001735 400001736 -2600949.8585 -2600949.8585 -5201899.7171 -4074905.2917 -2716603.5278 -4074905.2917 -3678298.5650 -1346350.7175 -5024649.2825 1330535.5610     225.0948     162.2006
300000435 200000109 400001737 400001738 400001739 400001740 -5201899.7171 -2600949.8585 -2600949.8585 -5024649.2825 -1346350.7175 -3678298.5650 -4074905.2917 -2716603.5278 -4074905.2917 1330535.5610     238.1742     125.5533
300000436 200000109 400001741 400001742 400001743 400001744 -3678298.5650 -1346350.7175 -5024649.2825 -4074905.2917 -2716603.5278 -4074905.2917 -5024649.2825 -1346350.7175 -3678298.5650 1378948.6957     232.0938     142.2867
300000437 200000110 400001745 400001746 400001747 400001748       0.0000 -4504977.3029 -4504977.3029 -1346350.7175 -5024649.2825 -3678298.5650 -1346350.7175 -3678298.5650 -5024649.2825 1318824.6059     228.0493     160.2035
300000438 200000110 400001749 400001750 400001751 400001752 -2600949.8585 -5201899.7171 -2600949.8585 -2716603.5278 -4074905.2917 -4074905.2917 -1346350.7175 -5024649.2825 -3678298.5650 1330535.5610     237.4943     129.7082
300000439 200000110 400001753 400001754 400001755 400001756 -2600949.8585 -2600949.8585 -5201899.7171 -1346350.7175 -3678298.5650 -5024649.2825 -2716603.5278 -4074905.2917 -4074905.2917 1330535.5610     224.5525     165.2740
300000440 200000110 400001757 400001758 400001759 400001760 -1346350.7175 -5024649.2825 -3678298.5650 -2716603.5278 -4074905.2917 -4074905.2917 -1346350.7175 -3678298.5650 -5024649.2825 1378948.6957     228.9037     158.1097
300000441 200000111 400001761 400001762 400001763 400001764 -4504977.3029 -4504977.3029       0.0000 -5024649.2825 -3678298.5650 -1346350.7175 -3678298.5650 -5024649.2825 -1346350.7175 1318824.6059     288.9122      59.1713
300000442 200000111 400001765 400001766 400001767 400001768 -5201899.7171 -2600949.8585 -2600949.8585 -4074905.2917 -4074905.2917 -2716603.5278 -5024649.2825 -3678298.5650 -1346350.7175 1330535.5610     246.8618     100.6530
300000443 200000111 400001769 400001770 400001771 400001772 -2600949.8585 -5201899.7171 -2600949.8585 -3678298.5650 -5024649.2825 -1346350.7175 -4074905.2917 -4074905.2917 -2716603.5278 1330535.5610     257.3645      93.6446
300000444 200000111 400001773 400001774 400001775 400001776 -5024649.2825 -3678298.5650 -1346350.7175 -4074905.2917 -4074905.2917 -2716603.5278 -3678298.5650 -5024649.2825 -1346350.7175 1378948.6957     263.6578      84.6200
300000445 200000112 400001777 400001778 400001779 400001780 -2600949.8585 -2600949.8585 -5201899.7171 -2716603.5278 -4074905.2917 -4074905.2917 -4074905.2917 -2716603.5278 -4074905.2917 1557076.8123     228.3698     151.0547
300000446 200000112 400001781 400001782 400001783 400001784 -2600949.8585 -5201899.7171 -2600949.8585 -4074905.2917 -4074905.2917 -2716603.5278 -2716603.5278 -4074905.2917 -4074905.2917 1557076.8123     236.8380     122.9676
300000447 200000112 400001785 400001786 400001787 400001788 -5201899.7171 -2600949.8585 -2600949.8585 -4074905.2917 -2716603.5278 -4074905.2917 -4074905.2917 -4074905.2917 -2716603.5278 1557076.8123     235.5891     125.6312
300000448 200000112 400001789 400001790 400001791 400001792 -2716603.5278 -4074905.2917 -4074905.2917 -4074905.2917 -4074905.2917 -2716603.5278 -4074905.2917 -2716603.5278 -4074905.2917 1628720.8215     233.7396     132.2008
300000449 200000113 400001793 400001794 400001795 400001796       0.0000 -6371000.0000       0.0000       0.0000 -6248583.0214 -1242920.4416 1242920.4416 -6248583.0214       0.0000  787459.5150     272.7114     107.3657
300000450 200000113 400001797 400001798 400001799 400001800       0.0000 -5886036.5016 -2438076.1476 1266279.9131 -6114140.2800 -1266279.9131       0.0000 -6248583.0214 -1242920.4416  802260.9823     273.4230     135.7699
300000451 200000113 400001801 400001802 400001803 400001804 2438076.1476 -5886036.5016       0.0000 1242920.4416 -6248583.0214       0.0000 1266279.9131 -6114140.2800 -1266279.9131  802260.9823     213.7565     149.4804
300000452 200000113 400001805 400001806 400001807 400001808       0.0000 -6248583.0214 -1242920.4416 1266279.9131 -6114140.2800 -1266279.9131 1242920.4416 -6248583.0214       0.0000  818294.0298     260.8240     121.5243
300000453 200000114 400001809 400001810 400001811 400001812       0.0000 -4504977.3029 -4504977.3029 1346350.7175 -5024649.2825 -3678298.5650       0.0000 -5297292.9000 -3539537.9546  853044.8645     241.2660     132.5088
300000454 200000114 400001813 400001814 400001815 400001816 2600949.8585 -5201899.7171 -2600949.8585 1330561.6814 -5672228.9398 -2577802.4491 1346350.7175 -5024649.2825 -3678298.5650  856010.4439     273.8640     124.5502
300000455 200000114 400001817 400001818 400001819 400001820       0.0000 -5886036.5016 -2438076.1476       0.0000 -5297292.9000 -3539537.9546 1330561.6814 -5672228.9398 -2577802.4491  843039.4974     264.4547     118.6591
300000456 200000114 400001821 400001822 400001823 400001824 1346350.7175 -5024649.2825 -3678298.5650 1330561.6814 -5672228.9398 -2577802.4491       0.0000 -5297292.9000 -3539537.9546  873164.3145     260.0757     120.9869
300000457 200000115 400001825 400001826 400001827 400001828 4504977.3029 -4504977.3029       0.0000 3539537.9546 -5297292.9000       0.0000 3678298.5650 -5024649.2825 -1346350.7175  853044.8645     234.2731     129.6907
300000458 200000115 400001829 400001830 400001831 400001832 2438076.1476 -5886036.5016       0.0000 2577802.4491 -5672228.9398 -1330561.6814 3539537.9546 -5297292.9000       0.0000  843039.4974     210.7745     141.9797
300000459 200000115 400001833 400001834 400001835 400001836 2600949.8585 -5201899.7171 -2600949.8585 3678298.5650 -5024649.2825 -1346350.7175 2577802.4491 -5672228.9398 -1330561.6814  856010.4439     231.0712     148.3240
300000460 200000115 400001837 400001838 400001839 400001840 3539537.9546 -5297292.9000       0.0000 2577802.4491 -5672228.9398 -1330561.6814 3678298.5650 -5024649.2825 -1346350.7175  873164.3145     210.0181     151.1981
300000461 200000116 400001841 400001842 400001843 400001844       0.0000 -5886036.5016 -2438076.1476 1330561.6814 -5672228.9398 -2577802.4491 1266279.9131 -6114140.2800 -1266279.9131  931256.6789     271.8204     144.7429
300000462 200000116 400001845 400001846 400001847 400001848 2600949.8585 -5201899.7171 -2600949.8585 2577802.4491 -5672228.9398 -1330561.6814 1330561.6814 -5672228.9398 -2577802.4491  917252.3363     260.3362     134.5745
300000463 200000116 400001849 400001850 400001851 400001852 2438076.1476 -5886036.5016       0.0000 1266279.9131 -6114140.2800 -1266279.9131 2577802.4491 -5672228.9398 -1330561.6814  931256.6789     211.2420     152.7498
300000464 200000116 400001853 400001854 400001855 400001856 1330561.6814 -5672228.9398 -2577802.4491 2577802.4491 -5672228.9398 -1330561.6814 1266279.9131 -6114140.2800 -1266279.9131  953298.7094     248.2157     139.9949
300000465 200000117 400001857 400001858 400001859 400001860       0.0000       0.0000 -6371000.0000 1242920.4416       0.0000 -6248583.0214       0.0000 -1242920.4416 -6248583.0214  787459.5150     183.2470     294.4438
300000466 200000117 400001861 400001862 400001863 400001864 2438076.1476       0.0000 -5886036.5016 1266279.9131 -1266279.9131 -6114140.2800 1242920.4416       0.0000 -6248583.0214  802260.9823     189.5396     280.5452
300000467 200000117 400001865 400001866 400001867 400001868       0.0000 -2438076.1476 -5886036.5016       0.0000 -1242920.4416 -6248583.0214 1266279.9131 -1266279.9131 -6114140.2800  802260.9823     194.3317     276.3636
300000468 200000117 400001869 400001870 400001871 400001872 1242920.4416       0.0000 -6248583.0214 1266279.9131 -1266279.9131 -6114140.2800       0.0000 -1242920.4416 -6248583.0214  818294.0298     193.4329     287.1299
300000469 200000118 400001873 400001874 400001875 400001876 4504977.3029       0.0000 -4504977.3029 3678298.5650 -1346350.7175 -5024649.2825 3539537.9546       0.0000 -5297292.9000  853044.8645     212.7567     197.9813
300000470 200000118 400001877 400001878 400001879 400001880 2600949.8585 -2600949.8585 -5201899.7171 2577802.4491 -1330561.6814 -5672228.9398 3678298.5650 -1346350.7175 -5024649.2825  856010.4439     206.0060     205.8846
300000471 200000118 400001881 400001882 400001883 400001884 2438076.1476       0.0000 -5886036.5016 3539537.9546       0.0000 -5297292.9000 2577802.4491 -1330561.6814 -5672228.9398  843039.4974     201.6470     257.2660
300000472 200000118 400001885 400001886 400001887 400001888 3678298.5650 -1346350.7175 -5024649.2825 2577802.4491 -1330561.6814 -5672228.9398 3539537.9546       0.0000 -5297292.9000  873164.3145     205.5035     218.5139
300000473 200000119 400001889 400001890 400001891 400001892       0.0000 -4504977.3029 -4504977.3029       0.0000 -3539537.9546 -5297292.9000 1346350.7175 -3678298.5650 -5024649.2825  853044.8645     217.0556     168.6222
300000474 200000119 400001893 400001894 400001895 400001896       0.0000 -2438076.1476 -5886036.5016 1330561.6814 -2577802.4491 -5672228.9398       0.0000 -3539537.9546 -5297292.9000  843039.4974     206.3730     184.9261
300000475 200000119 400001897 400001898 400001899 400001900 2600949.8585 -2600949.8585 -5201899.7171 1346350.7175 -3678298.5650 -5024649.2825 1330561.6814 -2577802.4491 -5672228.9398  856010.4439     207.6883     167.8078
300000476 200000119 400001901 400001902 400001903 400001904       0.0000 -3539537.9546 -5297292.9000 1330561.6814 -2577802.4491 -5672228.9398 1346350.7175 -3678298.5650 -5024649.2825  873164.3145     208.9383     173.8870
300000477 200000120 400001905 400001906 400001907 400001908 2438076.1476       0.0000 -5886036.5016 2577802.4491 -1330561.6814 -5672228.9398 1266279.9131 -1266279.9131 -6114140.2800  931256.6789     199.6522     265.8699
300000478 200000120 400001909 400001910 400001911 400001912 2600949.8585 -2600949.8585 -5201899.7171 1330561.6814 -2577802.4491 -5672228.9398 2577802.4491 -1330561.6814 -5672228.9398  917252.3363     203.9738     210.6004
300000479 200000120 400001913 400001914 400001915 400001916       0.0000 -2438076.1476 -5886036.5016 1266279.9131 -1266279.9131 -6114140.2800 1330561.6814 -2577802.4491 -5672228.9398  931256.6789     196.4732     253.8999
300000480 200000120 400001917 400001918 400001919 400001920 2577802.4491 -1330561.6814 -5672228.9398 1330561.6814 -2577802.4491 -5672228.9398 1266279.9131 -1266279.9131 -6114140.2800  953298.7094     199.5444     260.0527
300000481 200000121 400001921 400001922 400001923 400001924 6371000.0000       0.0000       0.0000 6248583.0214 -1242920.4416       0.0000 6248583.0214       0.0000 -1242920.4416  787459.5150     277.1406      96.1463
300000482 200000121 400001925 400001926 400001927 400001928 5886036.5016 -2438076.1476       0.0000 6114140.2800 -1266279.9131 -1266279.9131 6248583.0214 -1242920.4416       0.0000  802260.9823     280.5831      87.6345
300000483 200000121 400001929 400001930 400001931 400001932 5886036.5016       0.0000 -2438076.1476 6248583.0214       0.0000 -1242920.4416 6114140.2800 -1266279.9131 -1266279.9131  802260.9823     277.6419     133.9407
300000484 200000121 400001933 400001934 400001935 400001936 6248583.0214 -1242920.4416       0.0000 6114140.2800 -1266279.9131 -1266279.9131 6248583.0214       0.0000 -1242920.4416  818294.0298     280.5307     116.3716
300000485 200000122 400001937 400001938 400001939 400001940 4504977.3029 -4504977.3029       0.0000 5024649.2825 -3678298.5650 -1346350.7175 5297292.9000 -3539537.9546       0.0000  853044.8645     277.6281      81.7904
300000486 200000122 400001941 400001942 400001943 400001944 5201899.7171 -2600949.8585 -2600949.8585 5672228.9398 -2577802.4491 -1330561.6814 5024649.2825 -3678298.5650 -1346350.7175  856010.4439     265.9950      85.8868
300000487 200000122 400001945 400001946 400001947 400001948 5886036.5016 -2438076.1476       0.0000 5297292.9000 -3539537.9546       0.0000 5672228.9398 -2577802.4491 -1330561.6814  843039.4974     279.6066      68.7469
300000488 200000122 400001949 400001950 400001951 400001952 5024649.2825 -3678298.5650 -1346350.7175 5672228.9398 -2577802.4491 -1330561.6814 5297292.9000 -3539537.9546       0.0000  873164.3145     281.6104      66.2698
300000489 200000123 400001953 400001954 400001955 400001956 4504977.3029       0.0000 -4504977.3029 5297292.9000       0.0000 -3539537.9546 5024649.2825 -1346350.7175 -3678298.5650  853044.8645     233.6576     145.2808
300000490 200000123 400001957 400001958 400001959 400001960 5886036.5016       0.0000 -2438076.1476 5672228.9398 -1330561.6814 -2577802.4491 5297292.9000       0.0000 -3539537.9546  843039.4974     261.5253     107.6316
300000491 200000123 400001961 400001962 400001963 400001964 5201899.7171 -2600949.8585 -2600949.8585 5024649.2825 -1346350.7175 -3678298.5650 5672228.9398 -1330561.6814 -2577802.4491  856010.4439     244.5396     113.2139
300000492 200000123 400001965 400001966 400001967 400001968 5297292.9000       0.0000 -3539537.9546 5672228.9398 -1330561.6814 -2577802.4491 5024649.2825 -1346350.7175 -3678298.5650  873164.3145     246.3398     118.9785
300000493 200000124 400001969 400001970 400001971 400001972 5886036.5016 -2438076.1476       0.0000 5672228.9398 -2577802.4491 -1330561.6814 6114140.2800 -1266279.9131 -1266279.9131  931256.6789     282.2921      91.5641
300000494 200000124 400001973 400001974 400001975 400001976 5201899.7171 -2600949.8585 -2600949.8585 5672228.9398 -1330561.6814 -2577802.4491 5672228.9398 -2577802.4491 -1330561.6814  917252.3363     263.2738      96.0388
300000495 200000124 400001977 400001978 400001979 400001980 5886036.5016       0.0000 -2438076.1476 6114140.2800 -1266279.9131 -1266279.9131 5672228.9398 -1330561.6814 -2577802.4491  931256.6789     273.3290     113.8447
300000496 200000124 400001981 400001982 400001983 400001984 5672228.9398 -2577802.4491 -1330561.6814 5672228.9398 -1330561.6814 -2577802.4491 6114140.2800 -1266279.9131 -1266279.9131  953298.7094     276.1113     103.5760
300000497 200000125 400001985 400001986 400001987 400001988       0.0000 -4504977.3029 -4504977.3029 1346350.7175 -3678298.5650 -5024649.2825 1346350.7175 -5024649.2825 -3678298.5650 1318824.6059     227.9650     155.6870
300000498 200000125 400001989 400001990 400001991 400001992 2600949.8585 -2600949.8585 -5201899.7171 2716603.5278 -4074905.2917 -4074905.2917 1346350.7175 -3678298.5650 -5024649.2825 1330535.5610     222.8207     123.4410
300000499 200000125 400001993 400001994 400001995 400001996 2600949.8585 -5201899.7171 -2600949.8585 1346350.7175 -5024649.2825 -3678298.5650 2716603.5278 -4074905.2917 -4074905.2917 1330535.5610     261.2254     118.5591
300000500 200000125 400001997 400001998 400001999 400002000 1346350.7175 -3678298.5650 -5024649.2825 2716603.5278 -4074905.2917 -4074905.2917 1346350.7175 -5024649.2825 -3678298.5650 1378948.6957     237.2311     116.3041
300000501 200000126 400002001 400002002 400002003 400002004 4504977.3029       0.0000 -4504977.3029 5024649.2825 -1346350.7175 -3678298.5650 3678298.5650 -1346350.7175 -5024649.2825 1318824.6059     223.7257     166.9869
300000502 200000126 400002005 400002006 400002007 400002008 5201899.7171 -2600949.8585 -2600949.8585 4074905.2917 -2716603.5278 -4074905.2917 5024649.2825 -1346350.7175 -3678298.5650 1330535.5610     235.1390     133.9360
300000503 200000126 400002009 400002010 400002011 400002012 2600949.8585 -2600949.8585 -5201899.7171 3678298.5650 -1346350.7175 -5024649.2825 4074905.2917 -2716603.5278 -4074905.2917 1330535.5610     217.6796     169.4436
300000504 200000126 400002013 400002014 400002015 400002016 5024649.2825 -1346350.7175 -3678298.5650 4074905.2917 -2716603.5278 -4074905.2917 3678298.5650 -1346350.7175 -5024649.2825 1378948.6957     226.3525     154.9022
300000505 200000127 400002017 400002018 400002019 400002020 4504977.3029 -4504977.3029       0.0000 3678298.5650 -5024649.2825 -1346350.7175 5024649.2825 -3678298.5650 -1346350.7175 1318824.6059     243.7280     133.8907
300000506 200000127 400002021 400002022 400002023 400002024 2600949.8585 -5201899.7171 -2600949.8585 4074905.2917 -4074905.2917 -2716603.5278 3678298.5650 -5024649.2825 -1346350.7175 1330535.5610     240.9226     143.7909
300000507 200000127 400002025 400002026 400002027 400002028 5201899.7171 -2600949.8585 -2600949.8585 5024649.2825 -3678298.5650 -1346350.7175 4074905.2917 -4074905.2917 -2716603.5278 1330535.5610     246.5514     119.8035
300000508 200000127 400002029 400002030 400002031 400002032 3678298.5650 -5024649.2825 -1346350.7175 4074905.2917 -4074905.2917 -2716603.5278 5024649.2825 -3678298.5650 -1346350.7175 1378948.6957     230.8920     159.0719
300000509 200000128 400002033 400002034 400002035 400002036 2600949.8585 -2600949.8585 -5201899.7171 4074905.2917 -2716603.5278 -4074905.2917 2716603.5278 -4074905.2917 -4074905.2917 1557076.8123     227.3515     138.8281
300000510 200000128 400002037 400002038 400002039 400002040 5201899.7171 -2600949.8585 -2600949.8585 4074905.2917 -4074905.2917 -2716603.5278 4074905.2917 -2716603.5278 -4074905.2917 1557076.8123     244.3155     124.7503
300000511 200000128 400002041 400002042 400002043 400002044 2600949.8585 -5201899.7171 -2600949.8585 2716603.5278 -4074905.2917 -4074905.2917 4074905.2917 -4074905.2917 -2716603.5278 1557076.8123     254.4412     133.3662
300000512 200000128 400002045 400002046 400002047 400002048 4074905.2917 -2716603.5278 -4074905.2917 4074905.2917 -4074905.2917 -2716603.5278 2716603.5278 -4074905.2917 -4074905.2917 1628720.8215     245.3981     115.5880
