300000001 200000001 400000001 400000002 400000003 400000004       0.0000       0.0000 6371000.0000 1242920.4416       0.0000 6248583.0214       0.0000 1242920.4416 6248583.0214  787459.5150     224.7246     296.3838
300000002 200000001 400000005 400000006 400000007 400000008 2438076.1476       0.0000 5886036.5016 1266279.9131 1266279.9131 6114140.2800 1242920.4416       0.0000 6248583.0214  802260.9823     227.4101     214.9592
300000003 200000001 400000009 400000010 400000011 400000012       0.0000 2438076.1476 5886036.5016       0.0000 1242920.4416 6248583.0214 1266279.9131 1266279.9131 6114140.2800  802260.9823     226.1835     234.9160
300000004 200000001 400000013 400000014 400000015 400000016 1242920.4416       0.0000 6248583.0214 1266279.9131 1266279.9131 6114140.2800       0.0000 1242920.4416 6248583.0214  818294.0298     223.1297     243.1478
300000005 200000002 400000017 400000018 400000019 400000020 4504977.3029       0.0000 4504977.3029 3678298.5650 1346350.7175 5024649.2825 3539537.9546       0.0000 5297292.9000  853044.8645     239.9952     165.2817
300000006 200000002 400000021 400000022 400000023 400000024 2600949.8585 2600949.8585 5201899.7171 2577802.4491 1330561.6814 5672228.9398 3678298.5650 1346350.7175 5024649.2825  856010.4439     241.0544     163.7942
300000007 200000002 400000025 400000026 400000027 400000028 2438076.1476       0.0000 5886036.5016 3539537.9546       0.0000 5297292.9000 2577802.4491 1330561.6814 5672228.9398  843039.4974     233.1339     169.2851
300000008 200000002 400000029 400000030 400000031 400000032 3678298.5650 1346350.7175 5024649.2825 2577802.4491 1330561.6814 5672228.9398 3539537.9546       0.0000 5297292.9000  873164.3145     240.8989     140.9094
300000009 200000003 400000033 400000034 400000035 400000036       0.0000 4504977.3029 4504977.3029       0.0000 3539537.9546 5297292.9000 1346350.7175 3678298.5650 5024649.2825  853044.8645     244.6992     147.5958
300000010 200000003 400000037 400000038 400000039 400000040       0.0000 2438076.1476 5886036.5016 1330561.6814 2577802.4491 5672228.9398       0.0000 3539537.9546 5297292.9000  843039.4974     238.5160     161.5481
300000011 200000003 400000041 400000042 400000043 400000044 2600949.8585 2600949.8585 5201899.7171 1346350.7175 3678298.5650 5024649.2825 1330561.6814 2577802.4491 5672228.9398  856010.4439     243.5901     154.6083
300000012 200000003 400000045 400000046 400000047 400000048       0.0000 3539537.9546 5297292.9000 1330561.6814 2577802.4491 5672228.9398 1346350.7175 3678298.5650 5024649.2825  873164.3145     242.2079     151.7912
300000013 200000004 400000049 400000050 400000051 400000052 2438076.1476       0.0000 5886036.5016 2577802.4491 1330561.6814 5672228.9398 1266279.9131 1266279.9131 6114140.2800  931256.6789     230.0567     186.3164
300000014 200000004 400000053 400000054 400000055 400000056 2600949.8585 2600949.8585 5201899.7171 1330561.6814 2577802.4491 5672228.9398 2577802.4491 1330561.6814 5672228.9398  917252.3363     238.6469     166.2500
300000015 200000004 400000057 400000058 400000059 400000060       0.0000 2438076.1476 5886036.5016 1266279.9131 1266279.9131 6114140.2800 1330561.6814 2577802.4491 5672228.9398  931256.6789     231.6848     196.9028
300000016 200000004 400000061 400000062 400000063 400000064 2577802.4491 1330561.6814 5672228.9398 1330561.6814 2577802.4491 5672228.9398 1266279.9131 1266279.9131 6114140.2800  953298.7094     232.9243     175.4492
300000017 200000005 400000065 400000066 400000067 400000068 6371000.0000       0.0000       0.0000 6248583.0214 1242920.4416       0.0000 6248583.0214       0.0000 1242920.4416  787459.5150     233.0781     124.8227
300000018 200000005 400000069 400000070 400000071 400000072 5886036.5016 2438076.1476       0.0000 6114140.2800 1266279.9131 1266279.9131 6248583.0214 1242920.4416       0.0000  802260.9823     224.9443     128.2988
300000019 200000005 400000073 400000074 400000075 400000076 5886036.5016       0.0000 2438076.1476 6248583.0214       0.0000 1242920.4416 6114140.2800 1266279.9131 1266279.9131  802260.9823     261.4905     140.2234
300000020 200000005 400000077 400000078 400000079 400000080 6248583.0214 1242920.4416       0.0000 6114140.2800 1266279.9131 1266279.9131 6248583.0214       0.0000 1242920.4416  818294.0298     223.4889     138.1511
300000021 200000006 400000081 400000082 400000083 400000084 4504977.3029 4504977.3029       0.0000 5024649.2825 3678298.5650 1346350.7175 5297292.9000 3539537.9546       0.0000  853044.8645     255.9301     117.1476
300000022 200000006 400000085 400000086 400000087 400000088 5201899.7171 2600949.8585 2600949.8585 5672228.9398 2577802.4491 1330561.6814 5024649.2825 3678298.5650 1346350.7175  856010.4439     286.0387     137.6898
300000023 200000006 400000089 400000090 400000091 400000092 5886036.5016 2438076.1476       0.0000 5297292.9000 3539537.9546       0.0000 5672228.9398 2577802.4491 1330561.6814  843039.4974     221.7507     121.5312
300000024 200000006 400000093 400000094 400000095 400000096 5024649.2825 3678298.5650 1346350.7175 5672228.9398 2577802.4491 1330561.6814 5297292.9000 3539537.9546       0.0000  873164.3145     233.8574     127.3365
300000025 200000007 400000097 400000098 400000099 400000100 4504977.3029       0.0000 4504977.3029 5297292.9000       0.0000 3539537.9546 5024649.2825 1346350.7175 3678298.5650  853044.8645     265.4843      98.9577
300000026 200000007 400000101 400000102 400000103 400000104 5886036.5016       0.0000 2438076.1476 5672228.9398 1330561.6814 2577802.4491 5297292.9000       0.0000 3539537.9546  843039.4974     295.6136     146.3466
300000027 200000007 400000105 400000106 400000107 400000108 5201899.7171 2600949.8585 2600949.8585 5024649.2825 1346350.7175 3678298.5650 5672228.9398 1330561.6814 2577802.4491  856010.4439     299.6079     140.2316
300000028 200000007 400000109 400000110 400000111 400000112 5297292.9000       0.0000 3539537.9546 5672228.9398 1330561.6814 2577802.4491 5024649.2825 1346350.7175 3678298.5650  873164.3145     290.5817     146.7978
300000029 200000008 400000113 400000114 400000115 400000116 5886036.5016 2438076.1476       0.0000 5672228.9398 2577802.4491 1330561.6814 6114140.2800 1266279.9131 1266279.9131  931256.6789     225.7664     122.0429
300000030 200000008 400000117 400000118 400000119 400000120 5201899.7171 2600949.8585 2600949.8585 5672228.9398 1330561.6814 2577802.4491 5672228.9398 2577802.4491 1330561.6814  917252.3363     303.3612     144.3402
300000031 200000008 400000121 400000122 400000123 400000124 5886036.5016       0.0000 2438076.1476 6114140.2800 1266279.9131 1266279.9131 5672228.9398 1330561.6814 2577802.4491  931256.6789     290.9654     152.2679
300000032 200000008 400000125 400000126 400000127 400000128 5672228.9398 2577802.4491 1330561.6814 5672228.9398 1330561.6814 2577802.4491 6114140.2800 1266279.9131 1266279.9131  953298.7094     282.0482     148.0174
300000033 200000009 400000129 400000130 400000131 400000132       0.0000 6371000.0000       0.0000       0.0000 6248583.0214 1242920.4416 1242920.4416 6248583.0214       0.0000  787459.5150     217.4542      99.9602
300000034 200000009 400000133 400000134 400000135 400000136       0.0000 5886036.5016 2438076.1476 1266279.9131 6114140.2800 1266279.9131       0.0000 6248583.0214 1242920.4416  802260.9823     204.2960     136.4713
300000035 200000009 400000137 400000138 400000139 400000140 2438076.1476 5886036.5016       0.0000 1242920.4416 6248583.0214       0.0000 1266279.9131 6114140.2800 1266279.9131  802260.9823     222.9569      99.6409
300000036 200000009 400000141 400000142 400000143 400000144       0.0000 6248583.0214 1242920.4416 1266279.9131 6114140.2800 1266279.9131 1242920.4416 6248583.0214       0.0000  818294.0298     220.6507      97.5102
300000037 200000010 400000145 400000146 400000147 400000148       0.0000 4504977.3029 4504977.3029 1346350.7175 5024649.2825 3678298.5650       0.0000 5297292.9000 3539537.9546  853044.8645     244.4502     163.8697
300000038 200000010 400000149 400000150 400000151 400000152 2600949.8585 5201899.7171 2600949.8585 1330561.6814 5672228.9398 2577802.4491 1346350.7175 5024649.2825 3678298.5650  856010.4439     288.5338     117.9209
300000039 200000010 400000153 400000154 400000155 400000156       0.0000 5886036.5016 2438076.1476       0.0000 5297292.9000 3539537.9546 1330561.6814 5672228.9398 2577802.4491  843039.4974     239.1848     155.1977
300000040 200000010 400000157 400000158 400000159 400000160 1346350.7175 5024649.2825 3678298.5650 1330561.6814 5672228.9398 2577802.4491       0.0000 5297292.9000 3539537.9546  873164.3145     253.3184     146.5311
300000041 200000011 400000161 400000162 400000163 400000164 4504977.3029 4504977.3029       0.0000 3539537.9546 5297292.9000       0.0000 3678298.5650 5024649.2825 1346350.7175  853044.8645     258.5248      66.2558
300000042 200000011 400000165 400000166 400000167 400000168 2438076.1476 5886036.5016       0.0000 2577802.4491 5672228.9398 1330561.6814 3539537.9546 5297292.9000       0.0000  843039.4974     230.4331      89.5974
300000043 200000011 400000169 400000170 400000171 400000172 2600949.8585 5201899.7171 2600949.8585 3678298.5650 5024649.2825 1346350.7175 2577802.4491 5672228.9398 1330561.6814  856010.4439     258.1807      94.8108
300000044 200000011 400000173 400000174 400000175 400000176 3539537.9546 5297292.9000       0.0000 2577802.4491 5672228.9398 1330561.6814 3678298.5650 5024649.2825 1346350.7175  873164.3145     248.7234      79.7769
300000045 200000012 400000177 400000178 400000179 400000180       0.0000 5886036.5016 2438076.1476 1330561.6814 5672228.9398 2577802.4491 1266279.9131 6114140.2800 1266279.9131  931256.6789     218.7702     148.8331
300000046 200000012 400000181 400000182 400000183 400000184 2600949.8585 5201899.7171 2600949.8585 2577802.4491 5672228.9398 1330561.6814 1330561.6814 5672228.9398 2577802.4491  917252.3363     254.1033     113.8662
300000047 200000012 400000185 400000186 400000187 400000188 2438076.1476 5886036.5016       0.0000 1266279.9131 6114140.2800 1266279.9131 2577802.4491 5672228.9398 1330561.6814  931256.6789     213.7563     120.2346
300000048 200000012 400000189 400000190 400000191 400000192 1330561.6814 5672228.9398 2577802.4491 2577802.4491 5672228.9398 1330561.6814 1266279.9131 6114140.2800 1266279.9131  953298.7094     221.1968     140.9045
300000049 200000013 400000193 400000194 400000195 400000196 4504977.3029       0.0000 4504977.3029 5024649.2825 1346350.7175 3678298.5650 3678298.5650 1346350.7175 5024649.2825 1318824.6059     250.2002     129.4515
300000050 200000013 400000197 400000198 400000199 400000200 5201899.7171 2600949.8585 2600949.8585 4074905.2917 2716603.5278 4074905.2917 5024649.2825 1346350.7175 3678298.5650 1330535.5610     291.8671      98.2830
300000051 200000013 400000201 400000202 400000203 400000204 2600949.8585 2600949.8585 5201899.7171 3678298.5650 1346350.7175 5024649.2825 4074905.2917 2716603.5278 4074905.2917 1330535.5610     250.9231     138.8483
300000052 200000013 400000205 400000206 400000207 400000208 5024649.2825 1346350.7175 3678298.5650 4074905.2917 2716603.5278 4074905.2917 3678298.5650 1346350.7175 5024649.2825 1378948.6957     257.8644     120.0893
300000053 200000014 400000209 400000210 400000211 400000212 4504977.3029 4504977.3029       0.0000 3678298.5650 5024649.2825 1346350.7175 5024649.2825 3678298.5650 1346350.7175 1318824.6059     269.4751     103.6885
300000054 200000014 400000213 400000214 400000215 400000216 2600949.8585 5201899.7171 2600949.8585 4074905.2917 4074905.2917 2716603.5278 3678298.5650 5024649.2825 1346350.7175 1330535.5610     300.2053     120.9127
300000055 200000014 400000217 400000218 400000219 400000220 5201899.7171 2600949.8585 2600949.8585 5024649.2825 3678298.5650 1346350.7175 4074905.2917 4074905.2917 2716603.5278 1330535.5610     304.1495     109.2137
300000056 200000014 400000221 400000222 400000223 400000224 3678298.5650 5024649.2825 1346350.7175 4074905.2917 4074905.2917 2716603.5278 5024649.2825 3678298.5650 1346350.7175 1378948.6957     286.7610     108.5434
300000057 200000015 400000225 400000226 400000227 400000228       0.0000 4504977.3029 4504977.3029 1346350.7175 3678298.5650 5024649.2825 1346350.7175 5024649.2825 3678298.5650 1318824.6059     249.5132     143.8249
300000058 200000015 400000229 400000230 400000231 400000232 2600949.8585 2600949.8585 5201899.7171 2716603.5278 4074905.2917 4074905.2917 1346350.7175 3678298.5650 5024649.2825 1330535.5610     264.5350     135.2629
300000059 200000015 400000233 400000234 400000235 400000236 2600949.8585 5201899.7171 2600949.8585 1346350.7175 5024649.2825 3678298.5650 2716603.5278 4074905.2917 4074905.2917 1330535.5610     301.3601     114.4326
300000060 200000015 400000237 400000238 400000239 400000240 1346350.7175 3678298.5650 5024649.2825 2716603.5278 4074905.2917 4074905.2917 1346350.7175 5024649.2825 3678298.5650 1378948.6957     276.7186     126.5328
300000061 200000016 400000241 400000242 400000243 400000244 5201899.7171 2600949.8585 2600949.8585 4074905.2917 4074905.2917 2716603.5278 4074905.2917 2716603.5278 4074905.2917 1557076.8123     312.6253     112.9506
300000062 200000016 400000245 400000246 400000247 400000248 2600949.8585 5201899.7171 2600949.8585 2716603.5278 4074905.2917 4074905.2917 4074905.2917 4074905.2917 2716603.5278 1557076.8123     312.3408     105.1084
300000063 200000016 400000249 400000250 400000251 400000252 2600949.8585 2600949.8585 5201899.7171 4074905.2917 2716603.5278 4074905.2917 2716603.5278 4074905.2917 4074905.2917 1557076.8123     259.7479     129.2819
300000064 200000016 400000253 400000254 400000255 400000256 4074905.2917 4074905.2917 2716603.5278 2716603.5278 4074905.2917 4074905.2917 4074905.2917 2716603.5278 4074905.2917 1628720.8215     301.4591     124.3620
300000065 200000017 400000257 400000258 400000259 400000260       0.0000       0.0000 6371000.0000       0.0000 1242920.4416 6248583.0214 -1242920.4416       0.0000 6248583.0214  787459.5150     224.4604     298.6908
300000066 200000017 400000261 400000262 400000263 400000264       0.0000 2438076.1476 5886036.5016 -1266279.9131 1266279.9131 6114140.2800       0.0000 1242920.4416 6248583.0214  802260.9823     227.2194     234.0525
300000067 200000017 400000265 400000266 400000267 400000268 -2438076.1476       0.0000 5886036.5016 -1242920.4416       0.0000 6248583.0214 -1266279.9131 1266279.9131 6114140.2800  802260.9823     227.2277     257.5687
300000068 200000017 400000269 400000270 400000271 400000272       0.0000 1242920.4416 6248583.0214 -1266279.9131 1266279.9131 6114140.2800 -1242920.4416       0.0000 6248583.0214  818294.0298     224.2576     278.6386
300000069 200000018 400000273 400000274 400000275 400000276       0.0000 4504977.3029 4504977.3029 -1346350.7175 3678298.5650 5024649.2825       0.0000 3539537.9546 5297292.9000  853044.8645     233.9066     158.7807
300000070 200000018 400000277 400000278 400000279 400000280 -2600949.8585 2600949.8585 5201899.7171 -1330561.6814 2577802.4491 5672228.9398 -1346350.7175 3678298.5650 5024649.2825  856010.4439     232.0830     163.3149
300000071 200000018 400000281 400000282 400000283 400000284       0.0000 2438076.1476 5886036.5016       0.0000 3539537.9546 5297292.9000 -1330561.6814 2577802.4491 5672228.9398  843039.4974     234.0500     169.4304
300000072 200000018 400000285 400000286 400000287 400000288 -1346350.7175 3678298.5650 5024649.2825 -1330561.6814 2577802.4491 5672228.9398       0.0000 3539537.9546 5297292.9000  873164.3145     234.6767     158.1115
300000073 200000019 400000289 400000290 400000291 400000292 -4504977.3029       0.0000 4504977.3029 -3539537.9546       0.0000 5297292.9000 -3678298.5650 1346350.7175 5024649.2825  853044.8645     226.1838     215.8057
300000074 200000019 400000293 400000294 400000295 400000296 -2438076.1476       0.0000 5886036.5016 -2577802.4491 1330561.6814 5672228.9398 -3539537.9546       0.0000 5297292.9000  843039.4974     229.1658     186.3235
300000075 200000019 400000297 400000298 400000299 400000300 -2600949.8585 2600949.8585 5201899.7171 -3678298.5650 1346350.7175 5024649.2825 -2577802.4491 1330561.6814 5672228.9398  856010.4439     233.3623     169.1575
300000076 200000019 400000301 400000302 400000303 400000304 -3539537.9546       0.0000 5297292.9000 -2577802.4491 1330561.6814 5672228.9398 -3678298.5650 1346350.7175 5024649.2825  873164.3145     227.1394     186.2314
300000077 200000020 400000305 400000306 400000307 400000308       0.0000 2438076.1476 5886036.5016 -1330561.6814 2577802.4491 5672228.9398 -1266279.9131 1266279.9131 6114140.2800  931256.6789     232.1906     180.8570
300000078 200000020 400000309 400000310 400000311 400000312 -2600949.8585 2600949.8585 5201899.7171 -2577802.4491 1330561.6814 5672228.9398 -1330561.6814 2577802.4491 5672228.9398  917252.3363     236.6726     155.9105
300000079 200000020 400000313 400000314 400000315 400000316 -2438076.1476       0.0000 5886036.5016 -1266279.9131 1266279.9131 6114140.2800 -2577802.4491 1330561.6814 5672228.9398  931256.6789     232.3416     184.4673
300000080 200000020 400000317 400000318 400000319 400000320 -1330561.6814 2577802.4491 5672228.9398 -2577802.4491 1330561.6814 5672228.9398 -1266279.9131 1266279.9131 6114140.2800  953298.7094     231.7692     174.6223
300000081 200000021 400000321 400000322 400000323 400000324       0.0000 6371000.0000       0.0000 -1242920.4416 6248583.0214       0.0000       0.0000 6248583.0214 1242920.4416  787459.5150     210.7001     112.8242
300000082 200000021 400000325 400000326 400000327 400000328 -2438076.1476 5886036.5016       0.0000 -1266279.9131 6114140.2800 1266279.9131 -1242920.4416 6248583.0214       0.0000  802260.9823     219.2133     107.5390
300000083 200000021 400000329 400000330 400000331 400000332       0.0000 5886036.5016 2438076.1476       0.0000 6248583.0214 1242920.4416 -1266279.9131 6114140.2800 1266279.9131  802260.9823     191.0886     163.9249
300000084 200000021 400000333 400000334 400000335 400000336 -1242920.4416 6248583.0214       0.0000 -1266279.9131 6114140.2800 1266279.9131       0.0000 6248583.0214 1242920.4416  818294.0298     204.9376     124.4408
300000085 200000022 400000337 400000338 400000339 400000340 -4504977.3029 4504977.3029       0.0000 -3678298.5650 5024649.2825 1346350.7175 -3539537.9546 5297292.9000       0.0000  853044.8645     215.8763     113.5519
300000086 200000022 400000341 400000342 400000343 400000344 -2600949.8585 5201899.7171 2600949.8585 -2577802.4491 5672228.9398 1330561.6814 -3678298.5650 5024649.2825 1346350.7175  856010.4439     216.1635     120.4201
300000087 200000022 400000345 400000346 400000347 400000348 -2438076.1476 5886036.5016       0.0000 -3539537.9546 5297292.9000       0.0000 -2577802.4491 5672228.9398 1330561.6814  843039.4974     218.2751     111.8003
300000088 200000022 400000349 400000350 400000351 400000352 -3678298.5650 5024649.2825 1346350.7175 -2577802.4491 5672228.9398 1330561.6814 -3539537.9546 5297292.9000       0.0000  873164.3145     209.5176     116.4088
300000089 200000023 400000353 400000354 400000355 400000356       0.0000 4504977.3029 4504977.3029       0.0000 5297292.9000 3539537.9546 -1346350.7175 5024649.2825 3678298.5650  853044.8645     239.1550     166.5045
300000090 200000023 400000357 400000358 400000359 400000360       0.0000 5886036.5016 2438076.1476 -1330561.6814 5672228.9398 2577802.4491       0.0000 5297292.9000 3539537.9546  843039.4974     223.2780     191.7602
300000091 200000023 400000361 400000362 400000363 400000364 -2600949.8585 5201899.7171 2600949.8585 -1346350.7175 5024649.2825 3678298.5650 -1330561.6814 5672228.9398 2577802.4491  856010.4439     230.5970     198.2042
300000092 200000023 400000365 400000366 400000367 400000368       0.0000 5297292.9000 3539537.9546 -1330561.6814 5672228.9398 2577802.4491 -1346350.7175 5024649.2825 3678298.5650  873164.3145     221.6249     193.6419
300000093 200000024 400000369 400000370 400000371 400000372 -2438076.1476 5886036.5016       0.0000 -2577802.4491 5672228.9398 1330561.6814 -1266279.9131 6114140.2800 1266279.9131  931256.6789     214.3549     115.2135
300000094 200000024 400000373 400000374 400000375 400000376 -2600949.8585 5201899.7171 2600949.8585 -1330561.6814 5672228.9398 2577802.4491 -2577802.4491 5672228.9398 1330561.6814  917252.3363     218.8841     141.7628
300000095 200000024 400000377 400000378 400000379 400000380       0.0000 5886036.5016 2438076.1476 -1266279.9131 6114140.2800 1266279.9131 -1330561.6814 5672228.9398 2577802.4491  931256.6789     213.2894     172.7101
300000096 200000024 400000381 400000382 400000383 400000384 -2577802.4491 5672228.9398 1330561.6814 -1330561.6814 5672228.9398 2577802.4491 -1266279.9131 6114140.2800 1266279.9131  953298.7094     213.8809     136.6879
300000097 200000025 400000385 400000386 400000387 400000388 -6371000.0000       0.0000       0.0000 -6248583.0214       0.0000 1242920.4416 -6248583.0214 1242920.4416       0.0000  787459.5150     241.4766      85.3980
300000098 200000025 400000389 400000390 400000391 400000392 -5886036.5016       0.0000 2438076.1476 -6114140.2800 1266279.9131 1266279.9131 -6248583.0214       0.0000 1242920.4416  802260.9823     268.8428      66.2030
300000099 200000025 400000393 400000394 400000395 400000396 -5886036.5016 2438076.1476       0.0000 -6248583.0214 1242920.4416       0.0000 -6114140.2800 1266279.9131 1266279.9131  802260.9823     231.4600      94.8279
300000100 200000025 400000397 400000398 400000399 400000400 -6248583.0214       0.0000 1242920.4416 -6114140.2800 1266279.9131 1266279.9131 -6248583.0214 1242920.4416       0.0000  818294.0298     239.8182      90.3876
300000101 200000026 400000401 400000402 400000403 400000404 -4504977.3029       0.0000 4504977.3029 -5024649.2825 1346350.7175 3678298.5650 -5297292.9000       0.0000 3539537.9546  853044.8645     225.1353     180.3240
300000102 200000026 400000405 400000406 400000407 400000408 -5201899.7171 2600949.8585 2600949.8585 -5672228.9398 1330561.6814 2577802.4491 -5024649.2825 1346350.7175 3678298.5650  856010.4439     251.5415      97.5023
300000103 200000026 400000409 400000410 400000411 400000412 -5886036.5016       0.0000 2438076.1476 -5297292.9000       0.0000 3539537.9546 -5672228.9398 1330561.6814 2577802.4491  843039.4974     257.5198      88.7395
300000104 200000026 400000413 400000414 400000415 400000416 -5024649.2825 1346350.7175 3678298.5650 -5672228.9398 1330561.6814 2577802.4491 -5297292.9000       0.0000 3539537.9546  873164.3145     239.4976     123.8591
300000105 200000027 400000417 400000418 400000419 400000420 -4504977.3029 4504977.3029       0.0000 -5297292.9000 3539537.9546       0.0000 -5024649.2825 3678298.5650 1346350.7175  853044.8645     219.3750     103.9986
300000106 200000027 400000421 400000422 400000423 400000424 -5886036.5016 2438076.1476       0.0000 -5672228.9398 2577802.4491 1330561.6814 -5297292.9000 3539537.9546       0.0000  843039.4974     221.9397     103.7766
300000107 200000027 400000425 400000426 400000427 400000428 -5201899.7171 2600949.8585 2600949.8585 -5024649.2825 3678298.5650 1346350.7175 -5672228.9398 2577802.4491 1330561.6814  856010.4439     265.6324      64.5689
300000108 200000027 400000429 400000430 400000431 400000432 -5297292.9000 3539537.9546       0.0000 -5672228.9398 2577802.4491 1330561.6814 -5024649.2825 3678298.5650 1346350.7175  873164.3145     228.4684      96.7626
300000109 200000028 400000433 400000434 400000435 400000436 -5886036.5016       0.0000 2438076.1476 -5672228.9398 1330561.6814 2577802.4491 -6114140.2800 1266279.9131 1266279.9131  931256.6789     271.3966      66.4280
300000110 200000028 400000437 400000438 400000439 400000440 -5201899.7171 2600949.8585 2600949.8585 -5672228.9398 2577802.4491 1330561.6814 -5672228.9398 1330561.6814 2577802.4491  917252.3363     270.0472      67.2252
300000111 200000028 400000441 400000442 400000443 400000444 -5886036.5016 2438076.1476       0.0000 -6114140.2800 1266279.9131 1266279.9131 -5672228.9398 2577802.4491 1330561.6814  931256.6789     234.8830      95.5129
300000112 200000028 400000445 400000446 400000447 400000448 -5672228.9398 1330561.6814 2577802.4491 -5672228.9398 2577802.4491 1330561.6814 -6114140.2800 1266279.9131 1266279.9131  953298.7094     268.4659      66.8206
300000113 200000029 400000449 400000450 400000451 400000452       0.0000 4504977.3029 4504977.3029 -1346350.7175 5024649.2825 3678298.5650 -1346350.7175 3678298.5650 5024649.2825 1318824.6059     247.5858     146.4697
300000114 200000029 400000453 400000454 400000455 400000456 -2600949.8585 5201899.7171 2600949.8585 -2716603.5278 4074905.2917 4074905.2917 -1346350.7175 5024649.2825 3678298.5650 1330535.5610     241.2743     162.2807
300000115 200000029 400000457 400000458 400000459 400000460 -2600949.8585 2600949.8585 5201899.7171 -1346350.7175 3678298.5650 5024649.2825 -2716603.5278 4074905.2917 4074905.2917 1330535.5610     238.1754     154.2949
300000116 200000029 400000461 400000462 400000463 400000464 -1346350.7175 5024649.2825 3678298.5650 -2716603.5278 4074905.2917 4074905.2917 -1346350.7175 3678298.5650 5024649.2825 1378948.6957     243.5555     153.9597
300000117 200000030 400000465 400000466 400000467 400000468 -4504977.3029 4504977.3029       0.0000 -5024649.2825 3678298.5650 1346350.7175 -3678298.5650 5024649.2825 1346350.7175 1318824.6059     217.9724     107.9195
300000118 200000030 400000469 400000470 400000471 400000472 -5201899.7171 2600949.8585 2600949.8585 -4074905.2917 4074905.2917 2716603.5278 -5024649.2825 3678298.5650 1346350.7175 1330535.5610     261.9500      72.2991
300000119 200000030 400000473 400000474 400000475 400000476 -2600949.8585 5201899.7171 2600949.8585 -3678298.5650 5024649.2825 1346350.7175 -4074905.2917 4074905.2917 2716603.5278 1330535.5610     239.8544      99.3508
300000120 200000030 400000477 400000478 400000479 400000480 -5024649.2825 3678298.5650 1346350.7175 -4074905.2917 4074905.2917 2716603.5278 -3678298.5650 5024649.2825 1346350.7175 1378948.6957     245.5454      85.7266
300000121 200000031 400000481 400000482 400000483 400000484 -4504977.3029       0.0000 4504977.3029 -3678298.5650 1346350.7175 5024649.2825 -5024649.2825 1346350.7175 3678298.5650 1318824.6059     227.4117     206.9324
300000122 200000031 400000485 400000486 400000487 400000488 -2600949.8585 2600949.8585 5201899.7171 -4074905.2917 2716603.5278 4074905.2917 -3678298.5650 1346350.7175 5024649.2825 1330535.5610     234.2887     170.2855
300000123 200000031 400000489 400000490 400000491 400000492 -5201899.7171 2600949.8585 2600949.8585 -5024649.2825 1346350.7175 3678298.5650 -4074905.2917 2716603.5278 4074905.2917 1330535.5610     230.1350     148.9972
300000124 200000031 400000493 400000494 400000495 400000496 -3678298.5650 1346350.7175 5024649.2825 -4074905.2917 2716603.5278 4074905.2917 -5024649.2825 1346350.7175 3678298.5650 1378948.6957     229.7274     190.5253
300000125 200000032 400000497 400000498 400000499 400000500 -2600949.8585 5201899.7171 2600949.8585 -4074905.2917 4074905.2917 2716603.5278 -2716603.5278 4074905.2917 4074905.2917 1557076.8123     227.9475     160.1684
300000126 200000032 400000501 400000502 400000503 400000504 -5201899.7171 2600949.8585 2600949.8585 -4074905.2917 2716603.5278 4074905.2917 -4074905.2917 4074905.2917 2716603.5278 1557076.8123     234.5122     131.4286
300000127 200000032 400000505 400000506 400000507 400000508 -2600949.8585 2600949.8585 5201899.7171 -2716603.5278 4074905.2917 4074905.2917 -4074905.2917 2716603.5278 4074905.2917 1557076.8123     236.8712     164.0406
300000128 200000032 400000509 400000510 400000511 400000512 -4074905.2917 4074905.2917 2716603.5278 -4074905.2917 2716603.5278 4074905.2917 -2716603.5278 4074905.2917 4074905.2917 1628720.8215     226.9932     161.3102
300000129 200000033 400000513 400000514 400000515 400000516       0.0000       0.0000 6371000.0000 -1242920.4416       0.0000 6248583.0214       0.0000 -1242920.4416 6248583.0214  787459.5150     226.2893     298.0141
300000130 200000033 400000517 400000518 400000519 400000520 -2438076.1476       0.0000 5886036.5016 -1266279.9131 -1266279.9131 6114140.2800 -1242920.4416       0.0000 6248583.0214  802260.9823     228.5056     256.4494
300000131 200000033 400000521 400000522 400000523 400000524       0.0000 -2438076.1476 5886036.5016       0.0000 -1242920.4416 6248583.0214 -1266279.9131 -1266279.9131 6114140.2800  802260.9823     227.0234     252.4139
300000132 200000033 400000525 400000526 400000527 400000528 -1242920.4416       0.0000 6248583.0214 -1266279.9131 -1266279.9131 6114140.2800       0.0000 -1242920.4416 6248583.0214  818294.0298     227.4354     283.2229
300000133 200000034 400000529 400000530 400000531 400000532 -4504977.3029       0.0000 4504977.3029 -3678298.5650 -1346350.7175 5024649.2825 -3539537.9546       0.0000 5297292.9000  853044.8645     224.7128     202.9722
300000134 200000034 400000533 400000534 400000535 400000536 -2600949.8585 -2600949.8585 5201899.7171 -2577802.4491 -1330561.6814 5672228.9398 -3678298.5650 -1346350.7175 5024649.2825  856010.4439     226.5221     178.5512
300000135 200000034 400000537 400000538 400000539 400000540 -2438076.1476       0.0000 5886036.5016 -3539537.9546       0.0000 5297292.9000 -2577802.4491 -1330561.6814 5672228.9398  843039.4974     227.6055     179.0436
300000136 200000034 400000541 400000542 400000543 400000544 -3678298.5650 -1346350.7175 5024649.2825 -2577802.4491 -1330561.6814 5672228.9398 -3539537.9546       0.0000 5297292.9000  873164.3145     224.9227     186.7890
300000137 200000035 400000545 400000546 400000547 400000548       0.0000 -4504977.3029 4504977.3029       0.0000 -3539537.9546 5297292.9000 -1346350.7175 -3678298.5650 5024649.2825  853044.8645     236.1809     156.6831
300000138 200000035 400000549 400000550 400000551 400000552       0.0000 -2438076.1476 5886036.5016 -1330561.6814 -2577802.4491 5672228.9398       0.0000 -3539537.9546 5297292.9000  843039.4974     233.7624     170.9670
300000139 200000035 400000553 400000554 400000555 400000556 -2600949.8585 -2600949.8585 5201899.7171 -1346350.7175 -3678298.5650 5024649.2825 -1330561.6814 -2577802.4491 5672228.9398  856010.4439     228.9267     166.2786
300000140 200000035 400000557 400000558 400000559 400000560       0.0000 -3539537.9546 5297292.9000 -1330561.6814 -2577802.4491 5672228.9398 -1346350.7175 -3678298.5650 5024649.2825  873164.3145     236.2799     146.9458
300000141 200000036 400000561 400000562 400000563 400000564 -2438076.1476       0.0000 5886036.5016 -2577802.4491 -1330561.6814 5672228.9398 -1266279.9131 -1266279.9131 6114140.2800  931256.6789     231.6333     185.9891
300000142 200000036 400000565 400000566 400000567 400000568 -2600949.8585 -2600949.8585 5201899.7171 -1330561.6814 -2577802.4491 5672228.9398 -2577802.4491 -1330561.6814 5672228.9398  917252.3363     224.5656     181.0865
300000143 200000036 400000569 400000570 400000571 400000572       0.0000 -2438076.1476 5886036.5016 -1266279.9131 -1266279.9131 6114140.2800 -1330561.6814 -2577802.4491 5672228.9398  931256.6789     233.0103     188.9881
300000144 200000036 400000573 400000574 400000575 400000576 -2577802.4491 -1330561.6814 5672228.9398 -1330561.6814 -2577802.4491 5672228.9398 -1266279.9131 -1266279.9131 6114140.2800  953298.7094     235.3482     160.5553
300000145 200000037 400000577 400000578 400000579 400000580 -6371000.0000       0.0000       0.0000 -6248583.0214 -1242920.4416       0.0000 -6248583.0214       0.0000 1242920.4416  787459.5150     247.1051      85.0907
300000146 200000037 400000581 400000582 400000583 400000584 -5886036.5016 -2438076.1476       0.0000 -6114140.2800 -1266279.9131 1266279.9131 -6248583.0214 -1242920.4416       0.0000  802260.9823     254.1923      83.4790
300000147 200000037 400000585 400000586 400000587 400000588 -5886036.5016       0.0000 2438076.1476 -6248583.0214       0.0000 1242920.4416 -6114140.2800 -1266279.9131 1266279.9131  802260.9823     269.0566      68.2905
300000148 200000037 400000589 400000590 400000591 400000592 -6248583.0214 -1242920.4416       0.0000 -6114140.2800 -1266279.9131 1266279.9131 -6248583.0214       0.0000 1242920.4416  818294.0298     246.2371      91.1075
300000149 200000038 400000593 400000594 400000595 400000596 -4504977.3029 -4504977.3029       0.0000 -5024649.2825 -3678298.5650 1346350.7175 -5297292.9000 -3539537.9546       0.0000  853044.8645     264.5762      77.5984
300000150 200000038 400000597 400000598 400000599 400000600 -5201899.7171 -2600949.8585 2600949.8585 -5672228.9398 -2577802.4491 1330561.6814 -5024649.2825 -3678298.5650 1346350.7175  856010.4439     271.5692      77.7497
300000151 200000038 400000601 400000602 400000603 400000604 -5886036.5016 -2438076.1476       0.0000 -5297292.9000 -3539537.9546       0.0000 -5672228.9398 -2577802.4491 1330561.6814  843039.4974     260.8236      82.0974
300000152 200000038 400000605 400000606 400000607 400000608 -5024649.2825 -3678298.5650 1346350.7175 -5672228.9398 -2577802.4491 1330561.6814 -5297292.9000 -3539537.9546       0.0000  873164.3145     255.5483      92.9949
300000153 200000039 400000609 400000610 400000611 400000612 -4504977.3029       0.0000 4504977.3029 -5297292.9000       0.0000 3539537.9546 -5024649.2825 -1346350.7175 3678298.5650  853044.8645     228.6601     168.1255
300000154 200000039 400000613 400000614 400000615 400000616 -5886036.5016       0.0000 2438076.1476 -5672228.9398 -1330561.6814 2577802.4491 -5297292.9000       0.0000 3539537.9546  843039.4974     258.2683      87.6453
300000155 200000039 400000617 400000618 400000619 400000620 -5201899.7171 -2600949.8585 2600949.8585 -5024649.2825 -1346350.7175 3678298.5650 -5672228.9398 -1330561.6814 2577802.4491  856010.4439     266.7083      78.7709
300000156 200000039 400000621 400000622 400000623 400000624 -5297292.9000       0.0000 3539537.9546 -5672228.9398 -1330561.6814 2577802.4491 -5024649.2825 -1346350.7175 3678298.5650  873164.3145     250.1261     105.6920
300000157 200000040 400000625 400000626 400000627 400000628 -5886036.5016 -2438076.1476       0.0000 -5672228.9398 -2577802.4491 1330561.6814 -6114140.2800 -1266279.9131 1266279.9131  931256.6789     252.1619      90.7123
300000158 200000040 400000629 400000630 400000631 400000632 -5201899.7171 -2600949.8585 2600949.8585 -5672228.9398 -1330561.6814 2577802.4491 -5672228.9398 -2577802.4491 1330561.6814  917252.3363     275.2233      72.3821
300000159 200000040 400000633 400000634 400000635 400000636 -5886036.5016       0.0000 2438076.1476 -6114140.2800 -1266279.9131 1266279.9131 -5672228.9398 -1330561.6814 2577802.4491  931256.6789     271.4782      68.2536
300000160 200000040 400000637 400000638 400000639 400000640 -5672228.9398 -2577802.4491 1330561.6814 -5672228.9398 -1330561.6814 2577802.4491 -6114140.2800 -1266279.9131 1266279.9131  953298.7094     272.0994      69.2132
300000161 200000041 400000641 400000642 400000643 400000644       0.0000 -6371000.0000       0.0000       0.0000 -6248583.0214 1242920.4416 -1242920.4416 -6248583.0214       0.0000  787459.5150     246.6429     104.7008
300000162 200000041 400000645 400000646 400000647 400000648       0.0000 -5886036.5016 2438076.1476 -1266279.9131 -6114140.2800 1266279.9131       0.0000 -6248583.0214 1242920.4416  802260.9823     218.7032     125.6109
300000163 200000041 400000649 400000650 400000651 400000652 -2438076.1476 -5886036.5016       0.0000 -1242920.4416 -6248583.0214       0.0000 -1266279.9131 -6114140.2800 1266279.9131  802260.9823     254.1779      92.4767
300000164 200000041 400000653 400000654 400000655 400000656       0.0000 -6248583.0214 1242920.4416 -1266279.9131 -6114140.2800 1266279.9131 -1242920.4416 -6248583.0214       0.0000  818294.0298     222.3801     127.6054
300000165 200000042 400000657 400000658 400000659 400000660       0.0000 -4504977.3029 4504977.3029 -1346350.7175 -5024649.2825 3678298.5650       0.0000 -5297292.9000 3539537.9546  853044.8645     253.2410     139.6579
300000166 200000042 400000661 400000662 400000663 400000664 -2600949.8585 -5201899.7171 2600949.8585 -1330561.6814 -5672228.9398 2577802.4491 -1346350.7175 -5024649.2825 3678298.5650  856010.4439     280.6519     100.7618
300000167 200000042 400000665 400000666 400000667 400000668       0.0000 -5886036.5016 2438076.1476       0.0000 -5297292.9000 3539537.9546 -1330561.6814 -5672228.9398 2577802.4491  843039.4974     269.7886      95.4355
300000168 200000042 400000669 400000670 400000671 400000672 -1346350.7175 -5024649.2825 3678298.5650 -1330561.6814 -5672228.9398 2577802.4491       0.0000 -5297292.9000 3539537.9546  873164.3145     272.5333     118.7615
300000169 200000043 400000673 400000674 400000675 400000676 -4504977.3029 -4504977.3029       0.0000 -3539537.9546 -5297292.9000       0.0000 -3678298.5650 -5024649.2825 1346350.7175  853044.8645     266.7091      79.3858
300000170 200000043 400000677 400000678 400000679 400000680 -2438076.1476 -5886036.5016       0.0000 -2577802.4491 -5672228.9398 1330561.6814 -3539537.9546 -5297292.9000       0.0000  843039.4974     262.1156      84.7578
300000171 200000043 400000681 400000682 400000683 400000684 -2600949.8585 -5201899.7171 2600949.8585 -3678298.5650 -5024649.2825 1346350.7175 -2577802.4491 -5672228.9398 1330561.6814  856010.4439     270.1900     109.5492
300000172 200000043 400000685 400000686 400000687 400000688 -3539537.9546 -5297292.9000       0.0000 -2577802.4491 -5672228.9398 1330561.6814 -3678298.5650 -5024649.2825 1346350.7175  873164.3145     246.8646     110.4556
300000173 200000044 400000689 400000690 400000691 400000692       0.0000 -5886036.5016 2438076.1476 -1330561.6814 -5672228.9398 2577802.4491 -1266279.9131 -6114140.2800 1266279.9131  931256.6789     244.2464     117.3121
300000174 200000044 400000693 400000694 400000695 400000696 -2600949.8585 -5201899.7171 2600949.8585 -2577802.4491 -5672228.9398 1330561.6814 -1330561.6814 -5672228.9398 2577802.4491  917252.3363     273.7921      92.0310
300000175 200000044 400000697 400000698 400000699 400000700 -2438076.1476 -5886036.5016       0.0000 -1266279.9131 -6114140.2800 1266279.9131 -2577802.4491 -5672228.9398 1330561.6814  931256.6789     232.5804     116.6586
300000176 200000044 400000701 400000702 400000703 400000704 -1330561.6814 -5672228.9398 2577802.4491 -2577802.4491 -5672228.9398 1330561.6814 -1266279.9131 -6114140.2800 1266279.9131  953298.7094     243.6203     103.9721
300000177 200000045 400000705 400000706 400000707 400000708 -4504977.3029       0.0000 4504977.3029 -5024649.2825 -1346350.7175 3678298.5650 -3678298.5650 -1346350.7175 5024649.2825 1318824.6059     224.9738     189.3845
300000178 200000045 400000709 400000710 400000711 400000712 -5201899.7171 -2600949.8585 2600949.8585 -4074905.2917 -2716603.5278 4074905.2917 -5024649.2825 -1346350.7175 3678298.5650 1330535.5610     254.2834     106.5529
300000179 200000045 400000713 400000714 400000715 400000716 -2600949.8585 -2600949.8585 5201899.7171 -3678298.5650 -1346350.7175 5024649.2825 -4074905.2917 -2716603.5278 4074905.2917 1330535.5610     226.9755     191.3021
300000180 200000045 400000717 400000718 400000719 400000720 -5024649.2825 -1346350.7175 3678298.5650 -4074905.2917 -2716603.5278 4074905.2917 -3678298.5650 -1346350.7175 5024649.2825 1378948.6957     227.4411     179.5140
300000181 200000046 400000721 400000722 400000723 400000724 -4504977.3029 -4504977.3029       0.0000 -3678298.5650 -5024649.2825 1346350.7175 -5024649.2825 -3678298.5650 1346350.7175 1318824.6059     257.8151      95.8248
300000182 200000046 400000725 400000726 400000727 400000728 -2600949.8585 -5201899.7171 2600949.8585 -4074905.2917 -4074905.2917 2716603.5278 -3678298.5650 -5024649.2825 1346350.7175 1330535.5610     277.5334     128.6014
300000183 200000046 400000729 400000730 400000731 400000732 -5201899.7171 -2600949.8585 2600949.8585 -5024649.2825 -3678298.5650 1346350.7175 -4074905.2917 -4074905.2917 2716603.5278 1330535.5610     272.8298      95.7780
300000184 200000046 400000733 400000734 400000735 400000736 -3678298.5650 -5024649.2825 1346350.7175 -4074905.2917 -4074905.2917 2716603.5278 -5024649.2825 -3678298.5650 1346350.7175 1378948.6957     275.0104     101.3812
300000185 200000047 400000737 400000738 400000739 400000740       0.0000 -4504977.3029 4504977.3029 -1346350.7175 -3678298.5650 5024649.2825 -1346350.7175 -5024649.2825 3678298.5650 1318824.6059     245.4315     144.5556
300000186 200000047 400000741 400000742 400000743 400000744 -2600949.8585 -2600949.8585 5201899.7171 -2716603.5278 -4074905.2917 4074905.2917 -1346350.7175 -3678298.5650 5024649.2825 1330535.5610     233.8416     161.4702
300000187 200000047 400000745 400000746 400000747 400000748 -2600949.8585 -5201899.7171 2600949.8585 -1346350.7175 -5024649.2825 3678298.5650 -2716603.5278 -4074905.2917 4074905.2917 1330535.5610     289.1982     107.3725
300000188 200000047 400000749 400000750 400000751 400000752 -1346350.7175 -3678298.5650 5024649.2825 -2716603.5278 -4074905.2917 4074905.2917 -1346350.7175 -5024649.2825 3678298.5650 1378948.6957     252.8445     128.7132
300000189 200000048 400000753 400000754 400000755 400000756 -5201899.7171 -2600949.8585 2600949.8585 -4074905.2917 -4074905.2917 2716603.5278 -4074905.2917 -2716603.5278 4074905.2917 1557076.8123     266.0644     106.6118
300000190 200000048 400000757 400000758 400000759 400000760 -2600949.8585 -5201899.7171 2600949.8585 -2716603.5278 -4074905.2917 4074905.2917 -4074905.2917 -4074905.2917 2716603.5278 1557076.8123     273.7041     126.4228
300000191 200000048 400000761 400000762 400000763 400000764 -2600949.8585 -2600949.8585 5201899.7171 -4074905.2917 -2716603.5278 4074905.2917 -2716603.5278 -4074905.2917 4074905.2917 1557076.8123     236.0445     166.2135
300000192 200000048 400000765 400000766 400000767 400000768 -4074905.2917 -4074905.2917 2716603.5278 -2716603.5278 -4074905.2917 4074905.2917 -4074905.2917 -2716603.5278 4074905.2917 1628720.8215     257.4874     132.8237
300000193 200000049 400000769 400000770 400000771 400000772       0.0000       0.0000 6371000.0000       0.0000 -1242920.4416 6248583.0214 1242920.4416       0.0000 6248583.0214  787459.5150     225.9071     286.8402
300000194 200000049 400000773 400000774 400000775 400000776       0.0000 -2438076.1476 5886036.5016 1266279.9131 -1266279.9131 6114140.2800       0.0000 -1242920.4416 6248583.0214  802260.9823     223.1109     242.6780
300000195 200000049 400000777 400000778 400000779 400000780 2438076.1476       0.0000 5886036.5016 1242920.4416       0.0000 6248583.0214 1266279.9131 -1266279.9131 6114140.2800  802260.9823     225.8535     238.1631
300000196 200000049 400000781 400000782 400000783 400000784       0.0000 -1242920.4416 6248583.0214 1266279.9131 -1266279.9131 6114140.2800 1242920.4416       0.0000 6248583.0214  818294.0298     220.1754     299.6281
300000197 200000050 400000785 400000786 400000787 400000788       0.0000 -4504977.3029 4504977.3029 1346350.7175 -3678298.5650 5024649.2825       0.0000 -3539537.9546 5297292.9000  853044.8645     236.8613     152.6023
300000198 200000050 400000789 400000790 400000791 400000792 2600949.8585 -2600949.8585 5201899.7171 1330561.6814 -2577802.4491 5672228.9398 1346350.7175 -3678298.5650 5024649.2825  856010.4439     227.8634     176.4386
300000199 200000050 400000793 400000794 400000795 400000796       0.0000 -2438076.1476 5886036.5016       0.0000 -3539537.9546 5297292.9000 1330561.6814 -2577802.4491 5672228.9398  843039.4974     225.1717     198.9191
300000200 200000050 400000797 400000798 400000799 400000800 1346350.7175 -3678298.5650 5024649.2825 1330561.6814 -2577802.4491 5672228.9398       0.0000 -3539537.9546 5297292.9000  873164.3145     229.3821     174.5296
300000201 200000051 400000801 400000802 400000803 400000804 4504977.3029       0.0000 4504977.3029 3539537.9546       0.0000 5297292.9000 3678298.5650 -1346350.7175 5024649.2825  853044.8645     239.3431     157.5084
300000202 200000051 400000805 400000806 400000807 400000808 2438076.1476       0.0000 5886036.5016 2577802.4491 -1330561.6814 5672228.9398 3539537.9546       0.0000 5297292.9000  843039.4974     230.8340     178.0445
300000203 200000051 400000809 400000810 400000811 400000812 2600949.8585 -2600949.8585 5201899.7171 3678298.5650 -1346350.7175 5024649.2825 2577802.4491 -1330561.6814 5672228.9398  856010.4439     229.3014     177.5147
300000204 200000051 400000813 400000814 400000815 400000816 3539537.9546       0.0000 5297292.9000 2577802.4491 -1330561.6814 5672228.9398 3678298.5650 -1346350.7175 5024649.2825  873164.3145     231.3560     170.4808
300000205 200000052 400000817 400000818 400000819 400000820       0.0000 -2438076.1476 5886036.5016 1330561.6814 -2577802.4491 5672228.9398 1266279.9131 -1266279.9131 6114140.2800  931256.6789     222.0283     229.0579
300000206 200000052 400000821 400000822 400000823 400000824 2600949.8585 -2600949.8585 5201899.7171 2577802.4491 -1330561.6814 5672228.9398 1330561.6814 -2577802.4491 5672228.9398  917252.3363     225.1520     195.0619
300000207 200000052 400000825 400000826 400000827 400000828 2438076.1476       0.0000 5886036.5016 1266279.9131 -1266279.9131 6114140.2800 2577802.4491 -1330561.6814 5672228.9398  931256.6789     225.3591     219.0578
300000208 200000052 400000829 400000830 400000831 400000832 1330561.6814 -2577802.4491 5672228.9398 2577802.4491 -1330561.6814 5672228.9398 1266279.9131 -1266279.9131 6114140.2800  953298.7094     220.2109     243.4386
300000209 200000053 400000833 400000834 400000835 400000836       0.0000 -6371000.0000       0.0000 1242920.4416 -6248583.0214       0.0000       0.0000 -6248583.0214 1242920.4416  787459.5150     236.0677     119.4966
300000210 200000053 400000837 400000838 400000839 400000840 2438076.1476 -5886036.5016       0.0000 1266279.9131 -6114140.2800 1266279.9131 1242920.4416 -6248583.0214       0.0000  802260.9823     214.8441     147.4031
300000211 200000053 400000841 400000842 400000843 400000844       0.0000 -5886036.5016 2438076.1476       0.0000 -6248583.0214 1242920.4416 1266279.9131 -6114140.2800 1266279.9131  802260.9823     219.6807     126.5942
300000212 200000053 400000845 400000846 400000847 400000848 1242920.4416 -6248583.0214       0.0000 1266279.9131 -6114140.2800 1266279.9131       0.0000 -6248583.0214 1242920.4416  818294.0298     206.3222     143.3676
300000213 200000054 400000849 400000850 400000851 400000852 4504977.3029 -4504977.3029       0.0000 3678298.5650 -5024649.2825 1346350.7175 3539537.9546 -5297292.9000       0.0000  853044.8645     243.7104      98.2422
300000214 200000054 400000853 400000854 400000855 400000856 2600949.8585 -5201899.7171 2600949.8585 2577802.4491 -5672228.9398 1330561.6814 3678298.5650 -5024649.2825 1346350.7175  856010.4439     254.2757      81.4576
300000215 200000054 400000857 400000858 400000859 400000860 2438076.1476 -5886036.5016       0.0000 3539537.9546 -5297292.9000       0.0000 2577802.4491 -5672228.9398 1330561.6814  843039.4974     224.8870     125.8510
300000216 200000054 400000861 400000862 400000863 400000864 3678298.5650 -5024649.2825 1346350.7175 2577802.4491 -5672228.9398 1330561.6814 3539537.9546 -5297292.9000       0.0000  873164.3145     238.3951     105.7049
300000217 200000055 400000865 400000866 400000867 400000868       0.0000 -4504977.3029 4504977.3029       0.0000 -5297292.9000 3539537.9546 1346350.7175 -5024649.2825 3678298.5650  853044.8645     250.0256     147.5591
300000218 200000055 400000869 400000870 400000871 400000872       0.0000 -5886036.5016 2438076.1476 1330561.6814 -5672228.9398 2577802.4491       0.0000 -5297292.9000 3539537.9546  843039.4974     255.5315      99.0556
300000219 200000055 400000873 400000874 400000875 400000876 2600949.8585 -5201899.7171 2600949.8585 1346350.7175 -5024649.2825 3678298.5650 1330561.6814 -5672228.9398 2577802.4491  856010.4439     249.9662      95.7537
300000220 200000055 400000877 400000878 400000879 400000880       0.0000 -5297292.9000 3539537.9546 1330561.6814 -5672228.9398 2577802.4491 1346350.7175 -5024649.2825 3678298.5650  873164.3145     250.5405     116.4699
300000221 200000056 400000881 400000882 400000883 400000884 2438076.1476 -5886036.5016       0.0000 2577802.4491 -5672228.9398 1330561.6814 1266279.9131 -6114140.2800 1266279.9131  931256.6789     219.6891     130.0035
300000222 200000056 400000885 400000886 400000887 400000888 2600949.8585 -5201899.7171 2600949.8585 1330561.6814 -5672228.9398 2577802.4491 2577802.4491 -5672228.9398 1330561.6814  917252.3363     246.9353      91.1052
300000223 200000056 400000889 400000890 400000891 400000892       0.0000 -5886036.5016 2438076.1476 1266279.9131 -6114140.2800 1266279.9131 1330561.6814 -5672228.9398 2577802.4491  931256.6789     239.0592     101.2983
300000224 200000056 400000893 400000894 400000895 400000896 2577802.4491 -5672228.9398 1330561.6814 1330561.6814 -5672228.9398 2577802.4491 1266279.9131 -6114140.2800 1266279.9131  953298.7094     247.1833      86.0914
300000225 200000057 400000897 400000898 400000899 400000900 6371000.0000       0.0000       0.0000 6248583.0214       0.0000 1242920.4416 6248583.0214 -1242920.4416       0.0000  787459.5150     246.7705     108.5532
300000226 200000057 400000901 400000902 400000903 400000904 5886036.5016       0.0000 2438076.1476 6114140.2800 -1266279.9131 1266279.9131 6248583.0214       0.0000 1242920.4416  802260.9823     258.0856     138.1381
300000227 200000057 400000905 400000906 400000907 400000908 5886036.5016 -2438076.1476       0.0000 6248583.0214 -1242920.4416       0.0000 6114140.2800 -1266279.9131 1266279.9131  802260.9823     246.1564     101.8321
300000228 200000057 400000909 400000910 400000911 400000912 6248583.0214       0.0000 1242920.4416 6114140.2800 -1266279.9131 1266279.9131 6248583.0214 -1242920.4416       0.0000  818294.0298     234.4363     131.0619
300000229 200000058 400000913 400000914 400000915 400000916 4504977.3029       0.0000 4504977.3029 5024649.2825 -1346350.7175 3678298.5650 5297292.9000       0.0000 3539537.9546  853044.8645     267.0740     106.9847
300000230 200000058 400000917 400000918 400000919 400000920 5201899.7171 -2600949.8585 2600949.8585 5672228.9398 -1330561.6814 2577802.4491 5024649.2825 -1346350.7175 3678298.5650  856010.4439     280.0591      88.7864
300000231 200000058 400000921 400000922 400000923 400000924 5886036.5016       0.0000 2438076.1476 5297292.9000       0.0000 3539537.9546 5672228.9398 -1330561.6814 2577802.4491  843039.4974     299.4875     147.7716
300000232 200000058 400000925 400000926 400000927 400000928 5024649.2825 -1346350.7175 3678298.5650 5672228.9398 -1330561.6814 2577802.4491 5297292.9000       0.0000 3539537.9546  873164.3145     283.3211     108.7979
300000233 200000059 400000929 400000930 400000931 400000932 4504977.3029 -4504977.3029       0.0000 5297292.9000 -3539537.9546       0.0000 5024649.2825 -3678298.5650 1346350.7175  853044.8645     247.7992      89.4427
300000234 200000059 400000933 400000934 400000935 400000936 5886036.5016 -2438076.1476       0.0000 5672228.9398 -2577802.4491 1330561.6814 5297292.9000 -3539537.9546       0.0000  843039.4974     248.5287      92.3910
300000235 200000059 400000937 400000938 400000939 400000940 5201899.7171 -2600949.8585 2600949.8585 5024649.2825 -3678298.5650 1346350.7175 5672228.9398 -2577802.4491 1330561.6814  856010.4439     276.0141      86.0049
300000236 200000059 400000941 400000942 400000943 400000944 5297292.9000 -3539537.9546       0.0000 5672228.9398 -2577802.4491 1330561.6814 5024649.2825 -3678298.5650 1346350.7175  873164.3145     250.5425      95.2676
300000237 200000060 400000945 400000946 400000947 400000948 5886036.5016       0.0000 2438076.1476 5672228.9398 -1330561.6814 2577802.4491 6114140.2800 -1266279.9131 1266279.9131  931256.6789     282.8404     151.5264
300000238 200000060 400000949 400000950 400000951 400000952 5201899.7171 -2600949.8585 2600949.8585 5672228.9398 -2577802.4491 1330561.6814 5672228.9398 -1330561.6814 2577802.4491  917252.3363     277.4894      84.6177
300000239 200000060 400000953 400000954 400000955 400000956 5886036.5016 -2438076.1476       0.0000 6114140.2800 -1266279.9131 1266279.9131 5672228.9398 -2577802.4491 1330561.6814  931256.6789     232.7587     114.1836
300000240 200000060 400000957 400000958 400000959 400000960 5672228.9398 -1330561.6814 2577802.4491 5672228.9398 -2577802.4491 1330561.6814 6114140.2800 -1266279.9131 1266279.9131  953298.7094     267.3426     107.7061
300000241 200000061 400000961 400000962 400000963 400000964       0.0000 -4504977.3029 4504977.3029 1346350.7175 -5024649.2825 3678298.5650 1346350.7175 -3678298.5650 5024649.2825 1318824.6059     242.2268     153.0845
300000242 200000061 400000965 400000966 400000967 400000968 2600949.8585 -5201899.7171 2600949.8585 2716603.5278 -4074905.2917 4074905.2917 1346350.7175 -5024649.2825 3678298.5650 1330535.5610     250.6017     100.8088
300000243 200000061 400000969 400000970 400000971 400000972 2600949.8585 -2600949.8585 5201899.7171 1346350.7175 -3678298.5650 5024649.2825 2716603.5278 -4074905.2917 4074905.2917 1330535.5610     231.8983     165.5779
300000244 200000061 400000973 400000974 400000975 400000976 1346350.7175 -5024649.2825 3678298.5650 2716603.5278 -4074905.2917 4074905.2917 1346350.7175 -3678298.5650 5024649.2825 1378948.6957     240.3933     141.7696
300000245 200000062 400000977 400000978 400000979 400000980 4504977.3029 -4504977.3029       0.0000 5024649.2825 -3678298.5650 1346350.7175 3678298.5650 -5024649.2825 1346350.7175 1318824.6059     250.7455      88.0499
300000246 200000062 400000981 400000982 400000983 400000984 5201899.7171 -2600949.8585 2600949.8585 4074905.2917 -4074905.2917 2716603.5278 5024649.2825 -3678298.5650 1346350.7175 1330535.5610     275.9445      76.9803
300000247 200000062 400000985 400000986 400000987 400000988 2600949.8585 -5201899.7171 2600949.8585 3678298.5650 -5024649.2825 1346350.7175 4074905.2917 -4074905.2917 2716603.5278 1330535.5610     263.0030      75.5464
300000248 200000062 400000989 400000990 400000991 400000992 5024649.2825 -3678298.5650 1346350.7175 4074905.2917 -4074905.2917 2716603.5278 3678298.5650 -5024649.2825 1346350.7175 1378948.6957     270.5645      74.1566
300000249 200000063 400000993 400000994 400000995 400000996 4504977.3029       0.0000 4504977.3029 3678298.5650 -1346350.7175 5024649.2825 5024649.2825 -1346350.7175 3678298.5650 1318824.6059     249.1095     127.6579
300000250 200000063 400000997 400000998 400000999 400001000 2600949.8585 -2600949.8585 5201899.7171 4074905.2917 -2716603.5278 4074905.2917 3678298.5650 -1346350.7175 5024649.2825 1330535.5610     232.6663     169.5006
300000251 200000063 400001001 400001002 400001003 400001004 5201899.7171 -2600949.8585 2600949.8585 5024649.2825 -1346350.7175 3678298.5650 4074905.2917 -2716603.5278 4074905.2917 1330535.5610     266.4632      99.3015
300000252 200000063 400001005 400001006 400001007 400001008 3678298.5650 -1346350.7175 5024649.2825 4074905.2917 -2716603.5278 4074905.2917 5024649.2825 -1346350.7175 3678298.5650 1378948.6957     246.2234     135.6293
300000253 200000064 400001009 400001010 400001011 400001012 2600949.8585 -5201899.7171 2600949.8585 4074905.2917 -4074905.2917 2716603.5278 2716603.5278 -4074905.2917 4074905.2917 1557076.8123     257.0554      85.3719
300000254 200000064 400001013 400001014 400001015 400001016 5201899.7171 -2600949.8585 2600949.8585 4074905.2917 -2716603.5278 4074905.2917 4074905.2917 -4074905.2917 2716603.5278 1557076.8123     268.0654      82.8925
300000255 200000064 400001017 400001018 400001019 400001020 2600949.8585 -2600949.8585 5201899.7171 2716603.5278 -4074905.2917 4074905.2917 4074905.2917 -2716603.5278 4074905.2917 1557076.8123     234.1808     166.4254
300000256 200000064 400001021 400001022 400001023 400001024 4074905.2917 -4074905.2917 2716603.5278 4074905.2917 -2716603.5278 4074905.2917 2716603.5278 -4074905.2917 4074905.2917 1628720.8215     253.6832     101.3026
300000257 200000065 400001025 400001026 400001027 400001028 6371000.0000       0.0000       0.0000 6248583.0214       0.0000 -1242920.4416 6248583.0214 1242920.4416       0.0000  787459.5150     277.8259      71.9088
300000258 200000065 400001029 400001030 400001031 400001032 5886036.5016       0.0000 -2438076.1476 6114140.2800 1266279.9131 -1266279.9131 6248583.0214       0.0000 -1242920.4416  802260.9823     286.9203      86.2058
300000259 200000065 400001033 400001034 400001035 400001036 5886036.5016 2438076.1476       0.0000 6248583.0214 1242920.4416       0.0000 6114140.2800 1266279.9131 -1266279.9131  802260.9823     261.8814     101.6382
300000260 200000065 400001037 400001038 400001039 400001040 6248583.0214       0.0000 -1242920.4416 6114140.2800 1266279.9131 -1266279.9131 6248583.0214 1242920.4416       0.0000  818294.0298     285.4453      87.8053
300000261 200000066 400001041 400001042 400001043 400001044 4504977.3029       0.0000 -4504977.3029 5024649.2825 1346350.7175 -3678298.5650 5297292.9000       0.0000 -3539537.9546  853044.8645     229.8738      59.8722
300000262 200000066 400001045 400001046 400001047 400001048 5201899.7171 2600949.8585 -2600949.8585 5672228.9398 1330561.6814 -2577802.4491 5024649.2825 1346350.7175 -3678298.5650  856010.4439     268.1837      54.4146
300000263 200000066 400001049 400001050 400001051 400001052 5886036.5016       0.0000 -2438076.1476 5297292.9000       0.0000 -3539537.9546 5672228.9398 1330561.6814 -2577802.4491  843039.4974     268.1032      62.4778
300000264 200000066 400001053 400001054 400001055 400001056 5024649.2825 1346350.7175 -3678298.5650 5672228.9398 1330561.6814 -2577802.4491 5297292.9000       0.0000 -3539537.9546  873164.3145     258.7190      56.4304
300000265 200000067 400001057 400001058 400001059 400001060 4504977.3029 4504977.3029       0.0000 5297292.9000 3539537.9546       0.0000 5024649.2825 3678298.5650 -1346350.7175  853044.8645     271.6424      95.6706
300000266 200000067 400001061 400001062 400001063 400001064 5886036.5016 2438076.1476       0.0000 5672228.9398 2577802.4491 -1330561.6814 5297292.9000 3539537.9546       0.0000  843039.4974     256.2594      90.5058
300000267 200000067 400001065 400001066 400001067 400001068 5201899.7171 2600949.8585 -2600949.8585 5024649.2825 3678298.5650 -1346350.7175 5672228.9398 2577802.4491 -1330561.6814  856010.4439     287.0103      64.1016
300000268 200000067 400001069 400001070 400001071 400001072 5297292.9000 3539537.9546       0.0000 5672228.9398 2577802.4491 -1330561.6814 5024649.2825 3678298.5650 -1346350.7175  873164.3145     282.1284      69.2616
300000269 200000068 400001073 400001074 400001075 400001076 5886036.5016       0.0000 -2438076.1476 5672228.9398 1330561.6814 -2577802.4491 6114140.2800 1266279.9131 -1266279.9131  931256.6789     285.5504      69.2558
300000270 200000068 400001077 400001078 400001079 400001080 5201899.7171 2600949.8585 -2600949.8585 5672228.9398 2577802.4491 -1330561.6814 5672228.9398 1330561.6814 -2577802.4491  917252.3363     283.5352      59.1707
300000271 200000068 400001081 400001082 400001083 400001084 5886036.5016 2438076.1476       0.0000 6114140.2800 1266279.9131 -1266279.9131 5672228.9398 2577802.4491 -1330561.6814  931256.6789     277.2338      69.6424
300000272 200000068 400001085 400001086 400001087 400001088 5672228.9398 1330561.6814 -2577802.4491 5672228.9398 2577802.4491 -1330561.6814 6114140.2800 1266279.9131 -1266279.9131  953298.7094     290.5927      58.6276
300000273 200000069 400001089 400001090 400001091 400001092       0.0000       0.0000 -6371000.0000       0.0000 1242920.4416 -6248583.0214 1242920.4416       0.0000 -6248583.0214  787459.5150     116.4889       0.0379
300000274 200000069 400001093 400001094 400001095 400001096       0.0000 2438076.1476 -5886036.5016 1266279.9131 1266279.9131 -6114140.2800       0.0000 1242920.4416 -6248583.0214  802260.9823     134.4345       0.0824
300000275 200000069 400001097 400001098 400001099 400001100 2438076.1476       0.0000 -5886036.5016 1242920.4416       0.0000 -6248583.0214 1266279.9131 1266279.9131 -6114140.2800  802260.9823     132.4255       0.0824
300000276 200000069 400001101 400001102 400001103 400001104       0.0000 1242920.4416 -6248583.0214 1266279.9131 1266279.9131 -6114140.2800 1242920.4416       0.0000 -6248583.0214  818294.0298     113.7019       0.0352
300000277 200000070 400001105 400001106 400001107 400001108       0.0000 4504977.3029 -4504977.3029 1346350.7175 3678298.5650 -5024649.2825       0.0000 3539537.9546 -5297292.9000  853044.8645     200.6000      35.3947
300000278 200000070 400001109 400001110 400001111 400001112 2600949.8585 2600949.8585 -5201899.7171 1330561.6814 2577802.4491 -5672228.9398 1346350.7175 3678298.5650 -5024649.2825  856010.4439     192.0689      22.2825
300000279 200000070 400001113 400001114 400001115 400001116       0.0000 2438076.1476 -5886036.5016       0.0000 3539537.9546 -5297292.9000 1330561.6814 2577802.4491 -5672228.9398  843039.4974     181.4784       8.5033
300000280 200000070 400001117 400001118 400001119 400001120 1346350.7175 3678298.5650 -5024649.2825 1330561.6814 2577802.4491 -5672228.9398       0.0000 3539537.9546 -5297292.9000  873164.3145     190.7703      20.4392
300000281 200000071 400001121 400001122 400001123 400001124 4504977.3029       0.0000 -4504977.3029 3539537.9546       0.0000 -5297292.9000 3678298.5650 1346350.7175 -5024649.2825  853044.8645     200.0160      36.7108
300000282 200000071 400001125 400001126 400001127 400001128 2438076.1476       0.0000 -5886036.5016 2577802.4491 1330561.6814 -5672228.9398 3539537.9546       0.0000 -5297292.9000  843039.4974     183.8149       8.3997
300000283 200000071 400001129 400001130 400001131 400001132 2600949.8585 2600949.8585 -5201899.7171 3678298.5650 1346350.7175 -5024649.2825 2577802.4491 1330561.6814 -5672228.9398  856010.4439     191.4005      22.6085
300000284 200000071 400001133 400001134 400001135 400001136 3539537.9546       0.0000 -5297292.9000 2577802.4491 1330561.6814 -5672228.9398 3678298.5650 1346350.7175 -5024649.2825  873164.3145     191.0160      20.9720
300000285 200000072 400001137 400001138 400001139 400001140       0.0000 2438076.1476 -5886036.5016 1330561.6814 2577802.4491 -5672228.9398 1266279.9131 1266279.9131 -6114140.2800  931256.6789     157.8779       0.8719
300000286 200000072 400001141 400001142 400001143 400001144 2600949.8585 2600949.8585 -5201899.7171 2577802.4491 1330561.6814 -5672228.9398 1330561.6814 2577802.4491 -5672228.9398  917252.3363     185.8239      12.5094
300000287 200000072 400001145 400001146 400001147 400001148 2438076.1476       0.0000 -5886036.5016 1266279.9131 1266279.9131 -6114140.2800 2577802.4491 1330561.6814 -5672228.9398  931256.6789     167.0184       0.8620
300000288 200000072 400001149 400001150 400001151 400001152 1330561.6814 2577802.4491 -5672228.9398 2577802.4491 1330561.6814 -5672228.9398 1266279.9131 1266279.9131 -6114140.2800  953298.7094     164.2622       1.7440
300000289 200000073 400001153 400001154 400001155 400001156       0.0000 6371000.0000       0.0000 1242920.4416 6248583.0214       0.0000       0.0000 6248583.0214 -1242920.4416  787459.5150     228.0923      92.4139
300000290 200000073 400001157 400001158 400001159 400001160 2438076.1476 5886036.5016       0.0000 1266279.9131 6114140.2800 -1266279.9131 1242920.4416 6248583.0214       0.0000  802260.9823     236.1046      86.7902
300000291 200000073 400001161 400001162 400001163 400001164       0.0000 5886036.5016 -2438076.1476       0.0000 6248583.0214 -1242920.4416 1266279.9131 6114140.2800 -1266279.9131  802260.9823     277.1663      63.4772
300000292 200000073 400001165 400001166 400001167 400001168 1242920.4416 6248583.0214       0.0000 1266279.9131 6114140.2800 -1266279.9131       0.0000 6248583.0214 -1242920.4416  818294.0298     242.0573      84.8551
300000293 200000074 400001169 400001170 400001171 400001172 4504977.3029 4504977.3029       0.0000 3678298.5650 5024649.2825 -1346350.7175 3539537.9546 5297292.9000       0.0000  853044.8645     263.0911      65.3887
300000294 200000074 400001173 400001174 400001175 400001176 2600949.8585 5201899.7171 -2600949.8585 2577802.4491 5672228.9398 -1330561.6814 3678298.5650 5024649.2825 -1346350.7175  856010.4439     286.5564      55.9507
300000295 200000074 400001177 400001178 400001179 400001180 2438076.1476 5886036.5016       0.0000 3539537.9546 5297292.9000       0.0000 2577802.4491 5672228.9398 -1330561.6814  843039.4974     238.5196      84.2880
300000296 200000074 400001181 400001182 400001183 400001184 3678298.5650 5024649.2825 -1346350.7175 2577802.4491 5672228.9398 -1330561.6814 3539537.9546 5297292.9000       0.0000  873164.3145     263.7595      68.5509
300000297 200000075 400001185 400001186 400001187 400001188       0.0000 4504977.3029 -4504977.3029       0.0000 5297292.9000 -3539537.9546 1346350.7175 5024649.2825 -3678298.5650  853044.8645     233.4750      55.9842
300000298 200000075 400001189 400001190 400001191 400001192       0.0000 5886036.5016 -2438076.1476 1330561.6814 5672228.9398 -2577802.4491       0.0000 5297292.9000 -3539537.9546  843039.4974     273.2170      55.4757
300000299 200000075 400001193 400001194 400001195 400001196 2600949.8585 5201899.7171 -2600949.8585 1346350.7175 5024649.2825 -3678298.5650 1330561.6814 5672228.9398 -2577802.4491  856010.4439     270.9147      55.7281
300000300 200000075 400001197 400001198 400001199 400001200       0.0000 5297292.9000 -3539537.9546 1330561.6814 5672228.9398 -2577802.4491 1346350.7175 5024649.2825 -3678298.5650  873164.3145     258.8432      57.6525
300000301 200000076 400001201 400001202 400001203 400001204 2438076.1476 5886036.5016       0.0000 2577802.4491 5672228.9398 -1330561.6814 1266279.9131 6114140.2800 -1266279.9131  931256.6789     253.0601      78.2025
300000302 200000076 400001205 400001206 400001207 400001208 2600949.8585 5201899.7171 -2600949.8585 1330561.6814 5672228.9398 -2577802.4491 2577802.4491 5672228.9398 -1330561.6814  917252.3363     287.1317      55.1477
300000303 200000076 400001209 400001210 400001211 400001212       0.0000 5886036.5016 -2438076.1476 1266279.9131 6114140.2800 -1266279.9131 1330561.6814 5672228.9398 -2577802.4491  931256.6789     285.5230      55.0958
300000304 200000076 400001213 400001214 400001215 400001216 2577802.4491 5672228.9398 -1330561.6814 1330561.6814 5672228.9398 -2577802.4491 1266279.9131 6114140.2800 -1266279.9131  953298.7094     284.5414      59.0133
300000305 200000077 400001217 400001218 400001219 400001220 4504977.3029       0.0000 -4504977.3029 3678298.5650 1346350.7175 -5024649.2825 5024649.2825 1346350.7175 -3678298.5650 1318824.6059     213.7234      51.3963
300000306 200000077 400001221 400001222 400001223 400001224 2600949.8585 2600949.8585 -5201899.7171 4074905.2917 2716603.5278 -4074905.2917 3678298.5650 1346350.7175 -5024649.2825 1330535.5610     204.8869      41.5447
300000307 200000077 400001225 400001226 400001227 400001228 5201899.7171 2600949.8585 -2600949.8585 5024649.2825 1346350.7175 -3678298.5650 4074905.2917 2716603.5278 -4074905.2917 1330535.5610     250.0308      51.8268
300000308 200000077 400001229 400001230 400001231 400001232 3678298.5650 1346350.7175 -5024649.2825 4074905.2917 2716603.5278 -4074905.2917 5024649.2825 1346350.7175 -3678298.5650 1378948.6957     219.8331      52.1087
300000309 200000078 400001233 400001234 400001235 400001236       0.0000 4504977.3029 -4504977.3029 1346350.7175 5024649.2825 -3678298.5650 1346350.7175 3678298.5650 -5024649.2825 1318824.6059     216.0340      49.5311
300000310 200000078 400001237 400001238 400001239 400001240 2600949.8585 5201899.7171 -2600949.8585 2716603.5278 4074905.2917 -4074905.2917 1346350.7175 5024649.2825 -3678298.5650 1330535.5610     251.7777      58.1374
300000311 200000078 400001241 400001242 400001243 400001244 2600949.8585 2600949.8585 -5201899.7171 1346350.7175 3678298.5650 -5024649.2825 2716603.5278 4074905.2917 -4074905.2917 1330535.5610     205.3267      41.6060
300000312 200000078 400001245 400001246 400001247 400001248 1346350.7175 5024649.2825 -3678298.5650 2716603.5278 4074905.2917 -4074905.2917 1346350.7175 3678298.5650 -5024649.2825 1378948.6957     222.0248      52.4500
300000313 200000079 400001249 400001250 400001251 400001252 4504977.3029 4504977.3029       0.0000 5024649.2825 3678298.5650 -1346350.7175 3678298.5650 5024649.2825 -1346350.7175 1318824.6059     280.9136      60.4573
300000314 200000079 400001253 400001254 400001255 400001256 5201899.7171 2600949.8585 -2600949.8585 4074905.2917 4074905.2917 -2716603.5278 5024649.2825 3678298.5650 -1346350.7175 1330535.5610     288.7579      56.3565
300000315 200000079 400001257 400001258 400001259 400001260 2600949.8585 5201899.7171 -2600949.8585 3678298.5650 5024649.2825 -1346350.7175 4074905.2917 4074905.2917 -2716603.5278 1330535.5610     285.3617      53.7267
300000316 200000079 400001261 400001262 400001263 400001264 5024649.2825 3678298.5650 -1346350.7175 4074905.2917 4074905.2917 -2716603.5278 3678298.5650 5024649.2825 -1346350.7175 1378948.6957     290.4823      57.6950
300000317 200000080 400001265 400001266 400001267 400001268 2600949.8585 2600949.8585 -5201899.7171 2716603.5278 4074905.2917 -4074905.2917 4074905.2917 2716603.5278 -4074905.2917 1557076.8123     214.1995      49.3841
300000318 200000080 400001269 400001270 400001271 400001272 2600949.8585 5201899.7171 -2600949.8585 4074905.2917 4074905.2917 -2716603.5278 2716603.5278 4074905.2917 -4074905.2917 1557076.8123     263.4962      55.8667
300000319 200000080 400001273 400001274 400001275 400001276 5201899.7171 2600949.8585 -2600949.8585 4074905.2917 2716603.5278 -4074905.2917 4074905.2917 4074905.2917 -2716603.5278 1557076.8123     267.7324      49.8540
300000320 200000080 400001277 400001278 400001279 400001280 2716603.5278 4074905.2917 -4074905.2917 4074905.2917 4074905.2917 -2716603.5278 4074905.2917 2716603.5278 -4074905.2917 1628720.8215     247.2845      54.9062
300000321 200000081 400001281 400001282 400001283 400001284       0.0000 6371000.0000       0.0000       0.0000 6248583.0214 -1242920.4416 -1242920.4416 6248583.0214       0.0000  787459.5150     226.9211      93.3445
300000322 200000081 400001285 400001286 400001287 400001288       0.0000 5886036.5016 -2438076.1476 -1266279.9131 6114140.2800 -1266279.9131       0.0000 6248583.0214 -1242920.4416  802260.9823     272.3992      67.4123
300000323 200000081 400001289 400001290 400001291 400001292 -2438076.1476 5886036.5016       0.0000 -1242920.4416 6248583.0214       0.0000 -1266279.9131 6114140.2800 -1266279.9131  802260.9823     234.8346      94.2093
300000324 200000081 400001293 400001294 400001295 400001296       0.0000 6248583.0214 -1242920.4416 -1266279.9131 6114140.2800 -1266279.9131 -1242920.4416 6248583.0214       0.0000  818294.0298     239.8493      85.7216
300000325 200000082 400001297 400001298 400001299 400001300       0.0000 4504977.3029 -4504977.3029 -1346350.7175 5024649.2825 -3678298.5650       0.0000 5297292.9000 -3539537.9546  853044.8645     233.0371      56.3456
300000326 200000082 400001301 400001302 400001303 400001304 -2600949.8585 5201899.7171 -2600949.8585 -1330561.6814 5672228.9398 -2577802.4491 -1346350.7175 5024649.2825 -3678298.5650  856010.4439     265.5871      58.3077
300000327 200000082 400001305 400001306 400001307 400001308       0.0000 5886036.5016 -2438076.1476       0.0000 5297292.9000 -3539537.9546 -1330561.6814 5672228.9398 -2577802.4491  843039.4974     271.7472      56.6241
300000328 200000082 400001309 400001310 400001311 400001312 -1346350.7175 5024649.2825 -3678298.5650 -1330561.6814 5672228.9398 -2577802.4491       0.0000 5297292.9000 -3539537.9546  873164.3145     257.9565      58.2495
300000329 200000083 400001313 400001314 400001315 400001316 -4504977.3029 4504977.3029       0.0000 -3539537.9546 5297292.9000       0.0000 -3678298.5650 5024649.2825 -1346350.7175  853044.8645     236.7913      94.2547
300000330 200000083 400001317 400001318 400001319 400001320 -2438076.1476 5886036.5016       0.0000 -2577802.4491 5672228.9398 -1330561.6814 -3539537.9546 5297292.9000       0.0000  843039.4974     243.9297      88.8689
300000331 200000083 400001321 400001322 400001323 400001324 -2600949.8585 5201899.7171 -2600949.8585 -3678298.5650 5024649.2825 -1346350.7175 -2577802.4491 5672228.9398 -1330561.6814  856010.4439     283.9253      52.2681
300000332 200000083 400001325 400001326 400001327 400001328 -3539537.9546 5297292.9000       0.0000 -2577802.4491 5672228.9398 -1330561.6814 -3678298.5650 5024649.2825 -1346350.7175  873164.3145     265.6319      68.9801
300000333 200000084 400001329 400001330 400001331 400001332       0.0000 5886036.5016 -2438076.1476 -1330561.6814 5672228.9398 -2577802.4491 -1266279.9131 6114140.2800 -1266279.9131  931256.6789     277.9379      62.6912
300000334 200000084 400001333 400001334 400001335 400001336 -2600949.8585 5201899.7171 -2600949.8585 -2577802.4491 5672228.9398 -1330561.6814 -1330561.6814 5672228.9398 -2577802.4491  917252.3363     277.1905      59.9458
300000335 200000084 400001337 400001338 400001339 400001340 -2438076.1476 5886036.5016       0.0000 -1266279.9131 6114140.2800 -1266279.9131 -2577802.4491 5672228.9398 -1330561.6814  931256.6789     257.1669      75.1007
300000336 200000084 400001341 400001342 400001343 400001344 -1330561.6814 5672228.9398 -2577802.4491 -2577802.4491 5672228.9398 -1330561.6814 -1266279.9131 6114140.2800 -1266279.9131  953298.7094     274.4255      65.5019
300000337 200000085 400001345 400001346 400001347 400001348       0.0000       0.0000 -6371000.0000 -1242920.4416       0.0000 -6248583.0214       0.0000 1242920.4416 -6248583.0214  787459.5150     125.8605       0.0379
300000338 200000085 400001349 400001350 400001351 400001352 -2438076.1476       0.0000 -5886036.5016 -1266279.9131 1266279.9131 -6114140.2800 -1242920.4416       0.0000 -6248583.0214  802260.9823     154.2354       0.0824
300000339 200000085 400001353 400001354 400001355 400001356       0.0000 2438076.1476 -5886036.5016       0.0000 1242920.4416 -6248583.0214 -1266279.9131 1266279.9131 -6114140.2800  802260.9823     117.6291       0.0824
300000340 200000085 400001357 400001358 400001359 400001360 -1242920.4416       0.0000 -6248583.0214 -1266279.9131 1266279.9131 -6114140.2800       0.0000 1242920.4416 -6248583.0214  818294.0298     125.2613       0.0352
300000341 200000086 400001361 400001362 400001363 400001364 -4504977.3029       0.0000 -4504977.3029 -3678298.5650 1346350.7175 -5024649.2825 -3539537.9546       0.0000 -5297292.9000  853044.8645     214.5608      33.7895
300000342 200000086 400001365 400001366 400001367 400001368 -2600949.8585 2600949.8585 -5201899.7171 -2577802.4491 1330561.6814 -5672228.9398 -3678298.5650 1346350.7175 -5024649.2825  856010.4439     198.5345      22.4593
300000343 200000086 400001369 400001370 400001371 400001372 -2438076.1476       0.0000 -5886036.5016 -3539537.9546       0.0000 -5297292.9000 -2577802.4491 1330561.6814 -5672228.9398  843039.4974     187.9958       8.3520
300000344 200000086 400001373 400001374 400001375 400001376 -3678298.5650 1346350.7175 -5024649.2825 -2577802.4491 1330561.6814 -5672228.9398 -3539537.9546       0.0000 -5297292.9000  873164.3145     200.2296      20.9399
300000345 200000087 400001377 400001378 400001379 400001380       0.0000 4504977.3029 -4504977.3029       0.0000 3539537.9546 -5297292.9000 -1346350.7175 3678298.5650 -5024649.2825  853044.8645     200.6869      35.4543
300000346 200000087 400001381 400001382 400001383 400001384       0.0000 2438076.1476 -5886036.5016 -1330561.6814 2577802.4491 -5672228.9398       0.0000 3539537.9546 -5297292.9000  843039.4974     180.9236       8.3519
300000347 200000087 400001385 400001386 400001387 400001388 -2600949.8585 2600949.8585 -5201899.7171 -1346350.7175 3678298.5650 -5024649.2825 -1330561.6814 2577802.4491 -5672228.9398  856010.4439     194.3411      22.3621
300000348 200000087 400001389 400001390 400001391 400001392       0.0000 3539537.9546 -5297292.9000 -1330561.6814 2577802.4491 -5672228.9398 -1346350.7175 3678298.5650 -5024649.2825  873164.3145     192.2787      20.6009
300000349 200000088 400001393 400001394 400001395 400001396 -2438076.1476       0.0000 -5886036.5016 -2577802.4491 1330561.6814 -5672228.9398 -1266279.9131 1266279.9131 -6114140.2800  931256.6789     161.8336       0.8693
300000350 200000088 400001397 400001398 400001399 400001400 -2600949.8585 2600949.8585 -5201899.7171 -1330561.6814 2577802.4491 -5672228.9398 -2577802.4491 1330561.6814 -5672228.9398  917252.3363     189.5539      12.6671
300000351 200000088 400001401 400001402 400001403 400001404       0.0000 2438076.1476 -5886036.5016 -1266279.9131 1266279.9131 -6114140.2800 -1330561.6814 2577802.4491 -5672228.9398  931256.6789     147.2231       0.8634
300000352 200000088 400001405 400001406 400001407 400001408 -2577802.4491 1330561.6814 -5672228.9398 -1330561.6814 2577802.4491 -5672228.9398 -1266279.9131 1266279.9131 -6114140.2800  953298.7094     161.9066       1.8272
300000353 200000089 400001409 400001410 400001411 400001412 -6371000.0000       0.0000       0.0000 -6248583.0214 1242920.4416       0.0000 -6248583.0214       0.0000 -1242920.4416  787459.5150     254.6031      67.9784
300000354 200000089 400001413 400001414 400001415 400001416 -5886036.5016 2438076.1476       0.0000 -6114140.2800 1266279.9131 -1266279.9131 -6248583.0214 1242920.4416       0.0000  802260.9823     238.6775      78.9559
300000355 200000089 400001417 400001418 400001419 400001420 -5886036.5016       0.0000 -2438076.1476 -6248583.0214       0.0000 -1242920.4416 -6114140.2800 1266279.9131 -1266279.9131  802260.9823     255.8285      72.5526
300000356 200000089 400001421 400001422 400001423 400001424 -6248583.0214 1242920.4416       0.0000 -6114140.2800 1266279.9131 -1266279.9131 -6248583.0214       0.0000 -1242920.4416  818294.0298     244.6372      76.8608
300000357 200000090 400001425 400001426 400001427 400001428 -4504977.3029 4504977.3029       0.0000 -5024649.2825 3678298.5650 -1346350.7175 -5297292.9000 3539537.9546       0.0000  853044.8645     225.2136     111.9991
300000358 200000090 400001429 400001430 400001431 400001432 -5201899.7171 2600949.8585 -2600949.8585 -5672228.9398 2577802.4491 -1330561.6814 -5024649.2825 3678298.5650 -1346350.7175  856010.4439     267.3839      70.4734
300000359 200000090 400001433 400001434 400001435 400001436 -5886036.5016 2438076.1476       0.0000 -5297292.9000 3539537.9546       0.0000 -5672228.9398 2577802.4491 -1330561.6814  843039.4974     223.5876      95.7954
300000360 200000090 400001437 400001438 400001439 400001440 -5024649.2825 3678298.5650 -1346350.7175 -5672228.9398 2577802.4491 -1330561.6814 -5297292.9000 3539537.9546       0.0000  873164.3145     233.5819      98.7583
300000361 200000091 400001441 400001442 400001443 400001444 -4504977.3029       0.0000 -4504977.3029 -5297292.9000       0.0000 -3539537.9546 -5024649.2825 1346350.7175 -3678298.5650  853044.8645     231.3627      54.3725
300000362 200000091 400001445 400001446 400001447 400001448 -5886036.5016       0.0000 -2438076.1476 -5672228.9398 1330561.6814 -2577802.4491 -5297292.9000       0.0000 -3539537.9546  843039.4974     243.8148      66.4378
300000363 200000091 400001449 400001450 400001451 400001452 -5201899.7171 2600949.8585 -2600949.8585 -5024649.2825 1346350.7175 -3678298.5650 -5672228.9398 1330561.6814 -2577802.4491  856010.4439     247.2614      63.3707
300000364 200000091 400001453 400001454 400001455 400001456 -5297292.9000       0.0000 -3539537.9546 -5672228.9398 1330561.6814 -2577802.4491 -5024649.2825 1346350.7175 -3678298.5650  873164.3145     240.7940      60.5686
300000365 200000092 400001457 400001458 400001459 400001460 -5886036.5016 2438076.1476       0.0000 -5672228.9398 2577802.4491 -1330561.6814 -6114140.2800 1266279.9131 -1266279.9131  931256.6789     229.7062      91.3615
300000366 200000092 400001461 400001462 400001463 400001464 -5201899.7171 2600949.8585 -2600949.8585 -5672228.9398 1330561.6814 -2577802.4491 -5672228.9398 2577802.4491 -1330561.6814  917252.3363     260.6865      70.1873
300000367 200000092 400001465 400001466 400001467 400001468 -5886036.5016       0.0000 -2438076.1476 -6114140.2800 1266279.9131 -1266279.9131 -5672228.9398 1330561.6814 -2577802.4491  931256.6789     253.7876      73.2337
300000368 200000092 400001469 400001470 400001471 400001472 -5672228.9398 2577802.4491 -1330561.6814 -5672228.9398 1330561.6814 -2577802.4491 -6114140.2800 1266279.9131 -1266279.9131  953298.7094     252.5289      78.6737
300000369 200000093 400001473 400001474 400001475 400001476       0.0000 4504977.3029 -4504977.3029 -1346350.7175 3678298.5650 -5024649.2825 -1346350.7175 5024649.2825 -3678298.5650 1318824.6059     215.0903      49.5063
300000370 200000093 400001477 400001478 400001479 400001480 -2600949.8585 2600949.8585 -5201899.7171 -2716603.5278 4074905.2917 -4074905.2917 -1346350.7175 3678298.5650 -5024649.2825 1330535.5610     208.8847      40.1504
300000371 200000093 400001481 400001482 400001483 400001484 -2600949.8585 5201899.7171 -2600949.8585 -1346350.7175 5024649.2825 -3678298.5650 -2716603.5278 4074905.2917 -4074905.2917 1330535.5610     249.2900      56.1138
300000372 200000093 400001485 400001486 400001487 400001488 -1346350.7175 3678298.5650 -5024649.2825 -2716603.5278 4074905.2917 -4074905.2917 -1346350.7175 5024649.2825 -3678298.5650 1378948.6957     221.0693      50.6221
300000373 200000094 400001489 400001490 400001491 400001492 -4504977.3029       0.0000 -4504977.3029 -5024649.2825 1346350.7175 -3678298.5650 -3678298.5650 1346350.7175 -5024649.2825 1318824.6059     223.7939      45.4981
300000374 200000094 400001493 400001494 400001495 400001496 -5201899.7171 2600949.8585 -2600949.8585 -4074905.2917 2716603.5278 -4074905.2917 -5024649.2825 1346350.7175 -3678298.5650 1330535.5610     239.6739      60.0474
300000375 200000094 400001497 400001498 400001499 400001500 -2600949.8585 2600949.8585 -5201899.7171 -3678298.5650 1346350.7175 -5024649.2825 -4074905.2917 2716603.5278 -4074905.2917 1330535.5610     216.4211      38.1543
300000376 200000094 400001501 400001502 400001503 400001504 -5024649.2825 1346350.7175 -3678298.5650 -4074905.2917 2716603.5278 -4074905.2917 -3678298.5650 1346350.7175 -5024649.2825 1378948.6957     228.6276      47.9494
300000377 200000095 400001505 400001506 400001507 400001508 -4504977.3029 4504977.3029       0.0000 -3678298.5650 5024649.2825 -1346350.7175 -5024649.2825 3678298.5650 -1346350.7175 1318824.6059     252.9465      86.0025
300000378 200000095 400001509 400001510 400001511 400001512 -2600949.8585 5201899.7171 -2600949.8585 -4074905.2917 4074905.2917 -2716603.5278 -3678298.5650 5024649.2825 -1346350.7175 1330535.5610     275.5730      61.8394
300000379 200000095 400001513 400001514 400001515 400001516 -5201899.7171 2600949.8585 -2600949.8585 -5024649.2825 3678298.5650 -1346350.7175 -4074905.2917 4074905.2917 -2716603.5278 1330535.5610     271.5023      68.0772
300000380 200000095 400001517 400001518 400001519 400001520 -3678298.5650 5024649.2825 -1346350.7175 -4074905.2917 4074905.2917 -2716603.5278 -5024649.2825 3678298.5650 -1346350.7175 1378948.6957     282.7131      58.0411
300000381 200000096 400001521 400001522 400001523 400001524 -2600949.8585 2600949.8585 -5201899.7171 -4074905.2917 2716603.5278 -4074905.2917 -2716603.5278 4074905.2917 -4074905.2917 1557076.8123     221.4333      46.4190
300000382 200000096 400001525 400001526 400001527 400001528 -5201899.7171 2600949.8585 -2600949.8585 -4074905.2917 4074905.2917 -2716603.5278 -4074905.2917 2716603.5278 -4074905.2917 1557076.8123     248.6140      65.0409
300000383 200000096 400001529 400001530 400001531 400001532 -2600949.8585 5201899.7171 -2600949.8585 -2716603.5278 4074905.2917 -4074905.2917 -4074905.2917 4074905.2917 -2716603.5278 1557076.8123     252.3636      57.9205
300000384 200000096 400001533 400001534 400001535 400001536 -4074905.2917 2716603.5278 -4074905.2917 -4074905.2917 4074905.2917 -2716603.5278 -2716603.5278 4074905.2917 -4074905.2917 1628720.8215     241.3331      56.3312
300000385 200000097 400001537 400001538 400001539 400001540 -6371000.0000       0.0000       0.0000 -6248583.0214       0.0000 -1242920.4416 -6248583.0214 -1242920.4416       0.0000  787459.5150     264.9638      61.1014
300000386 200000097 400001541 400001542 400001543 400001544 -5886036.5016       0.0000 -2438076.1476 -6114140.2800 -1266279.9131 -1266279.9131 -6248583.0214       0.0000 -1242920.4416  802260.9823     262.0882      67.5288
300000387 200000097 400001545 400001546 400001547 400001548 -5886036.5016 -2438076.1476       0.0000 -6248583.0214 -1242920.4416       0.0000 -6114140.2800 -1266279.9131 -1266279.9131  802260.9823     274.4606      59.6170
300000388 200000097 400001549 400001550 400001551 400001552 -6248583.0214       0.0000 -1242920.4416 -6114140.2800 -1266279.9131 -1266279.9131 -6248583.0214 -1242920.4416       0.0000  818294.0298     264.6398      64.9185
300000389 200000098 400001553 400001554 400001555 400001556 -4504977.3029       0.0000 -4504977.3029 -5024649.2825 -1346350.7175 -3678298.5650 -5297292.9000       0.0000 -3539537.9546  853044.8645     230.0745      55.1091
300000390 200000098 400001557 400001558 400001559 400001560 -5201899.7171 -2600949.8585 -2600949.8585 -5672228.9398 -1330561.6814 -2577802.4491 -5024649.2825 -1346350.7175 -3678298.5650  856010.4439     236.1332      69.6377
300000391 200000098 400001561 400001562 400001563 400001564 -5886036.5016       0.0000 -2438076.1476 -5297292.9000       0.0000 -3539537.9546 -5672228.9398 -1330561.6814 -2577802.4491  843039.4974     240.2009      68.2296
300000392 200000098 400001565 400001566 400001567 400001568 -5024649.2825 -1346350.7175 -3678298.5650 -5672228.9398 -1330561.6814 -2577802.4491 -5297292.9000       0.0000 -3539537.9546  873164.3145     235.8137      63.9652
300000393 200000099 400001569 400001570 400001571 400001572 -4504977.3029 -4504977.3029       0.0000 -5297292.9000 -3539537.9546       0.0000 -5024649.2825 -3678298.5650 -1346350.7175  853044.8645     290.0047      50.3358
300000394 200000099 400001573 400001574 400001575 400001576 -5886036.5016 -2438076.1476       0.0000 -5672228.9398 -2577802.4491 -1330561.6814 -5297292.9000 -3539537.9546       0.0000  843039.4974     283.0020      55.9087
300000395 200000099 400001577 400001578 400001579 400001580 -5201899.7171 -2600949.8585 -2600949.8585 -5024649.2825 -3678298.5650 -1346350.7175 -5672228.9398 -2577802.4491 -1330561.6814  856010.4439     277.4729      56.5482
300000396 200000099 400001581 400001582 400001583 400001584 -5297292.9000 -3539537.9546       0.0000 -5672228.9398 -2577802.4491 -1330561.6814 -5024649.2825 -3678298.5650 -1346350.7175  873164.3145     286.8975      52.7697
300000397 200000100 400001585 400001586 400001587 400001588 -5886036.5016       0.0000 -2438076.1476 -5672228.9398 -1330561.6814 -2577802.4491 -6114140.2800 -1266279.9131 -1266279.9131  931256.6789     257.1215      69.5394
300000398 200000100 400001589 400001590 400001591 400001592 -5201899.7171 -2600949.8585 -2600949.8585 -5672228.9398 -2577802.4491 -1330561.6814 -5672228.9398 -1330561.6814 -2577802.4491  917252.3363     260.9406      65.7919
300000399 200000100 400001593 400001594 400001595 400001596 -5886036.5016 -2438076.1476       0.0000 -6114140.2800 -1266279.9131 -1266279.9131 -5672228.9398 -2577802.4491 -1330561.6814  931256.6789     276.0449      61.6970
300000400 200000100 400001597 400001598 400001599 400001600 -5672228.9398 -1330561.6814 -2577802.4491 -5672228.9398 -2577802.4491 -1330561.6814 -6114140.2800 -1266279.9131 -1266279.9131  953298.7094     270.5845      64.3865
300000401 200000101 400001601 400001602 400001603 400001604       0.0000       0.0000 -6371000.0000       0.0000 -1242920.4416 -6248583.0214 -1242920.4416       0.0000 -6248583.0214  787459.5150     144.0091       0.0379
300000402 200000101 400001605 400001606 400001607 400001608       0.0000 -2438076.1476 -5886036.5016 -1266279.9131 -1266279.9131 -6114140.2800       0.0000 -1242920.4416 -6248583.0214  802260.9823     163.1829       0.0824
300000403 200000101 400001609 400001610 400001611 400001612 -2438076.1476       0.0000 -5886036.5016 -1242920.4416       0.0000 -6248583.0214 -1266279.9131 -1266279.9131 -6114140.2800  802260.9823     169.2855       0.0824
300000404 200000101 400001613 400001614 400001615 400001616       0.0000 -1242920.4416 -6248583.0214 -1266279.9131 -1266279.9131 -6114140.2800 -1242920.4416       0.0000 -6248583.0214  818294.0298     150.9334       0.0352
300000405 200000102 400001617 400001618 400001619 400001620       0.0000 -4504977.3029 -4504977.3029 -1346350.7175 -3678298.5650 -5024649.2825       0.0000 -3539537.9546 -5297292.9000  853044.8645     211.8417      34.0884
300000406 200000102 400001621 400001622 400001623 400001624 -2600949.8585 -2600949.8585 -5201899.7171 -1330561.6814 -2577802.4491 -5672228.9398 -1346350.7175 -3678298.5650 -5024649.2825  856010.4439     204.3672      21.7682
300000407 200000102 400001625 400001626 400001627 400001628       0.0000 -2438076.1476 -5886036.5016       0.0000 -3539537.9546 -5297292.9000 -1330561.6814 -2577802.4491 -5672228.9398  843039.4974     194.7851       7.7268
300000408 200000102 400001629 400001630 400001631 400001632 -1346350.7175 -3678298.5650 -5024649.2825 -1330561.6814 -2577802.4491 -5672228.9398       0.0000 -3539537.9546 -5297292.9000  873164.3145     204.1104      20.1322
300000409 200000103 400001633 400001634 400001635 400001636 -4504977.3029       0.0000 -4504977.3029 -3539537.9546       0.0000 -5297292.9000 -3678298.5650 -1346350.7175 -5024649.2825  853044.8645     214.3088      33.8997
300000410 200000103 400001637 400001638 400001639 400001640 -2438076.1476       0.0000 -5886036.5016 -2577802.4491 -1330561.6814 -5672228.9398 -3539537.9546       0.0000 -5297292.9000  843039.4974     190.3910       8.1398
300000411 200000103 400001641 400001642 400001643 400001644 -2600949.8585 -2600949.8585 -5201899.7171 -3678298.5650 -1346350.7175 -5024649.2825 -2577802.4491 -1330561.6814 -5672228.9398  856010.4439     202.8208      21.4374
300000412 200000103 400001645 400001646 400001647 400001648 -3539537.9546       0.0000 -5297292.9000 -2577802.4491 -1330561.6814 -5672228.9398 -3678298.5650 -1346350.7175 -5024649.2825  873164.3145     202.7540      20.2249
300000413 200000104 400001649 400001650 400001651 400001652       0.0000 -2438076.1476 -5886036.5016 -1330561.6814 -2577802.4491 -5672228.9398 -1266279.9131 -1266279.9131 -6114140.2800  931256.6789     181.8431       0.6989
300000414 200000104 400001653 400001654 400001655 400001656 -2600949.8585 -2600949.8585 -5201899.7171 -2577802.4491 -1330561.6814 -5672228.9398 -1330561.6814 -2577802.4491 -5672228.9398  917252.3363     196.4170      12.3882
300000415 200000104 400001657 400001658 400001659 400001660 -2438076.1476       0.0000 -5886036.5016 -1266279.9131 -1266279.9131 -6114140.2800 -2577802.4491 -1330561.6814 -5672228.9398  931256.6789     178.0426       0.8185
300000416 200000104 400001661 400001662 400001663 400001664 -1330561.6814 -2577802.4491 -5672228.9398 -2577802.4491 -1330561.6814 -5672228.9398 -1266279.9131 -1266279.9131 -6114140.2800  953298.7094     183.6363       1.4635
300000417 200000105 400001665 400001666 400001667 400001668       0.0000 -6371000.0000       0.0000 -1242920.4416 -6248583.0214       0.0000       0.0000 -6248583.0214 -1242920.4416  787459.5150     278.9159      71.9655
300000418 200000105 400001669 400001670 400001671 400001672 -2438076.1476 -5886036.5016       0.0000 -1266279.9131 -6114140.2800 -1266279.9131 -1242920.4416 -6248583.0214       0.0000  802260.9823     285.7936      58.4040
300000419 200000105 400001673 400001674 400001675 400001676       0.0000 -5886036.5016 -2438076.1476       0.0000 -6248583.0214 -1242920.4416 -1266279.9131 -6114140.2800 -1266279.9131  802260.9823     281.2274      75.3094
300000420 200000105 400001677 400001678 400001679 400001680 -1242920.4416 -6248583.0214       0.0000 -1266279.9131 -6114140.2800 -1266279.9131       0.0000 -6248583.0214 -1242920.4416  818294.0298     284.6661      71.3772
300000421 200000106 400001681 400001682 400001683 400001684 -4504977.3029 -4504977.3029       0.0000 -3678298.5650 -5024649.2825 -1346350.7175 -3539537.9546 -5297292.9000       0.0000  853044.8645     292.5866      51.0261
300000422 200000106 400001685 400001686 400001687 400001688 -2600949.8585 -5201899.7171 -2600949.8585 -2577802.4491 -5672228.9398 -1330561.6814 -3678298.5650 -5024649.2825 -1346350.7175  856010.4439     288.0060      55.0497
300000423 200000106 400001689 400001690 400001691 400001692 -2438076.1476 -5886036.5016       0.0000 -3539537.9546 -5297292.9000       0.0000 -2577802.4491 -5672228.9398 -1330561.6814  843039.4974     290.8033      54.1539
300000424 200000106 400001693 400001694 400001695 400001696 -3678298.5650 -5024649.2825 -1346350.7175 -2577802.4491 -5672228.9398 -1330561.6814 -3539537.9546 -5297292.9000       0.0000  873164.3145     295.0117      54.0179
300000425 200000107 400001697 400001698 400001699 400001700       0.0000 -4504977.3029 -4504977.3029       0.0000 -5297292.9000 -3539537.9546 -1346350.7175 -5024649.2825 -3678298.5650  853044.8645     222.3769      60.3529
300000426 200000107 400001701 400001702 400001703 400001704       0.0000 -5886036.5016 -2438076.1476 -1330561.6814 -5672228.9398 -2577802.4491       0.0000 -5297292.9000 -3539537.9546  843039.4974     257.4802      62.9864
300000427 200000107 400001705 400001706 400001707 400001708 -2600949.8585 -5201899.7171 -2600949.8585 -1346350.7175 -5024649.2825 -3678298.5650 -1330561.6814 -5672228.9398 -2577802.4491  856010.4439     247.6007      63.3858
300000428 200000107 400001709 400001710 400001711 400001712       0.0000 -5297292.9000 -3539537.9546 -1330561.6814 -5672228.9398 -2577802.4491 -1346350.7175 -5024649.2825 -3678298.5650  873164.3145     239.0157      63.6862
300000429 200000108 400001713 400001714 400001715 400001716 -2438076.1476 -5886036.5016       0.0000 -2577802.4491 -5672228.9398 -1330561.6814 -1266279.9131 -6114140.2800 -1266279.9131  931256.6789     291.1327      59.8133
300000430 200000108 400001717 400001718 400001719 400001720 -2600949.8585 -5201899.7171 -2600949.8585 -1330561.6814 -5672228.9398 -2577802.4491 -2577802.4491 -5672228.9398 -1330561.6814  917252.3363     278.2329      57.8153
300000431 200000108 400001721 400001722 400001723 400001724       0.0000 -5886036.5016 -2438076.1476 -1266279.9131 -6114140.2800 -1266279.9131 -1330561.6814 -5672228.9398 -2577802.4491  931256.6789     278.1779      63.4872
300000432 200000108 400001725 400001726 400001727 400001728 -2577802.4491 -5672228.9398 -1330561.6814 -1330561.6814 -5672228.9398 -2577802.4491 -1266279.9131 -6114140.2800 -1266279.9131  953298.7094     285.7290      60.2990
300000433 200000109 400001729 400001730 400001731 400001732 -4504977.3029       0.0000 -4504977.3029 -3678298.5650 -1346350.7175 -5024649.2825 -5024649.2825 -1346350.7175 -3678298.5650 1318824.6059     222.9679      45.8752
300000434 200000109 400001733 400001734 400001735 400001736 -2600949.8585 -2600949.8585 -5201899.7171 -4074905.2917 -2716603.5278 -4074905.2917 -3678298.5650 -1346350.7175 -5024649.2825 1330535.5610     214.9357      38.3190
300000435 200000109 400001737 400001738 400001739 400001740 -5201899.7171 -2600949.8585 -2600949.8585 -5024649.2825 -1346350.7175 -3678298.5650 -4074905.2917 -2716603.5278 -4074905.2917 1330535.5610     228.8814      64.1572
300000436 200000109 400001741 400001742 400001743 400001744 -3678298.5650 -1346350.7175 -5024649.2825 -4074905.2917 -2716603.5278 -4074905.2917 -5024649.2825 -1346350.7175 -3678298.5650 1378948.6957     223.0304      49.1795
300000437 200000110 400001745 400001746 400001747 400001748       0.0000 -4504977.3029 -4504977.3029 -1346350.7175 -5024649.2825 -3678298.5650 -1346350.7175 -3678298.5650 -5024649.2825 1318824.6059     216.4906      50.1344
300000438 200000110 400001749 400001750 400001751 400001752 -2600949.8585 -5201899.7171 -2600949.8585 -2716603.5278 -4074905.2917 -4074905.2917 -1346350.7175 -5024649.2825 -3678298.5650 1330535.5610     230.4695      63.9844
300000439 200000110 400001753 400001754 400001755 400001756 -2600949.8585 -2600949.8585 -5201899.7171 -1346350.7175 -3678298.5650 -5024649.2825 -2716603.5278 -4074905.2917 -4074905.2917 1330535.5610     214.5803      38.9465
300000440 200000110 400001757 400001758 400001759 400001760 -1346350.7175 -5024649.2825 -3678298.5650 -2716603.5278 -4074905.2917 -4074905.2917 -1346350.7175 -3678298.5650 -5024649.2825 1378948.6957     219.5816      53.0715
300000441 200000111 400001761 400001762 400001763 400001764 -4504977.3029 -4504977.3029       0.0000 -5024649.2825 -3678298.5650 -1346350.7175 -3678298.5650 -5024649.2825 -1346350.7175 1318824.6059     294.5299      49.3162
300000442 200000111 400001765 400001766 400001767 400001768 -5201899.7171 -2600949.8585 -2600949.8585 -4074905.2917 -4074905.2917 -2716603.5278 -5024649.2825 -3678298.5650 -1346350.7175 1330535.5610     262.7414      62.3278
300000443 200000111 400001769 400001770 400001771 400001772 -2600949.8585 -5201899.7171 -2600949.8585 -3678298.5650 -5024649.2825 -1346350.7175 -4074905.2917 -4074905.2917 -2716603.5278 1330535.5610     271.9036      57.1957
300000444 200000111 400001773 400001774 400001775 400001776 -5024649.2825 -3678298.5650 -1346350.7175 -4074905.2917 -4074905.2917 -2716603.5278 -3678298.5650 -5024649.2825 -1346350.7175 1378948.6957     281.9128      54.5611
300000445 200000112 400001777 400001778 400001779 400001780 -2600949.8585 -2600949.8585 -5201899.7171 -2716603.5278 -4074905.2917 -4074905.2917 -4074905.2917 -2716603.5278 -4074905.2917 1557076.8123     218.6863      46.3672
300000446 200000112 400001781 400001782 400001783 400001784 -2600949.8585 -5201899.7171 -2600949.8585 -4074905.2917 -4074905.2917 -2716603.5278 -2716603.5278 -4074905.2917 -4074905.2917 1557076.8123     236.7028      65.2661
300000447 200000112 400001785 400001786 400001787 400001788 -5201899.7171 -2600949.8585 -2600949.8585 -4074905.2917 -2716603.5278 -4074905.2917 -4074905.2917 -4074905.2917 -2716603.5278 1557076.8123     229.9575      68.9741
300000448 200000112 400001789 400001790 400001791 400001792 -2716603.5278 -4074905.2917 -4074905.2917 -4074905.2917 -4074905.2917 -2716603.5278 -4074905.2917 -2716603.5278 -4074905.2917 1628720.8215     224.1792      63.5413
300000449 200000113 400001793 400001794 400001795 400001796       0.0000 -6371000.0000       0.0000       0.0000 -6248583.0214 -1242920.4416 1242920.4416 -6248583.0214       0.0000  787459.5150     270.6798      92.0813
300000450 200000113 400001797 400001798 400001799 400001800       0.0000 -5886036.5016 -2438076.1476 1266279.9131 -6114140.2800 -1266279.9131       0.0000 -6248583.0214 -1242920.4416  802260.9823     276.9071      95.5007
300000451 200000113 400001801 400001802 400001803 400001804 2438076.1476 -5886036.5016       0.0000 1242920.4416 -6248583.0214       0.0000 1266279.9131 -6114140.2800 -1266279.9131  802260.9823     241.2175     123.3283
300000452 200000113 400001805 400001806 400001807 400001808       0.0000 -6248583.0214 -1242920.4416 1266279.9131 -6114140.2800 -1266279.9131 1242920.4416 -6248583.0214       0.0000  818294.0298     268.5654     111.5644
300000453 200000114 400001809 400001810 400001811 400001812       0.0000 -4504977.3029 -4504977.3029 1346350.7175 -5024649.2825 -3678298.5650       0.0000 -5297292.9000 -3539537.9546  853044.8645     225.5706      58.5380
300000454 200000114 400001813 400001814 400001815 400001816 2600949.8585 -5201899.7171 -2600949.8585 1330561.6814 -5672228.9398 -2577802.4491 1346350.7175 -5024649.2825 -3678298.5650  856010.4439     249.8129      68.8885
300000455 200000114 400001817 400001818 400001819 400001820       0.0000 -5886036.5016 -2438076.1476       0.0000 -5297292.9000 -3539537.9546 1330561.6814 -5672228.9398 -2577802.4491  843039.4974     260.5385      65.7159
300000456 200000114 400001821 400001822 400001823 400001824 1346350.7175 -5024649.2825 -3678298.5650 1330561.6814 -5672228.9398 -2577802.4491       0.0000 -5297292.9000 -3539537.9546  873164.3145     247.8943      62.5638
300000457 200000115 400001825 400001826 400001827 400001828 4504977.3029 -4504977.3029       0.0000 3539537.9546 -5297292.9000       0.0000 3678298.5650 -5024649.2825 -1346350.7175  853044.8645     261.6022      85.3639
300000458 200000115 400001829 400001830 400001831 400001832 2438076.1476 -5886036.5016       0.0000 2577802.4491 -5672228.9398 -1330561.6814 3539537.9546 -5297292.9000       0.0000  843039.4974     245.9659     101.6198
300000459 200000115 400001833 400001834 400001835 400001836 2600949.8585 -5201899.7171 -2600949.8585 3678298.5650 -5024649.2825 -1346350.7175 2577802.4491 -5672228.9398 -1330561.6814  856010.4439     273.5364      78.6298
300000460 200000115 400001837 400001838 400001839 400001840 3539537.9546 -5297292.9000       0.0000 2577802.4491 -5672228.9398 -1330561.6814 3678298.5650 -5024649.2825 -1346350.7175  873164.3145     270.3923      76.9473
300000461 200000116 400001841 400001842 400001843 400001844       0.0000 -5886036.5016 -2438076.1476 1330561.6814 -5672228.9398 -2577802.4491 1266279.9131 -6114140.2800 -1266279.9131  931256.6789     272.5356      93.6088
300000462 200000116 400001845 400001846 400001847 400001848 2600949.8585 -5201899.7171 -2600949.8585 2577802.4491 -5672228.9398 -1330561.6814 1330561.6814 -5672228.9398 -2577802.4491  917252.3363     261.9061      80.6555
300000463 200000116 400001849 400001850 400001851 400001852 2438076.1476 -5886036.5016       0.0000 1266279.9131 -6114140.2800 -1266279.9131 2577802.4491 -5672228.9398 -1330561.6814  931256.6789     256.1838      98.5895
300000464 200000116 400001853 400001854 400001855 400001856 1330561.6814 -5672228.9398 -2577802.4491 2577802.4491 -5672228.9398 -1330561.6814 1266279.9131 -6114140.2800 -1266279.9131  953298.7094     266.3155      96.3609
300000465 200000117 400001857 400001858 400001859 400001860       0.0000       0.0000 -6371000.0000 1242920.4416       0.0000 -6248583.0214       0.0000 -1242920.4416 -6248583.0214  787459.5150     138.1231       0.0379
300000466 200000117 400001861 400001862 400001863 400001864 2438076.1476       0.0000 -5886036.5016 1266279.9131 -1266279.9131 -6114140.2800 1242920.4416       0.0000 -6248583.0214  802260.9823     155.2037       0.0824
300000467 200000117 400001865 400001866 400001867 400001868       0.0000 -2438076.1476 -5886036.5016       0.0000 -1242920.4416 -6248583.0214 1266279.9131 -1266279.9131 -6114140.2800  802260.9823     162.1175       0.0824
300000468 200000117 400001869 400001870 400001871 400001872 1242920.4416       0.0000 -6248583.0214 1266279.9131 -1266279.9131 -6114140.2800       0.0000 -1242920.4416 -6248583.0214  818294.0298     152.9697       0.0352
300000469 200000118 400001873 400001874 400001875 400001876 4504977.3029       0.0000 -4504977.3029 3678298.5650 -1346350.7175 -5024649.2825 3539537.9546       0.0000 -5297292.9000  853044.8645     200.0955      36.6909
300000470 200000118 400001877 400001878 400001879 400001880 2600949.8585 -2600949.8585 -5201899.7171 2577802.4491 -1330561.6814 -5672228.9398 3678298.5650 -1346350.7175 -5024649.2825  856010.4439     192.7958      22.6549
300000471 200000118 400001881 400001882 400001883 400001884 2438076.1476       0.0000 -5886036.5016 3539537.9546       0.0000 -5297292.9000 2577802.4491 -1330561.6814 -5672228.9398  843039.4974     183.2887       8.5351
300000472 200000118 400001885 400001886 400001887 400001888 3678298.5650 -1346350.7175 -5024649.2825 2577802.4491 -1330561.6814 -5672228.9398 3539537.9546       0.0000 -5297292.9000  873164.3145     191.8710      21.1298
300000473 200000119 400001889 400001890 400001891 400001892       0.0000 -4504977.3029 -4504977.3029       0.0000 -3539537.9546 -5297292.9000 1346350.7175 -3678298.5650 -5024649.2825  853044.8645     208.2857      34.3956
300000474 200000119 400001893 400001894 400001895 400001896       0.0000 -2438076.1476 -5886036.5016 1330561.6814 -2577802.4491 -5672228.9398       0.0000 -3539537.9546 -5297292.9000  843039.4974     193.8180       7.7462
300000475 200000119 400001897 400001898 400001899 400001900 2600949.8585 -2600949.8585 -5201899.7171 1346350.7175 -3678298.5650 -5024649.2825 1330561.6814 -2577802.4491 -5672228.9398  856010.4439     197.6039      21.0206
300000476 200000119 400001901 400001902 400001903 400001904       0.0000 -3539537.9546 -5297292.9000 1330561.6814 -2577802.4491 -5672228.9398 1346350.7175 -3678298.5650 -5024649.2825  873164.3145     199.6518      20.1527
300000477 200000120 400001905 400001906 400001907 400001908 2438076.1476       0.0000 -5886036.5016 2577802.4491 -1330561.6814 -5672228.9398 1266279.9131 -1266279.9131 -6114140.2800  931256.6789     172.9043       0.8719
300000478 200000120 400001909 400001910 400001911 400001912 2600949.8585 -2600949.8585 -5201899.7171 1330561.6814 -2577802.4491 -5672228.9398 2577802.4491 -1330561.6814 -5672228.9398  917252.3363     187.0796      12.9134
300000479 200000120 400001913 400001914 400001915 400001916       0.0000 -2438076.1476 -5886036.5016 1266279.9131 -1266279.9131 -6114140.2800 1330561.6814 -2577802.4491 -5672228.9398  931256.6789     171.9662       0.7533
300000480 200000120 400001917 400001918 400001919 400001920 2577802.4491 -1330561.6814 -5672228.9398 1330561.6814 -2577802.4491 -5672228.9398 1266279.9131 -1266279.9131 -6114140.2800  953298.7094     172.3848       1.8594
300000481 200000121 400001921 400001922 400001923 400001924 6371000.0000       0.0000       0.0000 6248583.0214 -1242920.4416       0.0000 6248583.0214       0.0000 -1242920.4416  787459.5150     283.4641      59.8636
300000482 200000121 400001925 400001926 400001927 400001928 5886036.5016 -2438076.1476       0.0000 6114140.2800 -1266279.9131 -1266279.9131 6248583.0214 -1242920.4416       0.0000  802260.9823     286.7993      56.3036
300000483 200000121 400001929 400001930 400001931 400001932 5886036.5016       0.0000 -2438076.1476 6248583.0214       0.0000 -1242920.4416 6114140.2800 -1266279.9131 -1266279.9131  802260.9823     285.4794      75.0791
300000484 200000121 400001933 400001934 400001935 400001936 6248583.0214 -1242920.4416       0.0000 6114140.2800 -1266279.9131 -1266279.9131 6248583.0214       0.0000 -1242920.4416  818294.0298     290.4304      63.7955
300000485 200000122 400001937 400001938 400001939 400001940 4504977.3029 -4504977.3029       0.0000 5024649.2825 -3678298.5650 -1346350.7175 5297292.9000 -3539537.9546       0.0000  853044.8645     268.6838      82.9060
300000486 200000122 400001941 400001942 400001943 400001944 5201899.7171 -2600949.8585 -2600949.8585 5672228.9398 -2577802.4491 -1330561.6814 5024649.2825 -3678298.5650 -1346350.7175  856010.4439     283.0310      54.1695
300000487 200000122 400001945 400001946 400001947 400001948 5886036.5016 -2438076.1476       0.0000 5297292.9000 -3539537.9546       0.0000 5672228.9398 -2577802.4491 -1330561.6814  843039.4974     280.8716      60.1687
300000488 200000122 400001949 400001950 400001951 400001952 5024649.2825 -3678298.5650 -1346350.7175 5672228.9398 -2577802.4491 -1330561.6814 5297292.9000 -3539537.9546       0.0000  873164.3145     277.5799      66.5277
300000489 200000123 400001953 400001954 400001955 400001956 4504977.3029       0.0000 -4504977.3029 5297292.9000       0.0000 -3539537.9546 5024649.2825 -1346350.7175 -3678298.5650  853044.8645     226.5545      58.8027
300000490 200000123 400001957 400001958 400001959 400001960 5886036.5016       0.0000 -2438076.1476 5672228.9398 -1330561.6814 -2577802.4491 5297292.9000       0.0000 -3539537.9546  843039.4974     264.8226      58.4852
300000491 200000123 400001961 400001962 400001963 400001964 5201899.7171 -2600949.8585 -2600949.8585 5024649.2825 -1346350.7175 -3678298.5650 5672228.9398 -1330561.6814 -2577802.4491  856010.4439     255.6210      59.5673
300000492 200000123 400001965 400001966 400001967 400001968 5297292.9000       0.0000 -3539537.9546 5672228.9398 -1330561.6814 -2577802.4491 5024649.2825 -1346350.7175 -3678298.5650  873164.3145     246.8965      60.7992
300000493 200000124 400001969 400001970 400001971 400001972 5886036.5016 -2438076.1476       0.0000 5672228.9398 -2577802.4491 -1330561.6814 6114140.2800 -1266279.9131 -1266279.9131  931256.6789     290.2169      58.1707
300000494 200000124 400001973 400001974 400001975 400001976 5201899.7171 -2600949.8585 -2600949.8585 5672228.9398 -1330561.6814 -2577802.4491 5672228.9398 -2577802.4491 -1330561.6814  917252.3363     278.3067      55.8212
300000495 200000124 400001977 400001978 400001979 400001980 5886036.5016       0.0000 -2438076.1476 6114140.2800 -1266279.9131 -1266279.9131 5672228.9398 -1330561.6814 -2577802.4491  931256.6789     280.2693      62.3547
300000496 200000124 400001981 400001982 400001983 400001984 5672228.9398 -2577802.4491 -1330561.6814 5672228.9398 -1330561.6814 -2577802.4491 6114140.2800 -1266279.9131 -1266279.9131  953298.7094     285.4225      57.8327
300000497 200000125 400001985 400001986 400001987 400001988       0.0000 -4504977.3029 -4504977.3029 1346350.7175 -3678298.5650 -5024649.2825 1346350.7175 -5024649.2825 -3678298.5650 1318824.6059     212.6235      49.7747
300000498 200000125 400001989 400001990 400001991 400001992 2600949.8585 -2600949.8585 -5201899.7171 2716603.5278 -4074905.2917 -4074905.2917 1346350.7175 -3678298.5650 -5024649.2825 1330535.5610     209.9079      35.4042
300000499 200000125 400001993 400001994 400001995 400001996 2600949.8585 -5201899.7171 -2600949.8585 1346350.7175 -5024649.2825 -3678298.5650 2716603.5278 -4074905.2917 -4074905.2917 1330535.5610     233.7745      62.0202
300000500 200000125 400001997 400001998 400001999 400002000 1346350.7175 -3678298.5650 -5024649.2825 2716603.5278 -4074905.2917 -4074905.2917 1346350.7175 -5024649.2825 -3678298.5650 1378948.6957     211.6371      47.8099
300000501 200000126 400002001 400002002 400002003 400002004 4504977.3029       0.0000 -4504977.3029 5024649.2825 -1346350.7175 -3678298.5650 3678298.5650 -1346350.7175 -5024649.2825 1318824.6059     211.8914      50.7210
300000502 200000126 400002005 400002006 400002007 400002008 5201899.7171 -2600949.8585 -2600949.8585 4074905.2917 -2716603.5278 -4074905.2917 5024649.2825 -1346350.7175 -3678298.5650 1330535.5610     236.4439      61.6740
300000503 200000126 400002009 400002010 400002011 400002012 2600949.8585 -2600949.8585 -5201899.7171 3678298.5650 -1346350.7175 -5024649.2825 4074905.2917 -2716603.5278 -4074905.2917 1330535.5610     205.3444      40.2270
300000504 200000126 400002013 400002014 400002015 400002016 5024649.2825 -1346350.7175 -3678298.5650 4074905.2917 -2716603.5278 -4074905.2917 3678298.5650 -1346350.7175 -5024649.2825 1378948.6957     215.4683      53.1254
300000505 200000127 400002017 400002018 400002019 400002020 4504977.3029 -4504977.3029       0.0000 3678298.5650 -5024649.2825 -1346350.7175 5024649.2825 -3678298.5650 -1346350.7175 1318824.6059     279.5349      75.3878
300000506 200000127 400002021 400002022 400002023 400002024 2600949.8585 -5201899.7171 -2600949.8585 4074905.2917 -4074905.2917 -2716603.5278 3678298.5650 -5024649.2825 -1346350.7175 1330535.5610     265.6707      73.6121
300000507 200000127 400002025 400002026 400002027 400002028 5201899.7171 -2600949.8585 -2600949.8585 5024649.2825 -3678298.5650 -1346350.7175 4074905.2917 -4074905.2917 -2716603.5278 1330535.5610     272.3561      55.9126
300000508 200000127 400002029 400002030 400002031 400002032 3678298.5650 -5024649.2825 -1346350.7175 4074905.2917 -4074905.2917 -2716603.5278 5024649.2825 -3678298.5650 -1346350.7175 1378948.6957     275.5052      71.0908
300000509 200000128 400002033 400002034 400002035 400002036 2600949.8585 -2600949.8585 -5201899.7171 4074905.2917 -2716603.5278 -4074905.2917 2716603.5278 -4074905.2917 -4074905.2917 1557076.8123     213.8278      45.8704
300000510 200000128 400002037 400002038 400002039 400002040 5201899.7171 -2600949.8585 -2600949.8585 4074905.2917 -4074905.2917 -2716603.5278 4074905.2917 -2716603.5278 -4074905.2917 1557076.8123     243.4165      62.6102
300000511 200000128 400002041 400002042 400002043 400002044 2600949.8585 -5201899.7171 -2600949.8585 2716603.5278 -4074905.2917 -4074905.2917 4074905.2917 -4074905.2917 -2716603.5278 1557076.8123     240.4791      73.6025
300000512 200000128 400002045 400002046 400002047 400002048 4074905.2917 -2716603.5278 -4074905.2917 4074905.2917 -4074905.2917 -2716603.5278 2716603.5278 -4074905.2917 -4074905.2917 1628720.8215     229.0112      61.3687
