400000001 300000001                                               0.0000       0.0000 6371000.0000  624467.2010       0.0000 6340321.8936       0.0000  624467.2010 6340321.8936  195921.5441     225.1449     303.5646
400000002 300000001                                         1242920.4416       0.0000 6248583.0214  627459.2093  627459.2093 6308900.9250  624467.2010       0.0000 6340321.8936  196860.2699     225.2439     289.1934
400000003 300000001                                               0.0000 1242920.4416 6248583.0214       0.0000  624467.2010 6340321.8936  627459.2093  627459.2093 6308900.9250  196860.2699     223.6833     290.4197
400000004 300000001                                          624467.2010       0.0000 6340321.8936  627459.2093  627459.2093 6308900.9250       0.0000  624467.2010 6340321.8936  197817.4310     224.8277     302.3629
400000005 300000002                                         2438076.1476       0.0000 5886036.5016 1869698.6039  639129.1082 6056845.8882 1849403.6788       0.0000 6096666.8789  200521.8161     229.8988     207.7773
400000006 300000002                                         1266279.9131 1266279.9131 6114140.2800 1260914.7366  636326.6289 6212473.2151 1869698.6039  639129.1082 6056845.8882  200560.6406     226.1260     216.5713
400000007 300000002                                         1242920.4416       0.0000 6248583.0214 1849403.6788       0.0000 6096666.8789 1260914.7366  636326.6289 6212473.2151  199642.5528     226.3350     219.5204
400000008 300000002                                         1869698.6039  639129.1082 6056845.8882 1260914.7366  636326.6289 6212473.2151 1849403.6788       0.0000 6096666.8789  201535.9727     227.2767     215.9825
400000009 300000003                                               0.0000 2438076.1476 5886036.5016       0.0000 1849403.6788 6096666.8789  639129.1082 1869698.6039 6056845.8882  200521.8161     231.0492     210.3515
400000010 300000003                                               0.0000 1242920.4416 6248583.0214  636326.6289 1260914.7366 6212473.2151       0.0000 1849403.6788 6096666.8789  199642.5528     223.9696     253.5333
400000011 300000003                                         1266279.9131 1266279.9131 6114140.2800  639129.1082 1869698.6039 6056845.8882  636326.6289 1260914.7366 6212473.2151  200560.6406     224.1173     237.8535
400000012 300000003                                               0.0000 1849403.6788 6096666.8789  636326.6289 1260914.7366 6212473.2151  639129.1082 1869698.6039 6056845.8882  201535.9727     225.5915     237.9914
400000013 300000004                                         1242920.4416       0.0000 6248583.0214 1260914.7366  636326.6289 6212473.2151  627459.2093  627459.2093 6308900.9250  204548.8197     223.5229     251.3001
400000014 300000004                                         1266279.9131 1266279.9131 6114140.2800  636326.6289 1260914.7366 6212473.2151 1260914.7366  636326.6289 6212473.2151  203612.8458     223.8535     218.9527
400000015 300000004                                               0.0000 1242920.4416 6248583.0214  627459.2093  627459.2093 6308900.9250  636326.6289 1260914.7366 6212473.2151  204548.8197     223.0233     265.0063
400000016 300000004                                         1260914.7366  636326.6289 6212473.2151  636326.6289 1260914.7366 6212473.2151  627459.2093  627459.2093 6308900.9250  205583.5447     222.1276     237.2512
400000017 300000005                                         4504977.3029       0.0000 4504977.3029 4126944.5164  678984.1624 4805928.6788 4041719.6134       0.0000 4924849.5984  213029.7505     241.7275     172.0489
400000018 300000005                                         3678298.5650 1346350.7175 5024649.2825 3630292.7893  677162.3725 5191537.9595 4126944.5164  678984.1624 4805928.6788  213259.5913     240.5291     169.5271
400000019 300000005                                         3539537.9546       0.0000 5297292.9000 4041719.6134       0.0000 4924849.5984 3630292.7893  677162.3725 5191537.9595  212458.1628     237.8254     146.3567
400000020 300000005                                         4126944.5164  678984.1624 4805928.6788 3630292.7893  677162.3725 5191537.9595 4041719.6134       0.0000 4924849.5984  214297.3599     239.8931     173.0922
400000021 300000006                                         2600949.8585 2600949.8585 5201899.7171 2604139.2443 1976963.3461 5468063.2517 3166715.9053 1990680.8386 5157396.7439  213953.8407     242.4740     163.5284
400000022 300000006                                         2577802.4491 1330561.6814 5672228.9398 3143878.6287 1345228.8674 5375502.5311 2604139.2443 1976963.3461 5468063.2517  213196.7862     239.5268     158.2579
400000023 300000006                                         3678298.5650 1346350.7175 5024649.2825 3166715.9053 1990680.8386 5157396.7439 3143878.6287 1345228.8674 5375502.5311  213817.3983     241.5592     165.9596
400000024 300000006                                         2604139.2443 1976963.3461 5468063.2517 3143878.6287 1345228.8674 5375502.5311 3166715.9053 1990680.8386 5157396.7439  215042.4187     240.6546     167.3944
400000025 300000007                                         2438076.1476       0.0000 5886036.5016 3003268.6103       0.0000 5618720.3752 2522238.0841  669073.8784 5812081.9155  209920.2574     232.4219     175.6978
400000026 300000007                                         3539537.9546       0.0000 5297292.9000 3085738.1156  671168.2896 5533298.6915 3003268.6103       0.0000 5618720.3752  210577.3796     235.2432     160.0935
400000027 300000007                                         2577802.4491 1330561.6814 5672228.9398 2522238.0841  669073.8784 5812081.9155 3085738.1156  671168.2896 5533298.6915  210758.2000     234.7002     160.0922
400000028 300000007                                         3003268.6103       0.0000 5618720.3752 3085738.1156  671168.2896 5533298.6915 2522238.0841  669073.8784 5812081.9155  211783.6604     230.1837     181.2164
400000029 300000008                                         3678298.5650 1346350.7175 5024649.2825 3143878.6287 1345228.8674 5375502.5311 3630292.7893  677162.3725 5191537.9595  217445.2803     241.8173     139.7211
400000030 300000008                                         2577802.4491 1330561.6814 5672228.9398 3085738.1156  671168.2896 5533298.6915 3143878.6287 1345228.8674 5375502.5311  218077.9738     240.1001     141.9310
400000031 300000008                                         3539537.9546       0.0000 5297292.9000 3630292.7893  677162.3725 5191537.9595 3085738.1156  671168.2896 5533298.6915  218265.1507     239.9548     141.3248
400000032 300000008                                         3143878.6287 1345228.8674 5375502.5311 3085738.1156  671168.2896 5533298.6915 3630292.7893  677162.3725 5191537.9595  219375.9096     241.7221     140.6583
400000033 300000009                                               0.0000 4504977.3029 4504977.3029       0.0000 4041719.6134 4924849.5984  678984.1624 4126944.5164 4805928.6788  213029.7505     243.8460     148.6049
400000034 300000009                                               0.0000 3539537.9546 5297292.9000  677162.3725 3630292.7893 5191537.9595       0.0000 4041719.6134 4924849.5984  212458.1628     240.2675     152.8632
400000035 300000009                                         1346350.7175 3678298.5650 5024649.2825  678984.1624 4126944.5164 4805928.6788  677162.3725 3630292.7893 5191537.9595  213259.5913     251.3395     139.9470
400000036 300000009                                               0.0000 4041719.6134 4924849.5984  677162.3725 3630292.7893 5191537.9595  678984.1624 4126944.5164 4805928.6788  214297.3599     243.3327     148.9820
400000037 300000010                                               0.0000 2438076.1476 5886036.5016  669073.8784 2522238.0841 5812081.9155       0.0000 3003268.6103 5618720.3752  209920.2574     237.1394     166.2369
400000038 300000010                                         1330561.6814 2577802.4491 5672228.9398  671168.2896 3085738.1156 5533298.6915  669073.8784 2522238.0841 5812081.9155  210758.2000     238.2127     163.2883
400000039 300000010                                               0.0000 3539537.9546 5297292.9000       0.0000 3003268.6103 5618720.3752  671168.2896 3085738.1156 5533298.6915  210577.3796     238.9841     157.6858
400000040 300000010                                          669073.8784 2522238.0841 5812081.9155  671168.2896 3085738.1156 5533298.6915       0.0000 3003268.6103 5618720.3752  211783.6604     239.7168     159.0089
400000041 300000011                                         2600949.8585 2600949.8585 5201899.7171 1990680.8386 3166715.9053 5157396.7439 1976963.3461 2604139.2443 5468063.2517  213953.8407     245.2560     156.2994
400000042 300000011                                         1346350.7175 3678298.5650 5024649.2825 1345228.8674 3143878.6287 5375502.5311 1990680.8386 3166715.9053 5157396.7439  213817.3983     248.8203     141.4480
400000043 300000011                                         1330561.6814 2577802.4491 5672228.9398 1976963.3461 2604139.2443 5468063.2517 1345228.8674 3143878.6287 5375502.5311  213196.7862     238.2552     161.1843
400000044 300000011                                         1990680.8386 3166715.9053 5157396.7439 1345228.8674 3143878.6287 5375502.5311 1976963.3461 2604139.2443 5468063.2517  215042.4187     242.0214     159.4915
400000045 300000012                                               0.0000 3539537.9546 5297292.9000  671168.2896 3085738.1156 5533298.6915  677162.3725 3630292.7893 5191537.9595  218265.1507     241.0346     153.5193
400000046 300000012                                         1330561.6814 2577802.4491 5672228.9398 1345228.8674 3143878.6287 5375502.5311  671168.2896 3085738.1156 5533298.6915  218077.9738     239.2442     156.9689
400000047 300000012                                         1346350.7175 3678298.5650 5024649.2825  677162.3725 3630292.7893 5191537.9595 1345228.8674 3143878.6287 5375502.5311  217445.2803     247.2450     144.1294
400000048 300000012                                          671168.2896 3085738.1156 5533298.6915 1345228.8674 3143878.6287 5375502.5311  677162.3725 3630292.7893 5191537.9595  219375.9096     241.3285     152.5193
400000049 300000013                                         2438076.1476       0.0000 5886036.5016 2522238.0841  669073.8784 5812081.9155 1869698.6039  639129.1082 6056845.8882  232651.5371     231.3176     183.4513
400000050 300000013                                         2577802.4491 1330561.6814 5672228.9398 1933504.7432 1306164.9224 5928333.1219 2522238.0841  669073.8784 5812081.9155  231845.9895     233.4375     167.9521
400000051 300000013                                         1266279.9131 1266279.9131 6114140.2800 1869698.6039  639129.1082 6056845.8882 1933504.7432 1306164.9224 5928333.1219  232712.3450     227.6200     201.0628
400000052 300000013                                         2522238.0841  669073.8784 5812081.9155 1933504.7432 1306164.9224 5928333.1219 1869698.6039  639129.1082 6056845.8882  234046.8072     227.8772     192.6937
400000053 300000014                                         2600949.8585 2600949.8585 5201899.7171 1976963.3461 2604139.2443 5468063.2517 2604139.2443 1976963.3461 5468063.2517  228300.1373     241.6719     162.2361
400000054 300000014                                         1330561.6814 2577802.4491 5672228.9398 1973179.1775 1973179.1775 5727370.1528 1976963.3461 2604139.2443 5468063.2517  229212.6770     237.4894     165.8523
400000055 300000014                                         2577802.4491 1330561.6814 5672228.9398 2604139.2443 1976963.3461 5468063.2517 1973179.1775 1973179.1775 5727370.1528  229212.6770     237.4061     167.7960
400000056 300000014                                         1976963.3461 2604139.2443 5468063.2517 1973179.1775 1973179.1775 5727370.1528 2604139.2443 1976963.3461 5468063.2517  230526.8451     238.0358     169.0835
400000057 300000015                                               0.0000 2438076.1476 5886036.5016  639129.1082 1869698.6039 6056845.8882  669073.8784 2522238.0841 5812081.9155  232651.5371     233.5982     191.4376
400000058 300000015                                         1266279.9131 1266279.9131 6114140.2800 1306164.9224 1933504.7432 5928333.1219  639129.1082 1869698.6039 6056845.8882  232712.3450     226.8440     219.0535
400000059 300000015                                         1330561.6814 2577802.4491 5672228.9398  669073.8784 2522238.0841 5812081.9155 1306164.9224 1933504.7432 5928333.1219  231845.9895     234.8900     177.0775
400000060 300000015                                          639129.1082 1869698.6039 6056845.8882 1306164.9224 1933504.7432 5928333.1219  669073.8784 2522238.0841 5812081.9155  234046.8072     231.4208     199.9500
400000061 300000016                                         2577802.4491 1330561.6814 5672228.9398 1973179.1775 1973179.1775 5727370.1528 1933504.7432 1306164.9224 5928333.1219  238189.0310     234.9035     162.0110
400000062 300000016                                         1330561.6814 2577802.4491 5672228.9398 1306164.9224 1933504.7432 5928333.1219 1973179.1775 1973179.1775 5727370.1528  238189.0310     235.5861     176.0376
400000063 300000016                                         1266279.9131 1266279.9131 6114140.2800 1933504.7432 1306164.9224 5928333.1219 1306164.9224 1933504.7432 5928333.1219  237302.7613     228.2317     190.5598
400000064 300000016                                         1973179.1775 1973179.1775 5727370.1528 1306164.9224 1933504.7432 5928333.1219 1933504.7432 1306164.9224 5928333.1219  239617.8861     232.9584     173.2579
400000065 300000017                                         6371000.0000       0.0000       0.0000 6340321.8936  624467.2010       0.0000 6340321.8936       0.0000  624467.2010  195921.5441     247.2412      99.3519
400000066 300000017                                         6248583.0214 1242920.4416       0.0000 6308900.9250  627459.2093  627459.2093 6340321.8936  624467.2010       0.0000  196860.2699     236.6168     127.3508
400000067 300000017                                         6248583.0214       0.0000 1242920.4416 6340321.8936       0.0000  624467.2010 6308900.9250  627459.2093  627459.2093  196860.2699     224.5280     139.5564
400000068 300000017                                         6340321.8936  624467.2010       0.0000 6308900.9250  627459.2093  627459.2093 6340321.8936       0.0000  624467.2010  197817.4310     224.0380     132.8711
400000069 300000018                                         5886036.5016 2438076.1476       0.0000 6056845.8882 1869698.6039  639129.1082 6096666.8789 1849403.6788       0.0000  200521.8161     223.6940     121.6648
400000070 300000018                                         6114140.2800 1266279.9131 1266279.9131 6212473.2151 1260914.7366  636326.6289 6056845.8882 1869698.6039  639129.1082  200560.6406     218.2637     127.8371
400000071 300000018                                         6248583.0214 1242920.4416       0.0000 6096666.8789 1849403.6788       0.0000 6212473.2151 1260914.7366  636326.6289  199642.5528     234.2927     135.5419
400000072 300000018                                         6056845.8882 1869698.6039  639129.1082 6212473.2151 1260914.7366  636326.6289 6096666.8789 1849403.6788       0.0000  201535.9727     223.5758     128.1837
400000073 300000019                                         5886036.5016       0.0000 2438076.1476 6096666.8789       0.0000 1849403.6788 6056845.8882  639129.1082 1869698.6039  200521.8161     283.8848     148.5195
400000074 300000019                                         6248583.0214       0.0000 1242920.4416 6212473.2151  636326.6289 1260914.7366 6096666.8789       0.0000 1849403.6788  199642.5528     248.8013     132.4943
400000075 300000019                                         6114140.2800 1266279.9131 1266279.9131 6056845.8882  639129.1082 1869698.6039 6212473.2151  636326.6289 1260914.7366  200560.6406     250.4178     138.3979
400000076 300000019                                         6096666.8789       0.0000 1849403.6788 6212473.2151  636326.6289 1260914.7366 6056845.8882  639129.1082 1869698.6039  201535.9727     262.7981     141.4422
400000077 300000020                                         6248583.0214 1242920.4416       0.0000 6212473.2151 1260914.7366  636326.6289 6308900.9250  627459.2093  627459.2093  204548.8197     221.8997     150.2221
400000078 300000020                                         6114140.2800 1266279.9131 1266279.9131 6212473.2151  636326.6289 1260914.7366 6212473.2151 1260914.7366  636326.6289  203612.8458     223.2575     131.1844
400000079 300000020                                         6248583.0214       0.0000 1242920.4416 6308900.9250  627459.2093  627459.2093 6212473.2151  636326.6289 1260914.7366  204548.8197     229.4491     130.9425
400000080 300000020                                         6212473.2151 1260914.7366  636326.6289 6212473.2151  636326.6289 1260914.7366 6308900.9250  627459.2093  627459.2093  205583.5447     219.3689     140.2130
400000081 300000021                                         4504977.3029 4504977.3029       0.0000 4805928.6788 4126944.5164  678984.1624 4924849.5984 4041719.6134       0.0000  213029.7505     266.4948     117.2459
400000082 300000021                                         5024649.2825 3678298.5650 1346350.7175 5191537.9595 3630292.7893  677162.3725 4805928.6788 4126944.5164  678984.1624  213259.5913     231.1637     133.1536
400000083 300000021                                         5297292.9000 3539537.9546       0.0000 4924849.5984 4041719.6134       0.0000 5191537.9595 3630292.7893  677162.3725  212458.1628     263.6407      95.6286
400000084 300000021                                         4805928.6788 4126944.5164  678984.1624 5191537.9595 3630292.7893  677162.3725 4924849.5984 4041719.6134       0.0000  214297.3599     262.4301     122.4559
400000085 300000022                                         5201899.7171 2600949.8585 2600949.8585 5468063.2517 2604139.2443 1976963.3461 5157396.7439 3166715.9053 1990680.8386  213953.8407     309.5172     152.4212
400000086 300000022                                         5672228.9398 2577802.4491 1330561.6814 5375502.5311 3143878.6287 1345228.8674 5468063.2517 2604139.2443 1976963.3461  213196.7862     274.1143     137.6728
400000087 300000022                                         5024649.2825 3678298.5650 1346350.7175 5157396.7439 3166715.9053 1990680.8386 5375502.5311 3143878.6287 1345228.8674  213817.3983     267.8310     117.4760
400000088 300000022                                         5468063.2517 2604139.2443 1976963.3461 5375502.5311 3143878.6287 1345228.8674 5157396.7439 3166715.9053 1990680.8386  215042.4187     292.6051     143.1485
400000089 300000023                                         5886036.5016 2438076.1476       0.0000 5618720.3752 3003268.6103       0.0000 5812081.9155 2522238.0841  669073.8784  209920.2574     218.0399     124.2449
400000090 300000023                                         5297292.9000 3539537.9546       0.0000 5533298.6915 3085738.1156  671168.2896 5618720.3752 3003268.6103       0.0000  210577.3796     229.0923     120.0389
400000091 300000023                                         5672228.9398 2577802.4491 1330561.6814 5812081.9155 2522238.0841  669073.8784 5533298.6915 3085738.1156  671168.2896  210758.2000     223.3328     118.4507
400000092 300000023                                         5618720.3752 3003268.6103       0.0000 5533298.6915 3085738.1156  671168.2896 5812081.9155 2522238.0841  669073.8784  211783.6604     216.5545     123.3907
400000093 300000024                                         5024649.2825 3678298.5650 1346350.7175 5375502.5311 3143878.6287 1345228.8674 5191537.9595 3630292.7893  677162.3725  217445.2803     227.8595     138.5338
400000094 300000024                                         5672228.9398 2577802.4491 1330561.6814 5533298.6915 3085738.1156  671168.2896 5375502.5311 3143878.6287 1345228.8674  218077.9738     234.3663     125.4366
400000095 300000024                                         5297292.9000 3539537.9546       0.0000 5191537.9595 3630292.7893  677162.3725 5533298.6915 3085738.1156  671168.2896  218265.1507     241.3660     112.9375
400000096 300000024                                         5375502.5311 3143878.6287 1345228.8674 5533298.6915 3085738.1156  671168.2896 5191537.9595 3630292.7893  677162.3725  219375.9096     231.8260     132.4524
400000097 300000025                                         4504977.3029       0.0000 4504977.3029 4924849.5984       0.0000 4041719.6134 4805928.6788  678984.1624 4126944.5164  213029.7505     254.6275     107.0239
400000098 300000025                                         5297292.9000       0.0000 3539537.9546 5191537.9595  677162.3725 3630292.7893 4924849.5984       0.0000 4041719.6134  212458.1628     271.1623     115.2918
400000099 300000025                                         5024649.2825 1346350.7175 3678298.5650 4805928.6788  678984.1624 4126944.5164 5191537.9595  677162.3725 3630292.7893  213259.5913     270.9532      89.0177
400000100 300000025                                         4924849.5984       0.0000 4041719.6134 5191537.9595  677162.3725 3630292.7893 4805928.6788  678984.1624 4126944.5164  214297.3599     265.2053      84.6371
400000101 300000026                                         5886036.5016       0.0000 2438076.1476 5812081.9155  669073.8784 2522238.0841 5618720.3752       0.0000 3003268.6103  209920.2574     297.3367     143.5404
400000102 300000026                                         5672228.9398 1330561.6814 2577802.4491 5533298.6915  671168.2896 3085738.1156 5812081.9155  669073.8784 2522238.0841  210758.2000     291.7343     141.2041
400000103 300000026                                         5297292.9000       0.0000 3539537.9546 5618720.3752       0.0000 3003268.6103 5533298.6915  671168.2896 3085738.1156  210577.3796     295.7778     160.3355
400000104 300000026                                         5812081.9155  669073.8784 2522238.0841 5533298.6915  671168.2896 3085738.1156 5618720.3752       0.0000 3003268.6103  211783.6604     297.6029     140.3363
400000105 300000027                                         5201899.7171 2600949.8585 2600949.8585 5157396.7439 1990680.8386 3166715.9053 5468063.2517 1976963.3461 2604139.2443  213953.8407     308.8065     160.0035
400000106 300000027                                         5024649.2825 1346350.7175 3678298.5650 5375502.5311 1345228.8674 3143878.6287 5157396.7439 1990680.8386 3166715.9053  213817.3983     287.1114     105.8604
400000107 300000027                                         5672228.9398 1330561.6814 2577802.4491 5468063.2517 1976963.3461 2604139.2443 5375502.5311 1345228.8674 3143878.6287  213196.7862     301.6149     147.6583
400000108 300000027                                         5157396.7439 1990680.8386 3166715.9053 5375502.5311 1345228.8674 3143878.6287 5468063.2517 1976963.3461 2604139.2443  215042.4187     300.8916     147.3722
400000109 300000028                                         5297292.9000       0.0000 3539537.9546 5533298.6915  671168.2896 3085738.1156 5191537.9595  677162.3725 3630292.7893  218265.1507     288.7960     159.0697
400000110 300000028                                         5672228.9398 1330561.6814 2577802.4491 5375502.5311 1345228.8674 3143878.6287 5533298.6915  671168.2896 3085738.1156  218077.9738     296.2294     152.0576
400000111 300000028                                         5024649.2825 1346350.7175 3678298.5650 5191537.9595  677162.3725 3630292.7893 5375502.5311 1345228.8674 3143878.6287  217445.2803     283.4223     113.7712
400000112 300000028                                         5533298.6915  671168.2896 3085738.1156 5375502.5311 1345228.8674 3143878.6287 5191537.9595  677162.3725 3630292.7893  219375.9096     293.8405     162.0955
400000113 300000029                                         5886036.5016 2438076.1476       0.0000 5812081.9155 2522238.0841  669073.8784 6056845.8882 1869698.6039  639129.1082  232651.5371     219.7250     124.4035
400000114 300000029                                         5672228.9398 2577802.4491 1330561.6814 5928333.1219 1933504.7432 1306164.9224 5812081.9155 2522238.0841  669073.8784  231845.9895     229.9742     118.5262
400000115 300000029                                         6114140.2800 1266279.9131 1266279.9131 6056845.8882 1869698.6039  639129.1082 5928333.1219 1933504.7432 1306164.9224  232712.3450     230.1663     124.8048
400000116 300000029                                         5812081.9155 2522238.0841  669073.8784 5928333.1219 1933504.7432 1306164.9224 6056845.8882 1869698.6039  639129.1082  234046.8072     223.2289     120.4338
400000117 300000030                                         5201899.7171 2600949.8585 2600949.8585 5468063.2517 1976963.3461 2604139.2443 5468063.2517 2604139.2443 1976963.3461  228300.1373     310.4464     155.7645
400000118 300000030                                         5672228.9398 1330561.6814 2577802.4491 5727370.1528 1973179.1775 1973179.1775 5468063.2517 1976963.3461 2604139.2443  229212.6770     302.8942     130.4713
400000119 300000030                                         5672228.9398 2577802.4491 1330561.6814 5468063.2517 2604139.2443 1976963.3461 5727370.1528 1973179.1775 1973179.1775  229212.6770     292.4844     144.0254
400000120 300000030                                         5468063.2517 1976963.3461 2604139.2443 5727370.1528 1973179.1775 1973179.1775 5468063.2517 2604139.2443 1976963.3461  230526.8451     307.6237     147.1291
400000121 300000031                                         5886036.5016       0.0000 2438076.1476 6056845.8882  639129.1082 1869698.6039 5812081.9155  669073.8784 2522238.0841  232651.5371     290.7460     151.0823
400000122 300000031                                         6114140.2800 1266279.9131 1266279.9131 5928333.1219 1306164.9224 1933504.7432 6056845.8882  639129.1082 1869698.6039  232712.3450     278.2785     152.3967
400000123 300000031                                         5672228.9398 1330561.6814 2577802.4491 5812081.9155  669073.8784 2522238.0841 5928333.1219 1306164.9224 1933504.7432  231845.9895     300.0415     156.8454
400000124 300000031                                         6056845.8882  639129.1082 1869698.6039 5928333.1219 1306164.9224 1933504.7432 5812081.9155  669073.8784 2522238.0841  234046.8072     294.8073     148.7839
400000125 300000032                                         5672228.9398 2577802.4491 1330561.6814 5727370.1528 1973179.1775 1973179.1775 5928333.1219 1933504.7432 1306164.9224  238189.0310     271.5398     134.7437
400000126 300000032                                         5672228.9398 1330561.6814 2577802.4491 5928333.1219 1306164.9224 1933504.7432 5727370.1528 1973179.1775 1973179.1775  238189.0310     301.9811     155.8427
400000127 300000032                                         6114140.2800 1266279.9131 1266279.9131 5928333.1219 1933504.7432 1306164.9224 5928333.1219 1306164.9224 1933504.7432  237302.7613     265.0132     145.4469
400000128 300000032                                         5727370.1528 1973179.1775 1973179.1775 5928333.1219 1306164.9224 1933504.7432 5928333.1219 1933504.7432 1306164.9224  239617.8861     289.5504     155.9791
400000129 300000033                                               0.0000 6371000.0000       0.0000       0.0000 6340321.8936  624467.2010  624467.2010 6340321.8936       0.0000  195921.5441     220.3294      97.6628
400000130 300000033                                               0.0000 6248583.0214 1242920.4416  627459.2093 6308900.9250  627459.2093       0.0000 6340321.8936  624467.2010  196860.2699     207.5514     110.5295
400000131 300000033                                         1242920.4416 6248583.0214       0.0000  624467.2010 6340321.8936       0.0000  627459.2093 6308900.9250  627459.2093  196860.2699     225.2216      90.8765
400000132 300000033                                               0.0000 6340321.8936  624467.2010  627459.2093 6308900.9250  627459.2093  624467.2010 6340321.8936       0.0000  197817.4310     216.7317     100.7570
400000133 300000034                                               0.0000 5886036.5016 2438076.1476  639129.1082 6056845.8882 1869698.6039       0.0000 6096666.8789 1849403.6788  200521.8161     205.0238     154.2444
400000134 300000034                                         1266279.9131 6114140.2800 1266279.9131  636326.6289 6212473.2151 1260914.7366  639129.1082 6056845.8882 1869698.6039  200560.6406     213.9177     114.7048
400000135 300000034                                               0.0000 6248583.0214 1242920.4416       0.0000 6096666.8789 1849403.6788  636326.6289 6212473.2151 1260914.7366  199642.5528     196.5241     134.5652
400000136 300000034                                          639129.1082 6056845.8882 1869698.6039  636326.6289 6212473.2151 1260914.7366       0.0000 6096666.8789 1849403.6788  201535.9727     201.6956     142.3368
400000137 300000035                                         2438076.1476 5886036.5016       0.0000 1849403.6788 6096666.8789       0.0000 1869698.6039 6056845.8882  639129.1082  200521.8161     226.7595      91.8832
400000138 300000035                                         1242920.4416 6248583.0214       0.0000 1260914.7366 6212473.2151  636326.6289 1849403.6788 6096666.8789       0.0000  199642.5528     225.8926      91.8844
400000139 300000035                                         1266279.9131 6114140.2800 1266279.9131 1869698.6039 6056845.8882  639129.1082 1260914.7366 6212473.2151  636326.6289  200560.6406     217.4913     115.5970
400000140 300000035                                         1849403.6788 6096666.8789       0.0000 1260914.7366 6212473.2151  636326.6289 1869698.6039 6056845.8882  639129.1082  201535.9727     221.7045      99.1643
400000141 300000036                                               0.0000 6248583.0214 1242920.4416  636326.6289 6212473.2151 1260914.7366  627459.2093 6308900.9250  627459.2093  204548.8197     209.5799     106.1688
400000142 300000036                                         1266279.9131 6114140.2800 1266279.9131 1260914.7366 6212473.2151  636326.6289  636326.6289 6212473.2151 1260914.7366  203612.8458     225.1697      96.4372
400000143 300000036                                         1242920.4416 6248583.0214       0.0000  627459.2093 6308900.9250  627459.2093 1260914.7366 6212473.2151  636326.6289  204548.8197     222.8438      95.0139
400000144 300000036                                          636326.6289 6212473.2151 1260914.7366 1260914.7366 6212473.2151  636326.6289  627459.2093 6308900.9250  627459.2093  205583.5447     225.0081      92.4416
400000145 300000037                                               0.0000 4504977.3029 4504977.3029  678984.1624 4805928.6788 4126944.5164       0.0000 4924849.5984 4041719.6134  213029.7505     253.2554     150.2327
400000146 300000037                                         1346350.7175 5024649.2825 3678298.5650  677162.3725 5191537.9595 3630292.7893  678984.1624 4805928.6788 4126944.5164  213259.5913     242.5018     171.3278
400000147 300000037                                               0.0000 5297292.9000 3539537.9546       0.0000 4924849.5984 4041719.6134  677162.3725 5191537.9595 3630292.7893  212458.1628     230.6689     173.3967
400000148 300000037                                          678984.1624 4805928.6788 4126944.5164  677162.3725 5191537.9595 3630292.7893       0.0000 4924849.5984 4041719.6134  214297.3599     251.2990     160.5588
400000149 300000038                                         2600949.8585 5201899.7171 2600949.8585 1976963.3461 5468063.2517 2604139.2443 1990680.8386 5157396.7439 3166715.9053  213953.8407     297.0557     107.6218
400000150 300000038                                         1330561.6814 5672228.9398 2577802.4491 1345228.8674 5375502.5311 3143878.6287 1976963.3461 5468063.2517 2604139.2443  213196.7862     277.2235     127.2191
400000151 300000038                                         1346350.7175 5024649.2825 3678298.5650 1990680.8386 5157396.7439 3166715.9053 1345228.8674 5375502.5311 3143878.6287  213817.3983     284.7155     115.8671
400000152 300000038                                         1976963.3461 5468063.2517 2604139.2443 1345228.8674 5375502.5311 3143878.6287 1990680.8386 5157396.7439 3166715.9053  215042.4187     295.0650     120.9916
400000153 300000039                                               0.0000 5886036.5016 2438076.1476       0.0000 5618720.3752 3003268.6103  669073.8784 5812081.9155 2522238.0841  209920.2574     224.0551     163.4489
400000154 300000039                                               0.0000 5297292.9000 3539537.9546  671168.2896 5533298.6915 3085738.1156       0.0000 5618720.3752 3003268.6103  210577.3796     240.4103     150.0303
400000155 300000039                                         1330561.6814 5672228.9398 2577802.4491  669073.8784 5812081.9155 2522238.0841  671168.2896 5533298.6915 3085738.1156  210758.2000     251.4749     146.3817
400000156 300000039                                               0.0000 5618720.3752 3003268.6103  671168.2896 5533298.6915 3085738.1156  669073.8784 5812081.9155 2522238.0841  211783.6604     240.7325     160.9305
400000157 300000040                                         1346350.7175 5024649.2825 3678298.5650 1345228.8674 5375502.5311 3143878.6287  677162.3725 5191537.9595 3630292.7893  217445.2803     247.3516     154.9498
400000158 300000040                                         1330561.6814 5672228.9398 2577802.4491  671168.2896 5533298.6915 3085738.1156 1345228.8674 5375502.5311 3143878.6287  218077.9738     267.5130     136.4247
400000159 300000040                                               0.0000 5297292.9000 3539537.9546  677162.3725 5191537.9595 3630292.7893  671168.2896 5533298.6915 3085738.1156  218265.1507     246.0457     148.5324
400000160 300000040                                         1345228.8674 5375502.5311 3143878.6287  671168.2896 5533298.6915 3085738.1156  677162.3725 5191537.9595 3630292.7893  219375.9096     252.3577     146.2421
400000161 300000041                                         4504977.3029 4504977.3029       0.0000 4041719.6134 4924849.5984       0.0000 4126944.5164 4805928.6788  678984.1624  213029.7505     261.4841      63.8652
400000162 300000041                                         3539537.9546 5297292.9000       0.0000 3630292.7893 5191537.9595  677162.3725 4041719.6134 4924849.5984       0.0000  212458.1628     249.0280      72.0627
400000163 300000041                                         3678298.5650 5024649.2825 1346350.7175 4126944.5164 4805928.6788  678984.1624 3630292.7893 5191537.9595  677162.3725  213259.5913     264.6241      64.0668
400000164 300000041                                         4041719.6134 4924849.5984       0.0000 3630292.7893 5191537.9595  677162.3725 4126944.5164 4805928.6788  678984.1624  214297.3599     258.9284      65.0538
400000165 300000042                                         2438076.1476 5886036.5016       0.0000 2522238.0841 5812081.9155  669073.8784 3003268.6103 5618720.3752       0.0000  209920.2574     227.2148      89.2872
400000166 300000042                                         2577802.4491 5672228.9398 1330561.6814 3085738.1156 5533298.6915  671168.2896 2522238.0841 5812081.9155  669073.8784  210758.2000     230.7991      96.3743
400000167 300000042                                         3539537.9546 5297292.9000       0.0000 3003268.6103 5618720.3752       0.0000 3085738.1156 5533298.6915  671168.2896  210577.3796     234.4374      83.5480
400000168 300000042                                         2522238.0841 5812081.9155  669073.8784 3085738.1156 5533298.6915  671168.2896 3003268.6103 5618720.3752       0.0000  211783.6604     229.2773      89.1757
400000169 300000043                                         2600949.8585 5201899.7171 2600949.8585 3166715.9053 5157396.7439 1990680.8386 2604139.2443 5468063.2517 1976963.3461  213953.8407     271.1587      91.4606
400000170 300000043                                         3678298.5650 5024649.2825 1346350.7175 3143878.6287 5375502.5311 1345228.8674 3166715.9053 5157396.7439 1990680.8386  213817.3983     262.8187      84.2701
400000171 300000043                                         2577802.4491 5672228.9398 1330561.6814 2604139.2443 5468063.2517 1976963.3461 3143878.6287 5375502.5311 1345228.8674  213196.7862     242.3770     105.0244
400000172 300000043                                         3166715.9053 5157396.7439 1990680.8386 3143878.6287 5375502.5311 1345228.8674 2604139.2443 5468063.2517 1976963.3461  215042.4187     256.3250      98.4987
400000173 300000044                                         3539537.9546 5297292.9000       0.0000 3085738.1156 5533298.6915  671168.2896 3630292.7893 5191537.9595  677162.3725  218265.1507     242.6755      77.8620
400000174 300000044                                         2577802.4491 5672228.9398 1330561.6814 3143878.6287 5375502.5311 1345228.8674 3085738.1156 5533298.6915  671168.2896  218077.9738     241.6631      88.0569
400000175 300000044                                         3678298.5650 5024649.2825 1346350.7175 3630292.7893 5191537.9595  677162.3725 3143878.6287 5375502.5311 1345228.8674  217445.2803     259.6314      77.2015
400000176 300000044                                         3085738.1156 5533298.6915  671168.2896 3143878.6287 5375502.5311 1345228.8674 3630292.7893 5191537.9595  677162.3725  219375.9096     250.9471      76.0039
400000177 300000045                                               0.0000 5886036.5016 2438076.1476  669073.8784 5812081.9155 2522238.0841  639129.1082 6056845.8882 1869698.6039  232651.5371     213.8392     154.2128
400000178 300000045                                         1330561.6814 5672228.9398 2577802.4491 1306164.9224 5928333.1219 1933504.7432  669073.8784 5812081.9155 2522238.0841  231845.9895     230.4340     147.8453
400000179 300000045                                         1266279.9131 6114140.2800 1266279.9131  639129.1082 6056845.8882 1869698.6039 1306164.9224 5928333.1219 1933504.7432  232712.3450     216.1544     136.0127
400000180 300000045                                          669073.8784 5812081.9155 2522238.0841 1306164.9224 5928333.1219 1933504.7432  639129.1082 6056845.8882 1869698.6039  234046.8072     214.7185     157.2113
400000181 300000046                                         2600949.8585 5201899.7171 2600949.8585 2604139.2443 5468063.2517 1976963.3461 1976963.3461 5468063.2517 2604139.2443  228300.1373     274.5000      93.4901
400000182 300000046                                         2577802.4491 5672228.9398 1330561.6814 1973179.1775 5727370.1528 1973179.1775 2604139.2443 5468063.2517 1976963.3461  229212.6770     234.5639     119.8079
400000183 300000046                                         1330561.6814 5672228.9398 2577802.4491 1976963.3461 5468063.2517 2604139.2443 1973179.1775 5727370.1528 1973179.1775  229212.6770     256.0823     127.5854
400000184 300000046                                         2604139.2443 5468063.2517 1976963.3461 1973179.1775 5727370.1528 1973179.1775 1976963.3461 5468063.2517 2604139.2443  230526.8451     251.3641     114.4969
400000185 300000047                                         2438076.1476 5886036.5016       0.0000 1869698.6039 6056845.8882  639129.1082 2522238.0841 5812081.9155  669073.8784  232651.5371     221.9947      99.2670
400000186 300000047                                         1266279.9131 6114140.2800 1266279.9131 1933504.7432 5928333.1219 1306164.9224 1869698.6039 6056845.8882  639129.1082  232712.3450     203.0704     142.1458
400000187 300000047                                         2577802.4491 5672228.9398 1330561.6814 2522238.0841 5812081.9155  669073.8784 1933504.7432 5928333.1219 1306164.9224  231845.9895     218.5022     117.6455
400000188 300000047                                         1869698.6039 6056845.8882  639129.1082 1933504.7432 5928333.1219 1306164.9224 2522238.0841 5812081.9155  669073.8784  234046.8072     211.4909     121.8556
400000189 300000048                                         1330561.6814 5672228.9398 2577802.4491 1973179.1775 5727370.1528 1973179.1775 1306164.9224 5928333.1219 1933504.7432  238189.0310     234.6634     137.4775
400000190 300000048                                         2577802.4491 5672228.9398 1330561.6814 1933504.7432 5928333.1219 1306164.9224 1973179.1775 5727370.1528 1973179.1775  238189.0310     219.6524     128.3827
400000191 300000048                                         1266279.9131 6114140.2800 1266279.9131 1306164.9224 5928333.1219 1933504.7432 1933504.7432 5928333.1219 1306164.9224  237302.7613     213.2904     151.5851
400000192 300000048                                         1973179.1775 5727370.1528 1973179.1775 1933504.7432 5928333.1219 1306164.9224 1306164.9224 5928333.1219 1933504.7432  239617.8861     217.1758     146.1808
400000193 300000049                                         4504977.3029       0.0000 4504977.3029 4805928.6788  678984.1624 4126944.5164 4126944.5164  678984.1624 4805928.6788  328324.9483     246.2054     138.4411
400000194 300000049                                         5024649.2825 1346350.7175 3678298.5650 4400885.2099 1361638.6226 4400885.2099 4805928.6788  678984.1624 4126944.5164  329212.3599     266.2332      87.1363
400000195 300000049                                         3678298.5650 1346350.7175 5024649.2825 4126944.5164  678984.1624 4805928.6788 4400885.2099 1361638.6226 4400885.2099  329212.3599     238.8115     165.5741
400000196 300000049                                         4805928.6788  678984.1624 4126944.5164 4400885.2099 1361638.6226 4400885.2099 4126944.5164  678984.1624 4805928.6788  332074.9378     249.5456     126.7026
400000197 300000050                                         5201899.7171 2600949.8585 2600949.8585 4688572.4479 2687534.5848 3374031.3064 5157396.7439 1990680.8386 3166715.9053  331958.1435     308.6857     158.0440
400000198 300000050                                         4074905.2917 2716603.5278 4074905.2917 4591494.5659 2050103.9020 3912146.8074 4688572.4479 2687534.5848 3374031.3064  332135.9111     283.7159      79.3417
400000199 300000050                                         5024649.2825 1346350.7175 3678298.5650 5157396.7439 1990680.8386 3166715.9053 4591494.5659 2050103.9020 3912146.8074  331417.2039     283.3632      73.6618
400000200 300000050                                         4688572.4479 2687534.5848 3374031.3064 4591494.5659 2050103.9020 3912146.8074 5157396.7439 1990680.8386 3166715.9053  335024.3025     291.6957      82.2032
400000201 300000051                                         2600949.8585 2600949.8585 5201899.7171 3166715.9053 1990680.8386 5157396.7439 3374031.3064 2687534.5848 4688572.4479  331958.1435     248.9757     150.5627
400000202 300000051                                         3678298.5650 1346350.7175 5024649.2825 3912146.8074 2050103.9020 4591494.5659 3166715.9053 1990680.8386 5157396.7439  331417.2039     243.7784     159.5715
400000203 300000051                                         4074905.2917 2716603.5278 4074905.2917 3374031.3064 2687534.5848 4688572.4479 3912146.8074 2050103.9020 4591494.5659  332135.9111     259.4752     102.6300
400000204 300000051                                         3166715.9053 1990680.8386 5157396.7439 3912146.8074 2050103.9020 4591494.5659 3374031.3064 2687534.5848 4688572.4479  335024.3025     251.4421     142.6470
400000205 300000052                                         5024649.2825 1346350.7175 3678298.5650 4591494.5659 2050103.9020 3912146.8074 4400885.2099 1361638.6226 4400885.2099  344128.0612     269.7182      83.6149
400000206 300000052                                         4074905.2917 2716603.5278 4074905.2917 3912146.8074 2050103.9020 4591494.5659 4591494.5659 2050103.9020 3912146.8074  343384.2298     264.7561     106.6595
400000207 300000052                                         3678298.5650 1346350.7175 5024649.2825 4400885.2099 1361638.6226 4400885.2099 3912146.8074 2050103.9020 4591494.5659  344128.0612     243.3578     157.1146
400000208 300000052                                         4591494.5659 2050103.9020 3912146.8074 3912146.8074 2050103.9020 4591494.5659 4400885.2099 1361638.6226 4400885.2099  347308.3434     253.6793     132.8214
400000209 300000053                                         4504977.3029 4504977.3029       0.0000 4126944.5164 4805928.6788  678984.1624 4805928.6788 4126944.5164  678984.1624  328324.9483     268.2876     110.6021
400000210 300000053                                         3678298.5650 5024649.2825 1346350.7175 4400885.2099 4400885.2099 1361638.6226 4126944.5164 4805928.6788  678984.1624  329212.3599     274.3642      90.2833
400000211 300000053                                         5024649.2825 3678298.5650 1346350.7175 4805928.6788 4126944.5164  678984.1624 4400885.2099 4400885.2099 1361638.6226  329212.3599     263.0843     101.2308
400000212 300000053                                         4126944.5164 4805928.6788  678984.1624 4400885.2099 4400885.2099 1361638.6226 4805928.6788 4126944.5164  678984.1624  332074.9378     272.1381     112.5791
400000213 300000054                                         2600949.8585 5201899.7171 2600949.8585 3374031.3064 4688572.4479 2687534.5848 3166715.9053 5157396.7439 1990680.8386  331958.1435     296.3107      94.4482
400000214 300000054                                         4074905.2917 4074905.2917 2716603.5278 3912146.8074 4591494.5659 2050103.9020 3374031.3064 4688572.4479 2687534.5848  332135.9111     316.3481     145.4925
400000215 300000054                                         3678298.5650 5024649.2825 1346350.7175 3166715.9053 5157396.7439 1990680.8386 3912146.8074 4591494.5659 2050103.9020  331417.2039     282.2196     100.9055
400000216 300000054                                         3374031.3064 4688572.4479 2687534.5848 3912146.8074 4591494.5659 2050103.9020 3166715.9053 5157396.7439 1990680.8386  335024.3025     305.8527     142.5588
400000217 300000055                                         5201899.7171 2600949.8585 2600949.8585 5157396.7439 3166715.9053 1990680.8386 4688572.4479 3374031.3064 2687534.5848  331958.1435     318.0541     135.8191
400000218 300000055                                         5024649.2825 3678298.5650 1346350.7175 4591494.5659 3912146.8074 2050103.9020 5157396.7439 3166715.9053 1990680.8386  331417.2039     282.9838     107.5650
400000219 300000055                                         4074905.2917 4074905.2917 2716603.5278 4688572.4479 3374031.3064 2687534.5848 4591494.5659 3912146.8074 2050103.9020  332135.9111     309.1923      97.6991
400000220 300000055                                         5157396.7439 3166715.9053 1990680.8386 4591494.5659 3912146.8074 2050103.9020 4688572.4479 3374031.3064 2687534.5848  335024.3025     306.3107      95.8979
400000221 300000056                                         3678298.5650 5024649.2825 1346350.7175 3912146.8074 4591494.5659 2050103.9020 4400885.2099 4400885.2099 1361638.6226  344128.0612     283.6992      91.5528
400000222 300000056                                         4074905.2917 4074905.2917 2716603.5278 4591494.5659 3912146.8074 2050103.9020 3912146.8074 4591494.5659 2050103.9020  343384.2298     306.8848     131.2070
400000223 300000056                                         5024649.2825 3678298.5650 1346350.7175 4400885.2099 4400885.2099 1361638.6226 4591494.5659 3912146.8074 2050103.9020  344128.0612     269.9730      91.7999
400000224 300000056                                         3912146.8074 4591494.5659 2050103.9020 4591494.5659 3912146.8074 2050103.9020 4400885.2099 4400885.2099 1361638.6226  347308.3434     286.5329     119.5612
400000225 300000057                                               0.0000 4504977.3029 4504977.3029  678984.1624 4126944.5164 4805928.6788  678984.1624 4805928.6788 4126944.5164  328324.9483     245.5929     149.9189
400000226 300000057                                         1346350.7175 3678298.5650 5024649.2825 1361638.6226 4400885.2099 4400885.2099  678984.1624 4126944.5164 4805928.6788  329212.3599     258.3134     130.2832
400000227 300000057                                         1346350.7175 5024649.2825 3678298.5650  678984.1624 4805928.6788 4126944.5164 1361638.6226 4400885.2099 4400885.2099  329212.3599     242.9678     155.0094
400000228 300000057                                          678984.1624 4126944.5164 4805928.6788 1361638.6226 4400885.2099 4400885.2099  678984.1624 4805928.6788 4126944.5164  332074.9378     251.1537     140.1365
400000229 300000058                                         2600949.8585 2600949.8585 5201899.7171 2687534.5848 3374031.3064 4688572.4479 1990680.8386 3166715.9053 5157396.7439  331958.1435     254.3504     142.4918
400000230 300000058                                         2716603.5278 4074905.2917 4074905.2917 2050103.9020 3912146.8074 4591494.5659 2687534.5848 3374031.3064 4688572.4479  332135.9111     279.9729     131.1459
400000231 300000058                                         1346350.7175 3678298.5650 5024649.2825 1990680.8386 3166715.9053 5157396.7439 2050103.9020 3912146.8074 4591494.5659  331417.2039     259.5895     132.7945
400000232 300000058                                         2687534.5848 3374031.3064 4688572.4479 2050103.9020 3912146.8074 4591494.5659 1990680.8386 3166715.9053 5157396.7439  335024.3025     264.2137     134.6234
400000233 300000059                                         2600949.8585 5201899.7171 2600949.8585 1990680.8386 5157396.7439 3166715.9053 2687534.5848 4688572.4479 3374031.3064  331958.1435     312.4181     112.4728
400000234 300000059                                         1346350.7175 5024649.2825 3678298.5650 2050103.9020 4591494.5659 3912146.8074 1990680.8386 5157396.7439 3166715.9053  331417.2039     282.1099     120.5831
400000235 300000059                                         2716603.5278 4074905.2917 4074905.2917 2687534.5848 4688572.4479 3374031.3064 2050103.9020 4591494.5659 3912146.8074  332135.9111     304.6657     111.1458
400000236 300000059                                         1990680.8386 5157396.7439 3166715.9053 2050103.9020 4591494.5659 3912146.8074 2687534.5848 4688572.4479 3374031.3064  335024.3025     306.1693     113.5484
400000237 300000060                                         1346350.7175 3678298.5650 5024649.2825 2050103.9020 3912146.8074 4591494.5659 1361638.6226 4400885.2099 4400885.2099  344128.0612     269.3890     124.5764
400000238 300000060                                         2716603.5278 4074905.2917 4074905.2917 2050103.9020 4591494.5659 3912146.8074 2050103.9020 3912146.8074 4591494.5659  343384.2298     295.6834     122.9551
400000239 300000060                                         1346350.7175 5024649.2825 3678298.5650 1361638.6226 4400885.2099 4400885.2099 2050103.9020 4591494.5659 3912146.8074  344128.0612     254.9529     143.0175
400000240 300000060                                         2050103.9020 3912146.8074 4591494.5659 2050103.9020 4591494.5659 3912146.8074 1361638.6226 4400885.2099 4400885.2099  347308.3434     286.7972     115.6748
400000241 300000061                                         5201899.7171 2600949.8585 2600949.8585 4688572.4479 3374031.3064 2687534.5848 4688572.4479 2687534.5848 3374031.3064  387995.8446     318.1276     135.4983
400000242 300000061                                         4074905.2917 4074905.2917 2716603.5278 4122015.5885 3435012.9904 3435012.9904 4688572.4479 3374031.3064 2687534.5848  388281.7658     318.7309     123.9704
400000243 300000061                                         4074905.2917 2716603.5278 4074905.2917 4688572.4479 2687534.5848 3374031.3064 4122015.5885 3435012.9904 3435012.9904  388281.7658     297.9895      87.4953
400000244 300000061                                         4688572.4479 3374031.3064 2687534.5848 4122015.5885 3435012.9904 3435012.9904 4688572.4479 2687534.5848 3374031.3064  392517.4362     315.6246     104.9423
400000245 300000062                                         2600949.8585 5201899.7171 2600949.8585 2687534.5848 4688572.4479 3374031.3064 3374031.3064 4688572.4479 2687534.5848  387995.8446     311.8089      92.3059
400000246 300000062                                         2716603.5278 4074905.2917 4074905.2917 3435012.9904 4122015.5885 3435012.9904 2687534.5848 4688572.4479 3374031.3064  388281.7658     304.4349     110.3417
400000247 300000062                                         4074905.2917 4074905.2917 2716603.5278 3374031.3064 4688572.4479 2687534.5848 3435012.9904 4122015.5885 3435012.9904  388281.7658     320.3409     111.4083
400000248 300000062                                         2687534.5848 4688572.4479 3374031.3064 3435012.9904 4122015.5885 3435012.9904 3374031.3064 4688572.4479 2687534.5848  392517.4362     312.7734     106.3546
400000249 300000063                                         2600949.8585 2600949.8585 5201899.7171 3374031.3064 2687534.5848 4688572.4479 2687534.5848 3374031.3064 4688572.4479  387995.8446     257.5934     140.9195
400000250 300000063                                         4074905.2917 2716603.5278 4074905.2917 3435012.9904 3435012.9904 4122015.5885 3374031.3064 2687534.5848 4688572.4479  388281.7658     256.5004     125.5823
400000251 300000063                                         2716603.5278 4074905.2917 4074905.2917 2687534.5848 3374031.3064 4688572.4479 3435012.9904 3435012.9904 4122015.5885  388281.7658     268.7671     111.0370
400000252 300000063                                         3374031.3064 2687534.5848 4688572.4479 3435012.9904 3435012.9904 4122015.5885 2687534.5848 3374031.3064 4688572.4479  392517.4362     256.1683     139.4861
400000253 300000064                                         4074905.2917 4074905.2917 2716603.5278 3435012.9904 4122015.5885 3435012.9904 4122015.5885 3435012.9904 3435012.9904  405996.4825     325.0696     140.1493
400000254 300000064                                         2716603.5278 4074905.2917 4074905.2917 3435012.9904 3435012.9904 4122015.5885 3435012.9904 4122015.5885 3435012.9904  405996.4825     280.9332     110.6757
400000255 300000064                                         4074905.2917 2716603.5278 4074905.2917 4122015.5885 3435012.9904 3435012.9904 3435012.9904 3435012.9904 4122015.5885  405996.4825     291.3377     122.7443
400000256 300000064                                         3435012.9904 4122015.5885 3435012.9904 3435012.9904 3435012.9904 4122015.5885 4122015.5885 3435012.9904 3435012.9904  410731.3740     308.4148     123.8845
400000257 300000065                                               0.0000       0.0000 6371000.0000       0.0000  624467.2010 6340321.8936 -624467.2010       0.0000 6340321.8936  195921.5441     224.9605     301.5369
400000258 300000065                                               0.0000 1242920.4416 6248583.0214 -627459.2093  627459.2093 6308900.9250       0.0000  624467.2010 6340321.8936  196860.2699     223.3402     298.0390
400000259 300000065                                         -1242920.4416       0.0000 6248583.0214 -624467.2010       0.0000 6340321.8936 -627459.2093  627459.2093 6308900.9250  196860.2699     224.9083     295.5596
400000260 300000065                                               0.0000  624467.2010 6340321.8936 -627459.2093  627459.2093 6308900.9250 -624467.2010       0.0000 6340321.8936  197817.4310     224.6341     299.6364
400000261 300000066                                               0.0000 2438076.1476 5886036.5016 -639129.1082 1869698.6039 6056845.8882       0.0000 1849403.6788 6096666.8789  200521.8161     230.6347     202.1336
400000262 300000066                                         -1266279.9131 1266279.9131 6114140.2800 -636326.6289 1260914.7366 6212473.2151 -639129.1082 1869698.6039 6056845.8882  200560.6406     226.9224     231.9613
400000263 300000066                                               0.0000 1242920.4416 6248583.0214       0.0000 1849403.6788 6096666.8789 -636326.6289 1260914.7366 6212473.2151  199642.5528     224.0669     267.4504
400000264 300000066                                         -639129.1082 1869698.6039 6056845.8882 -636326.6289 1260914.7366 6212473.2151       0.0000 1849403.6788 6096666.8789  201535.9727     227.2396     234.8075
400000265 300000067                                         -2438076.1476       0.0000 5886036.5016 -1849403.6788       0.0000 6096666.8789 -1869698.6039  639129.1082 6056845.8882  200521.8161     229.0429     228.8220
400000266 300000067                                         -1242920.4416       0.0000 6248583.0214 -1260914.7366  636326.6289 6212473.2151 -1849403.6788       0.0000 6096666.8789  199642.5528     226.0218     280.2272
400000267 300000067                                         -1266279.9131 1266279.9131 6114140.2800 -1869698.6039  639129.1082 6056845.8882 -1260914.7366  636326.6289 6212473.2151  200560.6406     226.5521     252.3099
400000268 300000067                                         -1849403.6788       0.0000 6096666.8789 -1260914.7366  636326.6289 6212473.2151 -1869698.6039  639129.1082 6056845.8882  201535.9727     227.2885     268.9586
400000269 300000068                                               0.0000 1242920.4416 6248583.0214 -636326.6289 1260914.7366 6212473.2151 -627459.2093  627459.2093 6308900.9250  204548.8197     222.8398     286.7477
400000270 300000068                                         -1266279.9131 1266279.9131 6114140.2800 -1260914.7366  636326.6289 6212473.2151 -636326.6289 1260914.7366 6212473.2151  203612.8458     225.0437     249.5923
400000271 300000068                                         -1242920.4416       0.0000 6248583.0214 -627459.2093  627459.2093 6308900.9250 -1260914.7366  636326.6289 6212473.2151  204548.8197     224.7963     292.5736
400000272 300000068                                         -636326.6289 1260914.7366 6212473.2151 -1260914.7366  636326.6289 6212473.2151 -627459.2093  627459.2093 6308900.9250  205583.5447     224.3540     285.4736
400000273 300000069                                               0.0000 4504977.3029 4504977.3029 -678984.1624 4126944.5164 4805928.6788       0.0000 4041719.6134 4924849.5984  213029.7505     241.4507     149.2872
400000274 300000069                                         -1346350.7175 3678298.5650 5024649.2825 -677162.3725 3630292.7893 5191537.9595 -678984.1624 4126944.5164 4805928.6788  213259.5913     228.7375     161.9150
400000275 300000069                                               0.0000 3539537.9546 5297292.9000       0.0000 4041719.6134 4924849.5984 -677162.3725 3630292.7893 5191537.9595  212458.1628     234.1608     160.5357
400000276 300000069                                         -678984.1624 4126944.5164 4805928.6788 -677162.3725 3630292.7893 5191537.9595       0.0000 4041719.6134 4924849.5984  214297.3599     231.2993     163.3592
400000277 300000070                                         -2600949.8585 2600949.8585 5201899.7171 -1976963.3461 2604139.2443 5468063.2517 -1990680.8386 3166715.9053 5157396.7439  213953.8407     232.5738     161.6914
400000278 300000070                                         -1330561.6814 2577802.4491 5672228.9398 -1345228.8674 3143878.6287 5375502.5311 -1976963.3461 2604139.2443 5468063.2517  213196.7862     234.8521     160.8854
400000279 300000070                                         -1346350.7175 3678298.5650 5024649.2825 -1990680.8386 3166715.9053 5157396.7439 -1345228.8674 3143878.6287 5375502.5311  213817.3983     230.6465     162.4750
400000280 300000070                                         -1976963.3461 2604139.2443 5468063.2517 -1345228.8674 3143878.6287 5375502.5311 -1990680.8386 3166715.9053 5157396.7439  215042.4187     230.2776     168.1738
400000281 300000071                                               0.0000 2438076.1476 5886036.5016       0.0000 3003268.6103 5618720.3752 -669073.8784 2522238.0841 5812081.9155  209920.2574     232.9738     177.3272
400000282 300000071                                               0.0000 3539537.9546 5297292.9000 -671168.2896 3085738.1156 5533298.6915       0.0000 3003268.6103 5618720.3752  210577.3796     236.7030     161.7339
400000283 300000071                                         -1330561.6814 2577802.4491 5672228.9398 -669073.8784 2522238.0841 5812081.9155 -671168.2896 3085738.1156 5533298.6915  210758.2000     233.1975     167.7663
400000284 300000071                                               0.0000 3003268.6103 5618720.3752 -671168.2896 3085738.1156 5533298.6915 -669073.8784 2522238.0841 5812081.9155  211783.6604     233.3272     170.9118
400000285 300000072                                         -1346350.7175 3678298.5650 5024649.2825 -1345228.8674 3143878.6287 5375502.5311 -677162.3725 3630292.7893 5191537.9595  217445.2803     231.4172     160.4604
400000286 300000072                                         -1330561.6814 2577802.4491 5672228.9398 -671168.2896 3085738.1156 5533298.6915 -1345228.8674 3143878.6287 5375502.5311  218077.9738     236.0596     159.9125
400000287 300000072                                               0.0000 3539537.9546 5297292.9000 -677162.3725 3630292.7893 5191537.9595 -671168.2896 3085738.1156 5533298.6915  218265.1507     236.6641     153.6931
400000288 300000072                                         -1345228.8674 3143878.6287 5375502.5311 -671168.2896 3085738.1156 5533298.6915 -677162.3725 3630292.7893 5191537.9595  219375.9096     234.5556     158.3888
400000289 300000073                                         -4504977.3029       0.0000 4504977.3029 -4041719.6134       0.0000 4924849.5984 -4126944.5164  678984.1624 4805928.6788  213029.7505     225.5121     220.5086
400000290 300000073                                         -3539537.9546       0.0000 5297292.9000 -3630292.7893  677162.3725 5191537.9595 -4041719.6134       0.0000 4924849.5984  212458.1628     225.2287     214.7300
400000291 300000073                                         -3678298.5650 1346350.7175 5024649.2825 -4126944.5164  678984.1624 4805928.6788 -3630292.7893  677162.3725 5191537.9595  213259.5913     227.7351     207.0852
400000292 300000073                                         -4041719.6134       0.0000 4924849.5984 -3630292.7893  677162.3725 5191537.9595 -4126944.5164  678984.1624 4805928.6788  214297.3599     226.2545     220.8754
400000293 300000074                                         -2438076.1476       0.0000 5886036.5016 -2522238.0841  669073.8784 5812081.9155 -3003268.6103       0.0000 5618720.3752  209920.2574     231.2164     179.2993
400000294 300000074                                         -2577802.4491 1330561.6814 5672228.9398 -3085738.1156  671168.2896 5533298.6915 -2522238.0841  669073.8784 5812081.9155  210758.2000     229.4873     186.0129
400000295 300000074                                         -3539537.9546       0.0000 5297292.9000 -3003268.6103       0.0000 5618720.3752 -3085738.1156  671168.2896 5533298.6915  210577.3796     227.0524     190.2448
400000296 300000074                                         -2522238.0841  669073.8784 5812081.9155 -3085738.1156  671168.2896 5533298.6915 -3003268.6103       0.0000 5618720.3752  211783.6604     228.9148     189.6962
400000297 300000075                                         -2600949.8585 2600949.8585 5201899.7171 -3166715.9053 1990680.8386 5157396.7439 -2604139.2443 1976963.3461 5468063.2517  213953.8407     235.7931     158.9708
400000298 300000075                                         -3678298.5650 1346350.7175 5024649.2825 -3143878.6287 1345228.8674 5375502.5311 -3166715.9053 1990680.8386 5157396.7439  213817.3983     231.1832     182.7100
400000299 300000075                                         -2577802.4491 1330561.6814 5672228.9398 -2604139.2443 1976963.3461 5468063.2517 -3143878.6287 1345228.8674 5375502.5311  213196.7862     232.9845     165.5584
400000300 300000075                                         -3166715.9053 1990680.8386 5157396.7439 -3143878.6287 1345228.8674 5375502.5311 -2604139.2443 1976963.3461 5468063.2517  215042.4187     233.4850     169.3855
400000301 300000076                                         -3539537.9546       0.0000 5297292.9000 -3085738.1156  671168.2896 5533298.6915 -3630292.7893  677162.3725 5191537.9595  218265.1507     226.6007     197.9777
400000302 300000076                                         -2577802.4491 1330561.6814 5672228.9398 -3143878.6287 1345228.8674 5375502.5311 -3085738.1156  671168.2896 5533298.6915  218077.9738     228.2019     175.0881
400000303 300000076                                         -3678298.5650 1346350.7175 5024649.2825 -3630292.7893  677162.3725 5191537.9595 -3143878.6287 1345228.8674 5375502.5311  217445.2803     227.2999     183.9257
400000304 300000076                                         -3085738.1156  671168.2896 5533298.6915 -3143878.6287 1345228.8674 5375502.5311 -3630292.7893  677162.3725 5191537.9595  219375.9096     226.4600     187.9074
400000305 300000077                                               0.0000 2438076.1476 5886036.5016 -669073.8784 2522238.0841 5812081.9155 -639129.1082 1869698.6039 6056845.8882  232651.5371     231.2818     186.2876
400000306 300000077                                         -1330561.6814 2577802.4491 5672228.9398 -1306164.9224 1933504.7432 5928333.1219 -669073.8784 2522238.0841 5812081.9155  231845.9895     232.8678     169.8181
400000307 300000077                                         -1266279.9131 1266279.9131 6114140.2800 -639129.1082 1869698.6039 6056845.8882 -1306164.9224 1933504.7432 5928333.1219  232712.3450     231.9128     191.1426
400000308 300000077                                         -669073.8784 2522238.0841 5812081.9155 -1306164.9224 1933504.7432 5928333.1219 -639129.1082 1869698.6039 6056845.8882  234046.8072     232.6994     176.1669
400000309 300000078                                         -2600949.8585 2600949.8585 5201899.7171 -2604139.2443 1976963.3461 5468063.2517 -1976963.3461 2604139.2443 5468063.2517  228300.1373     237.1475     155.6618
400000310 300000078                                         -2577802.4491 1330561.6814 5672228.9398 -1973179.1775 1973179.1775 5727370.1528 -2604139.2443 1976963.3461 5468063.2517  229212.6770     232.3230     168.3450
400000311 300000078                                         -1330561.6814 2577802.4491 5672228.9398 -1976963.3461 2604139.2443 5468063.2517 -1973179.1775 1973179.1775 5727370.1528  229212.6770     239.0390     151.3088
400000312 300000078                                         -2604139.2443 1976963.3461 5468063.2517 -1973179.1775 1973179.1775 5727370.1528 -1976963.3461 2604139.2443 5468063.2517  230526.8451     238.1741     148.3686
400000313 300000079                                         -2438076.1476       0.0000 5886036.5016 -1869698.6039  639129.1082 6056845.8882 -2522238.0841  669073.8784 5812081.9155  232651.5371     232.2553     185.3990
400000314 300000079                                         -1266279.9131 1266279.9131 6114140.2800 -1933504.7432 1306164.9224 5928333.1219 -1869698.6039  639129.1082 6056845.8882  232712.3450     229.2593     212.5348
400000315 300000079                                         -2577802.4491 1330561.6814 5672228.9398 -2522238.0841  669073.8784 5812081.9155 -1933504.7432 1306164.9224 5928333.1219  231845.9895     233.6546     165.2287
400000316 300000079                                         -1869698.6039  639129.1082 6056845.8882 -1933504.7432 1306164.9224 5928333.1219 -2522238.0841  669073.8784 5812081.9155  234046.8072     234.1914     174.6915
400000317 300000080                                         -1330561.6814 2577802.4491 5672228.9398 -1973179.1775 1973179.1775 5727370.1528 -1306164.9224 1933504.7432 5928333.1219  238189.0310     235.5107     163.8243
400000318 300000080                                         -2577802.4491 1330561.6814 5672228.9398 -1933504.7432 1306164.9224 5928333.1219 -1973179.1775 1973179.1775 5727370.1528  238189.0310     229.7942     172.6326
400000319 300000080                                         -1266279.9131 1266279.9131 6114140.2800 -1306164.9224 1933504.7432 5928333.1219 -1933504.7432 1306164.9224 5928333.1219  237302.7613     230.9360     189.5080
400000320 300000080                                         -1973179.1775 1973179.1775 5727370.1528 -1933504.7432 1306164.9224 5928333.1219 -1306164.9224 1933504.7432 5928333.1219  239617.8861     230.8384     172.5918
400000321 300000081                                               0.0000 6371000.0000       0.0000 -624467.2010 6340321.8936       0.0000       0.0000 6340321.8936  624467.2010  195921.5441     216.6079     104.2809
400000322 300000081                                         -1242920.4416 6248583.0214       0.0000 -627459.2093 6308900.9250  627459.2093 -624467.2010 6340321.8936       0.0000  196860.2699     214.2499     106.7741
400000323 300000081                                               0.0000 6248583.0214 1242920.4416       0.0000 6340321.8936  624467.2010 -627459.2093 6308900.9250  627459.2093  196860.2699     202.0185     125.9968
400000324 300000081                                         -624467.2010 6340321.8936       0.0000 -627459.2093 6308900.9250  627459.2093       0.0000 6340321.8936  624467.2010  197817.4310     209.9561     114.1974
400000325 300000082                                         -2438076.1476 5886036.5016       0.0000 -1869698.6039 6056845.8882  639129.1082 -1849403.6788 6096666.8789       0.0000  200521.8161     221.1242     103.4061
400000326 300000082                                         -1266279.9131 6114140.2800 1266279.9131 -1260914.7366 6212473.2151  636326.6289 -1869698.6039 6056845.8882  639129.1082  200560.6406     211.1624     114.4036
400000327 300000082                                         -1242920.4416 6248583.0214       0.0000 -1849403.6788 6096666.8789       0.0000 -1260914.7366 6212473.2151  636326.6289  199642.5528     222.1043     111.3941
400000328 300000082                                         -1869698.6039 6056845.8882  639129.1082 -1260914.7366 6212473.2151  636326.6289 -1849403.6788 6096666.8789       0.0000  201535.9727     222.4599     101.0010
400000329 300000083                                               0.0000 5886036.5016 2438076.1476       0.0000 6096666.8789 1849403.6788 -639129.1082 6056845.8882 1869698.6039  200521.8161     195.6356     173.2225
400000330 300000083                                               0.0000 6248583.0214 1242920.4416 -636326.6289 6212473.2151 1260914.7366       0.0000 6096666.8789 1849403.6788  199642.5528     191.0150     148.9977
400000331 300000083                                         -1266279.9131 6114140.2800 1266279.9131 -639129.1082 6056845.8882 1869698.6039 -636326.6289 6212473.2151 1260914.7366  200560.6406     188.9322     169.3785
400000332 300000083                                               0.0000 6096666.8789 1849403.6788 -636326.6289 6212473.2151 1260914.7366 -639129.1082 6056845.8882 1869698.6039  201535.9727     188.7834     164.0338
400000333 300000084                                         -1242920.4416 6248583.0214       0.0000 -1260914.7366 6212473.2151  636326.6289 -627459.2093 6308900.9250  627459.2093  204548.8197     212.7364     111.1101
400000334 300000084                                         -1266279.9131 6114140.2800 1266279.9131 -636326.6289 6212473.2151 1260914.7366 -1260914.7366 6212473.2151  636326.6289  203612.8458     202.0900     131.1071
400000335 300000084                                               0.0000 6248583.0214 1242920.4416 -627459.2093 6308900.9250  627459.2093 -636326.6289 6212473.2151 1260914.7366  204548.8197     198.6246     135.2528
400000336 300000084                                         -1260914.7366 6212473.2151  636326.6289 -636326.6289 6212473.2151 1260914.7366 -627459.2093 6308900.9250  627459.2093  205583.5447     206.2796     120.3446
400000337 300000085                                         -4504977.3029 4504977.3029       0.0000 -4126944.5164 4805928.6788  678984.1624 -4041719.6134 4924849.5984       0.0000  213029.7505     217.2512     110.4320
400000338 300000085                                         -3678298.5650 5024649.2825 1346350.7175 -3630292.7893 5191537.9595  677162.3725 -4126944.5164 4805928.6788  678984.1624  213259.5913     208.9738     122.3026
400000339 300000085                                         -3539537.9546 5297292.9000       0.0000 -4041719.6134 4924849.5984       0.0000 -3630292.7893 5191537.9595  677162.3725  212458.1628     222.8408     103.1080
400000340 300000085                                         -4126944.5164 4805928.6788  678984.1624 -3630292.7893 5191537.9595  677162.3725 -4041719.6134 4924849.5984       0.0000  214297.3599     214.4740     118.2993
400000341 300000086                                         -2600949.8585 5201899.7171 2600949.8585 -2604139.2443 5468063.2517 1976963.3461 -3166715.9053 5157396.7439 1990680.8386  213953.8407     228.4534     115.1852
400000342 300000086                                         -2577802.4491 5672228.9398 1330561.6814 -3143878.6287 5375502.5311 1345228.8674 -2604139.2443 5468063.2517 1976963.3461  213196.7862     205.9913     129.0848
400000343 300000086                                         -3678298.5650 5024649.2825 1346350.7175 -3166715.9053 5157396.7439 1990680.8386 -3143878.6287 5375502.5311 1345228.8674  213817.3983     219.8646     112.7130
400000344 300000086                                         -2604139.2443 5468063.2517 1976963.3461 -3143878.6287 5375502.5311 1345228.8674 -3166715.9053 5157396.7439 1990680.8386  215042.4187     210.3408     124.7013
400000345 300000087                                         -2438076.1476 5886036.5016       0.0000 -3003268.6103 5618720.3752       0.0000 -2522238.0841 5812081.9155  669073.8784  209920.2574     215.9370     115.6132
400000346 300000087                                         -3539537.9546 5297292.9000       0.0000 -3085738.1156 5533298.6915  671168.2896 -3003268.6103 5618720.3752       0.0000  210577.3796     229.4637     100.6587
400000347 300000087                                         -2577802.4491 5672228.9398 1330561.6814 -2522238.0841 5812081.9155  669073.8784 -3085738.1156 5533298.6915  671168.2896  210758.2000     209.8946     115.9098
400000348 300000087                                         -3003268.6103 5618720.3752       0.0000 -3085738.1156 5533298.6915  671168.2896 -2522238.0841 5812081.9155  669073.8784  211783.6604     217.8076     115.0095
400000349 300000088                                         -3678298.5650 5024649.2825 1346350.7175 -3143878.6287 5375502.5311 1345228.8674 -3630292.7893 5191537.9595  677162.3725  217445.2803     208.1598     116.7170
400000350 300000088                                         -2577802.4491 5672228.9398 1330561.6814 -3085738.1156 5533298.6915  671168.2896 -3143878.6287 5375502.5311 1345228.8674  218077.9738     202.7999     127.4618
400000351 300000088                                         -3539537.9546 5297292.9000       0.0000 -3630292.7893 5191537.9595  677162.3725 -3085738.1156 5533298.6915  671168.2896  218265.1507     223.2999     100.8094
400000352 300000088                                         -3143878.6287 5375502.5311 1345228.8674 -3085738.1156 5533298.6915  671168.2896 -3630292.7893 5191537.9595  677162.3725  219375.9096     203.8288     120.6360
400000353 300000089                                               0.0000 4504977.3029 4504977.3029       0.0000 4924849.5984 4041719.6134 -678984.1624 4805928.6788 4126944.5164  213029.7505     259.8384     137.2631
400000354 300000089                                               0.0000 5297292.9000 3539537.9546 -677162.3725 5191537.9595 3630292.7893       0.0000 4924849.5984 4041719.6134  212458.1628     229.2219     182.0220
400000355 300000089                                         -1346350.7175 5024649.2825 3678298.5650 -678984.1624 4805928.6788 4126944.5164 -677162.3725 5191537.9595 3630292.7893  213259.5913     227.2165     180.2738
400000356 300000089                                               0.0000 4924849.5984 4041719.6134 -677162.3725 5191537.9595 3630292.7893 -678984.1624 4805928.6788 4126944.5164  214297.3599     240.3224     166.4859
400000357 300000090                                               0.0000 5886036.5016 2438076.1476 -669073.8784 5812081.9155 2522238.0841       0.0000 5618720.3752 3003268.6103  209920.2574     216.9441     183.6578
400000358 300000090                                         -1330561.6814 5672228.9398 2577802.4491 -671168.2896 5533298.6915 3085738.1156 -669073.8784 5812081.9155 2522238.0841  210758.2000     225.6807     200.1450
400000359 300000090                                               0.0000 5297292.9000 3539537.9546       0.0000 5618720.3752 3003268.6103 -671168.2896 5533298.6915 3085738.1156  210577.3796     226.2333     181.2289
400000360 300000090                                         -669073.8784 5812081.9155 2522238.0841 -671168.2896 5533298.6915 3085738.1156       0.0000 5618720.3752 3003268.6103  211783.6604     224.2267     201.9185
400000361 300000091                                         -2600949.8585 5201899.7171 2600949.8585 -1990680.8386 5157396.7439 3166715.9053 -1976963.3461 5468063.2517 2604139.2443  213953.8407     227.8458     195.5813
400000362 300000091                                         -1346350.7175 5024649.2825 3678298.5650 -1345228.8674 5375502.5311 3143878.6287 -1990680.8386 5157396.7439 3166715.9053  213817.3983     234.0876     192.8507
400000363 300000091                                         -1330561.6814 5672228.9398 2577802.4491 -1976963.3461 5468063.2517 2604139.2443 -1345228.8674 5375502.5311 3143878.6287  213196.7862     226.3137     200.1029
400000364 300000091                                         -1990680.8386 5157396.7439 3166715.9053 -1345228.8674 5375502.5311 3143878.6287 -1976963.3461 5468063.2517 2604139.2443  215042.4187     234.1100     204.2544
400000365 300000092                                               0.0000 5297292.9000 3539537.9546 -671168.2896 5533298.6915 3085738.1156 -677162.3725 5191537.9595 3630292.7893  218265.1507     221.5203     190.7280
400000366 300000092                                         -1330561.6814 5672228.9398 2577802.4491 -1345228.8674 5375502.5311 3143878.6287 -671168.2896 5533298.6915 3085738.1156  218077.9738     225.1925     193.9577
400000367 300000092                                         -1346350.7175 5024649.2825 3678298.5650 -677162.3725 5191537.9595 3630292.7893 -1345228.8674 5375502.5311 3143878.6287  217445.2803     220.2176     198.2358
400000368 300000092                                         -671168.2896 5533298.6915 3085738.1156 -1345228.8674 5375502.5311 3143878.6287 -677162.3725 5191537.9595 3630292.7893  219375.9096     219.5773     191.6735
400000369 300000093                                         -2438076.1476 5886036.5016       0.0000 -2522238.0841 5812081.9155  669073.8784 -1869698.6039 6056845.8882  639129.1082  232651.5371     216.5612     109.0882
400000370 300000093                                         -2577802.4491 5672228.9398 1330561.6814 -1933504.7432 5928333.1219 1306164.9224 -2522238.0841 5812081.9155  669073.8784  231845.9895     214.4761     112.7701
400000371 300000093                                         -1266279.9131 6114140.2800 1266279.9131 -1869698.6039 6056845.8882  639129.1082 -1933504.7432 5928333.1219 1306164.9224  232712.3450     209.1116     129.0822
400000372 300000093                                         -2522238.0841 5812081.9155  669073.8784 -1933504.7432 5928333.1219 1306164.9224 -1869698.6039 6056845.8882  639129.1082  234046.8072     217.2550     109.9331
400000373 300000094                                         -2600949.8585 5201899.7171 2600949.8585 -1976963.3461 5468063.2517 2604139.2443 -2604139.2443 5468063.2517 1976963.3461  228300.1373     218.5779     160.2648
400000374 300000094                                         -1330561.6814 5672228.9398 2577802.4491 -1973179.1775 5727370.1528 1973179.1775 -1976963.3461 5468063.2517 2604139.2443  229212.6770     213.4339     166.8082
400000375 300000094                                         -2577802.4491 5672228.9398 1330561.6814 -2604139.2443 5468063.2517 1976963.3461 -1973179.1775 5727370.1528 1973179.1775  229212.6770     223.7140     106.0444
400000376 300000094                                         -1976963.3461 5468063.2517 2604139.2443 -1973179.1775 5727370.1528 1973179.1775 -2604139.2443 5468063.2517 1976963.3461  230526.8451     219.8040     134.0518
400000377 300000095                                               0.0000 5886036.5016 2438076.1476 -639129.1082 6056845.8882 1869698.6039 -669073.8784 5812081.9155 2522238.0841  232651.5371     217.6750     175.3487
400000378 300000095                                         -1266279.9131 6114140.2800 1266279.9131 -1306164.9224 5928333.1219 1933504.7432 -639129.1082 6056845.8882 1869698.6039  232712.3450     202.9226     157.9568
400000379 300000095                                         -1330561.6814 5672228.9398 2577802.4491 -669073.8784 5812081.9155 2522238.0841 -1306164.9224 5928333.1219 1933504.7432  231845.9895     216.4560     181.4997
400000380 300000095                                         -639129.1082 6056845.8882 1869698.6039 -1306164.9224 5928333.1219 1933504.7432 -669073.8784 5812081.9155 2522238.0841  234046.8072     216.1009     176.0496
400000381 300000096                                         -2577802.4491 5672228.9398 1330561.6814 -1973179.1775 5727370.1528 1973179.1775 -1933504.7432 5928333.1219 1306164.9224  238189.0310     228.3709      98.8159
400000382 300000096                                         -1330561.6814 5672228.9398 2577802.4491 -1306164.9224 5928333.1219 1933504.7432 -1973179.1775 5727370.1528 1973179.1775  238189.0310     207.3476     159.1418
400000383 300000096                                         -1266279.9131 6114140.2800 1266279.9131 -1933504.7432 5928333.1219 1306164.9224 -1306164.9224 5928333.1219 1933504.7432  237302.7613     205.0503     143.2870
400000384 300000096                                         -1973179.1775 5727370.1528 1973179.1775 -1306164.9224 5928333.1219 1933504.7432 -1933504.7432 5928333.1219 1306164.9224  239617.8861     214.7169     145.4786
400000385 300000097                                         -6371000.0000       0.0000       0.0000 -6340321.8936       0.0000  624467.2010 -6340321.8936  624467.2010       0.0000  195921.5441     249.8210      76.1191
400000386 300000097                                         -6248583.0214       0.0000 1242920.4416 -6308900.9250  627459.2093  627459.2093 -6340321.8936       0.0000  624467.2010  196860.2699     238.3819      93.9026
400000387 300000097                                         -6248583.0214 1242920.4416       0.0000 -6340321.8936  624467.2010       0.0000 -6308900.9250  627459.2093  627459.2093  196860.2699     243.3438      77.4114
400000388 300000097                                         -6340321.8936       0.0000  624467.2010 -6308900.9250  627459.2093  627459.2093 -6340321.8936  624467.2010       0.0000  197817.4310     234.4336      94.0726
400000389 300000098                                         -5886036.5016       0.0000 2438076.1476 -6056845.8882  639129.1082 1869698.6039 -6096666.8789       0.0000 1849403.6788  200521.8161     272.1367      66.3708
400000390 300000098                                         -6114140.2800 1266279.9131 1266279.9131 -6212473.2151  636326.6289 1260914.7366 -6056845.8882  639129.1082 1869698.6039  200560.6406     265.7539      67.2633
400000391 300000098                                         -6248583.0214       0.0000 1242920.4416 -6096666.8789       0.0000 1849403.6788 -6212473.2151  636326.6289 1260914.7366  199642.5528     266.3021      67.0206
400000392 300000098                                         -6056845.8882  639129.1082 1869698.6039 -6212473.2151  636326.6289 1260914.7366 -6096666.8789       0.0000 1849403.6788  201535.9727     271.1562      64.1711
400000393 300000099                                         -5886036.5016 2438076.1476       0.0000 -6096666.8789 1849403.6788       0.0000 -6056845.8882 1869698.6039  639129.1082  200521.8161     228.9094      94.2338
400000394 300000099                                         -6248583.0214 1242920.4416       0.0000 -6212473.2151 1260914.7366  636326.6289 -6096666.8789 1849403.6788       0.0000  199642.5528     237.1739      85.0266
400000395 300000099                                         -6114140.2800 1266279.9131 1266279.9131 -6056845.8882 1869698.6039  639129.1082 -6212473.2151 1260914.7366  636326.6289  200560.6406     234.2383      97.4282
400000396 300000099                                         -6096666.8789 1849403.6788       0.0000 -6212473.2151 1260914.7366  636326.6289 -6056845.8882 1869698.6039  639129.1082  201535.9727     225.5726     102.5404
400000397 300000100                                         -6248583.0214       0.0000 1242920.4416 -6212473.2151  636326.6289 1260914.7366 -6308900.9250  627459.2093  627459.2093  204548.8197     247.9395      82.6098
400000398 300000100                                         -6114140.2800 1266279.9131 1266279.9131 -6212473.2151 1260914.7366  636326.6289 -6212473.2151  636326.6289 1260914.7366  203612.8458     246.3888      84.0531
400000399 300000100                                         -6248583.0214 1242920.4416       0.0000 -6308900.9250  627459.2093  627459.2093 -6212473.2151 1260914.7366  636326.6289  204548.8197     229.4437      98.9005
400000400 300000100                                         -6212473.2151  636326.6289 1260914.7366 -6212473.2151 1260914.7366  636326.6289 -6308900.9250  627459.2093  627459.2093  205583.5447     235.5525      95.9298
400000401 300000101                                         -4504977.3029       0.0000 4504977.3029 -4805928.6788  678984.1624 4126944.5164 -4924849.5984       0.0000 4041719.6134  213029.7505     224.7759     200.5621
400000402 300000101                                         -5024649.2825 1346350.7175 3678298.5650 -5191537.9595  677162.3725 3630292.7893 -4805928.6788  678984.1624 4126944.5164  213259.5913     223.5181     175.3599
400000403 300000101                                         -5297292.9000       0.0000 3539537.9546 -4924849.5984       0.0000 4041719.6134 -5191537.9595  677162.3725 3630292.7893  212458.1628     227.5120     165.4405
400000404 300000101                                         -4805928.6788  678984.1624 4126944.5164 -5191537.9595  677162.3725 3630292.7893 -4924849.5984       0.0000 4041719.6134  214297.3599     224.7455     179.9014
400000405 300000102                                         -5201899.7171 2600949.8585 2600949.8585 -5468063.2517 1976963.3461 2604139.2443 -5157396.7439 1990680.8386 3166715.9053  213953.8407     259.0209      81.2981
400000406 300000102                                         -5672228.9398 1330561.6814 2577802.4491 -5375502.5311 1345228.8674 3143878.6287 -5468063.2517 1976963.3461 2604139.2443  213196.7862     260.9361      78.4015
400000407 300000102                                         -5024649.2825 1346350.7175 3678298.5650 -5157396.7439 1990680.8386 3166715.9053 -5375502.5311 1345228.8674 3143878.6287  213817.3983     234.1218     136.9013
400000408 300000102                                         -5468063.2517 1976963.3461 2604139.2443 -5375502.5311 1345228.8674 3143878.6287 -5157396.7439 1990680.8386 3166715.9053  215042.4187     252.1064      93.3869
400000409 300000103                                         -5886036.5016       0.0000 2438076.1476 -5618720.3752       0.0000 3003268.6103 -5812081.9155  669073.8784 2522238.0841  209920.2574     262.7099      80.1045
400000410 300000103                                         -5297292.9000       0.0000 3539537.9546 -5533298.6915  671168.2896 3085738.1156 -5618720.3752       0.0000 3003268.6103  210577.3796     246.9629     110.4618
400000411 300000103                                         -5672228.9398 1330561.6814 2577802.4491 -5812081.9155  669073.8784 2522238.0841 -5533298.6915  671168.2896 3085738.1156  210758.2000     261.8018      79.3529
400000412 300000103                                         -5618720.3752       0.0000 3003268.6103 -5533298.6915  671168.2896 3085738.1156 -5812081.9155  669073.8784 2522238.0841  211783.6604     258.6108      85.0412
400000413 300000104                                         -5024649.2825 1346350.7175 3678298.5650 -5375502.5311 1345228.8674 3143878.6287 -5191537.9595  677162.3725 3630292.7893  217445.2803     228.8569     151.6481
400000414 300000104                                         -5672228.9398 1330561.6814 2577802.4491 -5533298.6915  671168.2896 3085738.1156 -5375502.5311 1345228.8674 3143878.6287  218077.9738     255.0090      88.1766
400000415 300000104                                         -5297292.9000       0.0000 3539537.9546 -5191537.9595  677162.3725 3630292.7893 -5533298.6915  671168.2896 3085738.1156  218265.1507     236.0552     132.5922
400000416 300000104                                         -5375502.5311 1345228.8674 3143878.6287 -5533298.6915  671168.2896 3085738.1156 -5191537.9595  677162.3725 3630292.7893  219375.9096     238.0500     123.0969
400000417 300000105                                         -4504977.3029 4504977.3029       0.0000 -4924849.5984 4041719.6134       0.0000 -4805928.6788 4126944.5164  678984.1624  213029.7505     218.9581     104.2127
400000418 300000105                                         -5297292.9000 3539537.9546       0.0000 -5191537.9595 3630292.7893  677162.3725 -4924849.5984 4041719.6134       0.0000  212458.1628     220.5779     102.1868
400000419 300000105                                         -5024649.2825 3678298.5650 1346350.7175 -4805928.6788 4126944.5164  678984.1624 -5191537.9595 3630292.7893  677162.3725  213259.5913     220.8601     103.0047
400000420 300000105                                         -4924849.5984 4041719.6134       0.0000 -5191537.9595 3630292.7893  677162.3725 -4805928.6788 4126944.5164  678984.1624  214297.3599     217.1188     106.5711
400000421 300000106                                         -5886036.5016 2438076.1476       0.0000 -5812081.9155 2522238.0841  669073.8784 -5618720.3752 3003268.6103       0.0000  209920.2574     222.9294     101.5947
400000422 300000106                                         -5672228.9398 2577802.4491 1330561.6814 -5533298.6915 3085738.1156  671168.2896 -5812081.9155 2522238.0841  669073.8784  210758.2000     227.2425     102.0441
400000423 300000106                                         -5297292.9000 3539537.9546       0.0000 -5618720.3752 3003268.6103       0.0000 -5533298.6915 3085738.1156  671168.2896  210577.3796     220.4024     100.7642
400000424 300000106                                         -5812081.9155 2522238.0841  669073.8784 -5533298.6915 3085738.1156  671168.2896 -5618720.3752 3003268.6103       0.0000  211783.6604     217.2103     110.6587
400000425 300000107                                         -5201899.7171 2600949.8585 2600949.8585 -5157396.7439 3166715.9053 1990680.8386 -5468063.2517 2604139.2443 1976963.3461  213953.8407     269.8148      63.8300
400000426 300000107                                         -5024649.2825 3678298.5650 1346350.7175 -5375502.5311 3143878.6287 1345228.8674 -5157396.7439 3166715.9053 1990680.8386  213817.3983     260.5082      67.5160
400000427 300000107                                         -5672228.9398 2577802.4491 1330561.6814 -5468063.2517 2604139.2443 1976963.3461 -5375502.5311 3143878.6287 1345228.8674  213196.7862     264.1166      64.5678
400000428 300000107                                         -5157396.7439 3166715.9053 1990680.8386 -5375502.5311 3143878.6287 1345228.8674 -5468063.2517 2604139.2443 1976963.3461  215042.4187     268.0690      62.3751
400000429 300000108                                         -5297292.9000 3539537.9546       0.0000 -5533298.6915 3085738.1156  671168.2896 -5191537.9595 3630292.7893  677162.3725  218265.1507     216.7624     108.3851
400000430 300000108                                         -5672228.9398 2577802.4491 1330561.6814 -5375502.5311 3143878.6287 1345228.8674 -5533298.6915 3085738.1156  671168.2896  218077.9738     239.0230      87.3520
400000431 300000108                                         -5024649.2825 3678298.5650 1346350.7175 -5191537.9595 3630292.7893  677162.3725 -5375502.5311 3143878.6287 1345228.8674  217445.2803     235.0506      87.7178
400000432 300000108                                         -5533298.6915 3085738.1156  671168.2896 -5375502.5311 3143878.6287 1345228.8674 -5191537.9595 3630292.7893  677162.3725  219375.9096     223.0985     103.5193
400000433 300000109                                         -5886036.5016       0.0000 2438076.1476 -5812081.9155  669073.8784 2522238.0841 -6056845.8882  639129.1082 1869698.6039  232651.5371     269.5362      69.8027
400000434 300000109                                         -5672228.9398 1330561.6814 2577802.4491 -5928333.1219 1306164.9224 1933504.7432 -5812081.9155  669073.8784 2522238.0841  231845.9895     271.3783      66.1541
400000435 300000109                                         -6114140.2800 1266279.9131 1266279.9131 -6056845.8882  639129.1082 1869698.6039 -5928333.1219 1306164.9224 1933504.7432  232712.3450     271.2705      64.3404
400000436 300000109                                         -5812081.9155  669073.8784 2522238.0841 -5928333.1219 1306164.9224 1933504.7432 -6056845.8882  639129.1082 1869698.6039  234046.8072     273.3893      65.4205
400000437 300000110                                         -5201899.7171 2600949.8585 2600949.8585 -5468063.2517 2604139.2443 1976963.3461 -5468063.2517 1976963.3461 2604139.2443  228300.1373     269.1097      68.6323
400000438 300000110                                         -5672228.9398 2577802.4491 1330561.6814 -5727370.1528 1973179.1775 1973179.1775 -5468063.2517 2604139.2443 1976963.3461  229212.6770     269.8335      64.6093
400000439 300000110                                         -5672228.9398 1330561.6814 2577802.4491 -5468063.2517 1976963.3461 2604139.2443 -5727370.1528 1973179.1775 1973179.1775  229212.6770     270.1300      68.6701
400000440 300000110                                         -5468063.2517 2604139.2443 1976963.3461 -5727370.1528 1973179.1775 1973179.1775 -5468063.2517 1976963.3461 2604139.2443  230526.8451     271.1059      66.9961
400000441 300000111                                         -5886036.5016 2438076.1476       0.0000 -6056845.8882 1869698.6039  639129.1082 -5812081.9155 2522238.0841  669073.8784  232651.5371     220.5263     108.9425
400000442 300000111                                         -6114140.2800 1266279.9131 1266279.9131 -5928333.1219 1933504.7432 1306164.9224 -6056845.8882 1869698.6039  639129.1082  232712.3450     244.6952      86.7520
400000443 300000111                                         -5672228.9398 2577802.4491 1330561.6814 -5812081.9155 2522238.0841  669073.8784 -5928333.1219 1933504.7432 1306164.9224  231845.9895     242.5972      86.9637
400000444 300000111                                         -6056845.8882 1869698.6039  639129.1082 -5928333.1219 1933504.7432 1306164.9224 -5812081.9155 2522238.0841  669073.8784  234046.8072     231.7564      99.3432
400000445 300000112                                         -5672228.9398 1330561.6814 2577802.4491 -5727370.1528 1973179.1775 1973179.1775 -5928333.1219 1306164.9224 1933504.7432  238189.0310     272.7310      65.7504
400000446 300000112                                         -5672228.9398 2577802.4491 1330561.6814 -5928333.1219 1933504.7432 1306164.9224 -5727370.1528 1973179.1775 1973179.1775  238189.0310     264.9224      67.8662
400000447 300000112                                         -6114140.2800 1266279.9131 1266279.9131 -5928333.1219 1306164.9224 1933504.7432 -5928333.1219 1933504.7432 1306164.9224  237302.7613     265.4907      68.1090
400000448 300000112                                         -5727370.1528 1973179.1775 1973179.1775 -5928333.1219 1933504.7432 1306164.9224 -5928333.1219 1306164.9224 1933504.7432  239617.8861     270.6952      65.5693
400000449 300000113                                               0.0000 4504977.3029 4504977.3029 -678984.1624 4805928.6788 4126944.5164 -678984.1624 4126944.5164 4805928.6788  328324.9483     250.9116     138.2775
400000450 300000113                                         -1346350.7175 5024649.2825 3678298.5650 -1361638.6226 4400885.2099 4400885.2099 -678984.1624 4805928.6788 4126944.5164  329212.3599     253.1255     149.3046
400000451 300000113                                         -1346350.7175 3678298.5650 5024649.2825 -678984.1624 4126944.5164 4805928.6788 -1361638.6226 4400885.2099 4400885.2099  329212.3599     236.5406     156.2747
400000452 300000113                                         -678984.1624 4805928.6788 4126944.5164 -1361638.6226 4400885.2099 4400885.2099 -678984.1624 4126944.5164 4805928.6788  332074.9378     249.7554     142.0386
400000453 300000114                                         -2600949.8585 5201899.7171 2600949.8585 -2687534.5848 4688572.4479 3374031.3064 -1990680.8386 5157396.7439 3166715.9053  331958.1435     229.4394     186.0531
400000454 300000114                                         -2716603.5278 4074905.2917 4074905.2917 -2050103.9020 4591494.5659 3912146.8074 -2687534.5848 4688572.4479 3374031.3064  332135.9111     247.3727     144.8964
400000455 300000114                                         -1346350.7175 5024649.2825 3678298.5650 -1990680.8386 5157396.7439 3166715.9053 -2050103.9020 4591494.5659 3912146.8074  331417.2039     242.8842     160.1135
400000456 300000114                                         -2687534.5848 4688572.4479 3374031.3064 -2050103.9020 4591494.5659 3912146.8074 -1990680.8386 5157396.7439 3166715.9053  335024.3025     245.3625     158.1040
400000457 300000115                                         -2600949.8585 2600949.8585 5201899.7171 -1990680.8386 3166715.9053 5157396.7439 -2687534.5848 3374031.3064 4688572.4479  331958.1435     237.8619     151.9117
400000458 300000115                                         -1346350.7175 3678298.5650 5024649.2825 -2050103.9020 3912146.8074 4591494.5659 -1990680.8386 3166715.9053 5157396.7439  331417.2039     237.1150     151.6820
400000459 300000115                                         -2716603.5278 4074905.2917 4074905.2917 -2687534.5848 3374031.3064 4688572.4479 -2050103.9020 3912146.8074 4591494.5659  332135.9111     240.1343     158.0596
400000460 300000115                                         -1990680.8386 3166715.9053 5157396.7439 -2050103.9020 3912146.8074 4591494.5659 -2687534.5848 3374031.3064 4688572.4479  335024.3025     237.5930     155.5089
400000461 300000116                                         -1346350.7175 5024649.2825 3678298.5650 -2050103.9020 4591494.5659 3912146.8074 -1361638.6226 4400885.2099 4400885.2099  344128.0612     250.5293     148.3388
400000462 300000116                                         -2716603.5278 4074905.2917 4074905.2917 -2050103.9020 3912146.8074 4591494.5659 -2050103.9020 4591494.5659 3912146.8074  343384.2298     239.7277     154.7988
400000463 300000116                                         -1346350.7175 3678298.5650 5024649.2825 -1361638.6226 4400885.2099 4400885.2099 -2050103.9020 3912146.8074 4591494.5659  344128.0612     239.4765     156.3589
400000464 300000116                                         -2050103.9020 4591494.5659 3912146.8074 -2050103.9020 3912146.8074 4591494.5659 -1361638.6226 4400885.2099 4400885.2099  347308.3434     244.4716     156.3223
400000465 300000117                                         -4504977.3029 4504977.3029       0.0000 -4805928.6788 4126944.5164  678984.1624 -4126944.5164 4805928.6788  678984.1624  328324.9483     213.2928     111.8990
400000466 300000117                                         -5024649.2825 3678298.5650 1346350.7175 -4400885.2099 4400885.2099 1361638.6226 -4805928.6788 4126944.5164  678984.1624  329212.3599     227.7110      95.4976
400000467 300000117                                         -3678298.5650 5024649.2825 1346350.7175 -4126944.5164 4805928.6788  678984.1624 -4400885.2099 4400885.2099 1361638.6226  329212.3599     217.4615     112.8856
400000468 300000117                                         -4805928.6788 4126944.5164  678984.1624 -4400885.2099 4400885.2099 1361638.6226 -4126944.5164 4805928.6788  678984.1624  332074.9378     213.4512     111.3768
400000469 300000118                                         -5201899.7171 2600949.8585 2600949.8585 -4688572.4479 3374031.3064 2687534.5848 -5157396.7439 3166715.9053 1990680.8386  331958.1435     264.2807      71.3215
400000470 300000118                                         -4074905.2917 4074905.2917 2716603.5278 -4591494.5659 3912146.8074 2050103.9020 -4688572.4479 3374031.3064 2687534.5848  332135.9111     257.7805      79.7345
400000471 300000118                                         -5024649.2825 3678298.5650 1346350.7175 -5157396.7439 3166715.9053 1990680.8386 -4591494.5659 3912146.8074 2050103.9020  331417.2039     261.2083      69.3482
400000472 300000118                                         -4688572.4479 3374031.3064 2687534.5848 -4591494.5659 3912146.8074 2050103.9020 -5157396.7439 3166715.9053 1990680.8386  335024.3025     264.5077      68.8157
400000473 300000119                                         -2600949.8585 5201899.7171 2600949.8585 -3166715.9053 5157396.7439 1990680.8386 -3374031.3064 4688572.4479 2687534.5848  331958.1435     233.4062     119.3654
400000474 300000119                                         -3678298.5650 5024649.2825 1346350.7175 -3912146.8074 4591494.5659 2050103.9020 -3166715.9053 5157396.7439 1990680.8386  331417.2039     236.9875      96.0868
400000475 300000119                                         -4074905.2917 4074905.2917 2716603.5278 -3374031.3064 4688572.4479 2687534.5848 -3912146.8074 4591494.5659 2050103.9020  332135.9111     244.4340      92.8244
400000476 300000119                                         -3166715.9053 5157396.7439 1990680.8386 -3912146.8074 4591494.5659 2050103.9020 -3374031.3064 4688572.4479 2687534.5848  335024.3025     244.5395      89.2183
400000477 300000120                                         -5024649.2825 3678298.5650 1346350.7175 -4591494.5659 3912146.8074 2050103.9020 -4400885.2099 4400885.2099 1361638.6226  344128.0612     248.4374      78.5523
400000478 300000120                                         -4074905.2917 4074905.2917 2716603.5278 -3912146.8074 4591494.5659 2050103.9020 -4591494.5659 3912146.8074 2050103.9020  343384.2298     253.1533      81.4970
400000479 300000120                                         -3678298.5650 5024649.2825 1346350.7175 -4400885.2099 4400885.2099 1361638.6226 -3912146.8074 4591494.5659 2050103.9020  344128.0612     233.9249      98.2328
400000480 300000120                                         -4591494.5659 3912146.8074 2050103.9020 -3912146.8074 4591494.5659 2050103.9020 -4400885.2099 4400885.2099 1361638.6226  347308.3434     246.6720      84.6255
400000481 300000121                                         -4504977.3029       0.0000 4504977.3029 -4126944.5164  678984.1624 4805928.6788 -4805928.6788  678984.1624 4126944.5164  328324.9483     225.7937     214.4292
400000482 300000121                                         -3678298.5650 1346350.7175 5024649.2825 -4400885.2099 1361638.6226 4400885.2099 -4126944.5164  678984.1624 4805928.6788  329212.3599     229.8001     207.5134
400000483 300000121                                         -5024649.2825 1346350.7175 3678298.5650 -4805928.6788  678984.1624 4126944.5164 -4400885.2099 1361638.6226 4400885.2099  329212.3599     225.9112     194.9314
400000484 300000121                                         -4126944.5164  678984.1624 4805928.6788 -4400885.2099 1361638.6226 4400885.2099 -4805928.6788  678984.1624 4126944.5164  332074.9378     228.1314     210.8419
400000485 300000122                                         -2600949.8585 2600949.8585 5201899.7171 -3374031.3064 2687534.5848 4688572.4479 -3166715.9053 1990680.8386 5157396.7439  331958.1435     237.1443     157.5615
400000486 300000122                                         -4074905.2917 2716603.5278 4074905.2917 -3912146.8074 2050103.9020 4591494.5659 -3374031.3064 2687534.5848 4688572.4479  332135.9111     234.5742     169.3763
400000487 300000122                                         -3678298.5650 1346350.7175 5024649.2825 -3166715.9053 1990680.8386 5157396.7439 -3912146.8074 2050103.9020 4591494.5659  331417.2039     231.1389     185.3905
400000488 300000122                                         -3374031.3064 2687534.5848 4688572.4479 -3912146.8074 2050103.9020 4591494.5659 -3166715.9053 1990680.8386 5157396.7439  335024.3025     234.2921     168.8519
400000489 300000123                                         -5201899.7171 2600949.8585 2600949.8585 -5157396.7439 1990680.8386 3166715.9053 -4688572.4479 2687534.5848 3374031.3064  331958.1435     244.3181     108.0620
400000490 300000123                                         -5024649.2825 1346350.7175 3678298.5650 -4591494.5659 2050103.9020 3912146.8074 -5157396.7439 1990680.8386 3166715.9053  331417.2039     225.1786     165.0012
400000491 300000123                                         -4074905.2917 2716603.5278 4074905.2917 -4688572.4479 2687534.5848 3374031.3064 -4591494.5659 2050103.9020 3912146.8074  332135.9111     225.1369     166.4017
400000492 300000123                                         -5157396.7439 1990680.8386 3166715.9053 -4591494.5659 2050103.9020 3912146.8074 -4688572.4479 2687534.5848 3374031.3064  335024.3025     225.9396     156.4718
400000493 300000124                                         -3678298.5650 1346350.7175 5024649.2825 -3912146.8074 2050103.9020 4591494.5659 -4400885.2099 1361638.6226 4400885.2099  344128.0612     230.5440     199.4070
400000494 300000124                                         -4074905.2917 2716603.5278 4074905.2917 -4591494.5659 2050103.9020 3912146.8074 -3912146.8074 2050103.9020 4591494.5659  343384.2298     231.9081     178.0329
400000495 300000124                                         -5024649.2825 1346350.7175 3678298.5650 -4400885.2099 1361638.6226 4400885.2099 -4591494.5659 2050103.9020 3912146.8074  344128.0612     226.1583     187.1777
400000496 300000124                                         -3912146.8074 2050103.9020 4591494.5659 -4591494.5659 2050103.9020 3912146.8074 -4400885.2099 1361638.6226 4400885.2099  347308.3434     230.2984     197.3932
400000497 300000125                                         -2600949.8585 5201899.7171 2600949.8585 -3374031.3064 4688572.4479 2687534.5848 -2687534.5848 4688572.4479 3374031.3064  387995.8446     224.7161     170.5526
400000498 300000125                                         -4074905.2917 4074905.2917 2716603.5278 -3435012.9904 4122015.5885 3435012.9904 -3374031.3064 4688572.4479 2687534.5848  388281.7658     224.9373     145.4221
400000499 300000125                                         -2716603.5278 4074905.2917 4074905.2917 -2687534.5848 4688572.4479 3374031.3064 -3435012.9904 4122015.5885 3435012.9904  388281.7658     236.9301     154.9585
400000500 300000125                                         -3374031.3064 4688572.4479 2687534.5848 -3435012.9904 4122015.5885 3435012.9904 -2687534.5848 4688572.4479 3374031.3064  392517.4362     225.2338     169.6448
400000501 300000126                                         -5201899.7171 2600949.8585 2600949.8585 -4688572.4479 2687534.5848 3374031.3064 -4688572.4479 3374031.3064 2687534.5848  387995.8446     249.0162      98.7332
400000502 300000126                                         -4074905.2917 2716603.5278 4074905.2917 -4122015.5885 3435012.9904 3435012.9904 -4688572.4479 2687534.5848 3374031.3064  388281.7658     220.5877     166.3837
400000503 300000126                                         -4074905.2917 4074905.2917 2716603.5278 -4688572.4479 3374031.3064 2687534.5848 -4122015.5885 3435012.9904 3435012.9904  388281.7658     237.4742     120.3609
400000504 300000126                                         -4688572.4479 2687534.5848 3374031.3064 -4122015.5885 3435012.9904 3435012.9904 -4688572.4479 3374031.3064 2687534.5848  392517.4362     231.0195     140.1176
400000505 300000127                                         -2600949.8585 2600949.8585 5201899.7171 -2687534.5848 3374031.3064 4688572.4479 -3374031.3064 2687534.5848 4688572.4479  387995.8446     235.6561     162.4142
400000506 300000127                                         -2716603.5278 4074905.2917 4074905.2917 -3435012.9904 3435012.9904 4122015.5885 -2687534.5848 3374031.3064 4688572.4479  388281.7658     235.8725     166.5061
400000507 300000127                                         -4074905.2917 2716603.5278 4074905.2917 -3374031.3064 2687534.5848 4688572.4479 -3435012.9904 3435012.9904 4122015.5885  388281.7658     238.7154     163.8054
400000508 300000127                                         -2687534.5848 3374031.3064 4688572.4479 -3435012.9904 3435012.9904 4122015.5885 -3374031.3064 2687534.5848 4688572.4479  392517.4362     237.2359     163.4422
400000509 300000128                                         -4074905.2917 4074905.2917 2716603.5278 -4122015.5885 3435012.9904 3435012.9904 -3435012.9904 4122015.5885 3435012.9904  405996.4825     217.6529     163.9341
400000510 300000128                                         -4074905.2917 2716603.5278 4074905.2917 -3435012.9904 3435012.9904 4122015.5885 -4122015.5885 3435012.9904 3435012.9904  405996.4825     228.7178     161.8020
400000511 300000128                                         -2716603.5278 4074905.2917 4074905.2917 -3435012.9904 4122015.5885 3435012.9904 -3435012.9904 3435012.9904 4122015.5885  405996.4825     238.0567     152.2636
400000512 300000128                                         -4122015.5885 3435012.9904 3435012.9904 -3435012.9904 3435012.9904 4122015.5885 -3435012.9904 4122015.5885 3435012.9904  410731.3740     223.5851     167.1729
400000513 300000129                                               0.0000       0.0000 6371000.0000 -624467.2010       0.0000 6340321.8936       0.0000 -624467.2010 6340321.8936  195921.5441     225.6304     302.9350
400000514 300000129                                         -1242920.4416       0.0000 6248583.0214 -627459.2093 -627459.2093 6308900.9250 -624467.2010       0.0000 6340321.8936  196860.2699     226.7102     294.1185
400000515 300000129                                               0.0000 -1242920.4416 6248583.0214       0.0000 -624467.2010 6340321.8936 -627459.2093 -627459.2093 6308900.9250  196860.2699     226.2943     294.9843
400000516 300000129                                         -624467.2010       0.0000 6340321.8936 -627459.2093 -627459.2093 6308900.9250       0.0000 -624467.2010 6340321.8936  197817.4310     226.5180     300.0321
400000517 300000130                                         -2438076.1476       0.0000 5886036.5016 -1869698.6039 -639129.1082 6056845.8882 -1849403.6788       0.0000 6096666.8789  200521.8161     228.9526     234.7403
400000518 300000130                                         -1266279.9131 -1266279.9131 6114140.2800 -1260914.7366 -636326.6289 6212473.2151 -1869698.6039 -639129.1082 6056845.8882  200560.6406     229.7047     255.4398
400000519 300000130                                         -1242920.4416       0.0000 6248583.0214 -1849403.6788       0.0000 6096666.8789 -1260914.7366 -636326.6289 6212473.2151  199642.5528     227.1010     273.8790
400000520 300000130                                         -1869698.6039 -639129.1082 6056845.8882 -1260914.7366 -636326.6289 6212473.2151 -1849403.6788       0.0000 6096666.8789  201535.9727     228.2591     261.7880
400000521 300000131                                               0.0000 -2438076.1476 5886036.5016       0.0000 -1849403.6788 6096666.8789 -639129.1082 -1869698.6039 6056845.8882  200521.8161     225.7596     247.8848
400000522 300000131                                               0.0000 -1242920.4416 6248583.0214 -636326.6289 -1260914.7366 6212473.2151       0.0000 -1849403.6788 6096666.8789  199642.5528     225.7517     264.8952
400000523 300000131                                         -1266279.9131 -1266279.9131 6114140.2800 -639129.1082 -1869698.6039 6056845.8882 -636326.6289 -1260914.7366 6212473.2151  200560.6406     230.0008     235.3477
400000524 300000131                                               0.0000 -1849403.6788 6096666.8789 -636326.6289 -1260914.7366 6212473.2151 -639129.1082 -1869698.6039 6056845.8882  201535.9727     226.5778     261.5399
400000525 300000132                                         -1242920.4416       0.0000 6248583.0214 -1260914.7366 -636326.6289 6212473.2151 -627459.2093 -627459.2093 6308900.9250  204548.8197     227.2484     286.9216
400000526 300000132                                         -1266279.9131 -1266279.9131 6114140.2800 -636326.6289 -1260914.7366 6212473.2151 -1260914.7366 -636326.6289 6212473.2151  203612.8458     228.7756     268.9282
400000527 300000132                                               0.0000 -1242920.4416 6248583.0214 -627459.2093 -627459.2093 6308900.9250 -636326.6289 -1260914.7366 6212473.2151  204548.8197     226.5229     291.3876
400000528 300000132                                         -1260914.7366 -636326.6289 6212473.2151 -636326.6289 -1260914.7366 6212473.2151 -627459.2093 -627459.2093 6308900.9250  205583.5447     227.2019     285.5770
400000529 300000133                                         -4504977.3029       0.0000 4504977.3029 -4126944.5164 -678984.1624 4805928.6788 -4041719.6134       0.0000 4924849.5984  213029.7505     224.4413     206.4007
400000530 300000133                                         -3678298.5650 -1346350.7175 5024649.2825 -3630292.7893 -677162.3725 5191537.9595 -4126944.5164 -678984.1624 4805928.6788  213259.5913     224.5552     198.1675
400000531 300000133                                         -3539537.9546       0.0000 5297292.9000 -4041719.6134       0.0000 4924849.5984 -3630292.7893 -677162.3725 5191537.9595  212458.1628     224.8750     206.2171
400000532 300000133                                         -4126944.5164 -678984.1624 4805928.6788 -3630292.7893 -677162.3725 5191537.9595 -4041719.6134       0.0000 4924849.5984  214297.3599     224.9789     201.1285
400000533 300000134                                         -2600949.8585 -2600949.8585 5201899.7171 -2604139.2443 -1976963.3461 5468063.2517 -3166715.9053 -1990680.8386 5157396.7439  213953.8407     227.3974     179.7266
400000534 300000134                                         -2577802.4491 -1330561.6814 5672228.9398 -3143878.6287 -1345228.8674 5375502.5311 -2604139.2443 -1976963.3461 5468063.2517  213196.7862     224.8383     181.6200
400000535 300000134                                         -3678298.5650 -1346350.7175 5024649.2825 -3166715.9053 -1990680.8386 5157396.7439 -3143878.6287 -1345228.8674 5375502.5311  213817.3983     226.4940     179.4663
400000536 300000134                                         -2604139.2443 -1976963.3461 5468063.2517 -3143878.6287 -1345228.8674 5375502.5311 -3166715.9053 -1990680.8386 5157396.7439  215042.4187     227.3486     173.4294
400000537 300000135                                         -2438076.1476       0.0000 5886036.5016 -3003268.6103       0.0000 5618720.3752 -2522238.0841 -669073.8784 5812081.9155  209920.2574     228.9642     175.1269
400000538 300000135                                         -3539537.9546       0.0000 5297292.9000 -3085738.1156 -671168.2896 5533298.6915 -3003268.6103       0.0000 5618720.3752  210577.3796     226.4352     192.8715
400000539 300000135                                         -2577802.4491 -1330561.6814 5672228.9398 -2522238.0841 -669073.8784 5812081.9155 -3085738.1156 -671168.2896 5533298.6915  210758.2000     228.2607     174.5453
400000540 300000135                                         -3003268.6103       0.0000 5618720.3752 -3085738.1156 -671168.2896 5533298.6915 -2522238.0841 -669073.8784 5812081.9155  211783.6604     226.7705     173.6530
400000541 300000136                                         -3678298.5650 -1346350.7175 5024649.2825 -3143878.6287 -1345228.8674 5375502.5311 -3630292.7893 -677162.3725 5191537.9595  217445.2803     224.6049     185.9869
400000542 300000136                                         -2577802.4491 -1330561.6814 5672228.9398 -3085738.1156 -671168.2896 5533298.6915 -3143878.6287 -1345228.8674 5375502.5311  218077.9738     225.9788     184.9088
400000543 300000136                                         -3539537.9546       0.0000 5297292.9000 -3630292.7893 -677162.3725 5191537.9595 -3085738.1156 -671168.2896 5533298.6915  218265.1507     224.6684     196.8547
400000544 300000136                                         -3143878.6287 -1345228.8674 5375502.5311 -3085738.1156 -671168.2896 5533298.6915 -3630292.7893 -677162.3725 5191537.9595  219375.9096     224.4410     179.4385
400000545 300000137                                               0.0000 -4504977.3029 4504977.3029       0.0000 -4041719.6134 4924849.5984 -678984.1624 -4126944.5164 4805928.6788  213029.7505     238.0174     159.4156
400000546 300000137                                               0.0000 -3539537.9546 5297292.9000 -677162.3725 -3630292.7893 5191537.9595       0.0000 -4041719.6134 4924849.5984  212458.1628     236.6377     150.0272
400000547 300000137                                         -1346350.7175 -3678298.5650 5024649.2825 -678984.1624 -4126944.5164 4805928.6788 -677162.3725 -3630292.7893 5191537.9595  213259.5913     234.4024     163.6350
400000548 300000137                                               0.0000 -4041719.6134 4924849.5984 -677162.3725 -3630292.7893 5191537.9595 -678984.1624 -4126944.5164 4805928.6788  214297.3599     235.6724     153.6475
400000549 300000138                                               0.0000 -2438076.1476 5886036.5016 -669073.8784 -2522238.0841 5812081.9155       0.0000 -3003268.6103 5618720.3752  209920.2574     230.0211     196.3978
400000550 300000138                                         -1330561.6814 -2577802.4491 5672228.9398 -671168.2896 -3085738.1156 5533298.6915 -669073.8784 -2522238.0841 5812081.9155  210758.2000     237.6986     152.9668
400000551 300000138                                               0.0000 -3539537.9546 5297292.9000       0.0000 -3003268.6103 5618720.3752 -671168.2896 -3085738.1156 5533298.6915  210577.3796     233.3294     163.4908
400000552 300000138                                         -669073.8784 -2522238.0841 5812081.9155 -671168.2896 -3085738.1156 5533298.6915       0.0000 -3003268.6103 5618720.3752  211783.6604     233.9843     171.1065
400000553 300000139                                         -2600949.8585 -2600949.8585 5201899.7171 -1990680.8386 -3166715.9053 5157396.7439 -1976963.3461 -2604139.2443 5468063.2517  213953.8407     224.3408     185.1854
400000554 300000139                                         -1346350.7175 -3678298.5650 5024649.2825 -1345228.8674 -3143878.6287 5375502.5311 -1990680.8386 -3166715.9053 5157396.7439  213817.3983     229.1607     165.0597
400000555 300000139                                         -1330561.6814 -2577802.4491 5672228.9398 -1976963.3461 -2604139.2443 5468063.2517 -1345228.8674 -3143878.6287 5375502.5311  213196.7862     233.7574     150.9937
400000556 300000139                                         -1990680.8386 -3166715.9053 5157396.7439 -1345228.8674 -3143878.6287 5375502.5311 -1976963.3461 -2604139.2443 5468063.2517  215042.4187     228.4673     163.8330
400000557 300000140                                               0.0000 -3539537.9546 5297292.9000 -671168.2896 -3085738.1156 5533298.6915 -677162.3725 -3630292.7893 5191537.9595  218265.1507     237.9278     142.8165
400000558 300000140                                         -1330561.6814 -2577802.4491 5672228.9398 -1345228.8674 -3143878.6287 5375502.5311 -671168.2896 -3085738.1156 5533298.6915  218077.9738     238.6457     138.6228
400000559 300000140                                         -1346350.7175 -3678298.5650 5024649.2825 -677162.3725 -3630292.7893 5191537.9595 -1345228.8674 -3143878.6287 5375502.5311  217445.2803     232.0894     159.5664
400000560 300000140                                         -671168.2896 -3085738.1156 5533298.6915 -1345228.8674 -3143878.6287 5375502.5311 -677162.3725 -3630292.7893 5191537.9595  219375.9096     236.4422     146.8183
400000561 300000141                                         -2438076.1476       0.0000 5886036.5016 -2522238.0841 -669073.8784 5812081.9155 -1869698.6039 -639129.1082 6056845.8882  232651.5371     230.5458     180.2555
400000562 300000141                                         -2577802.4491 -1330561.6814 5672228.9398 -1933504.7432 -1306164.9224 5928333.1219 -2522238.0841 -669073.8784 5812081.9155  231845.9895     230.7129     168.8891
400000563 300000141                                         -1266279.9131 -1266279.9131 6114140.2800 -1869698.6039 -639129.1082 6056845.8882 -1933504.7432 -1306164.9224 5928333.1219  232712.3450     231.9237     219.9342
400000564 300000141                                         -2522238.0841 -669073.8784 5812081.9155 -1933504.7432 -1306164.9224 5928333.1219 -1869698.6039 -639129.1082 6056845.8882  234046.8072     233.3373     174.8762
400000565 300000142                                         -2600949.8585 -2600949.8585 5201899.7171 -1976963.3461 -2604139.2443 5468063.2517 -2604139.2443 -1976963.3461 5468063.2517  228300.1373     224.1883     185.9552
400000566 300000142                                         -1330561.6814 -2577802.4491 5672228.9398 -1973179.1775 -1973179.1775 5727370.1528 -1976963.3461 -2604139.2443 5468063.2517  229212.6770     227.6381     170.6829
400000567 300000142                                         -2577802.4491 -1330561.6814 5672228.9398 -2604139.2443 -1976963.3461 5468063.2517 -1973179.1775 -1973179.1775 5727370.1528  229212.6770     222.7898     188.7953
400000568 300000142                                         -1976963.3461 -2604139.2443 5468063.2517 -1973179.1775 -1973179.1775 5727370.1528 -2604139.2443 -1976963.3461 5468063.2517  230526.8451     223.6500     178.9443
400000569 300000143                                               0.0000 -2438076.1476 5886036.5016 -639129.1082 -1869698.6039 6056845.8882 -669073.8784 -2522238.0841 5812081.9155  232651.5371     229.0363     218.7379
400000570 300000143                                         -1266279.9131 -1266279.9131 6114140.2800 -1306164.9224 -1933504.7432 5928333.1219 -639129.1082 -1869698.6039 6056845.8882  232712.3450     233.0763     192.9320
400000571 300000143                                         -1330561.6814 -2577802.4491 5672228.9398 -669073.8784 -2522238.0841 5812081.9155 -1306164.9224 -1933504.7432 5928333.1219  231845.9895     237.4147     153.3608
400000572 300000143                                         -639129.1082 -1869698.6039 6056845.8882 -1306164.9224 -1933504.7432 5928333.1219 -669073.8784 -2522238.0841 5812081.9155  234046.8072     232.5322     190.7866
400000573 300000144                                         -2577802.4491 -1330561.6814 5672228.9398 -1973179.1775 -1973179.1775 5727370.1528 -1933504.7432 -1306164.9224 5928333.1219  238189.0310     231.3452     164.1036
400000574 300000144                                         -1330561.6814 -2577802.4491 5672228.9398 -1306164.9224 -1933504.7432 5928333.1219 -1973179.1775 -1973179.1775 5727370.1528  238189.0310     237.3230     148.6295
400000575 300000144                                         -1266279.9131 -1266279.9131 6114140.2800 -1933504.7432 -1306164.9224 5928333.1219 -1306164.9224 -1933504.7432 5928333.1219  237302.7613     234.8519     179.2190
400000576 300000144                                         -1973179.1775 -1973179.1775 5727370.1528 -1306164.9224 -1933504.7432 5928333.1219 -1933504.7432 -1306164.9224 5928333.1219  239617.8861     237.8559     150.3995
400000577 300000145                                         -6371000.0000       0.0000       0.0000 -6340321.8936 -624467.2010       0.0000 -6340321.8936       0.0000  624467.2010  195921.5441     253.4321      74.6054
400000578 300000145                                         -6248583.0214 -1242920.4416       0.0000 -6308900.9250 -627459.2093  627459.2093 -6340321.8936 -624467.2010       0.0000  196860.2699     258.0735      70.9209
400000579 300000145                                         -6248583.0214       0.0000 1242920.4416 -6340321.8936       0.0000  624467.2010 -6308900.9250 -627459.2093  627459.2093  196860.2699     237.7532      98.6025
400000580 300000145                                         -6340321.8936 -624467.2010       0.0000 -6308900.9250 -627459.2093  627459.2093 -6340321.8936       0.0000  624467.2010  197817.4310     239.2302      96.1304
400000581 300000146                                         -5886036.5016 -2438076.1476       0.0000 -6056845.8882 -1869698.6039  639129.1082 -6096666.8789 -1849403.6788       0.0000  200521.8161     264.8659      69.9878
400000582 300000146                                         -6114140.2800 -1266279.9131 1266279.9131 -6212473.2151 -1260914.7366  636326.6289 -6056845.8882 -1869698.6039  639129.1082  200560.6406     242.9317      99.3655
400000583 300000146                                         -6248583.0214 -1242920.4416       0.0000 -6096666.8789 -1849403.6788       0.0000 -6212473.2151 -1260914.7366  636326.6289  199642.5528     261.5862      71.3952
400000584 300000146                                         -6056845.8882 -1869698.6039  639129.1082 -6212473.2151 -1260914.7366  636326.6289 -6096666.8789 -1849403.6788       0.0000  201535.9727     247.4541      93.0630
400000585 300000147                                         -5886036.5016       0.0000 2438076.1476 -6096666.8789       0.0000 1849403.6788 -6056845.8882 -639129.1082 1869698.6039  200521.8161     271.8914      69.0126
400000586 300000147                                         -6248583.0214       0.0000 1242920.4416 -6212473.2151 -636326.6289 1260914.7366 -6096666.8789       0.0000 1849403.6788  199642.5528     266.0840      69.2546
400000587 300000147                                         -6114140.2800 -1266279.9131 1266279.9131 -6056845.8882 -639129.1082 1869698.6039 -6212473.2151 -636326.6289 1260914.7366  200560.6406     267.2740      68.2318
400000588 300000147                                         -6096666.8789       0.0000 1849403.6788 -6212473.2151 -636326.6289 1260914.7366 -6056845.8882 -639129.1082 1869698.6039  201535.9727     270.9548      66.6754
400000589 300000148                                         -6248583.0214 -1242920.4416       0.0000 -6212473.2151 -1260914.7366  636326.6289 -6308900.9250 -627459.2093  627459.2093  204548.8197     242.9376      95.2240
400000590 300000148                                         -6114140.2800 -1266279.9131 1266279.9131 -6212473.2151 -636326.6289 1260914.7366 -6212473.2151 -1260914.7366  636326.6289  203612.8458     253.5143      82.6532
400000591 300000148                                         -6248583.0214       0.0000 1242920.4416 -6308900.9250 -627459.2093  627459.2093 -6212473.2151 -636326.6289 1260914.7366  204548.8197     248.6114      86.4250
400000592 300000148                                         -6212473.2151 -1260914.7366  636326.6289 -6212473.2151 -636326.6289 1260914.7366 -6308900.9250 -627459.2093  627459.2093  205583.5447     239.9504     100.0437
400000593 300000149                                         -4504977.3029 -4504977.3029       0.0000 -4805928.6788 -4126944.5164  678984.1624 -4924849.5984 -4041719.6134       0.0000  213029.7505     276.7758      59.1731
400000594 300000149                                         -5024649.2825 -3678298.5650 1346350.7175 -5191537.9595 -3630292.7893  677162.3725 -4805928.6788 -4126944.5164  678984.1624  213259.5913     248.4425     105.8908
400000595 300000149                                         -5297292.9000 -3539537.9546       0.0000 -4924849.5984 -4041719.6134       0.0000 -5191537.9595 -3630292.7893  677162.3725  212458.1628     274.1915      60.4198
400000596 300000149                                         -4805928.6788 -4126944.5164  678984.1624 -5191537.9595 -3630292.7893  677162.3725 -4924849.5984 -4041719.6134       0.0000  214297.3599     258.9715      84.7903
400000597 300000150                                         -5201899.7171 -2600949.8585 2600949.8585 -5468063.2517 -2604139.2443 1976963.3461 -5157396.7439 -3166715.9053 1990680.8386  213953.8407     272.6630      80.6226
400000598 300000150                                         -5672228.9398 -2577802.4491 1330561.6814 -5375502.5311 -3143878.6287 1345228.8674 -5468063.2517 -2604139.2443 1976963.3461  213196.7862     270.4400      74.7998
400000599 300000150                                         -5024649.2825 -3678298.5650 1346350.7175 -5157396.7439 -3166715.9053 1990680.8386 -5375502.5311 -3143878.6287 1345228.8674  213817.3983     271.2740      77.3957
400000600 300000150                                         -5468063.2517 -2604139.2443 1976963.3461 -5375502.5311 -3143878.6287 1345228.8674 -5157396.7439 -3166715.9053 1990680.8386  215042.4187     271.8940      78.1678
400000601 300000151                                         -5886036.5016 -2438076.1476       0.0000 -5618720.3752 -3003268.6103       0.0000 -5812081.9155 -2522238.0841  669073.8784  209920.2574     268.8458      68.6985
400000602 300000151                                         -5297292.9000 -3539537.9546       0.0000 -5533298.6915 -3085738.1156  671168.2896 -5618720.3752 -3003268.6103       0.0000  210577.3796     271.5152      64.9395
400000603 300000151                                         -5672228.9398 -2577802.4491 1330561.6814 -5812081.9155 -2522238.0841  669073.8784 -5533298.6915 -3085738.1156  671168.2896  210758.2000     249.1333     101.1540
400000604 300000151                                         -5618720.3752 -3003268.6103       0.0000 -5533298.6915 -3085738.1156  671168.2896 -5812081.9155 -2522238.0841  669073.8784  211783.6604     253.8750      93.4742
400000605 300000152                                         -5024649.2825 -3678298.5650 1346350.7175 -5375502.5311 -3143878.6287 1345228.8674 -5191537.9595 -3630292.7893  677162.3725  217445.2803     258.7149      89.8334
400000606 300000152                                         -5672228.9398 -2577802.4491 1330561.6814 -5533298.6915 -3085738.1156  671168.2896 -5375502.5311 -3143878.6287 1345228.8674  218077.9738     259.0108      87.3530
400000607 300000152                                         -5297292.9000 -3539537.9546       0.0000 -5191537.9595 -3630292.7893  677162.3725 -5533298.6915 -3085738.1156  671168.2896  218265.1507     256.5343      88.7021
400000608 300000152                                         -5375502.5311 -3143878.6287 1345228.8674 -5533298.6915 -3085738.1156  671168.2896 -5191537.9595 -3630292.7893  677162.3725  219375.9096     247.9866     106.0083
400000609 300000153                                         -4504977.3029       0.0000 4504977.3029 -4924849.5984       0.0000 4041719.6134 -4805928.6788 -678984.1624 4126944.5164  213029.7505     224.9869     192.4750
400000610 300000153                                         -5297292.9000       0.0000 3539537.9546 -5191537.9595 -677162.3725 3630292.7893 -4924849.5984       0.0000 4041719.6134  212458.1628     230.1172     159.3249
400000611 300000153                                         -5024649.2825 -1346350.7175 3678298.5650 -4805928.6788 -678984.1624 4126944.5164 -5191537.9595 -677162.3725 3630292.7893  213259.5913     231.7972     151.8148
400000612 300000153                                         -4924849.5984       0.0000 4041719.6134 -5191537.9595 -677162.3725 3630292.7893 -4805928.6788 -678984.1624 4126944.5164  214297.3599     227.7449     168.8767
400000613 300000154                                         -5886036.5016       0.0000 2438076.1476 -5812081.9155 -669073.8784 2522238.0841 -5618720.3752       0.0000 3003268.6103  209920.2574     261.6119      80.4606
400000614 300000154                                         -5672228.9398 -1330561.6814 2577802.4491 -5533298.6915 -671168.2896 3085738.1156 -5812081.9155 -669073.8784 2522238.0841  210758.2000     265.1842      75.5958
400000615 300000154                                         -5297292.9000       0.0000 3539537.9546 -5618720.3752       0.0000 3003268.6103 -5533298.6915 -671168.2896 3085738.1156  210577.3796     247.9034     108.7002
400000616 300000154                                         -5812081.9155 -669073.8784 2522238.0841 -5533298.6915 -671168.2896 3085738.1156 -5618720.3752       0.0000 3003268.6103  211783.6604     258.3775      85.8230
400000617 300000155                                         -5201899.7171 -2600949.8585 2600949.8585 -5157396.7439 -1990680.8386 3166715.9053 -5468063.2517 -1976963.3461 2604139.2443  213953.8407     272.3715      73.3194
400000618 300000155                                         -5024649.2825 -1346350.7175 3678298.5650 -5375502.5311 -1345228.8674 3143878.6287 -5157396.7439 -1990680.8386 3166715.9053  213817.3983     255.5804      95.4979
400000619 300000155                                         -5672228.9398 -1330561.6814 2577802.4491 -5468063.2517 -1976963.3461 2604139.2443 -5375502.5311 -1345228.8674 3143878.6287  213196.7862     270.6582      71.1192
400000620 300000155                                         -5157396.7439 -1990680.8386 3166715.9053 -5375502.5311 -1345228.8674 3143878.6287 -5468063.2517 -1976963.3461 2604139.2443  215042.4187     268.2221      75.1491
400000621 300000156                                         -5297292.9000       0.0000 3539537.9546 -5533298.6915 -671168.2896 3085738.1156 -5191537.9595 -677162.3725 3630292.7893  218265.1507     242.2598     121.7978
400000622 300000156                                         -5672228.9398 -1330561.6814 2577802.4491 -5375502.5311 -1345228.8674 3143878.6287 -5533298.6915 -671168.2896 3085738.1156  218077.9738     263.1900      79.2405
400000623 300000156                                         -5024649.2825 -1346350.7175 3678298.5650 -5191537.9595 -677162.3725 3630292.7893 -5375502.5311 -1345228.8674 3143878.6287  217445.2803     244.3577     119.2411
400000624 300000156                                         -5533298.6915 -671168.2896 3085738.1156 -5375502.5311 -1345228.8674 3143878.6287 -5191537.9595 -677162.3725 3630292.7893  219375.9096     250.6835     102.5328
400000625 300000157                                         -5886036.5016 -2438076.1476       0.0000 -5812081.9155 -2522238.0841  669073.8784 -6056845.8882 -1869698.6039  639129.1082  232651.5371     251.0606      92.1596
400000626 300000157                                         -5672228.9398 -2577802.4491 1330561.6814 -5928333.1219 -1933504.7432 1306164.9224 -5812081.9155 -2522238.0841  669073.8784  231845.9895     256.8555      85.9902
400000627 300000157                                         -6114140.2800 -1266279.9131 1266279.9131 -6056845.8882 -1869698.6039  639129.1082 -5928333.1219 -1933504.7432 1306164.9224  232712.3450     254.0408      85.3233
400000628 300000157                                         -5812081.9155 -2522238.0841  669073.8784 -5928333.1219 -1933504.7432 1306164.9224 -6056845.8882 -1869698.6039  639129.1082  234046.8072     246.7389      99.3095
400000629 300000158                                         -5201899.7171 -2600949.8585 2600949.8585 -5468063.2517 -1976963.3461 2604139.2443 -5468063.2517 -2604139.2443 1976963.3461  228300.1373     275.1213      75.3622
400000630 300000158                                         -5672228.9398 -1330561.6814 2577802.4491 -5727370.1528 -1973179.1775 1973179.1775 -5468063.2517 -1976963.3461 2604139.2443  229212.6770     276.6480      67.3215
400000631 300000158                                         -5672228.9398 -2577802.4491 1330561.6814 -5468063.2517 -2604139.2443 1976963.3461 -5727370.1528 -1973179.1775 1973179.1775  229212.6770     272.5894      71.3211
400000632 300000158                                         -5468063.2517 -1976963.3461 2604139.2443 -5727370.1528 -1973179.1775 1973179.1775 -5468063.2517 -2604139.2443 1976963.3461  230526.8451     276.5266      75.5174
400000633 300000159                                         -5886036.5016       0.0000 2438076.1476 -6056845.8882 -639129.1082 1869698.6039 -5812081.9155 -669073.8784 2522238.0841  232651.5371     268.2863      71.3812
400000634 300000159                                         -6114140.2800 -1266279.9131 1266279.9131 -5928333.1219 -1306164.9224 1933504.7432 -6056845.8882 -639129.1082 1869698.6039  232712.3450     272.5851      66.1464
400000635 300000159                                         -5672228.9398 -1330561.6814 2577802.4491 -5812081.9155 -669073.8784 2522238.0841 -5928333.1219 -1306164.9224 1933504.7432  231845.9895     272.6532      67.4401
400000636 300000159                                         -6056845.8882 -639129.1082 1869698.6039 -5928333.1219 -1306164.9224 1933504.7432 -5812081.9155 -669073.8784 2522238.0841  234046.8072     272.3866      68.0454
400000637 300000160                                         -5672228.9398 -2577802.4491 1330561.6814 -5727370.1528 -1973179.1775 1973179.1775 -5928333.1219 -1933504.7432 1306164.9224  238189.0310     269.5955      71.5790
400000638 300000160                                         -5672228.9398 -1330561.6814 2577802.4491 -5928333.1219 -1306164.9224 1933504.7432 -5727370.1528 -1973179.1775 1973179.1775  238189.0310     275.6060      68.6745
400000639 300000160                                         -6114140.2800 -1266279.9131 1266279.9131 -5928333.1219 -1933504.7432 1306164.9224 -5928333.1219 -1306164.9224 1933504.7432  237302.7613     269.3679      69.2115
400000640 300000160                                         -5727370.1528 -1973179.1775 1973179.1775 -5928333.1219 -1306164.9224 1933504.7432 -5928333.1219 -1933504.7432 1306164.9224  239617.8861     273.8079      67.3985
400000641 300000161                                               0.0000 -6371000.0000       0.0000       0.0000 -6340321.8936  624467.2010 -624467.2010 -6340321.8936       0.0000  195921.5441     259.8178      92.7506
400000642 300000161                                               0.0000 -6248583.0214 1242920.4416 -627459.2093 -6308900.9250  627459.2093       0.0000 -6340321.8936  624467.2010  196860.2699     216.4690     125.8707
400000643 300000161                                         -1242920.4416 -6248583.0214       0.0000 -624467.2010 -6340321.8936       0.0000 -627459.2093 -6308900.9250  627459.2093  196860.2699     265.0389      87.9358
400000644 300000161                                               0.0000 -6340321.8936  624467.2010 -627459.2093 -6308900.9250  627459.2093 -624467.2010 -6340321.8936       0.0000  197817.4310     245.3151     112.1529
400000645 300000162                                               0.0000 -5886036.5016 2438076.1476 -639129.1082 -6056845.8882 1869698.6039       0.0000 -6096666.8789 1849403.6788  200521.8161     233.9352     113.8728
400000646 300000162                                         -1266279.9131 -6114140.2800 1266279.9131 -636326.6289 -6212473.2151 1260914.7366 -639129.1082 -6056845.8882 1869698.6039  200560.6406     217.1889     133.9724
400000647 300000162                                               0.0000 -6248583.0214 1242920.4416       0.0000 -6096666.8789 1849403.6788 -636326.6289 -6212473.2151 1260914.7366  199642.5528     211.5180     123.7950
400000648 300000162                                         -639129.1082 -6056845.8882 1869698.6039 -636326.6289 -6212473.2151 1260914.7366       0.0000 -6096666.8789 1849403.6788  201535.9727     212.1724     130.7678
400000649 300000163                                         -2438076.1476 -5886036.5016       0.0000 -1849403.6788 -6096666.8789       0.0000 -1869698.6039 -6056845.8882  639129.1082  200521.8161     272.8148      67.1490
400000650 300000163                                         -1242920.4416 -6248583.0214       0.0000 -1260914.7366 -6212473.2151  636326.6289 -1849403.6788 -6096666.8789       0.0000  199642.5528     268.2258      78.0325
400000651 300000163                                         -1266279.9131 -6114140.2800 1266279.9131 -1869698.6039 -6056845.8882  639129.1082 -1260914.7366 -6212473.2151  636326.6289  200560.6406     218.8485     133.3943
400000652 300000163                                         -1849403.6788 -6096666.8789       0.0000 -1260914.7366 -6212473.2151  636326.6289 -1869698.6039 -6056845.8882  639129.1082  201535.9727     256.8771      91.2659
400000653 300000164                                               0.0000 -6248583.0214 1242920.4416 -636326.6289 -6212473.2151 1260914.7366 -627459.2093 -6308900.9250  627459.2093  204548.8197     213.0712     129.2702
400000654 300000164                                         -1266279.9131 -6114140.2800 1266279.9131 -1260914.7366 -6212473.2151  636326.6289 -636326.6289 -6212473.2151 1260914.7366  203612.8458     209.4560     143.5533
400000655 300000164                                         -1242920.4416 -6248583.0214       0.0000 -627459.2093 -6308900.9250  627459.2093 -1260914.7366 -6212473.2151  636326.6289  204548.8197     251.1620     101.8717
400000656 300000164                                         -636326.6289 -6212473.2151 1260914.7366 -1260914.7366 -6212473.2151  636326.6289 -627459.2093 -6308900.9250  627459.2093  205583.5447     215.8055     135.7581
400000657 300000165                                               0.0000 -4504977.3029 4504977.3029 -678984.1624 -4805928.6788 4126944.5164       0.0000 -4924849.5984 4041719.6134  213029.7505     242.3534     160.5408
400000658 300000165                                         -1346350.7175 -5024649.2825 3678298.5650 -677162.3725 -5191537.9595 3630292.7893 -678984.1624 -4805928.6788 4126944.5164  213259.5913     261.8227     122.8171
400000659 300000165                                               0.0000 -5297292.9000 3539537.9546       0.0000 -4924849.5984 4041719.6134 -677162.3725 -5191537.9595 3630292.7893  212458.1628     257.1348     136.0883
400000660 300000165                                         -678984.1624 -4805928.6788 4126944.5164 -677162.3725 -5191537.9595 3630292.7893       0.0000 -4924849.5984 4041719.6134  214297.3599     251.6636     139.1968
400000661 300000166                                         -2600949.8585 -5201899.7171 2600949.8585 -1976963.3461 -5468063.2517 2604139.2443 -1990680.8386 -5157396.7439 3166715.9053  213953.8407     290.0506      82.3947
400000662 300000166                                         -1330561.6814 -5672228.9398 2577802.4491 -1345228.8674 -5375502.5311 3143878.6287 -1976963.3461 -5468063.2517 2604139.2443  213196.7862     268.7902     110.1120
400000663 300000166                                         -1346350.7175 -5024649.2825 3678298.5650 -1990680.8386 -5157396.7439 3166715.9053 -1345228.8674 -5375502.5311 3143878.6287  213817.3983     284.5870     113.8927
400000664 300000166                                         -1976963.3461 -5468063.2517 2604139.2443 -1345228.8674 -5375502.5311 3143878.6287 -1990680.8386 -5157396.7439 3166715.9053  215042.4187     279.1481      96.7098
400000665 300000167                                               0.0000 -5886036.5016 2438076.1476       0.0000 -5618720.3752 3003268.6103 -669073.8784 -5812081.9155 2522238.0841  209920.2574     268.3939      79.6310
400000666 300000167                                               0.0000 -5297292.9000 3539537.9546 -671168.2896 -5533298.6915 3085738.1156       0.0000 -5618720.3752 3003268.6103  210577.3796     265.4253     114.1061
400000667 300000167                                         -1330561.6814 -5672228.9398 2577802.4491 -669073.8784 -5812081.9155 2522238.0841 -671168.2896 -5533298.6915 3085738.1156  210758.2000     272.9884     110.2287
400000668 300000167                                               0.0000 -5618720.3752 3003268.6103 -671168.2896 -5533298.6915 3085738.1156 -669073.8784 -5812081.9155 2522238.0841  211783.6604     272.3250      77.8149
400000669 300000168                                         -1346350.7175 -5024649.2825 3678298.5650 -1345228.8674 -5375502.5311 3143878.6287 -677162.3725 -5191537.9595 3630292.7893  217445.2803     273.9581     116.0102
400000670 300000168                                         -1330561.6814 -5672228.9398 2577802.4491 -671168.2896 -5533298.6915 3085738.1156 -1345228.8674 -5375502.5311 3143878.6287  218077.9738     277.2714     116.4831
400000671 300000168                                               0.0000 -5297292.9000 3539537.9546 -677162.3725 -5191537.9595 3630292.7893 -671168.2896 -5533298.6915 3085738.1156  218265.1507     265.6637     124.8180
400000672 300000168                                         -1345228.8674 -5375502.5311 3143878.6287 -671168.2896 -5533298.6915 3085738.1156 -677162.3725 -5191537.9595 3630292.7893  219375.9096     273.2457     117.7276
400000673 300000169                                         -4504977.3029 -4504977.3029       0.0000 -4041719.6134 -4924849.5984       0.0000 -4126944.5164 -4805928.6788  678984.1624  213029.7505     278.7526      58.8350
400000674 300000169                                         -3539537.9546 -5297292.9000       0.0000 -3630292.7893 -5191537.9595  677162.3725 -4041719.6134 -4924849.5984       0.0000  212458.1628     279.3685      58.8971
400000675 300000169                                         -3678298.5650 -5024649.2825 1346350.7175 -4126944.5164 -4805928.6788  678984.1624 -3630292.7893 -5191537.9595  677162.3725  213259.5913     243.0594     117.9748
400000676 300000169                                         -4041719.6134 -4924849.5984       0.0000 -3630292.7893 -5191537.9595  677162.3725 -4126944.5164 -4805928.6788  678984.1624  214297.3599     265.7215      81.7259
400000677 300000170                                         -2438076.1476 -5886036.5016       0.0000 -2522238.0841 -5812081.9155  669073.8784 -3003268.6103 -5618720.3752       0.0000  209920.2574     275.1957      64.5911
400000678 300000170                                         -2577802.4491 -5672228.9398 1330561.6814 -3085738.1156 -5533298.6915  671168.2896 -2522238.0841 -5812081.9155  669073.8784  210758.2000     232.3034     125.8059
400000679 300000170                                         -3539537.9546 -5297292.9000       0.0000 -3003268.6103 -5618720.3752       0.0000 -3085738.1156 -5533298.6915  671168.2896  210577.3796     277.5421      63.2314
400000680 300000170                                         -2522238.0841 -5812081.9155  669073.8784 -3085738.1156 -5533298.6915  671168.2896 -3003268.6103 -5618720.3752       0.0000  211783.6604     263.4799      85.3014
400000681 300000171                                         -2600949.8585 -5201899.7171 2600949.8585 -3166715.9053 -5157396.7439 1990680.8386 -2604139.2443 -5468063.2517 1976963.3461  213953.8407     278.7575     121.6557
400000682 300000171                                         -3678298.5650 -5024649.2825 1346350.7175 -3143878.6287 -5375502.5311 1345228.8674 -3166715.9053 -5157396.7439 1990680.8386  213817.3983     269.0970     101.7853
400000683 300000171                                         -2577802.4491 -5672228.9398 1330561.6814 -2604139.2443 -5468063.2517 1976963.3461 -3143878.6287 -5375502.5311 1345228.8674  213196.7862     260.4448     102.3249
400000684 300000171                                         -3166715.9053 -5157396.7439 1990680.8386 -3143878.6287 -5375502.5311 1345228.8674 -2604139.2443 -5468063.2517 1976963.3461  215042.4187     272.4143     112.3859
400000685 300000172                                         -3539537.9546 -5297292.9000       0.0000 -3085738.1156 -5533298.6915  671168.2896 -3630292.7893 -5191537.9595  677162.3725  218265.1507     265.7744      82.8956
400000686 300000172                                         -2577802.4491 -5672228.9398 1330561.6814 -3143878.6287 -5375502.5311 1345228.8674 -3085738.1156 -5533298.6915  671168.2896  218077.9738     236.6310     121.5200
400000687 300000172                                         -3678298.5650 -5024649.2825 1346350.7175 -3630292.7893 -5191537.9595  677162.3725 -3143878.6287 -5375502.5311 1345228.8674  217445.2803     246.6424     112.9361
400000688 300000172                                         -3085738.1156 -5533298.6915  671168.2896 -3143878.6287 -5375502.5311 1345228.8674 -3630292.7893 -5191537.9595  677162.3725  219375.9096     238.4436     124.4183
400000689 300000173                                               0.0000 -5886036.5016 2438076.1476 -669073.8784 -5812081.9155 2522238.0841 -639129.1082 -6056845.8882 1869698.6039  232651.5371     255.6323      93.9957
400000690 300000173                                         -1330561.6814 -5672228.9398 2577802.4491 -1306164.9224 -5928333.1219 1933504.7432 -669073.8784 -5812081.9155 2522238.0841  231845.9895     254.0484     124.2768
400000691 300000173                                         -1266279.9131 -6114140.2800 1266279.9131 -639129.1082 -6056845.8882 1869698.6039 -1306164.9224 -5928333.1219 1933504.7432  232712.3450     226.0865     122.5242
400000692 300000173                                         -669073.8784 -5812081.9155 2522238.0841 -1306164.9224 -5928333.1219 1933504.7432 -639129.1082 -6056845.8882 1869698.6039  234046.8072     241.2749     128.4077
400000693 300000174                                         -2600949.8585 -5201899.7171 2600949.8585 -2604139.2443 -5468063.2517 1976963.3461 -1976963.3461 -5468063.2517 2604139.2443  228300.1373     281.0947      99.5449
400000694 300000174                                         -2577802.4491 -5672228.9398 1330561.6814 -1973179.1775 -5727370.1528 1973179.1775 -2604139.2443 -5468063.2517 1976963.3461  229212.6770     265.0464      97.7037
400000695 300000174                                         -1330561.6814 -5672228.9398 2577802.4491 -1976963.3461 -5468063.2517 2604139.2443 -1973179.1775 -5727370.1528 1973179.1775  229212.6770     271.2460      81.2143
400000696 300000174                                         -2604139.2443 -5468063.2517 1976963.3461 -1973179.1775 -5727370.1528 1973179.1775 -1976963.3461 -5468063.2517 2604139.2443  230526.8451     277.7874      89.7047
400000697 300000175                                         -2438076.1476 -5886036.5016       0.0000 -1869698.6039 -6056845.8882  639129.1082 -2522238.0841 -5812081.9155  669073.8784  232651.5371     261.9317      84.0979
400000698 300000175                                         -1266279.9131 -6114140.2800 1266279.9131 -1933504.7432 -5928333.1219 1306164.9224 -1869698.6039 -6056845.8882  639129.1082  232712.3450     216.9234     131.1033
400000699 300000175                                         -2577802.4491 -5672228.9398 1330561.6814 -2522238.0841 -5812081.9155  669073.8784 -1933504.7432 -5928333.1219 1306164.9224  231845.9895     226.4596     123.1009
400000700 300000175                                         -1869698.6039 -6056845.8882  639129.1082 -1933504.7432 -5928333.1219 1306164.9224 -2522238.0841 -5812081.9155  669073.8784  234046.8072     225.0351     128.2811
400000701 300000176                                         -1330561.6814 -5672228.9398 2577802.4491 -1973179.1775 -5727370.1528 1973179.1775 -1306164.9224 -5928333.1219 1933504.7432  238189.0310     251.3236     103.3802
400000702 300000176                                         -2577802.4491 -5672228.9398 1330561.6814 -1933504.7432 -5928333.1219 1306164.9224 -1973179.1775 -5727370.1528 1973179.1775  238189.0310     246.7232      99.4086
400000703 300000176                                         -1266279.9131 -6114140.2800 1266279.9131 -1306164.9224 -5928333.1219 1933504.7432 -1933504.7432 -5928333.1219 1306164.9224  237302.7613     228.8873     117.1098
400000704 300000176                                         -1973179.1775 -5727370.1528 1973179.1775 -1933504.7432 -5928333.1219 1306164.9224 -1306164.9224 -5928333.1219 1933504.7432  239617.8861     247.4690      96.0858
400000705 300000177                                         -4504977.3029       0.0000 4504977.3029 -4805928.6788 -678984.1624 4126944.5164 -4126944.5164 -678984.1624 4805928.6788  328324.9483     224.1466     195.5872
400000706 300000177                                         -5024649.2825 -1346350.7175 3678298.5650 -4400885.2099 -1361638.6226 4400885.2099 -4805928.6788 -678984.1624 4126944.5164  329212.3599     226.7647     173.1315
400000707 300000177                                         -3678298.5650 -1346350.7175 5024649.2825 -4126944.5164 -678984.1624 4805928.6788 -4400885.2099 -1361638.6226 4400885.2099  329212.3599     224.5070     198.2557
400000708 300000177                                         -4805928.6788 -678984.1624 4126944.5164 -4400885.2099 -1361638.6226 4400885.2099 -4126944.5164 -678984.1624 4805928.6788  332074.9378     224.4789     190.5702
400000709 300000178                                         -5201899.7171 -2600949.8585 2600949.8585 -4688572.4479 -2687534.5848 3374031.3064 -5157396.7439 -1990680.8386 3166715.9053  331958.1435     268.5795      81.1527
400000710 300000178                                         -4074905.2917 -2716603.5278 4074905.2917 -4591494.5659 -2050103.9020 3912146.8074 -4688572.4479 -2687534.5848 3374031.3064  332135.9111     245.6475     129.0821
400000711 300000178                                         -5024649.2825 -1346350.7175 3678298.5650 -5157396.7439 -1990680.8386 3166715.9053 -4591494.5659 -2050103.9020 3912146.8074  331417.2039     247.4693     115.6488
400000712 300000178                                         -4688572.4479 -2687534.5848 3374031.3064 -4591494.5659 -2050103.9020 3912146.8074 -5157396.7439 -1990680.8386 3166715.9053  335024.3025     255.4204     100.3879
400000713 300000179                                         -2600949.8585 -2600949.8585 5201899.7171 -3166715.9053 -1990680.8386 5157396.7439 -3374031.3064 -2687534.5848 4688572.4479  331958.1435     226.8996     190.2680
400000714 300000179                                         -3678298.5650 -1346350.7175 5024649.2825 -3912146.8074 -2050103.9020 4591494.5659 -3166715.9053 -1990680.8386 5157396.7439  331417.2039     225.8118     194.9602
400000715 300000179                                         -4074905.2917 -2716603.5278 4074905.2917 -3374031.3064 -2687534.5848 4688572.4479 -3912146.8074 -2050103.9020 4591494.5659  332135.9111     228.5045     184.5142
400000716 300000179                                         -3166715.9053 -1990680.8386 5157396.7439 -3912146.8074 -2050103.9020 4591494.5659 -3374031.3064 -2687534.5848 4688572.4479  335024.3025     226.6859     195.4373
400000717 300000180                                         -5024649.2825 -1346350.7175 3678298.5650 -4591494.5659 -2050103.9020 3912146.8074 -4400885.2099 -1361638.6226 4400885.2099  344128.0612     228.7906     167.8332
400000718 300000180                                         -4074905.2917 -2716603.5278 4074905.2917 -3912146.8074 -2050103.9020 4591494.5659 -4591494.5659 -2050103.9020 3912146.8074  343384.2298     230.6098     171.8413
400000719 300000180                                         -3678298.5650 -1346350.7175 5024649.2825 -4400885.2099 -1361638.6226 4400885.2099 -3912146.8074 -2050103.9020 4591494.5659  344128.0612     224.5675     195.4794
400000720 300000180                                         -4591494.5659 -2050103.9020 3912146.8074 -3912146.8074 -2050103.9020 4591494.5659 -4400885.2099 -1361638.6226 4400885.2099  347308.3434     225.8181     182.8545
400000721 300000181                                         -4504977.3029 -4504977.3029       0.0000 -4126944.5164 -4805928.6788  678984.1624 -4805928.6788 -4126944.5164  678984.1624  328324.9483     263.7605      83.5259
400000722 300000181                                         -3678298.5650 -5024649.2825 1346350.7175 -4400885.2099 -4400885.2099 1361638.6226 -4126944.5164 -4805928.6788  678984.1624  329212.3599     255.9178     100.7629
400000723 300000181                                         -5024649.2825 -3678298.5650 1346350.7175 -4805928.6788 -4126944.5164  678984.1624 -4400885.2099 -4400885.2099 1361638.6226  329212.3599     262.0019      91.1830
400000724 300000181                                         -4126944.5164 -4805928.6788  678984.1624 -4400885.2099 -4400885.2099 1361638.6226 -4805928.6788 -4126944.5164  678984.1624  332074.9378     249.6672     107.6912
400000725 300000182                                         -2600949.8585 -5201899.7171 2600949.8585 -3374031.3064 -4688572.4479 2687534.5848 -3166715.9053 -5157396.7439 1990680.8386  331958.1435     279.0960     134.7809
400000726 300000182                                         -4074905.2917 -4074905.2917 2716603.5278 -3912146.8074 -4591494.5659 2050103.9020 -3374031.3064 -4688572.4479 2687534.5848  332135.9111     276.8659     129.0346
400000727 300000182                                         -3678298.5650 -5024649.2825 1346350.7175 -3166715.9053 -5157396.7439 1990680.8386 -3912146.8074 -4591494.5659 2050103.9020  331417.2039     275.7648     115.6469
400000728 300000182                                         -3374031.3064 -4688572.4479 2687534.5848 -3912146.8074 -4591494.5659 2050103.9020 -3166715.9053 -5157396.7439 1990680.8386  335024.3025     278.3962     134.8640
400000729 300000183                                         -5201899.7171 -2600949.8585 2600949.8585 -5157396.7439 -3166715.9053 1990680.8386 -4688572.4479 -3374031.3064 2687534.5848  331958.1435     272.2392      87.0387
400000730 300000183                                         -5024649.2825 -3678298.5650 1346350.7175 -4591494.5659 -3912146.8074 2050103.9020 -5157396.7439 -3166715.9053 1990680.8386  331417.2039     273.5178      88.0142
400000731 300000183                                         -4074905.2917 -4074905.2917 2716603.5278 -4688572.4479 -3374031.3064 2687534.5848 -4591494.5659 -3912146.8074 2050103.9020  332135.9111     272.7726     112.7187
400000732 300000183                                         -5157396.7439 -3166715.9053 1990680.8386 -4591494.5659 -3912146.8074 2050103.9020 -4688572.4479 -3374031.3064 2687534.5848  335024.3025     272.7912      95.3228
400000733 300000184                                         -3678298.5650 -5024649.2825 1346350.7175 -3912146.8074 -4591494.5659 2050103.9020 -4400885.2099 -4400885.2099 1361638.6226  344128.0612     274.0054      98.3485
400000734 300000184                                         -4074905.2917 -4074905.2917 2716603.5278 -4591494.5659 -3912146.8074 2050103.9020 -3912146.8074 -4591494.5659 2050103.9020  343384.2298     275.5743     117.8804
400000735 300000184                                         -5024649.2825 -3678298.5650 1346350.7175 -4400885.2099 -4400885.2099 1361638.6226 -4591494.5659 -3912146.8074 2050103.9020  344128.0612     274.4718      87.8525
400000736 300000184                                         -3912146.8074 -4591494.5659 2050103.9020 -4591494.5659 -3912146.8074 2050103.9020 -4400885.2099 -4400885.2099 1361638.6226  347308.3434     275.9825     101.4783
400000737 300000185                                               0.0000 -4504977.3029 4504977.3029 -678984.1624 -4126944.5164 4805928.6788 -678984.1624 -4805928.6788 4126944.5164  328324.9483     241.3135     158.8600
400000738 300000185                                         -1346350.7175 -3678298.5650 5024649.2825 -1361638.6226 -4400885.2099 4400885.2099 -678984.1624 -4126944.5164 4805928.6788  329212.3599     240.6865     149.7984
400000739 300000185                                         -1346350.7175 -5024649.2825 3678298.5650 -678984.1624 -4805928.6788 4126944.5164 -1361638.6226 -4400885.2099 4400885.2099  329212.3599     255.0395     129.6011
400000740 300000185                                         -678984.1624 -4126944.5164 4805928.6788 -1361638.6226 -4400885.2099 4400885.2099 -678984.1624 -4805928.6788 4126944.5164  332074.9378     244.6821     140.0408
400000741 300000186                                         -2600949.8585 -2600949.8585 5201899.7171 -2687534.5848 -3374031.3064 4688572.4479 -1990680.8386 -3166715.9053 5157396.7439  331958.1435     228.5609     172.5703
400000742 300000186                                         -2716603.5278 -4074905.2917 4074905.2917 -2050103.9020 -3912146.8074 4591494.5659 -2687534.5848 -3374031.3064 4688572.4479  332135.9111     246.4469     134.0655
400000743 300000186                                         -1346350.7175 -3678298.5650 5024649.2825 -1990680.8386 -3166715.9053 5157396.7439 -2050103.9020 -3912146.8074 4591494.5659  331417.2039     226.7588     174.6665
400000744 300000186                                         -2687534.5848 -3374031.3064 4688572.4479 -2050103.9020 -3912146.8074 4591494.5659 -1990680.8386 -3166715.9053 5157396.7439  335024.3025     233.5838     164.5858
400000745 300000187                                         -2600949.8585 -5201899.7171 2600949.8585 -1990680.8386 -5157396.7439 3166715.9053 -2687534.5848 -4688572.4479 3374031.3064  331958.1435     285.3622     116.9379
400000746 300000187                                         -1346350.7175 -5024649.2825 3678298.5650 -2050103.9020 -4591494.5659 3912146.8074 -1990680.8386 -5157396.7439 3166715.9053  331417.2039     286.4148     105.7617
400000747 300000187                                         -2716603.5278 -4074905.2917 4074905.2917 -2687534.5848 -4688572.4479 3374031.3064 -2050103.9020 -4591494.5659 3912146.8074  332135.9111     284.0491     102.1179
400000748 300000187                                         -1990680.8386 -5157396.7439 3166715.9053 -2050103.9020 -4591494.5659 3912146.8074 -2687534.5848 -4688572.4479 3374031.3064  335024.3025     300.8575     104.6975
400000749 300000188                                         -1346350.7175 -3678298.5650 5024649.2825 -2050103.9020 -3912146.8074 4591494.5659 -1361638.6226 -4400885.2099 4400885.2099  344128.0612     236.0404     149.6936
400000750 300000188                                         -2716603.5278 -4074905.2917 4074905.2917 -2050103.9020 -4591494.5659 3912146.8074 -2050103.9020 -3912146.8074 4591494.5659  343384.2298     262.4303     113.1134
400000751 300000188                                         -1346350.7175 -5024649.2825 3678298.5650 -1361638.6226 -4400885.2099 4400885.2099 -2050103.9020 -4591494.5659 3912146.8074  344128.0612     262.2143     121.1060
400000752 300000188                                         -2050103.9020 -3912146.8074 4591494.5659 -2050103.9020 -4591494.5659 3912146.8074 -1361638.6226 -4400885.2099 4400885.2099  347308.3434     250.7332     130.8858
400000753 300000189                                         -5201899.7171 -2600949.8585 2600949.8585 -4688572.4479 -3374031.3064 2687534.5848 -4688572.4479 -2687534.5848 3374031.3064  387995.8446     270.8422      88.3139
400000754 300000189                                         -4074905.2917 -4074905.2917 2716603.5278 -4122015.5885 -3435012.9904 3435012.9904 -4688572.4479 -3374031.3064 2687534.5848  388281.7658     269.6796     117.4690
400000755 300000189                                         -4074905.2917 -2716603.5278 4074905.2917 -4688572.4479 -2687534.5848 3374031.3064 -4122015.5885 -3435012.9904 3435012.9904  388281.7658     256.0408     116.4558
400000756 300000189                                         -4688572.4479 -3374031.3064 2687534.5848 -4122015.5885 -3435012.9904 3435012.9904 -4688572.4479 -2687534.5848 3374031.3064  392517.4362     267.6809     104.2212
400000757 300000190                                         -2600949.8585 -5201899.7171 2600949.8585 -2687534.5848 -4688572.4479 3374031.3064 -3374031.3064 -4688572.4479 2687534.5848  387995.8446     278.8329     132.1859
400000758 300000190                                         -2716603.5278 -4074905.2917 4074905.2917 -3435012.9904 -4122015.5885 3435012.9904 -2687534.5848 -4688572.4479 3374031.3064  388281.7658     268.4256     116.6766
400000759 300000190                                         -4074905.2917 -4074905.2917 2716603.5278 -3374031.3064 -4688572.4479 2687534.5848 -3435012.9904 -4122015.5885 3435012.9904  388281.7658     273.1264     129.6738
400000760 300000190                                         -2687534.5848 -4688572.4479 3374031.3064 -3435012.9904 -4122015.5885 3435012.9904 -3374031.3064 -4688572.4479 2687534.5848  392517.4362     274.4275     127.1514
400000761 300000191                                         -2600949.8585 -2600949.8585 5201899.7171 -3374031.3064 -2687534.5848 4688572.4479 -2687534.5848 -3374031.3064 4688572.4479  387995.8446     229.2287     180.6959
400000762 300000191                                         -4074905.2917 -2716603.5278 4074905.2917 -3435012.9904 -3435012.9904 4122015.5885 -3374031.3064 -2687534.5848 4688572.4479  388281.7658     235.0465     169.7789
400000763 300000191                                         -2716603.5278 -4074905.2917 4074905.2917 -2687534.5848 -3374031.3064 4688572.4479 -3435012.9904 -3435012.9904 4122015.5885  388281.7658     244.6298     143.4443
400000764 300000191                                         -3374031.3064 -2687534.5848 4688572.4479 -3435012.9904 -3435012.9904 4122015.5885 -2687534.5848 -3374031.3064 4688572.4479  392517.4362     235.2762     170.8946
400000765 300000192                                         -4074905.2917 -4074905.2917 2716603.5278 -3435012.9904 -4122015.5885 3435012.9904 -4122015.5885 -3435012.9904 3435012.9904  405996.4825     267.9678     126.3258
400000766 300000192                                         -2716603.5278 -4074905.2917 4074905.2917 -3435012.9904 -3435012.9904 4122015.5885 -3435012.9904 -4122015.5885 3435012.9904  405996.4825     255.6403     129.7064
400000767 300000192                                         -4074905.2917 -2716603.5278 4074905.2917 -4122015.5885 -3435012.9904 3435012.9904 -3435012.9904 -3435012.9904 4122015.5885  405996.4825     248.6109     141.2905
400000768 300000192                                         -3435012.9904 -4122015.5885 3435012.9904 -3435012.9904 -3435012.9904 4122015.5885 -4122015.5885 -3435012.9904 3435012.9904  410731.3740     257.7279     133.9591
400000769 300000193                                               0.0000       0.0000 6371000.0000       0.0000 -624467.2010 6340321.8936  624467.2010       0.0000 6340321.8936  195921.5441     225.4285     304.9542
400000770 300000193                                               0.0000 -1242920.4416 6248583.0214  627459.2093 -627459.2093 6308900.9250       0.0000 -624467.2010 6340321.8936  196860.2699     225.8413     269.7103
400000771 300000193                                         1242920.4416       0.0000 6248583.0214  624467.2010       0.0000 6340321.8936  627459.2093 -627459.2093 6308900.9250  196860.2699     226.2687     275.7242
400000772 300000193                                               0.0000 -624467.2010 6340321.8936  627459.2093 -627459.2093 6308900.9250  624467.2010       0.0000 6340321.8936  197817.4310     226.0868     297.0090
400000773 300000194                                               0.0000 -2438076.1476 5886036.5016  639129.1082 -1869698.6039 6056845.8882       0.0000 -1849403.6788 6096666.8789  200521.8161     223.0965     248.5103
400000774 300000194                                         1266279.9131 -1266279.9131 6114140.2800  636326.6289 -1260914.7366 6212473.2151  639129.1082 -1869698.6039 6056845.8882  200560.6406     222.1198     256.3357
400000775 300000194                                               0.0000 -1242920.4416 6248583.0214       0.0000 -1849403.6788 6096666.8789  636326.6289 -1260914.7366 6212473.2151  199642.5528     224.2685     239.7483
400000776 300000194                                          639129.1082 -1869698.6039 6056845.8882  636326.6289 -1260914.7366 6212473.2151       0.0000 -1849403.6788 6096666.8789  201535.9727     222.9649     226.1855
400000777 300000195                                         2438076.1476       0.0000 5886036.5016 1849403.6788       0.0000 6096666.8789 1869698.6039 -639129.1082 6056845.8882  200521.8161     229.2495     207.7289
400000778 300000195                                         1242920.4416       0.0000 6248583.0214 1260914.7366 -636326.6289 6212473.2151 1849403.6788       0.0000 6096666.8789  199642.5528     227.9302     234.9504
400000779 300000195                                         1266279.9131 -1266279.9131 6114140.2800 1869698.6039 -639129.1082 6056845.8882 1260914.7366 -636326.6289 6212473.2151  200560.6406     217.9182     287.7136
400000780 300000195                                         1849403.6788       0.0000 6096666.8789 1260914.7366 -636326.6289 6212473.2151 1869698.6039 -639129.1082 6056845.8882  201535.9727     228.3144     222.3159
400000781 300000196                                               0.0000 -1242920.4416 6248583.0214  636326.6289 -1260914.7366 6212473.2151  627459.2093 -627459.2093 6308900.9250  204548.8197     224.6208     262.7925
400000782 300000196                                         1266279.9131 -1266279.9131 6114140.2800 1260914.7366 -636326.6289 6212473.2151  636326.6289 -1260914.7366 6212473.2151  203612.8458     212.6873     328.0427
400000783 300000196                                         1242920.4416       0.0000 6248583.0214  627459.2093 -627459.2093 6308900.9250 1260914.7366 -636326.6289 6212473.2151  204548.8197     226.5127     281.4805
400000784 300000196                                          636326.6289 -1260914.7366 6212473.2151 1260914.7366 -636326.6289 6212473.2151  627459.2093 -627459.2093 6308900.9250  205583.5447     216.8634     326.1923
400000785 300000197                                               0.0000 -4504977.3029 4504977.3029  678984.1624 -4126944.5164 4805928.6788       0.0000 -4041719.6134 4924849.5984  213029.7505     237.4107     148.9998
400000786 300000197                                         1346350.7175 -3678298.5650 5024649.2825  677162.3725 -3630292.7893 5191537.9595  678984.1624 -4126944.5164 4805928.6788  213259.5913     236.5827     151.5634
400000787 300000197                                               0.0000 -3539537.9546 5297292.9000       0.0000 -4041719.6134 4924849.5984  677162.3725 -3630292.7893 5191537.9595  212458.1628     236.1159     155.5483
400000788 300000197                                          678984.1624 -4126944.5164 4805928.6788  677162.3725 -3630292.7893 5191537.9595       0.0000 -4041719.6134 4924849.5984  214297.3599     237.3313     154.2968
400000789 300000198                                         2600949.8585 -2600949.8585 5201899.7171 1976963.3461 -2604139.2443 5468063.2517 1990680.8386 -3166715.9053 5157396.7439  213953.8407     229.8651     177.6424
400000790 300000198                                         1330561.6814 -2577802.4491 5672228.9398 1345228.8674 -3143878.6287 5375502.5311 1976963.3461 -2604139.2443 5468063.2517  213196.7862     225.3194     178.7952
400000791 300000198                                         1346350.7175 -3678298.5650 5024649.2825 1990680.8386 -3166715.9053 5157396.7439 1345228.8674 -3143878.6287 5375502.5311  213817.3983     229.2933     173.8322
400000792 300000198                                         1976963.3461 -2604139.2443 5468063.2517 1345228.8674 -3143878.6287 5375502.5311 1990680.8386 -3166715.9053 5157396.7439  215042.4187     226.9722     175.4960
400000793 300000199                                               0.0000 -2438076.1476 5886036.5016       0.0000 -3003268.6103 5618720.3752  669073.8784 -2522238.0841 5812081.9155  209920.2574     225.0423     205.7380
400000794 300000199                                               0.0000 -3539537.9546 5297292.9000  671168.2896 -3085738.1156 5533298.6915       0.0000 -3003268.6103 5618720.3752  210577.3796     226.8339     199.6068
400000795 300000199                                         1330561.6814 -2577802.4491 5672228.9398  669073.8784 -2522238.0841 5812081.9155  671168.2896 -3085738.1156 5533298.6915  210758.2000     223.5156     201.8786
400000796 300000199                                               0.0000 -3003268.6103 5618720.3752  671168.2896 -3085738.1156 5533298.6915  669073.8784 -2522238.0841 5812081.9155  211783.6604     225.2953     188.5314
400000797 300000200                                         1346350.7175 -3678298.5650 5024649.2825 1345228.8674 -3143878.6287 5375502.5311  677162.3725 -3630292.7893 5191537.9595  217445.2803     232.0753     162.7447
400000798 300000200                                         1330561.6814 -2577802.4491 5672228.9398  671168.2896 -3085738.1156 5533298.6915 1345228.8674 -3143878.6287 5375502.5311  218077.9738     225.8555     184.9261
400000799 300000200                                               0.0000 -3539537.9546 5297292.9000  677162.3725 -3630292.7893 5191537.9595  671168.2896 -3085738.1156 5533298.6915  218265.1507     228.0383     186.9175
400000800 300000200                                         1345228.8674 -3143878.6287 5375502.5311  671168.2896 -3085738.1156 5533298.6915  677162.3725 -3630292.7893 5191537.9595  219375.9096     231.5556     163.5508
400000801 300000201                                         4504977.3029       0.0000 4504977.3029 4041719.6134       0.0000 4924849.5984 4126944.5164 -678984.1624 4805928.6788  213029.7505     244.4641     143.4759
400000802 300000201                                         3539537.9546       0.0000 5297292.9000 3630292.7893 -677162.3725 5191537.9595 4041719.6134       0.0000 4924849.5984  212458.1628     235.6193     184.5184
400000803 300000201                                         3678298.5650 -1346350.7175 5024649.2825 4126944.5164 -678984.1624 4805928.6788 3630292.7893 -677162.3725 5191537.9595  213259.5913     237.4117     145.7702
400000804 300000201                                         4041719.6134       0.0000 4924849.5984 3630292.7893 -677162.3725 5191537.9595 4126944.5164 -678984.1624 4805928.6788  214297.3599     239.8662     156.3611
400000805 300000202                                         2438076.1476       0.0000 5886036.5016 2522238.0841 -669073.8784 5812081.9155 3003268.6103       0.0000 5618720.3752  209920.2574     230.7063     185.9557
400000806 300000202                                         2577802.4491 -1330561.6814 5672228.9398 3085738.1156 -671168.2896 5533298.6915 2522238.0841 -669073.8784 5812081.9155  210758.2000     228.7767     180.2969
400000807 300000202                                         3539537.9546       0.0000 5297292.9000 3003268.6103       0.0000 5618720.3752 3085738.1156 -671168.2896 5533298.6915  210577.3796     232.6969     169.8942
400000808 300000202                                         2522238.0841 -669073.8784 5812081.9155 3085738.1156 -671168.2896 5533298.6915 3003268.6103       0.0000 5618720.3752  211783.6604     231.1557     176.0652
400000809 300000203                                         2600949.8585 -2600949.8585 5201899.7171 3166715.9053 -1990680.8386 5157396.7439 2604139.2443 -1976963.3461 5468063.2517  213953.8407     228.9465     184.0107
400000810 300000203                                         3678298.5650 -1346350.7175 5024649.2825 3143878.6287 -1345228.8674 5375502.5311 3166715.9053 -1990680.8386 5157396.7439  213817.3983     229.7897     173.7551
400000811 300000203                                         2577802.4491 -1330561.6814 5672228.9398 2604139.2443 -1976963.3461 5468063.2517 3143878.6287 -1345228.8674 5375502.5311  213196.7862     229.3751     177.1405
400000812 300000203                                         3166715.9053 -1990680.8386 5157396.7439 3143878.6287 -1345228.8674 5375502.5311 2604139.2443 -1976963.3461 5468063.2517  215042.4187     229.0960     175.1608
400000813 300000204                                         3539537.9546       0.0000 5297292.9000 3085738.1156 -671168.2896 5533298.6915 3630292.7893 -677162.3725 5191537.9595  218265.1507     232.6304     171.5813
400000814 300000204                                         2577802.4491 -1330561.6814 5672228.9398 3143878.6287 -1345228.8674 5375502.5311 3085738.1156 -671168.2896 5533298.6915  218077.9738     229.3532     174.9211
400000815 300000204                                         3678298.5650 -1346350.7175 5024649.2825 3630292.7893 -677162.3725 5191537.9595 3143878.6287 -1345228.8674 5375502.5311  217445.2803     232.2495     165.6141
400000816 300000204                                         3085738.1156 -671168.2896 5533298.6915 3143878.6287 -1345228.8674 5375502.5311 3630292.7893 -677162.3725 5191537.9595  219375.9096     231.1934     169.7957
400000817 300000205                                               0.0000 -2438076.1476 5886036.5016  669073.8784 -2522238.0841 5812081.9155  639129.1082 -1869698.6039 6056845.8882  232651.5371     222.2983     236.4346
400000818 300000205                                         1330561.6814 -2577802.4491 5672228.9398 1306164.9224 -1933504.7432 5928333.1219  669073.8784 -2522238.0841 5812081.9155  231845.9895     222.2184     217.2741
400000819 300000205                                         1266279.9131 -1266279.9131 6114140.2800  639129.1082 -1869698.6039 6056845.8882 1306164.9224 -1933504.7432 5928333.1219  232712.3450     222.5669     224.9476
400000820 300000205                                          669073.8784 -2522238.0841 5812081.9155 1306164.9224 -1933504.7432 5928333.1219  639129.1082 -1869698.6039 6056845.8882  234046.8072     221.0361     237.4851
400000821 300000206                                         2600949.8585 -2600949.8585 5201899.7171 2604139.2443 -1976963.3461 5468063.2517 1976963.3461 -2604139.2443 5468063.2517  228300.1373     227.1601     188.8136
400000822 300000206                                         2577802.4491 -1330561.6814 5672228.9398 1973179.1775 -1973179.1775 5727370.1528 2604139.2443 -1976963.3461 5468063.2517  229212.6770     227.5091     187.4016
400000823 300000206                                         1330561.6814 -2577802.4491 5672228.9398 1976963.3461 -2604139.2443 5468063.2517 1973179.1775 -1973179.1775 5727370.1528  229212.6770     224.4605     189.6363
400000824 300000206                                         2604139.2443 -1976963.3461 5468063.2517 1973179.1775 -1973179.1775 5727370.1528 1976963.3461 -2604139.2443 5468063.2517  230526.8451     221.5073     214.2611
400000825 300000207                                         2438076.1476       0.0000 5886036.5016 1869698.6039 -639129.1082 6056845.8882 2522238.0841 -669073.8784 5812081.9155  232651.5371     229.7535     197.7797
400000826 300000207                                         1266279.9131 -1266279.9131 6114140.2800 1933504.7432 -1306164.9224 5928333.1219 1869698.6039 -639129.1082 6056845.8882  232712.3450     215.9458     286.1791
400000827 300000207                                         2577802.4491 -1330561.6814 5672228.9398 2522238.0841 -669073.8784 5812081.9155 1933504.7432 -1306164.9224 5928333.1219  231845.9895     228.6161     184.3070
400000828 300000207                                         1869698.6039 -639129.1082 6056845.8882 1933504.7432 -1306164.9224 5928333.1219 2522238.0841 -669073.8784 5812081.9155  234046.8072     227.1239     207.8947
400000829 300000208                                         1330561.6814 -2577802.4491 5672228.9398 1973179.1775 -1973179.1775 5727370.1528 1306164.9224 -1933504.7432 5928333.1219  238189.0310     224.0274     192.7050
400000830 300000208                                         2577802.4491 -1330561.6814 5672228.9398 1933504.7432 -1306164.9224 5928333.1219 1973179.1775 -1973179.1775 5727370.1528  238189.0310     224.8322     216.4500
400000831 300000208                                         1266279.9131 -1266279.9131 6114140.2800 1306164.9224 -1933504.7432 5928333.1219 1933504.7432 -1306164.9224 5928333.1219  237302.7613     215.1149     288.3516
400000832 300000208                                         1973179.1775 -1973179.1775 5727370.1528 1933504.7432 -1306164.9224 5928333.1219 1306164.9224 -1933504.7432 5928333.1219  239617.8861     216.8702     276.2185
400000833 300000209                                               0.0000 -6371000.0000       0.0000  624467.2010 -6340321.8936       0.0000       0.0000 -6340321.8936  624467.2010  195921.5441     254.5968     100.9855
400000834 300000209                                         1242920.4416 -6248583.0214       0.0000  627459.2093 -6308900.9250  627459.2093  624467.2010 -6340321.8936       0.0000  196860.2699     243.0841     123.3755
400000835 300000209                                               0.0000 -6248583.0214 1242920.4416       0.0000 -6340321.8936  624467.2010  627459.2093 -6308900.9250  627459.2093  196860.2699     213.9462     126.8069
400000836 300000209                                          624467.2010 -6340321.8936       0.0000  627459.2093 -6308900.9250  627459.2093       0.0000 -6340321.8936  624467.2010  197817.4310     232.7481     126.6953
400000837 300000210                                         2438076.1476 -5886036.5016       0.0000 1869698.6039 -6056845.8882  639129.1082 1849403.6788 -6096666.8789       0.0000  200521.8161     223.9862     139.7176
400000838 300000210                                         1266279.9131 -6114140.2800 1266279.9131 1260914.7366 -6212473.2151  636326.6289 1869698.6039 -6056845.8882  639129.1082  200560.6406     196.6372     144.4328
400000839 300000210                                         1242920.4416 -6248583.0214       0.0000 1849403.6788 -6096666.8789       0.0000 1260914.7366 -6212473.2151  636326.6289  199642.5528     222.0620     154.3764
400000840 300000210                                         1869698.6039 -6056845.8882  639129.1082 1260914.7366 -6212473.2151  636326.6289 1849403.6788 -6096666.8789       0.0000  201535.9727     216.7168     151.0979
400000841 300000211                                               0.0000 -5886036.5016 2438076.1476       0.0000 -6096666.8789 1849403.6788  639129.1082 -6056845.8882 1869698.6039  200521.8161     231.9474     122.8243
400000842 300000211                                               0.0000 -6248583.0214 1242920.4416  636326.6289 -6212473.2151 1260914.7366       0.0000 -6096666.8789 1849403.6788  199642.5528     209.7896     122.9277
400000843 300000211                                         1266279.9131 -6114140.2800 1266279.9131  639129.1082 -6056845.8882 1869698.6039  636326.6289 -6212473.2151 1260914.7366  200560.6406     219.3163     123.2238
400000844 300000211                                               0.0000 -6096666.8789 1849403.6788  636326.6289 -6212473.2151 1260914.7366  639129.1082 -6056845.8882 1869698.6039  201535.9727     217.6366     137.3311
400000845 300000212                                         1242920.4416 -6248583.0214       0.0000 1260914.7366 -6212473.2151  636326.6289  627459.2093 -6308900.9250  627459.2093  204548.8197     217.1695     146.2320
400000846 300000212                                         1266279.9131 -6114140.2800 1266279.9131  636326.6289 -6212473.2151 1260914.7366 1260914.7366 -6212473.2151  636326.6289  203612.8458     200.8005     147.3491
400000847 300000212                                               0.0000 -6248583.0214 1242920.4416  627459.2093 -6308900.9250  627459.2093  636326.6289 -6212473.2151 1260914.7366  204548.8197     207.4959     126.2510
400000848 300000212                                         1260914.7366 -6212473.2151  636326.6289  636326.6289 -6212473.2151 1260914.7366  627459.2093 -6308900.9250  627459.2093  205583.5447     199.8303     153.6047
400000849 300000213                                         4504977.3029 -4504977.3029       0.0000 4126944.5164 -4805928.6788  678984.1624 4041719.6134 -4924849.5984       0.0000  213029.7505     252.1200      81.5197
400000850 300000213                                         3678298.5650 -5024649.2825 1346350.7175 3630292.7893 -5191537.9595  677162.3725 4126944.5164 -4805928.6788  678984.1624  213259.5913     240.9973      95.4505
400000851 300000213                                         3539537.9546 -5297292.9000       0.0000 4041719.6134 -4924849.5984       0.0000 3630292.7893 -5191537.9595  677162.3725  212458.1628     241.9189     110.5378
400000852 300000213                                         4126944.5164 -4805928.6788  678984.1624 3630292.7893 -5191537.9595  677162.3725 4041719.6134 -4924849.5984       0.0000  214297.3599     239.8265     105.4538
400000853 300000214                                         2600949.8585 -5201899.7171 2600949.8585 2604139.2443 -5468063.2517 1976963.3461 3166715.9053 -5157396.7439 1990680.8386  213953.8407     254.1802      81.6671
400000854 300000214                                         2577802.4491 -5672228.9398 1330561.6814 3143878.6287 -5375502.5311 1345228.8674 2604139.2443 -5468063.2517 1976963.3461  213196.7862     252.9547      80.1259
400000855 300000214                                         3678298.5650 -5024649.2825 1346350.7175 3166715.9053 -5157396.7439 1990680.8386 3143878.6287 -5375502.5311 1345228.8674  213817.3983     256.1677      80.6813
400000856 300000214                                         2604139.2443 -5468063.2517 1976963.3461 3143878.6287 -5375502.5311 1345228.8674 3166715.9053 -5157396.7439 1990680.8386  215042.4187     253.7994      83.3413
400000857 300000215                                         2438076.1476 -5886036.5016       0.0000 3003268.6103 -5618720.3752       0.0000 2522238.0841 -5812081.9155  669073.8784  209920.2574     221.8931     129.9430
400000858 300000215                                         3539537.9546 -5297292.9000       0.0000 3085738.1156 -5533298.6915  671168.2896 3003268.6103 -5618720.3752       0.0000  210577.3796     230.0023     122.9620
400000859 300000215                                         2577802.4491 -5672228.9398 1330561.6814 2522238.0841 -5812081.9155  669073.8784 3085738.1156 -5533298.6915  671168.2896  210758.2000     226.4272     120.2575
400000860 300000215                                         3003268.6103 -5618720.3752       0.0000 3085738.1156 -5533298.6915  671168.2896 2522238.0841 -5812081.9155  669073.8784  211783.6604     221.2359     130.2340
400000861 300000216                                         3678298.5650 -5024649.2825 1346350.7175 3143878.6287 -5375502.5311 1345228.8674 3630292.7893 -5191537.9595  677162.3725  217445.2803     245.7430      91.6544
400000862 300000216                                         2577802.4491 -5672228.9398 1330561.6814 3085738.1156 -5533298.6915  671168.2896 3143878.6287 -5375502.5311 1345228.8674  218077.9738     239.2365     104.7500
400000863 300000216                                         3539537.9546 -5297292.9000       0.0000 3630292.7893 -5191537.9595  677162.3725 3085738.1156 -5533298.6915  671168.2896  218265.1507     231.5714     118.9885
400000864 300000216                                         3143878.6287 -5375502.5311 1345228.8674 3085738.1156 -5533298.6915  671168.2896 3630292.7893 -5191537.9595  677162.3725  219375.9096     237.0646     107.3647
400000865 300000217                                               0.0000 -4504977.3029 4504977.3029       0.0000 -4924849.5984 4041719.6134  678984.1624 -4805928.6788 4126944.5164  213029.7505     244.5624     154.9186
400000866 300000217                                               0.0000 -5297292.9000 3539537.9546  677162.3725 -5191537.9595 3630292.7893       0.0000 -4924849.5984 4041719.6134  212458.1628     255.7304     141.8275
400000867 300000217                                         1346350.7175 -5024649.2825 3678298.5650  678984.1624 -4805928.6788 4126944.5164  677162.3725 -5191537.9595 3630292.7893  213259.5913     249.7258     141.5315
400000868 300000217                                               0.0000 -4924849.5984 4041719.6134  677162.3725 -5191537.9595 3630292.7893  678984.1624 -4805928.6788 4126944.5164  214297.3599     250.0988     151.9237
400000869 300000218                                               0.0000 -5886036.5016 2438076.1476  669073.8784 -5812081.9155 2522238.0841       0.0000 -5618720.3752 3003268.6103  209920.2574     261.4474      83.6110
400000870 300000218                                         1330561.6814 -5672228.9398 2577802.4491  671168.2896 -5533298.6915 3085738.1156  669073.8784 -5812081.9155 2522238.0841  210758.2000     242.5421     110.6608
400000871 300000218                                               0.0000 -5297292.9000 3539537.9546       0.0000 -5618720.3752 3003268.6103  671168.2896 -5533298.6915 3085738.1156  210577.3796     259.9065     111.3422
400000872 300000218                                          669073.8784 -5812081.9155 2522238.0841  671168.2896 -5533298.6915 3085738.1156       0.0000 -5618720.3752 3003268.6103  211783.6604     258.2442      90.5986
400000873 300000219                                         2600949.8585 -5201899.7171 2600949.8585 1990680.8386 -5157396.7439 3166715.9053 1976963.3461 -5468063.2517 2604139.2443  213953.8407     249.7699      93.4498
400000874 300000219                                         1346350.7175 -5024649.2825 3678298.5650 1345228.8674 -5375502.5311 3143878.6287 1990680.8386 -5157396.7439 3166715.9053  213817.3983     251.7376      97.3376
400000875 300000219                                         1330561.6814 -5672228.9398 2577802.4491 1976963.3461 -5468063.2517 2604139.2443 1345228.8674 -5375502.5311 3143878.6287  213196.7862     246.8161      97.6847
400000876 300000219                                         1990680.8386 -5157396.7439 3166715.9053 1345228.8674 -5375502.5311 3143878.6287 1976963.3461 -5468063.2517 2604139.2443  215042.4187     251.5233      94.5565
400000877 300000220                                               0.0000 -5297292.9000 3539537.9546  671168.2896 -5533298.6915 3085738.1156  677162.3725 -5191537.9595 3630292.7893  218265.1507     256.2264     131.5892
400000878 300000220                                         1330561.6814 -5672228.9398 2577802.4491 1345228.8674 -5375502.5311 3143878.6287  671168.2896 -5533298.6915 3085738.1156  218077.9738     243.8474     111.0468
400000879 300000220                                         1346350.7175 -5024649.2825 3678298.5650  677162.3725 -5191537.9595 3630292.7893 1345228.8674 -5375502.5311 3143878.6287  217445.2803     250.8006     110.0698
400000880 300000220                                          671168.2896 -5533298.6915 3085738.1156 1345228.8674 -5375502.5311 3143878.6287  677162.3725 -5191537.9595 3630292.7893  219375.9096     251.2793     113.1618
400000881 300000221                                         2438076.1476 -5886036.5016       0.0000 2522238.0841 -5812081.9155  669073.8784 1869698.6039 -6056845.8882  639129.1082  232651.5371     216.4843     141.1710
400000882 300000221                                         2577802.4491 -5672228.9398 1330561.6814 1933504.7432 -5928333.1219 1306164.9224 2522238.0841 -5812081.9155  669073.8784  231845.9895     233.9229     112.5935
400000883 300000221                                         1266279.9131 -6114140.2800 1266279.9131 1869698.6039 -6056845.8882  639129.1082 1933504.7432 -5928333.1219 1306164.9224  232712.3450     213.1960     124.0668
400000884 300000221                                         2522238.0841 -5812081.9155  669073.8784 1933504.7432 -5928333.1219 1306164.9224 1869698.6039 -6056845.8882  639129.1082  234046.8072     215.2311     142.0517
400000885 300000222                                         2600949.8585 -5201899.7171 2600949.8585 1976963.3461 -5468063.2517 2604139.2443 2604139.2443 -5468063.2517 1976963.3461  228300.1373     249.0902      89.0506
400000886 300000222                                         1330561.6814 -5672228.9398 2577802.4491 1973179.1775 -5727370.1528 1973179.1775 1976963.3461 -5468063.2517 2604139.2443  229212.6770     243.8791      95.1284
400000887 300000222                                         2577802.4491 -5672228.9398 1330561.6814 2604139.2443 -5468063.2517 1976963.3461 1973179.1775 -5727370.1528 1973179.1775  229212.6770     250.6593      83.3832
400000888 300000222                                         1976963.3461 -5468063.2517 2604139.2443 1973179.1775 -5727370.1528 1973179.1775 2604139.2443 -5468063.2517 1976963.3461  230526.8451     244.1374      96.8178
400000889 300000223                                               0.0000 -5886036.5016 2438076.1476  639129.1082 -6056845.8882 1869698.6039  669073.8784 -5812081.9155 2522238.0841  232651.5371     242.9667      99.5155
400000890 300000223                                         1266279.9131 -6114140.2800 1266279.9131 1306164.9224 -5928333.1219 1933504.7432  639129.1082 -6056845.8882 1869698.6039  232712.3450     239.1374      96.2726
400000891 300000223                                         1330561.6814 -5672228.9398 2577802.4491  669073.8784 -5812081.9155 2522238.0841 1306164.9224 -5928333.1219 1933504.7432  231845.9895     234.5812     111.1080
400000892 300000223                                          639129.1082 -6056845.8882 1869698.6039 1306164.9224 -5928333.1219 1933504.7432  669073.8784 -5812081.9155 2522238.0841  234046.8072     239.5333      98.3501
400000893 300000224                                         2577802.4491 -5672228.9398 1330561.6814 1973179.1775 -5727370.1528 1973179.1775 1933504.7432 -5928333.1219 1306164.9224  238189.0310     253.7867      75.5672
400000894 300000224                                         1330561.6814 -5672228.9398 2577802.4491 1306164.9224 -5928333.1219 1933504.7432 1973179.1775 -5727370.1528 1973179.1775  238189.0310     237.3201     102.5620
400000895 300000224                                         1266279.9131 -6114140.2800 1266279.9131 1933504.7432 -5928333.1219 1306164.9224 1306164.9224 -5928333.1219 1933504.7432  237302.7613     246.4906      85.7991
400000896 300000224                                         1973179.1775 -5727370.1528 1973179.1775 1306164.9224 -5928333.1219 1933504.7432 1933504.7432 -5928333.1219 1306164.9224  239617.8861     251.1095      80.4698
400000897 300000225                                         6371000.0000       0.0000       0.0000 6340321.8936       0.0000  624467.2010 6340321.8936 -624467.2010       0.0000  195921.5441     253.9445      93.1900
400000898 300000225                                         6248583.0214       0.0000 1242920.4416 6308900.9250 -627459.2093  627459.2093 6340321.8936       0.0000  624467.2010  196860.2699     231.1235     138.9399
400000899 300000225                                         6248583.0214 -1242920.4416       0.0000 6340321.8936 -624467.2010       0.0000 6308900.9250 -627459.2093  627459.2093  196860.2699     261.0045      83.0256
400000900 300000225                                         6340321.8936       0.0000  624467.2010 6308900.9250 -627459.2093  627459.2093 6340321.8936 -624467.2010       0.0000  197817.4310     241.0715     118.9335
400000901 300000226                                         5886036.5016       0.0000 2438076.1476 6056845.8882 -639129.1082 1869698.6039 6096666.8789       0.0000 1849403.6788  200521.8161     283.0076     160.1812
400000902 300000226                                         6114140.2800 -1266279.9131 1266279.9131 6212473.2151 -636326.6289 1260914.7366 6056845.8882 -639129.1082 1869698.6039  200560.6406     242.5825     126.0158
400000903 300000226                                         6248583.0214       0.0000 1242920.4416 6096666.8789       0.0000 1849403.6788 6212473.2151 -636326.6289 1260914.7366  199642.5528     247.7050     127.9477
400000904 300000226                                         6056845.8882 -639129.1082 1869698.6039 6212473.2151 -636326.6289 1260914.7366 6096666.8789       0.0000 1849403.6788  201535.9727     259.0003     138.3640
400000905 300000227                                         5886036.5016 -2438076.1476       0.0000 6096666.8789 -1849403.6788       0.0000 6056845.8882 -1869698.6039  639129.1082  200521.8161     263.9079      76.3050
400000906 300000227                                         6248583.0214 -1242920.4416       0.0000 6212473.2151 -1260914.7366  636326.6289 6096666.8789 -1849403.6788       0.0000  199642.5528     263.0081      79.3900
400000907 300000227                                         6114140.2800 -1266279.9131 1266279.9131 6056845.8882 -1869698.6039  639129.1082 6212473.2151 -1260914.7366  636326.6289  200560.6406     213.8103     143.7681
400000908 300000227                                         6096666.8789 -1849403.6788       0.0000 6212473.2151 -1260914.7366  636326.6289 6056845.8882 -1869698.6039  639129.1082  201535.9727     243.9902     107.7288
400000909 300000228                                         6248583.0214       0.0000 1242920.4416 6212473.2151 -636326.6289 1260914.7366 6308900.9250 -627459.2093  627459.2093  204548.8197     237.1100     131.5451
400000910 300000228                                         6114140.2800 -1266279.9131 1266279.9131 6212473.2151 -1260914.7366  636326.6289 6212473.2151 -636326.6289 1260914.7366  203612.8458     224.1298     133.6728
400000911 300000228                                         6248583.0214 -1242920.4416       0.0000 6308900.9250 -627459.2093  627459.2093 6212473.2151 -1260914.7366  636326.6289  204548.8197     243.1379     118.4845
400000912 300000228                                         6212473.2151 -636326.6289 1260914.7366 6212473.2151 -1260914.7366  636326.6289 6308900.9250 -627459.2093  627459.2093  205583.5447     233.3259     140.5095
400000913 300000229                                         4504977.3029       0.0000 4504977.3029 4805928.6788 -678984.1624 4126944.5164 4924849.5984       0.0000 4041719.6134  213029.7505     255.1231     132.7434
400000914 300000229                                         5024649.2825 -1346350.7175 3678298.5650 5191537.9595 -677162.3725 3630292.7893 4805928.6788 -678984.1624 4126944.5164  213259.5913     268.6457      92.7500
400000915 300000229                                         5297292.9000       0.0000 3539537.9546 4924849.5984       0.0000 4041719.6134 5191537.9595 -677162.3725 3630292.7893  212458.1628     271.5971      97.4545
400000916 300000229                                         4805928.6788 -678984.1624 4126944.5164 5191537.9595 -677162.3725 3630292.7893 4924849.5984       0.0000 4041719.6134  214297.3599     272.9058     104.9924
400000917 300000230                                         5201899.7171 -2600949.8585 2600949.8585 5468063.2517 -1976963.3461 2604139.2443 5157396.7439 -1990680.8386 3166715.9053  213953.8407     280.1120      86.3872
400000918 300000230                                         5672228.9398 -1330561.6814 2577802.4491 5375502.5311 -1345228.8674 3143878.6287 5468063.2517 -1976963.3461 2604139.2443  213196.7862     283.9481      90.4155
400000919 300000230                                         5024649.2825 -1346350.7175 3678298.5650 5157396.7439 -1990680.8386 3166715.9053 5375502.5311 -1345228.8674 3143878.6287  213817.3983     274.9556      95.0496
400000920 300000230                                         5468063.2517 -1976963.3461 2604139.2443 5375502.5311 -1345228.8674 3143878.6287 5157396.7439 -1990680.8386 3166715.9053  215042.4187     281.2252      83.3309
400000921 300000231                                         5886036.5016       0.0000 2438076.1476 5618720.3752       0.0000 3003268.6103 5812081.9155 -669073.8784 2522238.0841  209920.2574     300.5453     155.9063
400000922 300000231                                         5297292.9000       0.0000 3539537.9546 5533298.6915 -671168.2896 3085738.1156 5618720.3752       0.0000 3003268.6103  210577.3796     296.0544     150.7893
400000923 300000231                                         5672228.9398 -1330561.6814 2577802.4491 5812081.9155 -669073.8784 2522238.0841 5533298.6915 -671168.2896 3085738.1156  210758.2000     298.0977     142.3680
400000924 300000231                                         5618720.3752       0.0000 3003268.6103 5533298.6915 -671168.2896 3085738.1156 5812081.9155 -669073.8784 2522238.0841  211783.6604     303.2357     142.0855
400000925 300000232                                         5024649.2825 -1346350.7175 3678298.5650 5375502.5311 -1345228.8674 3143878.6287 5191537.9595 -677162.3725 3630292.7893  217445.2803     274.5438      89.7067
400000926 300000232                                         5672228.9398 -1330561.6814 2577802.4491 5533298.6915 -671168.2896 3085738.1156 5375502.5311 -1345228.8674 3143878.6287  218077.9738     291.1502     124.0443
400000927 300000232                                         5297292.9000       0.0000 3539537.9546 5191537.9595 -677162.3725 3630292.7893 5533298.6915 -671168.2896 3085738.1156  218265.1507     282.2582     122.5690
400000928 300000232                                         5375502.5311 -1345228.8674 3143878.6287 5533298.6915 -671168.2896 3085738.1156 5191537.9595 -677162.3725 3630292.7893  219375.9096     285.2961      98.8635
400000929 300000233                                         4504977.3029 -4504977.3029       0.0000 4924849.5984 -4041719.6134       0.0000 4805928.6788 -4126944.5164  678984.1624  213029.7505     253.6341      77.0645
400000930 300000233                                         5297292.9000 -3539537.9546       0.0000 5191537.9595 -3630292.7893  677162.3725 4924849.5984 -4041719.6134       0.0000  212458.1628     254.1397      79.8905
400000931 300000233                                         5024649.2825 -3678298.5650 1346350.7175 4805928.6788 -4126944.5164  678984.1624 5191537.9595 -3630292.7893  677162.3725  213259.5913     244.3915     100.9971
400000932 300000233                                         4924849.5984 -4041719.6134       0.0000 5191537.9595 -3630292.7893  677162.3725 4805928.6788 -4126944.5164  678984.1624  214297.3599     239.1040      99.7195
400000933 300000234                                         5886036.5016 -2438076.1476       0.0000 5812081.9155 -2522238.0841  669073.8784 5618720.3752 -3003268.6103       0.0000  209920.2574     260.7684      74.2438
400000934 300000234                                         5672228.9398 -2577802.4491 1330561.6814 5533298.6915 -3085738.1156  671168.2896 5812081.9155 -2522238.0841  669073.8784  210758.2000     237.2825     112.1376
400000935 300000234                                         5297292.9000 -3539537.9546       0.0000 5618720.3752 -3003268.6103       0.0000 5533298.6915 -3085738.1156  671168.2896  210577.3796     257.1394      78.5599
400000936 300000234                                         5812081.9155 -2522238.0841  669073.8784 5533298.6915 -3085738.1156  671168.2896 5618720.3752 -3003268.6103       0.0000  211783.6604     239.0268     104.4797
400000937 300000235                                         5201899.7171 -2600949.8585 2600949.8585 5157396.7439 -3166715.9053 1990680.8386 5468063.2517 -2604139.2443 1976963.3461  213953.8407     277.0784      87.0962
400000938 300000235                                         5024649.2825 -3678298.5650 1346350.7175 5375502.5311 -3143878.6287 1345228.8674 5157396.7439 -3166715.9053 1990680.8386  213817.3983     275.4768      85.9637
400000939 300000235                                         5672228.9398 -2577802.4491 1330561.6814 5468063.2517 -2604139.2443 1976963.3461 5375502.5311 -3143878.6287 1345228.8674  213196.7862     275.0672      81.8903
400000940 300000235                                         5157396.7439 -3166715.9053 1990680.8386 5375502.5311 -3143878.6287 1345228.8674 5468063.2517 -2604139.2443 1976963.3461  215042.4187     276.4283      89.0393
400000941 300000236                                         5297292.9000 -3539537.9546       0.0000 5533298.6915 -3085738.1156  671168.2896 5191537.9595 -3630292.7893  677162.3725  218265.1507     237.8077     104.4045
400000942 300000236                                         5672228.9398 -2577802.4491 1330561.6814 5375502.5311 -3143878.6287 1345228.8674 5533298.6915 -3085738.1156  671168.2896  218077.9738     259.2304      88.1604
400000943 300000236                                         5024649.2825 -3678298.5650 1346350.7175 5191537.9595 -3630292.7893  677162.3725 5375502.5311 -3143878.6287 1345228.8674  217445.2803     261.3663      86.3443
400000944 300000236                                         5533298.6915 -3085738.1156  671168.2896 5375502.5311 -3143878.6287 1345228.8674 5191537.9595 -3630292.7893  677162.3725  219375.9096     243.8476     102.0867
400000945 300000237                                         5886036.5016       0.0000 2438076.1476 5812081.9155 -669073.8784 2522238.0841 6056845.8882 -639129.1082 1869698.6039  232651.5371     292.7181     158.4251
400000946 300000237                                         5672228.9398 -1330561.6814 2577802.4491 5928333.1219 -1306164.9224 1933504.7432 5812081.9155 -669073.8784 2522238.0841  231845.9895     291.2233     151.7489
400000947 300000237                                         6114140.2800 -1266279.9131 1266279.9131 6056845.8882 -639129.1082 1869698.6039 5928333.1219 -1306164.9224 1933504.7432  232712.3450     260.3537     132.8305
400000948 300000237                                         5812081.9155 -669073.8784 2522238.0841 5928333.1219 -1306164.9224 1933504.7432 6056845.8882 -639129.1082 1869698.6039  234046.8072     287.0763     163.0378
400000949 300000238                                         5201899.7171 -2600949.8585 2600949.8585 5468063.2517 -2604139.2443 1976963.3461 5468063.2517 -1976963.3461 2604139.2443  228300.1373     278.9027      84.9798
400000950 300000238                                         5672228.9398 -2577802.4491 1330561.6814 5727370.1528 -1973179.1775 1973179.1775 5468063.2517 -2604139.2443 1976963.3461  229212.6770     274.2737      82.0338
400000951 300000238                                         5672228.9398 -1330561.6814 2577802.4491 5468063.2517 -1976963.3461 2604139.2443 5727370.1528 -1973179.1775 1973179.1775  229212.6770     280.0584      91.5526
400000952 300000238                                         5468063.2517 -2604139.2443 1976963.3461 5727370.1528 -1973179.1775 1973179.1775 5468063.2517 -1976963.3461 2604139.2443  230526.8451     276.7327      79.9331
400000953 300000239                                         5886036.5016 -2438076.1476       0.0000 6056845.8882 -1869698.6039  639129.1082 5812081.9155 -2522238.0841  669073.8784  232651.5371     243.1580     102.7719
400000954 300000239                                         6114140.2800 -1266279.9131 1266279.9131 5928333.1219 -1933504.7432 1306164.9224 6056845.8882 -1869698.6039  639129.1082  232712.3450     219.0462     127.8209
400000955 300000239                                         5672228.9398 -2577802.4491 1330561.6814 5812081.9155 -2522238.0841  669073.8784 5928333.1219 -1933504.7432 1306164.9224  231845.9895     244.6206     100.1708
400000956 300000239                                         6056845.8882 -1869698.6039  639129.1082 5928333.1219 -1933504.7432 1306164.9224 5812081.9155 -2522238.0841  669073.8784  234046.8072     224.3054     125.8489
400000957 300000240                                         5672228.9398 -1330561.6814 2577802.4491 5727370.1528 -1973179.1775 1973179.1775 5928333.1219 -1306164.9224 1933504.7432  238189.0310     285.7516     131.6183
400000958 300000240                                         5672228.9398 -2577802.4491 1330561.6814 5928333.1219 -1933504.7432 1306164.9224 5727370.1528 -1973179.1775 1973179.1775  238189.0310     266.4157      77.9128
400000959 300000240                                         6114140.2800 -1266279.9131 1266279.9131 5928333.1219 -1306164.9224 1933504.7432 5928333.1219 -1933504.7432 1306164.9224  237302.7613     247.5285     118.9094
400000960 300000240                                         5727370.1528 -1973179.1775 1973179.1775 5928333.1219 -1933504.7432 1306164.9224 5928333.1219 -1306164.9224 1933504.7432  239617.8861     269.5873     102.4572
400000961 300000241                                               0.0000 -4504977.3029 4504977.3029  678984.1624 -4805928.6788 4126944.5164  678984.1624 -4126944.5164 4805928.6788  328324.9483     241.9362     147.1794
400000962 300000241                                         1346350.7175 -5024649.2825 3678298.5650 1361638.6226 -4400885.2099 4400885.2099  678984.1624 -4805928.6788 4126944.5164  329212.3599     247.3702     145.5081
400000963 300000241                                         1346350.7175 -3678298.5650 5024649.2825  678984.1624 -4126944.5164 4805928.6788 1361638.6226 -4400885.2099 4400885.2099  329212.3599     237.0615     163.1419
400000964 300000241                                          678984.1624 -4805928.6788 4126944.5164 1361638.6226 -4400885.2099 4400885.2099  678984.1624 -4126944.5164 4805928.6788  332074.9378     242.5359     156.4634
400000965 300000242                                         2600949.8585 -5201899.7171 2600949.8585 2687534.5848 -4688572.4479 3374031.3064 1990680.8386 -5157396.7439 3166715.9053  331958.1435     252.2424      90.9602
400000966 300000242                                         2716603.5278 -4074905.2917 4074905.2917 2050103.9020 -4591494.5659 3912146.8074 2687534.5848 -4688572.4479 3374031.3064  332135.9111     247.2906     111.5564
400000967 300000242                                         1346350.7175 -5024649.2825 3678298.5650 1990680.8386 -5157396.7439 3166715.9053 2050103.9020 -4591494.5659 3912146.8074  331417.2039     251.5316     102.7749
400000968 300000242                                         2687534.5848 -4688572.4479 3374031.3064 2050103.9020 -4591494.5659 3912146.8074 1990680.8386 -5157396.7439 3166715.9053  335024.3025     251.3386      97.9675
400000969 300000243                                         2600949.8585 -2600949.8585 5201899.7171 1990680.8386 -3166715.9053 5157396.7439 2687534.5848 -3374031.3064 4688572.4479  331958.1435     230.2483     170.5678
400000970 300000243                                         1346350.7175 -3678298.5650 5024649.2825 2050103.9020 -3912146.8074 4591494.5659 1990680.8386 -3166715.9053 5157396.7439  331417.2039     232.3629     160.0173
400000971 300000243                                         2716603.5278 -4074905.2917 4074905.2917 2687534.5848 -3374031.3064 4688572.4479 2050103.9020 -3912146.8074 4591494.5659  332135.9111     233.1992     163.4279
400000972 300000243                                         1990680.8386 -3166715.9053 5157396.7439 2050103.9020 -3912146.8074 4591494.5659 2687534.5848 -3374031.3064 4688572.4479  335024.3025     231.7837     168.2659
400000973 300000244                                         1346350.7175 -5024649.2825 3678298.5650 2050103.9020 -4591494.5659 3912146.8074 1361638.6226 -4400885.2099 4400885.2099  344128.0612     247.7944     118.8855
400000974 300000244                                         2716603.5278 -4074905.2917 4074905.2917 2050103.9020 -3912146.8074 4591494.5659 2050103.9020 -4591494.5659 3912146.8074  343384.2298     240.0507     137.2830
400000975 300000244                                         1346350.7175 -3678298.5650 5024649.2825 1361638.6226 -4400885.2099 4400885.2099 2050103.9020 -3912146.8074 4591494.5659  344128.0612     233.9189     168.4821
400000976 300000244                                         2050103.9020 -4591494.5659 3912146.8074 2050103.9020 -3912146.8074 4591494.5659 1361638.6226 -4400885.2099 4400885.2099  347308.3434     239.8138     142.4120
400000977 300000245                                         4504977.3029 -4504977.3029       0.0000 4805928.6788 -4126944.5164  678984.1624 4126944.5164 -4805928.6788  678984.1624  328324.9483     244.6915      89.6062
400000978 300000245                                         5024649.2825 -3678298.5650 1346350.7175 4400885.2099 -4400885.2099 1361638.6226 4805928.6788 -4126944.5164  678984.1624  329212.3599     258.2821      85.7108
400000979 300000245                                         3678298.5650 -5024649.2825 1346350.7175 4126944.5164 -4805928.6788  678984.1624 4400885.2099 -4400885.2099 1361638.6226  329212.3599     254.4120      82.9060
400000980 300000245                                         4805928.6788 -4126944.5164  678984.1624 4400885.2099 -4400885.2099 1361638.6226 4126944.5164 -4805928.6788  678984.1624  332074.9378     245.6246      93.9298
400000981 300000246                                         5201899.7171 -2600949.8585 2600949.8585 4688572.4479 -3374031.3064 2687534.5848 5157396.7439 -3166715.9053 1990680.8386  331958.1435     277.3488      78.4007
400000982 300000246                                         4074905.2917 -4074905.2917 2716603.5278 4591494.5659 -3912146.8074 2050103.9020 4688572.4479 -3374031.3064 2687534.5848  332135.9111     274.4761      72.4914
400000983 300000246                                         5024649.2825 -3678298.5650 1346350.7175 5157396.7439 -3166715.9053 1990680.8386 4591494.5659 -3912146.8074 2050103.9020  331417.2039     275.7077      81.9513
400000984 300000246                                         4688572.4479 -3374031.3064 2687534.5848 4591494.5659 -3912146.8074 2050103.9020 5157396.7439 -3166715.9053 1990680.8386  335024.3025     276.2433      75.1056
400000985 300000247                                         2600949.8585 -5201899.7171 2600949.8585 3166715.9053 -5157396.7439 1990680.8386 3374031.3064 -4688572.4479 2687534.5848  331958.1435     257.5750      79.5749
400000986 300000247                                         3678298.5650 -5024649.2825 1346350.7175 3912146.8074 -4591494.5659 2050103.9020 3166715.9053 -5157396.7439 1990680.8386  331417.2039     263.8959      74.0246
400000987 300000247                                         4074905.2917 -4074905.2917 2716603.5278 3374031.3064 -4688572.4479 2687534.5848 3912146.8074 -4591494.5659 2050103.9020  332135.9111     267.7598      72.1454
400000988 300000247                                         3166715.9053 -5157396.7439 1990680.8386 3912146.8074 -4591494.5659 2050103.9020 3374031.3064 -4688572.4479 2687534.5848  335024.3025     262.7820      76.4319
400000989 300000248                                         5024649.2825 -3678298.5650 1346350.7175 4591494.5659 -3912146.8074 2050103.9020 4400885.2099 -4400885.2099 1361638.6226  344128.0612     272.2713      77.9440
400000990 300000248                                         4074905.2917 -4074905.2917 2716603.5278 3912146.8074 -4591494.5659 2050103.9020 4591494.5659 -3912146.8074 2050103.9020  343384.2298     272.2510      72.8511
400000991 300000248                                         3678298.5650 -5024649.2825 1346350.7175 4400885.2099 -4400885.2099 1361638.6226 3912146.8074 -4591494.5659 2050103.9020  344128.0612     266.4619      72.5682
400000992 300000248                                         4591494.5659 -3912146.8074 2050103.9020 3912146.8074 -4591494.5659 2050103.9020 4400885.2099 -4400885.2099 1361638.6226  347308.3434     271.2711      73.2687
400000993 300000249                                         4504977.3029       0.0000 4504977.3029 4126944.5164 -678984.1624 4805928.6788 4805928.6788 -678984.1624 4126944.5164  328324.9483     248.3940     127.7048
400000994 300000249                                         3678298.5650 -1346350.7175 5024649.2825 4400885.2099 -1361638.6226 4400885.2099 4126944.5164 -678984.1624 4805928.6788  329212.3599     240.3521     147.1552
400000995 300000249                                         5024649.2825 -1346350.7175 3678298.5650 4805928.6788 -678984.1624 4126944.5164 4400885.2099 -1361638.6226 4400885.2099  329212.3599     258.0154     111.4657
400000996 300000249                                         4126944.5164 -678984.1624 4805928.6788 4400885.2099 -1361638.6226 4400885.2099 4805928.6788 -678984.1624 4126944.5164  332074.9378     249.6696     124.3350
400000997 300000250                                         2600949.8585 -2600949.8585 5201899.7171 3374031.3064 -2687534.5848 4688572.4479 3166715.9053 -1990680.8386 5157396.7439  331958.1435     228.8360     184.8950
400000998 300000250                                         4074905.2917 -2716603.5278 4074905.2917 3912146.8074 -2050103.9020 4591494.5659 3374031.3064 -2687534.5848 4688572.4479  332135.9111     237.8391     152.9030
400000999 300000250                                         3678298.5650 -1346350.7175 5024649.2825 3166715.9053 -1990680.8386 5157396.7439 3912146.8074 -2050103.9020 4591494.5659  331417.2039     232.3660     167.1611
400001000 300000250                                         3374031.3064 -2687534.5848 4688572.4479 3912146.8074 -2050103.9020 4591494.5659 3166715.9053 -1990680.8386 5157396.7439  335024.3025     231.6305     173.0160
400001001 300000251                                         5201899.7171 -2600949.8585 2600949.8585 5157396.7439 -1990680.8386 3166715.9053 4688572.4479 -2687534.5848 3374031.3064  331958.1435     274.7618      89.5017
400001002 300000251                                         5024649.2825 -1346350.7175 3678298.5650 4591494.5659 -2050103.9020 3912146.8074 5157396.7439 -1990680.8386 3166715.9053  331417.2039     266.3425     105.0562
400001003 300000251                                         4074905.2917 -2716603.5278 4074905.2917 4688572.4479 -2687534.5848 3374031.3064 4591494.5659 -2050103.9020 3912146.8074  332135.9111     257.7345     105.4914
400001004 300000251                                         5157396.7439 -1990680.8386 3166715.9053 4591494.5659 -2050103.9020 3912146.8074 4688572.4479 -2687534.5848 3374031.3064  335024.3025     267.0134      97.1823
400001005 300000252                                         3678298.5650 -1346350.7175 5024649.2825 3912146.8074 -2050103.9020 4591494.5659 4400885.2099 -1361638.6226 4400885.2099  344128.0612     237.8705     153.6117
400001006 300000252                                         4074905.2917 -2716603.5278 4074905.2917 4591494.5659 -2050103.9020 3912146.8074 3912146.8074 -2050103.9020 4591494.5659  343384.2298     246.1116     132.8929
400001007 300000252                                         5024649.2825 -1346350.7175 3678298.5650 4400885.2099 -1361638.6226 4400885.2099 4591494.5659 -2050103.9020 3912146.8074  344128.0612     255.6178     119.6800
400001008 300000252                                         3912146.8074 -2050103.9020 4591494.5659 4591494.5659 -2050103.9020 3912146.8074 4400885.2099 -1361638.6226 4400885.2099  347308.3434     245.3019     136.3202
400001009 300000253                                         2600949.8585 -5201899.7171 2600949.8585 3374031.3064 -4688572.4479 2687534.5848 2687534.5848 -4688572.4479 3374031.3064  387995.8446     256.8534      81.6361
400001010 300000253                                         4074905.2917 -4074905.2917 2716603.5278 3435012.9904 -4122015.5885 3435012.9904 3374031.3064 -4688572.4479 2687534.5848  388281.7658     264.6557      75.0470
400001011 300000253                                         2716603.5278 -4074905.2917 4074905.2917 2687534.5848 -4688572.4479 3374031.3064 3435012.9904 -4122015.5885 3435012.9904  388281.7658     248.7831     102.9655
400001012 300000253                                         3374031.3064 -4688572.4479 2687534.5848 3435012.9904 -4122015.5885 3435012.9904 2687534.5848 -4688572.4479 3374031.3064  392517.4362     257.9197      81.8745
400001013 300000254                                         5201899.7171 -2600949.8585 2600949.8585 4688572.4479 -2687534.5848 3374031.3064 4688572.4479 -3374031.3064 2687534.5848  387995.8446     274.8307      80.0178
400001014 300000254                                         4074905.2917 -2716603.5278 4074905.2917 4122015.5885 -3435012.9904 3435012.9904 4688572.4479 -2687534.5848 3374031.3064  388281.7658     259.7217      93.6665
400001015 300000254                                         4074905.2917 -4074905.2917 2716603.5278 4688572.4479 -3374031.3064 2687534.5848 4122015.5885 -3435012.9904 3435012.9904  388281.7658     269.1126      78.1712
400001016 300000254                                         4688572.4479 -2687534.5848 3374031.3064 4122015.5885 -3435012.9904 3435012.9904 4688572.4479 -3374031.3064 2687534.5848  392517.4362     268.5958      79.7469
400001017 300000255                                         2600949.8585 -2600949.8585 5201899.7171 2687534.5848 -3374031.3064 4688572.4479 3374031.3064 -2687534.5848 4688572.4479  387995.8446     229.8832     183.4283
400001018 300000255                                         2716603.5278 -4074905.2917 4074905.2917 3435012.9904 -3435012.9904 4122015.5885 2687534.5848 -3374031.3064 4688572.4479  388281.7658     235.4809     157.2649
400001019 300000255                                         4074905.2917 -2716603.5278 4074905.2917 3374031.3064 -2687534.5848 4688572.4479 3435012.9904 -3435012.9904 4122015.5885  388281.7658     239.2696     151.2064
400001020 300000255                                         2687534.5848 -3374031.3064 4688572.4479 3435012.9904 -3435012.9904 4122015.5885 3374031.3064 -2687534.5848 4688572.4479  392517.4362     232.1089     173.7349
400001021 300000256                                         4074905.2917 -4074905.2917 2716603.5278 4122015.5885 -3435012.9904 3435012.9904 3435012.9904 -4122015.5885 3435012.9904  405996.4825     263.7938      78.0968
400001022 300000256                                         4074905.2917 -2716603.5278 4074905.2917 3435012.9904 -3435012.9904 4122015.5885 4122015.5885 -3435012.9904 3435012.9904  405996.4825     251.1632     110.1876
400001023 300000256                                         2716603.5278 -4074905.2917 4074905.2917 3435012.9904 -4122015.5885 3435012.9904 3435012.9904 -3435012.9904 4122015.5885  405996.4825     245.4529     118.0879
400001024 300000256                                         4122015.5885 -3435012.9904 3435012.9904 3435012.9904 -3435012.9904 4122015.5885 3435012.9904 -4122015.5885 3435012.9904  410731.3740     254.3157      98.8666
400001025 300000257                                         6371000.0000       0.0000       0.0000 6340321.8936       0.0000 -624467.2010 6340321.8936  624467.2010       0.0000  195921.5441     273.7529      64.1009
400001026 300000257                                         6248583.0214       0.0000 -1242920.4416 6308900.9250  627459.2093 -627459.2093 6340321.8936       0.0000 -624467.2010  196860.2699     288.0687      77.0986
400001027 300000257                                         6248583.0214 1242920.4416       0.0000 6340321.8936  624467.2010       0.0000 6308900.9250  627459.2093 -627459.2093  196860.2699     269.6342      82.4736
400001028 300000257                                         6340321.8936       0.0000 -624467.2010 6308900.9250  627459.2093 -627459.2093 6340321.8936  624467.2010       0.0000  197817.4310     279.8187      63.9636
400001029 300000258                                         5886036.5016       0.0000 -2438076.1476 6056845.8882  639129.1082 -1869698.6039 6096666.8789       0.0000 -1849403.6788  200521.8161     281.5435      80.1539
400001030 300000258                                         6114140.2800 1266279.9131 -1266279.9131 6212473.2151  636326.6289 -1260914.7366 6056845.8882  639129.1082 -1869698.6039  200560.6406     290.5872      92.4886
400001031 300000258                                         6248583.0214       0.0000 -1242920.4416 6096666.8789       0.0000 -1849403.6788 6212473.2151  636326.6289 -1260914.7366  199642.5528     288.2655      85.8866
400001032 300000258                                         6056845.8882  639129.1082 -1869698.6039 6212473.2151  636326.6289 -1260914.7366 6096666.8789       0.0000 -1849403.6788  201535.9727     287.2882      86.2909
400001033 300000259                                         5886036.5016 2438076.1476       0.0000 6096666.8789 1849403.6788       0.0000 6056845.8882 1869698.6039 -639129.1082  200521.8161     240.3057      99.0004
400001034 300000259                                         6248583.0214 1242920.4416       0.0000 6212473.2151 1260914.7366 -636326.6289 6096666.8789 1849403.6788       0.0000  199642.5528     257.7463     123.4068
400001035 300000259                                         6114140.2800 1266279.9131 -1266279.9131 6056845.8882 1869698.6039 -639129.1082 6212473.2151 1260914.7366 -636326.6289  200560.6406     284.9881      83.8402
400001036 300000259                                         6096666.8789 1849403.6788       0.0000 6212473.2151 1260914.7366 -636326.6289 6056845.8882 1869698.6039 -639129.1082  201535.9727     264.4498     100.4108
400001037 300000260                                         6248583.0214       0.0000 -1242920.4416 6212473.2151  636326.6289 -1260914.7366 6308900.9250  627459.2093 -627459.2093  204548.8197     288.9881      89.8019
400001038 300000260                                         6114140.2800 1266279.9131 -1266279.9131 6212473.2151 1260914.7366 -636326.6289 6212473.2151  636326.6289 -1260914.7366  203612.8458     290.1477      88.4010
400001039 300000260                                         6248583.0214 1242920.4416       0.0000 6308900.9250  627459.2093 -627459.2093 6212473.2151 1260914.7366 -636326.6289  204548.8197     275.1995      90.2876
400001040 300000260                                         6212473.2151  636326.6289 -1260914.7366 6212473.2151 1260914.7366 -636326.6289 6308900.9250  627459.2093 -627459.2093  205583.5447     287.4570      82.7592
400001041 300000261                                         4504977.3029       0.0000 -4504977.3029 4805928.6788  678984.1624 -4126944.5164 4924849.5984       0.0000 -4041719.6134  213029.7505     218.9575      56.7470
400001042 300000261                                         5024649.2825 1346350.7175 -3678298.5650 5191537.9595  677162.3725 -3630292.7893 4805928.6788  678984.1624 -4126944.5164  213259.5913     236.3830      61.0470
400001043 300000261                                         5297292.9000       0.0000 -3539537.9546 4924849.5984       0.0000 -4041719.6134 5191537.9595  677162.3725 -3630292.7893  212458.1628     235.2486      61.3268
400001044 300000261                                         4805928.6788  678984.1624 -4126944.5164 5191537.9595  677162.3725 -3630292.7893 4924849.5984       0.0000 -4041719.6134  214297.3599     228.9194      60.3677
400001045 300000262                                         5201899.7171 2600949.8585 -2600949.8585 5468063.2517 1976963.3461 -2604139.2443 5157396.7439 1990680.8386 -3166715.9053  213953.8407     268.3899      58.3940
400001046 300000262                                         5672228.9398 1330561.6814 -2577802.4491 5375502.5311 1345228.8674 -3143878.6287 5468063.2517 1976963.3461 -2604139.2443  213196.7862     275.7827      54.5566
400001047 300000262                                         5024649.2825 1346350.7175 -3678298.5650 5157396.7439 1990680.8386 -3166715.9053 5375502.5311 1345228.8674 -3143878.6287  213817.3983     260.4346      49.8505
400001048 300000262                                         5468063.2517 1976963.3461 -2604139.2443 5375502.5311 1345228.8674 -3143878.6287 5157396.7439 1990680.8386 -3166715.9053  215042.4187     268.1497      54.8527
400001049 300000263                                         5886036.5016       0.0000 -2438076.1476 5618720.3752       0.0000 -3003268.6103 5812081.9155  669073.8784 -2522238.0841  209920.2574     272.4886      66.6788
400001050 300000263                                         5297292.9000       0.0000 -3539537.9546 5533298.6915  671168.2896 -3085738.1156 5618720.3752       0.0000 -3003268.6103  210577.3796     256.1724      61.2161
400001051 300000263                                         5672228.9398 1330561.6814 -2577802.4491 5812081.9155  669073.8784 -2522238.0841 5533298.6915  671168.2896 -3085738.1156  210758.2000     275.6060      57.8092
400001052 300000263                                         5618720.3752       0.0000 -3003268.6103 5533298.6915  671168.2896 -3085738.1156 5812081.9155  669073.8784 -2522238.0841  211783.6604     268.1528      64.2142
400001053 300000264                                         5024649.2825 1346350.7175 -3678298.5650 5375502.5311 1345228.8674 -3143878.6287 5191537.9595  677162.3725 -3630292.7893  217445.2803     254.1013      55.4791
400001054 300000264                                         5672228.9398 1330561.6814 -2577802.4491 5533298.6915  671168.2896 -3085738.1156 5375502.5311 1345228.8674 -3143878.6287  218077.9738     272.1593      50.8875
400001055 300000264                                         5297292.9000       0.0000 -3539537.9546 5191537.9595  677162.3725 -3630292.7893 5533298.6915  671168.2896 -3085738.1156  218265.1507     249.8584      61.4066
400001056 300000264                                         5375502.5311 1345228.8674 -3143878.6287 5533298.6915  671168.2896 -3085738.1156 5191537.9595  677162.3725 -3630292.7893  219375.9096     258.7510      57.9325
400001057 300000265                                         4504977.3029 4504977.3029       0.0000 4924849.5984 4041719.6134       0.0000 4805928.6788 4126944.5164 -678984.1624  213029.7505     269.8060      81.2987
400001058 300000265                                         5297292.9000 3539537.9546       0.0000 5191537.9595 3630292.7893 -677162.3725 4924849.5984 4041719.6134       0.0000  212458.1628     262.9929     105.7434
400001059 300000265                                         5024649.2825 3678298.5650 -1346350.7175 4805928.6788 4126944.5164 -678984.1624 5191537.9595 3630292.7893 -677162.3725  213259.5913     280.9672      88.4486
400001060 300000265                                         4924849.5984 4041719.6134       0.0000 5191537.9595 3630292.7893 -677162.3725 4805928.6788 4126944.5164 -678984.1624  214297.3599     272.7638     107.1580
400001061 300000266                                         5886036.5016 2438076.1476       0.0000 5812081.9155 2522238.0841 -669073.8784 5618720.3752 3003268.6103       0.0000  209920.2574     235.5375     108.0858
400001062 300000266                                         5672228.9398 2577802.4491 -1330561.6814 5533298.6915 3085738.1156 -671168.2896 5812081.9155 2522238.0841 -669073.8784  210758.2000     283.6098      64.8591
400001063 300000266                                         5297292.9000 3539537.9546       0.0000 5618720.3752 3003268.6103       0.0000 5533298.6915 3085738.1156 -671168.2896  210577.3796     250.2274      99.9400
400001064 300000266                                         5812081.9155 2522238.0841 -669073.8784 5533298.6915 3085738.1156 -671168.2896 5618720.3752 3003268.6103       0.0000  211783.6604     255.5786      89.2228
400001065 300000267                                         5201899.7171 2600949.8585 -2600949.8585 5157396.7439 3166715.9053 -1990680.8386 5468063.2517 2604139.2443 -1976963.3461  213953.8407     284.3530      60.2125
400001066 300000267                                         5024649.2825 3678298.5650 -1346350.7175 5375502.5311 3143878.6287 -1345228.8674 5157396.7439 3166715.9053 -1990680.8386  213817.3983     287.3549      71.2060
400001067 300000267                                         5672228.9398 2577802.4491 -1330561.6814 5468063.2517 2604139.2443 -1976963.3461 5375502.5311 3143878.6287 -1345228.8674  213196.7862     287.9126      58.2205
400001068 300000267                                         5157396.7439 3166715.9053 -1990680.8386 5375502.5311 3143878.6287 -1345228.8674 5468063.2517 2604139.2443 -1976963.3461  215042.4187     288.4168      66.7378
400001069 300000268                                         5297292.9000 3539537.9546       0.0000 5533298.6915 3085738.1156 -671168.2896 5191537.9595 3630292.7893 -677162.3725  218265.1507     272.3546      78.2683
400001070 300000268                                         5672228.9398 2577802.4491 -1330561.6814 5375502.5311 3143878.6287 -1345228.8674 5533298.6915 3085738.1156 -671168.2896  218077.9738     287.0916      59.6971
400001071 300000268                                         5024649.2825 3678298.5650 -1346350.7175 5191537.9595 3630292.7893 -677162.3725 5375502.5311 3143878.6287 -1345228.8674  217445.2803     284.4285      74.9921
400001072 300000268                                         5533298.6915 3085738.1156 -671168.2896 5375502.5311 3143878.6287 -1345228.8674 5191537.9595 3630292.7893 -677162.3725  219375.9096     284.6393      64.1285
400001073 300000269                                         5886036.5016       0.0000 -2438076.1476 5812081.9155  669073.8784 -2522238.0841 6056845.8882  639129.1082 -1869698.6039  232651.5371     280.3292      74.8507
400001074 300000269                                         5672228.9398 1330561.6814 -2577802.4491 5928333.1219 1306164.9224 -1933504.7432 5812081.9155  669073.8784 -2522238.0841  231845.9895     284.4582      56.2565
400001075 300000269                                         6114140.2800 1266279.9131 -1266279.9131 6056845.8882  639129.1082 -1869698.6039 5928333.1219 1306164.9224 -1933504.7432  232712.3450     291.2674      80.1851
400001076 300000269                                         5812081.9155  669073.8784 -2522238.0841 5928333.1219 1306164.9224 -1933504.7432 6056845.8882  639129.1082 -1869698.6039  234046.8072     286.1380      65.7043
400001077 300000270                                         5201899.7171 2600949.8585 -2600949.8585 5468063.2517 2604139.2443 -1976963.3461 5468063.2517 1976963.3461 -2604139.2443  228300.1373     279.9333      61.9222
400001078 300000270                                         5672228.9398 2577802.4491 -1330561.6814 5727370.1528 1973179.1775 -1973179.1775 5468063.2517 2604139.2443 -1976963.3461  229212.6770     289.4725      56.8101
400001079 300000270                                         5672228.9398 1330561.6814 -2577802.4491 5468063.2517 1976963.3461 -2604139.2443 5727370.1528 1973179.1775 -1973179.1775  229212.6770     281.0156      58.2619
400001080 300000270                                         5468063.2517 2604139.2443 -1976963.3461 5727370.1528 1973179.1775 -1973179.1775 5468063.2517 1976963.3461 -2604139.2443  230526.8451     283.7039      59.6962
400001081 300000271                                         5886036.5016 2438076.1476       0.0000 6056845.8882 1869698.6039 -639129.1082 5812081.9155 2522238.0841 -669073.8784  232651.5371     252.0663      89.9000
400001082 300000271                                         6114140.2800 1266279.9131 -1266279.9131 5928333.1219 1933504.7432 -1306164.9224 6056845.8882 1869698.6039 -639129.1082  232712.3450     289.4511      65.1947
400001083 300000271                                         5672228.9398 2577802.4491 -1330561.6814 5812081.9155 2522238.0841 -669073.8784 5928333.1219 1933504.7432 -1306164.9224  231845.9895     286.9874      59.0953
400001084 300000271                                         6056845.8882 1869698.6039 -639129.1082 5928333.1219 1933504.7432 -1306164.9224 5812081.9155 2522238.0841 -669073.8784  234046.8072     280.4418      64.3759
400001085 300000272                                         5672228.9398 1330561.6814 -2577802.4491 5727370.1528 1973179.1775 -1973179.1775 5928333.1219 1306164.9224 -1933504.7432  238189.0310     289.6067      60.1581
400001086 300000272                                         5672228.9398 2577802.4491 -1330561.6814 5928333.1219 1933504.7432 -1306164.9224 5727370.1528 1973179.1775 -1973179.1775  238189.0310     289.1204      54.5068
400001087 300000272                                         6114140.2800 1266279.9131 -1266279.9131 5928333.1219 1306164.9224 -1933504.7432 5928333.1219 1933504.7432 -1306164.9224  237302.7613     293.9756      64.0142
400001088 300000272                                         5727370.1528 1973179.1775 -1973179.1775 5928333.1219 1933504.7432 -1306164.9224 5928333.1219 1306164.9224 -1933504.7432  239617.8861     289.6859      55.8681
400001089 300000273                                               0.0000       0.0000 -6371000.0000       0.0000  624467.2010 -6340321.8936  624467.2010       0.0000 -6340321.8936  195921.5441     117.4302       0.0452
400001090 300000273                                               0.0000 1242920.4416 -6248583.0214  627459.2093  627459.2093 -6308900.9250       0.0000  624467.2010 -6340321.8936  196860.2699     107.3373       0.0337
400001091 300000273                                         1242920.4416       0.0000 -6248583.0214  624467.2010       0.0000 -6340321.8936  627459.2093  627459.2093 -6308900.9250  196860.2699     124.7407       0.0337
400001092 300000273                                               0.0000  624467.2010 -6340321.8936  627459.2093  627459.2093 -6308900.9250  624467.2010       0.0000 -6340321.8936  197817.4310     116.4520       0.0391
400001093 300000274                                               0.0000 2438076.1476 -5886036.5016  639129.1082 1869698.6039 -6056845.8882       0.0000 1849403.6788 -6096666.8789  200521.8161     140.9217       0.1774
400001094 300000274                                         1266279.9131 1266279.9131 -6114140.2800  636326.6289 1260914.7366 -6212473.2151  639129.1082 1869698.6039 -6056845.8882  200560.6406     136.6337       0.0547
400001095 300000274                                               0.0000 1242920.4416 -6248583.0214       0.0000 1849403.6788 -6096666.8789  636326.6289 1260914.7366 -6212473.2151  199642.5528     121.3979       0.0408
400001096 300000274                                          639129.1082 1869698.6039 -6056845.8882  636326.6289 1260914.7366 -6212473.2151       0.0000 1849403.6788 -6096666.8789  201535.9727     138.7055       0.0567
400001097 300000275                                         2438076.1476       0.0000 -5886036.5016 1849403.6788       0.0000 -6096666.8789 1869698.6039  639129.1082 -6056845.8882  200521.8161     156.8977       0.1773
400001098 300000275                                         1242920.4416       0.0000 -6248583.0214 1260914.7366  636326.6289 -6212473.2151 1849403.6788       0.0000 -6096666.8789  199642.5528     123.6072       0.0408
400001099 300000275                                         1266279.9131 1266279.9131 -6114140.2800 1869698.6039  639129.1082 -6056845.8882 1260914.7366  636326.6289 -6212473.2151  200560.6406     124.0764       0.0547
400001100 300000275                                         1849403.6788       0.0000 -6096666.8789 1260914.7366  636326.6289 -6212473.2151 1869698.6039  639129.1082 -6056845.8882  201535.9727     125.1206       0.0567
400001101 300000276                                               0.0000 1242920.4416 -6248583.0214  636326.6289 1260914.7366 -6212473.2151  627459.2093  627459.2093 -6308900.9250  204548.8197     111.7888       0.0329
400001102 300000276                                         1266279.9131 1266279.9131 -6114140.2800 1260914.7366  636326.6289 -6212473.2151  636326.6289 1260914.7366 -6212473.2151  203612.8458     114.1035       0.0414
400001103 300000276                                         1242920.4416       0.0000 -6248583.0214  627459.2093  627459.2093 -6308900.9250 1260914.7366  636326.6289 -6212473.2151  204548.8197     119.2491       0.0329
400001104 300000276                                          636326.6289 1260914.7366 -6212473.2151 1260914.7366  636326.6289 -6212473.2151  627459.2093  627459.2093 -6308900.9250  205583.5447     109.6885       0.0335
400001105 300000277                                               0.0000 4504977.3029 -4504977.3029  678984.1624 4126944.5164 -4805928.6788       0.0000 4041719.6134 -4924849.5984  213029.7505     205.7940      43.6339
400001106 300000277                                         1346350.7175 3678298.5650 -5024649.2825  677162.3725 3630292.7893 -5191537.9595  678984.1624 4126944.5164 -4805928.6788  213259.5913     199.4411      33.3372
400001107 300000277                                               0.0000 3539537.9546 -5297292.9000       0.0000 4041719.6134 -4924849.5984  677162.3725 3630292.7893 -5191537.9595  212458.1628     196.9012      29.4022
400001108 300000277                                          678984.1624 4126944.5164 -4805928.6788  677162.3725 3630292.7893 -5191537.9595       0.0000 4041719.6134 -4924849.5984  214297.3599     200.2572      35.1930
400001109 300000278                                         2600949.8585 2600949.8585 -5201899.7171 1976963.3461 2604139.2443 -5468063.2517 1990680.8386 3166715.9053 -5157396.7439  213953.8407     193.6865      24.3303
400001110 300000278                                         1330561.6814 2577802.4491 -5672228.9398 1345228.8674 3143878.6287 -5375502.5311 1976963.3461 2604139.2443 -5468063.2517  213196.7862     187.0979      14.5530
400001111 300000278                                         1346350.7175 3678298.5650 -5024649.2825 1990680.8386 3166715.9053 -5157396.7439 1345228.8674 3143878.6287 -5375502.5311  213817.3983     195.1115      28.2838
400001112 300000278                                         1976963.3461 2604139.2443 -5468063.2517 1345228.8674 3143878.6287 -5375502.5311 1990680.8386 3166715.9053 -5157396.7439  215042.4187     192.3626      21.9411
400001113 300000279                                               0.0000 2438076.1476 -5886036.5016       0.0000 3003268.6103 -5618720.3752  669073.8784 2522238.0841 -5812081.9155  209920.2574     175.2815       3.2236
400001114 300000279                                               0.0000 3539537.9546 -5297292.9000  671168.2896 3085738.1156 -5533298.6915       0.0000 3003268.6103 -5618720.3752  210577.3796     188.0323      15.4369
400001115 300000279                                         1330561.6814 2577802.4491 -5672228.9398  669073.8784 2522238.0841 -5812081.9155  671168.2896 3085738.1156 -5533298.6915  210758.2000     180.5575       7.2958
400001116 300000279                                               0.0000 3003268.6103 -5618720.3752  671168.2896 3085738.1156 -5533298.6915  669073.8784 2522238.0841 -5812081.9155  211783.6604     182.0207       8.0441
400001117 300000280                                         1346350.7175 3678298.5650 -5024649.2825 1345228.8674 3143878.6287 -5375502.5311  677162.3725 3630292.7893 -5191537.9595  217445.2803     195.0677      26.9550
400001118 300000280                                         1330561.6814 2577802.4491 -5672228.9398  671168.2896 3085738.1156 -5533298.6915 1345228.8674 3143878.6287 -5375502.5311  218077.9738     185.9429      13.5594
400001119 300000280                                               0.0000 3539537.9546 -5297292.9000  677162.3725 3630292.7893 -5191537.9595  671168.2896 3085738.1156 -5533298.6915  218265.1507     191.3249      21.1772
400001120 300000280                                         1345228.8674 3143878.6287 -5375502.5311  671168.2896 3085738.1156 -5533298.6915  677162.3725 3630292.7893 -5191537.9595  219375.9096     190.7577      20.0855
400001121 300000281                                         4504977.3029       0.0000 -4504977.3029 4041719.6134       0.0000 -4924849.5984 4126944.5164  678984.1624 -4805928.6788  213029.7505     204.2142      44.6143
400001122 300000281                                         3539537.9546       0.0000 -5297292.9000 3630292.7893  677162.3725 -5191537.9595 4041719.6134       0.0000 -4924849.5984  212458.1628     196.6177      30.1910
400001123 300000281                                         3678298.5650 1346350.7175 -5024649.2825 4126944.5164  678984.1624 -4805928.6788 3630292.7893  677162.3725 -5191537.9595  213259.5913     199.1483      35.2218
400001124 300000281                                         4041719.6134       0.0000 -4924849.5984 3630292.7893  677162.3725 -5191537.9595 4126944.5164  678984.1624 -4805928.6788  214297.3599     200.0755      36.7998
400001125 300000282                                         2438076.1476       0.0000 -5886036.5016 2522238.0841  669073.8784 -5812081.9155 3003268.6103       0.0000 -5618720.3752  209920.2574     179.4883       3.1606
400001126 300000282                                         2577802.4491 1330561.6814 -5672228.9398 3085738.1156  671168.2896 -5533298.6915 2522238.0841  669073.8784 -5812081.9155  210758.2000     183.6893       7.0240
400001127 300000282                                         3539537.9546       0.0000 -5297292.9000 3003268.6103       0.0000 -5618720.3752 3085738.1156  671168.2896 -5533298.6915  210577.3796     188.3582      15.5344
400001128 300000282                                         2522238.0841  669073.8784 -5812081.9155 3085738.1156  671168.2896 -5533298.6915 3003268.6103       0.0000 -5618720.3752  211783.6604     183.7108       7.8676
400001129 300000283                                         2600949.8585 2600949.8585 -5201899.7171 3166715.9053 1990680.8386 -5157396.7439 2604139.2443 1976963.3461 -5468063.2517  213953.8407     192.8341      24.9171
400001130 300000283                                         3678298.5650 1346350.7175 -5024649.2825 3143878.6287 1345228.8674 -5375502.5311 3166715.9053 1990680.8386 -5157396.7439  213817.3983     194.2772      28.6919
400001131 300000283                                         2577802.4491 1330561.6814 -5672228.9398 2604139.2443 1976963.3461 -5468063.2517 3143878.6287 1345228.8674 -5375502.5311  213196.7862     187.6139      14.2874
400001132 300000283                                         3166715.9053 1990680.8386 -5157396.7439 3143878.6287 1345228.8674 -5375502.5311 2604139.2443 1976963.3461 -5468063.2517  215042.4187     190.8681      22.5126
400001133 300000284                                         3539537.9546       0.0000 -5297292.9000 3085738.1156  671168.2896 -5533298.6915 3630292.7893  677162.3725 -5191537.9595  218265.1507     191.6605      21.8140
400001134 300000284                                         2577802.4491 1330561.6814 -5672228.9398 3143878.6287 1345228.8674 -5375502.5311 3085738.1156  671168.2896 -5533298.6915  218077.9738     187.6328      13.2650
400001135 300000284                                         3678298.5650 1346350.7175 -5024649.2825 3630292.7893  677162.3725 -5191537.9595 3143878.6287 1345228.8674 -5375502.5311  217445.2803     194.0845      28.1192
400001136 300000284                                         3085738.1156  671168.2896 -5533298.6915 3143878.6287 1345228.8674 -5375502.5311 3630292.7893  677162.3725 -5191537.9595  219375.9096     190.6967      20.7115
400001137 300000285                                               0.0000 2438076.1476 -5886036.5016  669073.8784 2522238.0841 -5812081.9155  639129.1082 1869698.6039 -6056845.8882  232651.5371     163.9126       0.6010
400001138 300000285                                         1330561.6814 2577802.4491 -5672228.9398 1306164.9224 1933504.7432 -5928333.1219  669073.8784 2522238.0841 -5812081.9155  231845.9895     171.3196       2.2612
400001139 300000285                                         1266279.9131 1266279.9131 -6114140.2800  639129.1082 1869698.6039 -6056845.8882 1306164.9224 1933504.7432 -5928333.1219  232712.3450     135.6904       0.1286
400001140 300000285                                          669073.8784 2522238.0841 -5812081.9155 1306164.9224 1933504.7432 -5928333.1219  639129.1082 1869698.6039 -6056845.8882  234046.8072     160.6247       0.5039
400001141 300000286                                         2600949.8585 2600949.8585 -5201899.7171 2604139.2443 1976963.3461 -5468063.2517 1976963.3461 2604139.2443 -5468063.2517  228300.1373     190.3088      19.8962
400001142 300000286                                         2577802.4491 1330561.6814 -5672228.9398 1973179.1775 1973179.1775 -5727370.1528 2604139.2443 1976963.3461 -5468063.2517  229212.6770     184.2684       8.9727
400001143 300000286                                         1330561.6814 2577802.4491 -5672228.9398 1976963.3461 2604139.2443 -5468063.2517 1973179.1775 1973179.1775 -5727370.1528  229212.6770     182.7951       9.1098
400001144 300000286                                         2604139.2443 1976963.3461 -5468063.2517 1973179.1775 1973179.1775 -5727370.1528 1976963.3461 2604139.2443 -5468063.2517  230526.8451     185.9404      12.0904
400001145 300000287                                         2438076.1476       0.0000 -5886036.5016 1869698.6039  639129.1082 -6056845.8882 2522238.0841  669073.8784 -5812081.9155  232651.5371     171.9157       0.5997
400001146 300000287                                         1266279.9131 1266279.9131 -6114140.2800 1933504.7432 1306164.9224 -5928333.1219 1869698.6039  639129.1082 -6056845.8882  232712.3450     148.2463       0.1286
400001147 300000287                                         2577802.4491 1330561.6814 -5672228.9398 2522238.0841  669073.8784 -5812081.9155 1933504.7432 1306164.9224 -5928333.1219  231845.9895     177.9296       2.2232
400001148 300000287                                         1869698.6039  639129.1082 -6056845.8882 1933504.7432 1306164.9224 -5928333.1219 2522238.0841  669073.8784 -5812081.9155  234046.8072     170.0067       0.5038
400001149 300000288                                         1330561.6814 2577802.4491 -5672228.9398 1973179.1775 1973179.1775 -5727370.1528 1306164.9224 1933504.7432 -5928333.1219  238189.0310     171.4826       2.8815
400001150 300000288                                         2577802.4491 1330561.6814 -5672228.9398 1933504.7432 1306164.9224 -5928333.1219 1973179.1775 1973179.1775 -5727370.1528  238189.0310     177.2258       2.7602
400001151 300000288                                         1266279.9131 1266279.9131 -6114140.2800 1306164.9224 1933504.7432 -5928333.1219 1933504.7432 1306164.9224 -5928333.1219  237302.7613     142.8741       0.2252
400001152 300000288                                         1973179.1775 1973179.1775 -5727370.1528 1933504.7432 1306164.9224 -5928333.1219 1306164.9224 1933504.7432 -5928333.1219  239617.8861     165.3802       1.1070
400001153 300000289                                               0.0000 6371000.0000       0.0000  624467.2010 6340321.8936       0.0000       0.0000 6340321.8936 -624467.2010  195921.5441     226.3682      92.4925
400001154 300000289                                         1242920.4416 6248583.0214       0.0000  627459.2093 6308900.9250 -627459.2093  624467.2010 6340321.8936       0.0000  196860.2699     230.1061      86.6150
400001155 300000289                                               0.0000 6248583.0214 -1242920.4416       0.0000 6340321.8936 -624467.2010  627459.2093 6308900.9250 -627459.2093  196860.2699     230.4759      93.7104
400001156 300000289                                          624467.2010 6340321.8936       0.0000  627459.2093 6308900.9250 -627459.2093       0.0000 6340321.8936 -624467.2010  197817.4310     225.4236      96.8165
400001157 300000290                                         2438076.1476 5886036.5016       0.0000 1869698.6039 6056845.8882 -639129.1082 1849403.6788 6096666.8789       0.0000  200521.8161     231.2816      90.2470
400001158 300000290                                         1266279.9131 6114140.2800 -1266279.9131 1260914.7366 6212473.2151 -636326.6289 1869698.6039 6056845.8882 -639129.1082  200560.6406     248.3821      80.4027
400001159 300000290                                         1242920.4416 6248583.0214       0.0000 1849403.6788 6096666.8789       0.0000 1260914.7366 6212473.2151 -636326.6289  199642.5528     232.4478      85.3759
400001160 300000290                                         1869698.6039 6056845.8882 -639129.1082 1260914.7366 6212473.2151 -636326.6289 1849403.6788 6096666.8789       0.0000  201535.9727     232.3075      91.1082
400001161 300000291                                               0.0000 5886036.5016 -2438076.1476       0.0000 6096666.8789 -1849403.6788  639129.1082 6056845.8882 -1869698.6039  200521.8161     285.7209      56.5606
400001162 300000291                                               0.0000 6248583.0214 -1242920.4416  636326.6289 6212473.2151 -1260914.7366       0.0000 6096666.8789 -1849403.6788  199642.5528     268.6215      70.4703
400001163 300000291                                         1266279.9131 6114140.2800 -1266279.9131  639129.1082 6056845.8882 -1869698.6039  636326.6289 6212473.2151 -1260914.7366  200560.6406     275.2600      64.2647
400001164 300000291                                               0.0000 6096666.8789 -1849403.6788  636326.6289 6212473.2151 -1260914.7366  639129.1082 6056845.8882 -1869698.6039  201535.9727     279.0163      62.6478
400001165 300000292                                         1242920.4416 6248583.0214       0.0000 1260914.7366 6212473.2151 -636326.6289  627459.2093 6308900.9250 -627459.2093  204548.8197     229.3124      92.2135
400001166 300000292                                         1266279.9131 6114140.2800 -1266279.9131  636326.6289 6212473.2151 -1260914.7366 1260914.7366 6212473.2151 -636326.6289  203612.8458     256.9330      74.5286
400001167 300000292                                               0.0000 6248583.0214 -1242920.4416  627459.2093 6308900.9250 -627459.2093  636326.6289 6212473.2151 -1260914.7366  204548.8197     244.5728      82.7315
400001168 300000292                                         1260914.7366 6212473.2151 -636326.6289  636326.6289 6212473.2151 -1260914.7366  627459.2093 6308900.9250 -627459.2093  205583.5447     237.5021      89.8741
400001169 300000293                                         4504977.3029 4504977.3029       0.0000 4126944.5164 4805928.6788 -678984.1624 4041719.6134 4924849.5984       0.0000  213029.7505     263.8947      62.2845
400001170 300000293                                         3678298.5650 5024649.2825 -1346350.7175 3630292.7893 5191537.9595 -677162.3725 4126944.5164 4805928.6788 -678984.1624  213259.5913     273.7652      63.4335
400001171 300000293                                         3539537.9546 5297292.9000       0.0000 4041719.6134 4924849.5984       0.0000 3630292.7893 5191537.9595 -677162.3725  212458.1628     251.5892      70.3558
400001172 300000293                                         4126944.5164 4805928.6788 -678984.1624 3630292.7893 5191537.9595 -677162.3725 4041719.6134 4924849.5984       0.0000  214297.3599     263.0731      65.4957
400001173 300000294                                         2600949.8585 5201899.7171 -2600949.8585 2604139.2443 5468063.2517 -1976963.3461 3166715.9053 5157396.7439 -1990680.8386  213953.8407     288.5103      52.1454
400001174 300000294                                         2577802.4491 5672228.9398 -1330561.6814 3143878.6287 5375502.5311 -1345228.8674 2604139.2443 5468063.2517 -1976963.3461  213196.7862     283.9430      58.5393
400001175 300000294                                         3678298.5650 5024649.2825 -1346350.7175 3166715.9053 5157396.7439 -1990680.8386 3143878.6287 5375502.5311 -1345228.8674  213817.3983     286.0350      57.1009
400001176 300000294                                         2604139.2443 5468063.2517 -1976963.3461 3143878.6287 5375502.5311 -1345228.8674 3166715.9053 5157396.7439 -1990680.8386  215042.4187     287.7216      56.0266
400001177 300000295                                         2438076.1476 5886036.5016       0.0000 3003268.6103 5618720.3752       0.0000 2522238.0841 5812081.9155 -669073.8784  209920.2574     229.5057      90.1472
400001178 300000295                                         3539537.9546 5297292.9000       0.0000 3085738.1156 5533298.6915 -671168.2896 3003268.6103 5618720.3752       0.0000  210577.3796     236.0845      84.0490
400001179 300000295                                         2577802.4491 5672228.9398 -1330561.6814 2522238.0841 5812081.9155 -669073.8784 3085738.1156 5533298.6915 -671168.2896  210758.2000     254.5396      74.8046
400001180 300000295                                         3003268.6103 5618720.3752       0.0000 3085738.1156 5533298.6915 -671168.2896 2522238.0841 5812081.9155 -669073.8784  211783.6604     233.9329      88.1555
400001181 300000296                                         3678298.5650 5024649.2825 -1346350.7175 3143878.6287 5375502.5311 -1345228.8674 3630292.7893 5191537.9595 -677162.3725  217445.2803     275.4517      63.1495
400001182 300000296                                         2577802.4491 5672228.9398 -1330561.6814 3085738.1156 5533298.6915 -671168.2896 3143878.6287 5375502.5311 -1345228.8674  218077.9738     269.0256      65.8143
400001183 300000296                                         3539537.9546 5297292.9000       0.0000 3630292.7893 5191537.9595 -677162.3725 3085738.1156 5533298.6915 -671168.2896  218265.1507     247.1440      76.7496
400001184 300000296                                         3143878.6287 5375502.5311 -1345228.8674 3085738.1156 5533298.6915 -671168.2896 3630292.7893 5191537.9595 -677162.3725  219375.9096     263.4668      68.4678
400001185 300000297                                               0.0000 4504977.3029 -4504977.3029       0.0000 4924849.5984 -4041719.6134  678984.1624 4805928.6788 -4126944.5164  213029.7505     221.6825      55.0767
400001186 300000297                                               0.0000 5297292.9000 -3539537.9546  677162.3725 5191537.9595 -3630292.7893       0.0000 4924849.5984 -4041719.6134  212458.1628     240.5113      56.6993
400001187 300000297                                         1346350.7175 5024649.2825 -3678298.5650  678984.1624 4805928.6788 -4126944.5164  677162.3725 5191537.9595 -3630292.7893  213259.5913     238.2749      56.1773
400001188 300000297                                               0.0000 4924849.5984 -4041719.6134  677162.3725 5191537.9595 -3630292.7893  678984.1624 4805928.6788 -4126944.5164  214297.3599     233.4453      55.9851
400001189 300000298                                               0.0000 5886036.5016 -2438076.1476  669073.8784 5812081.9155 -2522238.0841       0.0000 5618720.3752 -3003268.6103  209920.2574     279.3409      54.0030
400001190 300000298                                         1330561.6814 5672228.9398 -2577802.4491  671168.2896 5533298.6915 -3085738.1156  669073.8784 5812081.9155 -2522238.0841  210758.2000     278.2133      54.9364
400001191 300000298                                               0.0000 5297292.9000 -3539537.9546       0.0000 5618720.3752 -3003268.6103  671168.2896 5533298.6915 -3085738.1156  210577.3796     261.8445      57.1241
400001192 300000298                                          669073.8784 5812081.9155 -2522238.0841  671168.2896 5533298.6915 -3085738.1156       0.0000 5618720.3752 -3003268.6103  211783.6604     273.4827      55.8330
400001193 300000299                                         2600949.8585 5201899.7171 -2600949.8585 1990680.8386 5157396.7439 -3166715.9053 1976963.3461 5468063.2517 -2604139.2443  213953.8407     277.1152      56.1017
400001194 300000299                                         1346350.7175 5024649.2825 -3678298.5650 1345228.8674 5375502.5311 -3143878.6287 1990680.8386 5157396.7439 -3166715.9053  213817.3983     257.4666      57.9358
400001195 300000299                                         1330561.6814 5672228.9398 -2577802.4491 1976963.3461 5468063.2517 -2604139.2443 1345228.8674 5375502.5311 -3143878.6287  213196.7862     277.8327      53.4490
400001196 300000299                                         1990680.8386 5157396.7439 -3166715.9053 1345228.8674 5375502.5311 -3143878.6287 1976963.3461 5468063.2517 -2604139.2443  215042.4187     271.2583      55.4208
400001197 300000300                                               0.0000 5297292.9000 -3539537.9546  671168.2896 5533298.6915 -3085738.1156  677162.3725 5191537.9595 -3630292.7893  218265.1507     253.3501      58.4340
400001198 300000300                                         1330561.6814 5672228.9398 -2577802.4491 1345228.8674 5375502.5311 -3143878.6287  671168.2896 5533298.6915 -3085738.1156  218077.9738     272.1266      56.3896
400001199 300000300                                         1346350.7175 5024649.2825 -3678298.5650  677162.3725 5191537.9595 -3630292.7893 1345228.8674 5375502.5311 -3143878.6287  217445.2803     251.0354      57.6183
400001200 300000300                                          671168.2896 5533298.6915 -3085738.1156 1345228.8674 5375502.5311 -3143878.6287  677162.3725 5191537.9595 -3630292.7893  219375.9096     258.8428      58.1643
400001201 300000301                                         2438076.1476 5886036.5016       0.0000 2522238.0841 5812081.9155 -669073.8784 1869698.6039 6056845.8882 -639129.1082  232651.5371     231.5347      92.1638
400001202 300000301                                         2577802.4491 5672228.9398 -1330561.6814 1933504.7432 5928333.1219 -1306164.9224 2522238.0841 5812081.9155 -669073.8784  231845.9895     265.0499      70.1436
400001203 300000301                                         1266279.9131 6114140.2800 -1266279.9131 1869698.6039 6056845.8882 -639129.1082 1933504.7432 5928333.1219 -1306164.9224  232712.3450     263.0870      72.8500
400001204 300000301                                         2522238.0841 5812081.9155 -669073.8784 1933504.7432 5928333.1219 -1306164.9224 1869698.6039 6056845.8882 -639129.1082  234046.8072     252.6103      77.6294
400001205 300000302                                         2600949.8585 5201899.7171 -2600949.8585 1976963.3461 5468063.2517 -2604139.2443 2604139.2443 5468063.2517 -1976963.3461  228300.1373     286.2957      53.0393
400001206 300000302                                         1330561.6814 5672228.9398 -2577802.4491 1973179.1775 5727370.1528 -1973179.1775 1976963.3461 5468063.2517 -2604139.2443  229212.6770     286.5559      53.8554
400001207 300000302                                         2577802.4491 5672228.9398 -1330561.6814 2604139.2443 5468063.2517 -1976963.3461 1973179.1775 5727370.1528 -1973179.1775  229212.6770     287.2112      57.7864
400001208 300000302                                         1976963.3461 5468063.2517 -2604139.2443 1973179.1775 5727370.1528 -1973179.1775 2604139.2443 5468063.2517 -1976963.3461  230526.8451     288.4532      55.8972
400001209 300000303                                               0.0000 5886036.5016 -2438076.1476  639129.1082 6056845.8882 -1869698.6039  669073.8784 5812081.9155 -2522238.0841  232651.5371     285.6602      54.0426
400001210 300000303                                         1266279.9131 6114140.2800 -1266279.9131 1306164.9224 5928333.1219 -1933504.7432  639129.1082 6056845.8882 -1869698.6039  232712.3450     283.8398      58.0906
400001211 300000303                                         1330561.6814 5672228.9398 -2577802.4491  669073.8784 5812081.9155 -2522238.0841 1306164.9224 5928333.1219 -1933504.7432  231845.9895     285.3765      53.9388
400001212 300000303                                          639129.1082 6056845.8882 -1869698.6039 1306164.9224 5928333.1219 -1933504.7432  669073.8784 5812081.9155 -2522238.0841  234046.8072     287.2055      54.3110
400001213 300000304                                         2577802.4491 5672228.9398 -1330561.6814 1973179.1775 5727370.1528 -1973179.1775 1933504.7432 5928333.1219 -1306164.9224  238189.0310     283.1795      59.4179
400001214 300000304                                         1330561.6814 5672228.9398 -2577802.4491 1306164.9224 5928333.1219 -1933504.7432 1973179.1775 5727370.1528 -1973179.1775  238189.0310     287.8000      54.6396
400001215 300000304                                         1266279.9131 6114140.2800 -1266279.9131 1933504.7432 5928333.1219 -1306164.9224 1306164.9224 5928333.1219 -1933504.7432  237302.7613     280.6352      62.7254
400001216 300000304                                         1973179.1775 5727370.1528 -1973179.1775 1306164.9224 5928333.1219 -1933504.7432 1933504.7432 5928333.1219 -1306164.9224  239617.8861     286.5246      59.2825
400001217 300000305                                         4504977.3029       0.0000 -4504977.3029 4126944.5164  678984.1624 -4805928.6788 4805928.6788  678984.1624 -4126944.5164  328324.9483     211.3771      51.2855
400001218 300000305                                         3678298.5650 1346350.7175 -5024649.2825 4400885.2099 1361638.6226 -4400885.2099 4126944.5164  678984.1624 -4805928.6788  329212.3599     205.4892      43.4735
400001219 300000305                                         5024649.2825 1346350.7175 -3678298.5650 4805928.6788  678984.1624 -4126944.5164 4400885.2099 1361638.6226 -4400885.2099  329212.3599     225.7219      58.9169
400001220 300000305                                         4126944.5164  678984.1624 -4805928.6788 4400885.2099 1361638.6226 -4400885.2099 4805928.6788  678984.1624 -4126944.5164  332074.9378     212.3114      51.9046
400001221 300000306                                         2600949.8585 2600949.8585 -5201899.7171 3374031.3064 2687534.5848 -4688572.4479 3166715.9053 1990680.8386 -5157396.7439  331958.1435     200.4365      34.8855
400001222 300000306                                         4074905.2917 2716603.5278 -4074905.2917 3912146.8074 2050103.9020 -4591494.5659 3374031.3064 2687534.5848 -4688572.4479  332135.9111     214.3436      50.7420
400001223 300000306                                         3678298.5650 1346350.7175 -5024649.2825 3166715.9053 1990680.8386 -5157396.7439 3912146.8074 2050103.9020 -4591494.5659  331417.2039     200.7327      38.2293
400001224 300000306                                         3374031.3064 2687534.5848 -4688572.4479 3912146.8074 2050103.9020 -4591494.5659 3166715.9053 1990680.8386 -5157396.7439  335024.3025     204.0308      42.3047
400001225 300000307                                         5201899.7171 2600949.8585 -2600949.8585 5157396.7439 1990680.8386 -3166715.9053 4688572.4479 2687534.5848 -3374031.3064  331958.1435     257.4147      53.9822
400001226 300000307                                         5024649.2825 1346350.7175 -3678298.5650 4591494.5659 2050103.9020 -3912146.8074 5157396.7439 1990680.8386 -3166715.9053  331417.2039     248.7728      51.5111
400001227 300000307                                         4074905.2917 2716603.5278 -4074905.2917 4688572.4479 2687534.5848 -3374031.3064 4591494.5659 2050103.9020 -3912146.8074  332135.9111     243.4686      51.4936
400001228 300000307                                         5157396.7439 1990680.8386 -3166715.9053 4591494.5659 2050103.9020 -3912146.8074 4688572.4479 2687534.5848 -3374031.3064  335024.3025     250.4643      50.3338
400001229 300000308                                         3678298.5650 1346350.7175 -5024649.2825 3912146.8074 2050103.9020 -4591494.5659 4400885.2099 1361638.6226 -4400885.2099  344128.0612     206.4389      45.5810
400001230 300000308                                         4074905.2917 2716603.5278 -4074905.2917 4591494.5659 2050103.9020 -3912146.8074 3912146.8074 2050103.9020 -4591494.5659  343384.2298     224.1218      53.1737
400001231 300000308                                         5024649.2825 1346350.7175 -3678298.5650 4400885.2099 1361638.6226 -4400885.2099 4591494.5659 2050103.9020 -3912146.8074  344128.0612     230.9167      56.2952
400001232 300000308                                         3912146.8074 2050103.9020 -4591494.5659 4591494.5659 2050103.9020 -3912146.8074 4400885.2099 1361638.6226 -4400885.2099  347308.3434     217.8822      53.3754
400001233 300000309                                               0.0000 4504977.3029 -4504977.3029  678984.1624 4805928.6788 -4126944.5164  678984.1624 4126944.5164 -4805928.6788  328324.9483     213.6957      50.3595
400001234 300000309                                         1346350.7175 5024649.2825 -3678298.5650 1361638.6226 4400885.2099 -4400885.2099  678984.1624 4805928.6788 -4126944.5164  329212.3599     229.1133      55.0872
400001235 300000309                                         1346350.7175 3678298.5650 -5024649.2825  678984.1624 4126944.5164 -4805928.6788 1361638.6226 4400885.2099 -4400885.2099  329212.3599     206.3692      41.9580
400001236 300000309                                          678984.1624 4805928.6788 -4126944.5164 1361638.6226 4400885.2099 -4400885.2099  678984.1624 4126944.5164 -4805928.6788  332074.9378     214.9608      50.7117
400001237 300000310                                         2600949.8585 5201899.7171 -2600949.8585 2687534.5848 4688572.4479 -3374031.3064 1990680.8386 5157396.7439 -3166715.9053  331958.1435     267.3215      58.4500
400001238 300000310                                         2716603.5278 4074905.2917 -4074905.2917 2050103.9020 4591494.5659 -3912146.8074 2687534.5848 4688572.4479 -3374031.3064  332135.9111     240.7280      58.4646
400001239 300000310                                         1346350.7175 5024649.2825 -3678298.5650 1990680.8386 5157396.7439 -3166715.9053 2050103.9020 4591494.5659 -3912146.8074  331417.2039     247.7435      56.9207
400001240 300000310                                         2687534.5848 4688572.4479 -3374031.3064 2050103.9020 4591494.5659 -3912146.8074 1990680.8386 5157396.7439 -3166715.9053  335024.3025     251.3213      58.7069
400001241 300000311                                         2600949.8585 2600949.8585 -5201899.7171 1990680.8386 3166715.9053 -5157396.7439 2687534.5848 3374031.3064 -4688572.4479  331958.1435     199.9162      34.3329
400001242 300000311                                         1346350.7175 3678298.5650 -5024649.2825 2050103.9020 3912146.8074 -4591494.5659 1990680.8386 3166715.9053 -5157396.7439  331417.2039     201.0578      37.2776
400001243 300000311                                         2716603.5278 4074905.2917 -4074905.2917 2687534.5848 3374031.3064 -4688572.4479 2050103.9020 3912146.8074 -4591494.5659  332135.9111     215.5420      53.3865
400001244 300000311                                         1990680.8386 3166715.9053 -5157396.7439 2050103.9020 3912146.8074 -4591494.5659 2687534.5848 3374031.3064 -4688572.4479  335024.3025     204.7834      41.4152
400001245 300000312                                         1346350.7175 5024649.2825 -3678298.5650 2050103.9020 4591494.5659 -3912146.8074 1361638.6226 4400885.2099 -4400885.2099  344128.0612     232.8108      55.6759
400001246 300000312                                         2716603.5278 4074905.2917 -4074905.2917 2050103.9020 3912146.8074 -4591494.5659 2050103.9020 4591494.5659 -3912146.8074  343384.2298     225.0623      57.2674
400001247 300000312                                         1346350.7175 3678298.5650 -5024649.2825 1361638.6226 4400885.2099 -4400885.2099 2050103.9020 3912146.8074 -4591494.5659  344128.0612     208.8636      43.9787
400001248 300000312                                         2050103.9020 4591494.5659 -3912146.8074 2050103.9020 3912146.8074 -4591494.5659 1361638.6226 4400885.2099 -4400885.2099  347308.3434     221.3752      52.8844
400001249 300000313                                         4504977.3029 4504977.3029       0.0000 4805928.6788 4126944.5164 -678984.1624 4126944.5164 4805928.6788 -678984.1624  328324.9483     272.6296      59.6424
400001250 300000313                                         5024649.2825 3678298.5650 -1346350.7175 4400885.2099 4400885.2099 -1361638.6226 4805928.6788 4126944.5164 -678984.1624  329212.3599     286.5936      66.3792
400001251 300000313                                         3678298.5650 5024649.2825 -1346350.7175 4126944.5164 4805928.6788 -678984.1624 4400885.2099 4400885.2099 -1361638.6226  329212.3599     282.4555      58.0885
400001252 300000313                                         4805928.6788 4126944.5164 -678984.1624 4400885.2099 4400885.2099 -1361638.6226 4126944.5164 4805928.6788 -678984.1624  332074.9378     281.9444      57.7405
400001253 300000314                                         5201899.7171 2600949.8585 -2600949.8585 4688572.4479 3374031.3064 -2687534.5848 5157396.7439 3166715.9053 -1990680.8386  331958.1435     284.7750      59.6435
400001254 300000314                                         4074905.2917 4074905.2917 -2716603.5278 4591494.5659 3912146.8074 -2050103.9020 4688572.4479 3374031.3064 -2687534.5848  332135.9111     292.1949      41.6262
400001255 300000314                                         5024649.2825 3678298.5650 -1346350.7175 5157396.7439 3166715.9053 -1990680.8386 4591494.5659 3912146.8074 -2050103.9020  331417.2039     287.5509      70.1921
400001256 300000314                                         4688572.4479 3374031.3064 -2687534.5848 4591494.5659 3912146.8074 -2050103.9020 5157396.7439 3166715.9053 -1990680.8386  335024.3025     290.4911      54.0161
400001257 300000315                                         2600949.8585 5201899.7171 -2600949.8585 3166715.9053 5157396.7439 -1990680.8386 3374031.3064 4688572.4479 -2687534.5848  331958.1435     284.4119      51.7913
400001258 300000315                                         3678298.5650 5024649.2825 -1346350.7175 3912146.8074 4591494.5659 -2050103.9020 3166715.9053 5157396.7439 -1990680.8386  331417.2039     288.7105      54.7163
400001259 300000315                                         4074905.2917 4074905.2917 -2716603.5278 3374031.3064 4688572.4479 -2687534.5848 3912146.8074 4591494.5659 -2050103.9020  332135.9111     281.5351      56.9561
400001260 300000315                                         3166715.9053 5157396.7439 -1990680.8386 3912146.8074 4591494.5659 -2050103.9020 3374031.3064 4688572.4479 -2687534.5848  335024.3025     286.7838      51.4638
400001261 300000316                                         5024649.2825 3678298.5650 -1346350.7175 4591494.5659 3912146.8074 -2050103.9020 4400885.2099 4400885.2099 -1361638.6226  344128.0612     290.8105      61.5161
400001262 300000316                                         4074905.2917 4074905.2917 -2716603.5278 3912146.8074 4591494.5659 -2050103.9020 4591494.5659 3912146.8074 -2050103.9020  343384.2298     290.4835      53.3623
400001263 300000316                                         3678298.5650 5024649.2825 -1346350.7175 4400885.2099 4400885.2099 -1361638.6226 3912146.8074 4591494.5659 -2050103.9020  344128.0612     286.6239      65.8702
400001264 300000316                                         4591494.5659 3912146.8074 -2050103.9020 3912146.8074 4591494.5659 -2050103.9020 4400885.2099 4400885.2099 -1361638.6226  347308.3434     293.9789      50.0922
400001265 300000317                                         2600949.8585 2600949.8585 -5201899.7171 2687534.5848 3374031.3064 -4688572.4479 3374031.3064 2687534.5848 -4688572.4479  387995.8446     203.7840      39.9217
400001266 300000317                                         2716603.5278 4074905.2917 -4074905.2917 3435012.9904 3435012.9904 -4122015.5885 2687534.5848 3374031.3064 -4688572.4479  388281.7658     219.8844      55.1438
400001267 300000317                                         4074905.2917 2716603.5278 -4074905.2917 3374031.3064 2687534.5848 -4688572.4479 3435012.9904 3435012.9904 -4122015.5885  388281.7658     220.0542      52.9447
400001268 300000317                                         2687534.5848 3374031.3064 -4688572.4479 3435012.9904 3435012.9904 -4122015.5885 3374031.3064 2687534.5848 -4688572.4479  392517.4362     213.0799      49.5180
400001269 300000318                                         2600949.8585 5201899.7171 -2600949.8585 3374031.3064 4688572.4479 -2687534.5848 2687534.5848 4688572.4479 -3374031.3064  387995.8446     272.0565      55.8636
400001270 300000318                                         4074905.2917 4074905.2917 -2716603.5278 3435012.9904 4122015.5885 -3435012.9904 3374031.3064 4688572.4479 -2687534.5848  388281.7658     272.2579      53.2846
400001271 300000318                                         2716603.5278 4074905.2917 -4074905.2917 2687534.5848 4688572.4479 -3374031.3064 3435012.9904 4122015.5885 -3435012.9904  388281.7658     246.7363      57.7852
400001272 300000318                                         3374031.3064 4688572.4479 -2687534.5848 3435012.9904 4122015.5885 -3435012.9904 2687534.5848 4688572.4479 -3374031.3064  392517.4362     262.9465      56.5262
400001273 300000319                                         5201899.7171 2600949.8585 -2600949.8585 4688572.4479 2687534.5848 -3374031.3064 4688572.4479 3374031.3064 -2687534.5848  387995.8446     271.1007      52.8331
400001274 300000319                                         4074905.2917 2716603.5278 -4074905.2917 4122015.5885 3435012.9904 -3435012.9904 4688572.4479 2687534.5848 -3374031.3064  388281.7658     250.7187      51.3804
400001275 300000319                                         4074905.2917 4074905.2917 -2716603.5278 4688572.4479 3374031.3064 -2687534.5848 4122015.5885 3435012.9904 -3435012.9904  388281.7658     278.5734      46.7864
400001276 300000319                                         4688572.4479 2687534.5848 -3374031.3064 4122015.5885 3435012.9904 -3435012.9904 4688572.4479 3374031.3064 -2687534.5848  392517.4362     270.5088      48.4337
400001277 300000320                                         2716603.5278 4074905.2917 -4074905.2917 3435012.9904 4122015.5885 -3435012.9904 3435012.9904 3435012.9904 -4122015.5885  405996.4825     236.4400      58.7274
400001278 300000320                                         4074905.2917 4074905.2917 -2716603.5278 4122015.5885 3435012.9904 -3435012.9904 3435012.9904 4122015.5885 -3435012.9904  405996.4825     266.9794      51.4590
400001279 300000320                                         4074905.2917 2716603.5278 -4074905.2917 3435012.9904 3435012.9904 -4122015.5885 4122015.5885 3435012.9904 -3435012.9904  405996.4825     238.2766      54.6763
400001280 300000320                                         3435012.9904 4122015.5885 -3435012.9904 4122015.5885 3435012.9904 -3435012.9904 3435012.9904 3435012.9904 -4122015.5885  410731.3740     247.4399      54.7640
400001281 300000321                                               0.0000 6371000.0000       0.0000       0.0000 6340321.8936 -624467.2010 -624467.2010 6340321.8936       0.0000  195921.5441     224.0941      94.8828
400001282 300000321                                               0.0000 6248583.0214 -1242920.4416 -627459.2093 6308900.9250 -627459.2093       0.0000 6340321.8936 -624467.2010  196860.2699     232.4120      90.3872
400001283 300000321                                         -1242920.4416 6248583.0214       0.0000 -624467.2010 6340321.8936       0.0000 -627459.2093 6308900.9250 -627459.2093  196860.2699     223.8815      95.8551
400001284 300000321                                               0.0000 6340321.8936 -624467.2010 -627459.2093 6308900.9250 -627459.2093 -624467.2010 6340321.8936       0.0000  197817.4310     227.2816      92.2654
400001285 300000322                                               0.0000 5886036.5016 -2438076.1476 -639129.1082 6056845.8882 -1869698.6039       0.0000 6096666.8789 -1849403.6788  200521.8161     283.0507      59.1008
400001286 300000322                                         -1266279.9131 6114140.2800 -1266279.9131 -636326.6289 6212473.2151 -1260914.7366 -639129.1082 6056845.8882 -1869698.6039  200560.6406     266.6515      71.9467
400001287 300000322                                               0.0000 6248583.0214 -1242920.4416       0.0000 6096666.8789 -1849403.6788 -636326.6289 6212473.2151 -1260914.7366  199642.5528     265.7568      71.6322
400001288 300000322                                         -639129.1082 6056845.8882 -1869698.6039 -636326.6289 6212473.2151 -1260914.7366       0.0000 6096666.8789 -1849403.6788  201535.9727     274.1010      66.9893
400001289 300000323                                         -2438076.1476 5886036.5016       0.0000 -1849403.6788 6096666.8789       0.0000 -1869698.6039 6056845.8882 -639129.1082  200521.8161     232.4686      91.6818
400001290 300000323                                         -1242920.4416 6248583.0214       0.0000 -1260914.7366 6212473.2151 -636326.6289 -1849403.6788 6096666.8789       0.0000  199642.5528     228.5317     103.7613
400001291 300000323                                         -1266279.9131 6114140.2800 -1266279.9131 -1869698.6039 6056845.8882 -639129.1082 -1260914.7366 6212473.2151 -636326.6289  200560.6406     243.9838      82.8857
400001292 300000323                                         -1849403.6788 6096666.8789       0.0000 -1260914.7366 6212473.2151 -636326.6289 -1869698.6039 6056845.8882 -639129.1082  201535.9727     234.3275      98.5306
400001293 300000324                                               0.0000 6248583.0214 -1242920.4416 -636326.6289 6212473.2151 -1260914.7366 -627459.2093 6308900.9250 -627459.2093  204548.8197     244.3363      83.0165
400001294 300000324                                         -1266279.9131 6114140.2800 -1266279.9131 -1260914.7366 6212473.2151 -636326.6289 -636326.6289 6212473.2151 -1260914.7366  203612.8458     248.8901      81.1095
400001295 300000324                                         -1242920.4416 6248583.0214       0.0000 -627459.2093 6308900.9250 -627459.2093 -1260914.7366 6212473.2151 -636326.6289  204548.8197     226.7308      92.9595
400001296 300000324                                         -636326.6289 6212473.2151 -1260914.7366 -1260914.7366 6212473.2151 -636326.6289 -627459.2093 6308900.9250 -627459.2093  205583.5447     239.4833      85.7795
400001297 300000325                                               0.0000 4504977.3029 -4504977.3029 -678984.1624 4805928.6788 -4126944.5164       0.0000 4924849.5984 -4041719.6134  213029.7505     221.3771      54.2071
400001298 300000325                                         -1346350.7175 5024649.2825 -3678298.5650 -677162.3725 5191537.9595 -3630292.7893 -678984.1624 4805928.6788 -4126944.5164  213259.5913     237.3789      58.2864
400001299 300000325                                               0.0000 5297292.9000 -3539537.9546       0.0000 4924849.5984 -4041719.6134 -677162.3725 5191537.9595 -3630292.7893  212458.1628     240.5019      56.8240
400001300 300000325                                         -678984.1624 4805928.6788 -4126944.5164 -677162.3725 5191537.9595 -3630292.7893       0.0000 4924849.5984 -4041719.6134  214297.3599     232.9065      56.0659
400001301 300000326                                         -2600949.8585 5201899.7171 -2600949.8585 -1976963.3461 5468063.2517 -2604139.2443 -1990680.8386 5157396.7439 -3166715.9053  213953.8407     270.4082      56.8568
400001302 300000326                                         -1330561.6814 5672228.9398 -2577802.4491 -1345228.8674 5375502.5311 -3143878.6287 -1976963.3461 5468063.2517 -2604139.2443  213196.7862     269.4297      61.1982
400001303 300000326                                         -1346350.7175 5024649.2825 -3678298.5650 -1990680.8386 5157396.7439 -3166715.9053 -1345228.8674 5375502.5311 -3143878.6287  213817.3983     256.7978      56.9619
400001304 300000326                                         -1976963.3461 5468063.2517 -2604139.2443 -1345228.8674 5375502.5311 -3143878.6287 -1990680.8386 5157396.7439 -3166715.9053  215042.4187     265.7200      58.2236
400001305 300000327                                               0.0000 5886036.5016 -2438076.1476       0.0000 5618720.3752 -3003268.6103 -669073.8784 5812081.9155 -2522238.0841  209920.2574     278.6784      54.7795
400001306 300000327                                               0.0000 5297292.9000 -3539537.9546 -671168.2896 5533298.6915 -3085738.1156       0.0000 5618720.3752 -3003268.6103  210577.3796     261.5648      56.5294
400001307 300000327                                         -1330561.6814 5672228.9398 -2577802.4491 -669073.8784 5812081.9155 -2522238.0841 -671168.2896 5533298.6915 -3085738.1156  210758.2000     274.0526      58.3468
400001308 300000327                                               0.0000 5618720.3752 -3003268.6103 -671168.2896 5533298.6915 -3085738.1156 -669073.8784 5812081.9155 -2522238.0841  211783.6604     272.7074      56.8322
400001309 300000328                                         -1346350.7175 5024649.2825 -3678298.5650 -1345228.8674 5375502.5311 -3143878.6287 -677162.3725 5191537.9595 -3630292.7893  217445.2803     251.0821      58.9072
400001310 300000328                                         -1330561.6814 5672228.9398 -2577802.4491 -671168.2896 5533298.6915 -3085738.1156 -1345228.8674 5375502.5311 -3143878.6287  218077.9738     268.4618      58.8875
400001311 300000328                                               0.0000 5297292.9000 -3539537.9546 -677162.3725 5191537.9595 -3630292.7893 -671168.2896 5533298.6915 -3085738.1156  218265.1507     253.5732      57.3227
400001312 300000328                                         -1345228.8674 5375502.5311 -3143878.6287 -671168.2896 5533298.6915 -3085738.1156 -677162.3725 5191537.9595 -3630292.7893  219375.9096     258.6881      57.8853
400001313 300000329                                         -4504977.3029 4504977.3029       0.0000 -4041719.6134 4924849.5984       0.0000 -4126944.5164 4805928.6788 -678984.1624  213029.7505     221.7263     106.9661
400001314 300000329                                         -3539537.9546 5297292.9000       0.0000 -3630292.7893 5191537.9595 -677162.3725 -4041719.6134 4924849.5984       0.0000  212458.1628     230.9661      96.6351
400001315 300000329                                         -3678298.5650 5024649.2825 -1346350.7175 -4126944.5164 4805928.6788 -678984.1624 -3630292.7893 5191537.9595 -677162.3725  213259.5913     262.7033      72.0319
400001316 300000329                                         -4041719.6134 4924849.5984       0.0000 -3630292.7893 5191537.9595 -677162.3725 -4126944.5164 4805928.6788 -678984.1624  214297.3599     231.7558     101.3736
400001317 300000330                                         -2438076.1476 5886036.5016       0.0000 -2522238.0841 5812081.9155 -669073.8784 -3003268.6103 5618720.3752       0.0000  209920.2574     232.7618     106.6866
400001318 300000330                                         -2577802.4491 5672228.9398 -1330561.6814 -3085738.1156 5533298.6915 -671168.2896 -2522238.0841 5812081.9155 -669073.8784  210758.2000     270.2165      62.1101
400001319 300000330                                         -3539537.9546 5297292.9000       0.0000 -3003268.6103 5618720.3752       0.0000 -3085738.1156 5533298.6915 -671168.2896  210577.3796     228.4885     102.8971
400001320 300000330                                         -2522238.0841 5812081.9155 -669073.8784 -3085738.1156 5533298.6915 -671168.2896 -3003268.6103 5618720.3752       0.0000  211783.6604     244.1932      83.8889
400001321 300000331                                         -2600949.8585 5201899.7171 -2600949.8585 -3166715.9053 5157396.7439 -1990680.8386 -2604139.2443 5468063.2517 -1976963.3461  213953.8407     280.1583      53.9664
400001322 300000331                                         -3678298.5650 5024649.2825 -1346350.7175 -3143878.6287 5375502.5311 -1345228.8674 -3166715.9053 5157396.7439 -1990680.8386  213817.3983     288.0680      46.8324
400001323 300000331                                         -2577802.4491 5672228.9398 -1330561.6814 -2604139.2443 5468063.2517 -1976963.3461 -3143878.6287 5375502.5311 -1345228.8674  213196.7862     282.1757      57.8154
400001324 300000331                                         -3166715.9053 5157396.7439 -1990680.8386 -3143878.6287 5375502.5311 -1345228.8674 -2604139.2443 5468063.2517 -1976963.3461  215042.4187     285.2889      50.4832
400001325 300000332                                         -3539537.9546 5297292.9000       0.0000 -3085738.1156 5533298.6915 -671168.2896 -3630292.7893 5191537.9595 -677162.3725  218265.1507     237.2650     100.0971
400001326 300000332                                         -2577802.4491 5672228.9398 -1330561.6814 -3143878.6287 5375502.5311 -1345228.8674 -3085738.1156 5533298.6915 -671168.2896  218077.9738     279.1911      55.1645
400001327 300000332                                         -3678298.5650 5024649.2825 -1346350.7175 -3630292.7893 5191537.9595 -677162.3725 -3143878.6287 5375502.5311 -1345228.8674  217445.2803     277.2250      57.7724
400001328 300000332                                         -3085738.1156 5533298.6915 -671168.2896 -3143878.6287 5375502.5311 -1345228.8674 -3630292.7893 5191537.9595 -677162.3725  219375.9096     268.8852      62.8635
400001329 300000333                                               0.0000 5886036.5016 -2438076.1476 -669073.8784 5812081.9155 -2522238.0841 -639129.1082 6056845.8882 -1869698.6039  232651.5371     281.9881      58.0295
400001330 300000333                                         -1330561.6814 5672228.9398 -2577802.4491 -1306164.9224 5928333.1219 -1933504.7432 -669073.8784 5812081.9155 -2522238.0841  231845.9895     277.1395      62.5162
400001331 300000333                                         -1266279.9131 6114140.2800 -1266279.9131 -639129.1082 6056845.8882 -1869698.6039 -1306164.9224 5928333.1219 -1933504.7432  232712.3450     273.3525      67.6621
400001332 300000333                                         -669073.8784 5812081.9155 -2522238.0841 -1306164.9224 5928333.1219 -1933504.7432 -639129.1082 6056845.8882 -1869698.6039  234046.8072     279.2620      62.5561
400001333 300000334                                         -2600949.8585 5201899.7171 -2600949.8585 -2604139.2443 5468063.2517 -1976963.3461 -1976963.3461 5468063.2517 -2604139.2443  228300.1373     276.9410      56.2542
400001334 300000334                                         -2577802.4491 5672228.9398 -1330561.6814 -1973179.1775 5727370.1528 -1973179.1775 -2604139.2443 5468063.2517 -1976963.3461  229212.6770     279.2804      61.5663
400001335 300000334                                         -1330561.6814 5672228.9398 -2577802.4491 -1976963.3461 5468063.2517 -2604139.2443 -1973179.1775 5727370.1528 -1973179.1775  229212.6770     275.0670      62.7748
400001336 300000334                                         -2604139.2443 5468063.2517 -1976963.3461 -1973179.1775 5727370.1528 -1973179.1775 -1976963.3461 5468063.2517 -2604139.2443  230526.8451     277.4710      59.1777
400001337 300000335                                         -2438076.1476 5886036.5016       0.0000 -1869698.6039 6056845.8882 -639129.1082 -2522238.0841 5812081.9155 -669073.8784  232651.5371     241.5676      89.6032
400001338 300000335                                         -1266279.9131 6114140.2800 -1266279.9131 -1933504.7432 5928333.1219 -1306164.9224 -1869698.6039 6056845.8882 -639129.1082  232712.3450     257.9747      72.1476
400001339 300000335                                         -2577802.4491 5672228.9398 -1330561.6814 -2522238.0841 5812081.9155 -669073.8784 -1933504.7432 5928333.1219 -1306164.9224  231845.9895     271.9184      63.4330
400001340 300000335                                         -1869698.6039 6056845.8882 -639129.1082 -1933504.7432 5928333.1219 -1306164.9224 -2522238.0841 5812081.9155 -669073.8784  234046.8072     257.2572      75.1788
400001341 300000336                                         -1330561.6814 5672228.9398 -2577802.4491 -1973179.1775 5727370.1528 -1973179.1775 -1306164.9224 5928333.1219 -1933504.7432  238189.0310     276.5064      63.8521
400001342 300000336                                         -2577802.4491 5672228.9398 -1330561.6814 -1933504.7432 5928333.1219 -1306164.9224 -1973179.1775 5727370.1528 -1973179.1775  238189.0310     276.5240      64.4660
400001343 300000336                                         -1266279.9131 6114140.2800 -1266279.9131 -1306164.9224 5928333.1219 -1933504.7432 -1933504.7432 5928333.1219 -1306164.9224  237302.7613     269.4158      68.6844
400001344 300000336                                         -1973179.1775 5727370.1528 -1973179.1775 -1933504.7432 5928333.1219 -1306164.9224 -1306164.9224 5928333.1219 -1933504.7432  239617.8861     275.2321      65.0199
400001345 300000337                                               0.0000       0.0000 -6371000.0000 -624467.2010       0.0000 -6340321.8936       0.0000  624467.2010 -6340321.8936  195921.5441     118.7150       0.0452
400001346 300000337                                         -1242920.4416       0.0000 -6248583.0214 -627459.2093  627459.2093 -6308900.9250 -624467.2010       0.0000 -6340321.8936  196860.2699     146.8886       0.0337
400001347 300000337                                               0.0000 1242920.4416 -6248583.0214       0.0000  624467.2010 -6340321.8936 -627459.2093  627459.2093 -6308900.9250  196860.2699     113.4638       0.0337
400001348 300000337                                         -624467.2010       0.0000 -6340321.8936 -627459.2093  627459.2093 -6308900.9250       0.0000  624467.2010 -6340321.8936  197817.4310     124.3478       0.0391
400001349 300000338                                         -2438076.1476       0.0000 -5886036.5016 -1869698.6039  639129.1082 -6056845.8882 -1849403.6788       0.0000 -6096666.8789  200521.8161     167.6145       0.1773
400001350 300000338                                         -1266279.9131 1266279.9131 -6114140.2800 -1260914.7366  636326.6289 -6212473.2151 -1869698.6039  639129.1082 -6056845.8882  200560.6406     130.1562       0.0547
400001351 300000338                                         -1242920.4416       0.0000 -6248583.0214 -1849403.6788       0.0000 -6096666.8789 -1260914.7366  636326.6289 -6212473.2151  199642.5528     163.1829       0.0408
400001352 300000338                                         -1869698.6039  639129.1082 -6056845.8882 -1260914.7366  636326.6289 -6212473.2151 -1849403.6788       0.0000 -6096666.8789  201535.9727     156.0230       0.0567
400001353 300000339                                               0.0000 2438076.1476 -5886036.5016       0.0000 1849403.6788 -6096666.8789 -639129.1082 1869698.6039 -6056845.8882  200521.8161     130.6564       0.1774
400001354 300000339                                               0.0000 1242920.4416 -6248583.0214 -636326.6289 1260914.7366 -6212473.2151       0.0000 1849403.6788 -6096666.8789  199642.5528     110.1902       0.0408
400001355 300000339                                         -1266279.9131 1266279.9131 -6114140.2800 -639129.1082 1869698.6039 -6056845.8882 -636326.6289 1260914.7366 -6212473.2151  200560.6406     114.0180       0.0547
400001356 300000339                                               0.0000 1849403.6788 -6096666.8789 -636326.6289 1260914.7366 -6212473.2151 -639129.1082 1869698.6039 -6056845.8882  201535.9727     115.6300       0.0567
400001357 300000340                                         -1242920.4416       0.0000 -6248583.0214 -1260914.7366  636326.6289 -6212473.2151 -627459.2093  627459.2093 -6308900.9250  204548.8197     143.3712       0.0329
400001358 300000340                                         -1266279.9131 1266279.9131 -6114140.2800 -636326.6289 1260914.7366 -6212473.2151 -1260914.7366  636326.6289 -6212473.2151  203612.8458     120.5188       0.0414
400001359 300000340                                               0.0000 1242920.4416 -6248583.0214 -627459.2093  627459.2093 -6308900.9250 -636326.6289 1260914.7366 -6212473.2151  204548.8197     114.1060       0.0329
400001360 300000340                                         -1260914.7366  636326.6289 -6212473.2151 -636326.6289 1260914.7366 -6212473.2151 -627459.2093  627459.2093 -6308900.9250  205583.5447     123.0387       0.0335
400001361 300000341                                         -4504977.3029       0.0000 -4504977.3029 -4126944.5164  678984.1624 -4805928.6788 -4041719.6134       0.0000 -4924849.5984  213029.7505     218.8257      39.9655
400001362 300000341                                         -3678298.5650 1346350.7175 -5024649.2825 -3630292.7893  677162.3725 -5191537.9595 -4126944.5164  678984.1624 -4805928.6788  213259.5913     213.9119      33.3479
400001363 300000341                                         -3539537.9546       0.0000 -5297292.9000 -4041719.6134       0.0000 -4924849.5984 -3630292.7893  677162.3725 -5191537.9595  212458.1628     210.5207      28.2147
400001364 300000341                                         -4126944.5164  678984.1624 -4805928.6788 -3630292.7893  677162.3725 -5191537.9595 -4041719.6134       0.0000 -4924849.5984  214297.3599     214.9724      33.6167
400001365 300000342                                         -2600949.8585 2600949.8585 -5201899.7171 -2604139.2443 1976963.3461 -5468063.2517 -3166715.9053 1990680.8386 -5157396.7439  213953.8407     199.0545      24.4319
400001366 300000342                                         -2577802.4491 1330561.6814 -5672228.9398 -3143878.6287 1345228.8674 -5375502.5311 -2604139.2443 1976963.3461 -5468063.2517  213196.7862     191.6476      14.6553
400001367 300000342                                         -3678298.5650 1346350.7175 -5024649.2825 -3166715.9053 1990680.8386 -5157396.7439 -3143878.6287 1345228.8674 -5375502.5311  213817.3983     205.3500      28.3331
400001368 300000342                                         -2604139.2443 1976963.3461 -5468063.2517 -3143878.6287 1345228.8674 -5375502.5311 -3166715.9053 1990680.8386 -5157396.7439  215042.4187     198.0683      22.3932
400001369 300000343                                         -2438076.1476       0.0000 -5886036.5016 -3003268.6103       0.0000 -5618720.3752 -2522238.0841  669073.8784 -5812081.9155  209920.2574     182.2684       2.8639
400001370 300000343                                         -3539537.9546       0.0000 -5297292.9000 -3085738.1156  671168.2896 -5533298.6915 -3003268.6103       0.0000 -5618720.3752  210577.3796     196.9672      15.5316
400001371 300000343                                         -2577802.4491 1330561.6814 -5672228.9398 -2522238.0841  669073.8784 -5812081.9155 -3085738.1156  671168.2896 -5533298.6915  210758.2000     184.7710       7.1907
400001372 300000343                                         -3003268.6103       0.0000 -5618720.3752 -3085738.1156  671168.2896 -5533298.6915 -2522238.0841  669073.8784 -5812081.9155  211783.6604     187.9616       7.8087
400001373 300000344                                         -3678298.5650 1346350.7175 -5024649.2825 -3143878.6287 1345228.8674 -5375502.5311 -3630292.7893  677162.3725 -5191537.9595  217445.2803     207.2292      27.2731
400001374 300000344                                         -2577802.4491 1330561.6814 -5672228.9398 -3085738.1156  671168.2896 -5533298.6915 -3143878.6287 1345228.8674 -5375502.5311  218077.9738     191.5052      13.8114
400001375 300000344                                         -3539537.9546       0.0000 -5297292.9000 -3630292.7893  677162.3725 -5191537.9595 -3085738.1156  671168.2896 -5533298.6915  218265.1507     202.5800      21.6754
400001376 300000344                                         -3143878.6287 1345228.8674 -5375502.5311 -3085738.1156  671168.2896 -5533298.6915 -3630292.7893  677162.3725 -5191537.9595  219375.9096     199.6259      21.0171
400001377 300000345                                               0.0000 4504977.3029 -4504977.3029       0.0000 4041719.6134 -4924849.5984 -678984.1624 4126944.5164 -4805928.6788  213029.7505     204.9868      43.3854
400001378 300000345                                               0.0000 3539537.9546 -5297292.9000 -677162.3725 3630292.7893 -5191537.9595       0.0000 4041719.6134 -4924849.5984  212458.1628     197.6981      29.1084
400001379 300000345                                         -1346350.7175 3678298.5650 -5024649.2825 -678984.1624 4126944.5164 -4805928.6788 -677162.3725 3630292.7893 -5191537.9595  213259.5913     199.8184      34.1876
400001380 300000345                                               0.0000 4041719.6134 -4924849.5984 -677162.3725 3630292.7893 -5191537.9595 -678984.1624 4126944.5164 -4805928.6788  214297.3599     200.2398      35.1221
400001381 300000346                                               0.0000 2438076.1476 -5886036.5016 -669073.8784 2522238.0841 -5812081.9155       0.0000 3003268.6103 -5618720.3752  209920.2574     171.9038       3.1655
400001382 300000346                                         -1330561.6814 2577802.4491 -5672228.9398 -671168.2896 3085738.1156 -5533298.6915 -669073.8784 2522238.0841 -5812081.9155  210758.2000     180.8334       7.0969
400001383 300000346                                               0.0000 3539537.9546 -5297292.9000       0.0000 3003268.6103 -5618720.3752 -671168.2896 3085738.1156 -5533298.6915  210577.3796     189.3186      15.2648
400001384 300000346                                         -669073.8784 2522238.0841 -5812081.9155 -671168.2896 3085738.1156 -5533298.6915       0.0000 3003268.6103 -5618720.3752  211783.6604     181.6068       7.8683
400001385 300000347                                         -2600949.8585 2600949.8585 -5201899.7171 -1990680.8386 3166715.9053 -5157396.7439 -1976963.3461 2604139.2443 -5468063.2517  213953.8407     196.3851      24.5713
400001386 300000347                                         -1346350.7175 3678298.5650 -5024649.2825 -1345228.8674 3143878.6287 -5375502.5311 -1990680.8386 3166715.9053 -5157396.7439  213817.3983     197.2593      28.2390
400001387 300000347                                         -1330561.6814 2577802.4491 -5672228.9398 -1976963.3461 2604139.2443 -5468063.2517 -1345228.8674 3143878.6287 -5375502.5311  213196.7862     189.3527      14.5275
400001388 300000347                                         -1990680.8386 3166715.9053 -5157396.7439 -1345228.8674 3143878.6287 -5375502.5311 -1976963.3461 2604139.2443 -5468063.2517  215042.4187     194.3516      22.0880
400001389 300000348                                               0.0000 3539537.9546 -5297292.9000 -671168.2896 3085738.1156 -5533298.6915 -677162.3725 3630292.7893 -5191537.9595  218265.1507     193.4395      21.3275
400001390 300000348                                         -1330561.6814 2577802.4491 -5672228.9398 -1345228.8674 3143878.6287 -5375502.5311 -671168.2896 3085738.1156 -5533298.6915  218077.9738     187.7237      13.5351
400001391 300000348                                         -1346350.7175 3678298.5650 -5024649.2825 -677162.3725 3630292.7893 -5191537.9595 -1345228.8674 3143878.6287 -5375502.5311  217445.2803     195.9750      27.2908
400001392 300000348                                         -671168.2896 3085738.1156 -5533298.6915 -1345228.8674 3143878.6287 -5375502.5311 -677162.3725 3630292.7893 -5191537.9595  219375.9096     191.9881      20.2708
400001393 300000349                                         -2438076.1476       0.0000 -5886036.5016 -2522238.0841  669073.8784 -5812081.9155 -1869698.6039  639129.1082 -6056845.8882  232651.5371     170.8326       0.6032
400001394 300000349                                         -2577802.4491 1330561.6814 -5672228.9398 -1933504.7432 1306164.9224 -5928333.1219 -2522238.0841  669073.8784 -5812081.9155  231845.9895     175.4213       2.2474
400001395 300000349                                         -1266279.9131 1266279.9131 -6114140.2800 -1869698.6039  639129.1082 -6056845.8882 -1933504.7432 1306164.9224 -5928333.1219  232712.3450     137.4323       0.1286
400001396 300000349                                         -2522238.0841  669073.8784 -5812081.9155 -1933504.7432 1306164.9224 -5928333.1219 -1869698.6039  639129.1082 -6056845.8882  234046.8072     163.6904       0.5052
400001397 300000350                                         -2600949.8585 2600949.8585 -5201899.7171 -1976963.3461 2604139.2443 -5468063.2517 -2604139.2443 1976963.3461 -5468063.2517  228300.1373     195.4268      19.9420
400001398 300000350                                         -1330561.6814 2577802.4491 -5672228.9398 -1973179.1775 1973179.1775 -5727370.1528 -1976963.3461 2604139.2443 -5468063.2517  229212.6770     185.7144       9.2162
400001399 300000350                                         -2577802.4491 1330561.6814 -5672228.9398 -2604139.2443 1976963.3461 -5468063.2517 -1973179.1775 1973179.1775 -5727370.1528  229212.6770     187.4466       9.1819
400001400 300000350                                         -1976963.3461 2604139.2443 -5468063.2517 -1973179.1775 1973179.1775 -5727370.1528 -2604139.2443 1976963.3461 -5468063.2517  230526.8451     189.6508      12.3592
400001401 300000351                                               0.0000 2438076.1476 -5886036.5016 -639129.1082 1869698.6039 -6056845.8882 -669073.8784 2522238.0841 -5812081.9155  232651.5371     144.8170       0.6052
400001402 300000351                                         -1266279.9131 1266279.9131 -6114140.2800 -1306164.9224 1933504.7432 -5928333.1219 -639129.1082 1869698.6039 -6056845.8882  232712.3450     127.4414       0.1286
400001403 300000351                                         -1330561.6814 2577802.4491 -5672228.9398 -669073.8784 2522238.0841 -5812081.9155 -1306164.9224 1933504.7432 -5928333.1219  231845.9895     169.9608       2.2228
400001404 300000351                                         -639129.1082 1869698.6039 -6056845.8882 -1306164.9224 1933504.7432 -5928333.1219 -669073.8784 2522238.0841 -5812081.9155  234046.8072     146.7600       0.5042
400001405 300000352                                         -2577802.4491 1330561.6814 -5672228.9398 -1973179.1775 1973179.1775 -5727370.1528 -1933504.7432 1306164.9224 -5928333.1219  238189.0310     177.9003       2.9763
400001406 300000352                                         -1330561.6814 2577802.4491 -5672228.9398 -1306164.9224 1933504.7432 -5928333.1219 -1973179.1775 1973179.1775 -5727370.1528  238189.0310     173.5386       2.9530
400001407 300000352                                         -1266279.9131 1266279.9131 -6114140.2800 -1933504.7432 1306164.9224 -5928333.1219 -1306164.9224 1933504.7432 -5928333.1219  237302.7613     135.6719       0.2252
400001408 300000352                                         -1973179.1775 1973179.1775 -5727370.1528 -1306164.9224 1933504.7432 -5928333.1219 -1933504.7432 1306164.9224 -5928333.1219  239617.8861     160.4268       1.1525
400001409 300000353                                         -6371000.0000       0.0000       0.0000 -6340321.8936  624467.2010       0.0000 -6340321.8936       0.0000 -624467.2010  195921.5441     261.0942      60.9196
400001410 300000353                                         -6248583.0214 1242920.4416       0.0000 -6308900.9250  627459.2093 -627459.2093 -6340321.8936  624467.2010       0.0000  196860.2699     254.0819      66.4420
400001411 300000353                                         -6248583.0214       0.0000 -1242920.4416 -6340321.8936       0.0000 -624467.2010 -6308900.9250  627459.2093 -627459.2093  196860.2699     250.5481      73.1157
400001412 300000353                                         -6340321.8936  624467.2010       0.0000 -6308900.9250  627459.2093 -627459.2093 -6340321.8936       0.0000 -624467.2010  197817.4310     252.7282      71.3862
400001413 300000354                                         -5886036.5016 2438076.1476       0.0000 -6056845.8882 1869698.6039 -639129.1082 -6096666.8789 1849403.6788       0.0000  200521.8161     235.4834      82.0942
400001414 300000354                                         -6114140.2800 1266279.9131 -1266279.9131 -6212473.2151 1260914.7366 -636326.6289 -6056845.8882 1869698.6039 -639129.1082  200560.6406     233.2777      85.3721
400001415 300000354                                         -6248583.0214 1242920.4416       0.0000 -6096666.8789 1849403.6788       0.0000 -6212473.2151 1260914.7366 -636326.6289  199642.5528     247.3106      69.4099
400001416 300000354                                         -6056845.8882 1869698.6039 -639129.1082 -6212473.2151 1260914.7366 -636326.6289 -6096666.8789 1849403.6788       0.0000  201535.9727     238.6771      78.9043
400001417 300000355                                         -5886036.5016       0.0000 -2438076.1476 -6096666.8789       0.0000 -1849403.6788 -6056845.8882  639129.1082 -1869698.6039  200521.8161     256.3265      71.7895
400001418 300000355                                         -6248583.0214       0.0000 -1242920.4416 -6212473.2151  636326.6289 -1260914.7366 -6096666.8789       0.0000 -1849403.6788  199642.5528     256.4711      72.0415
400001419 300000355                                         -6114140.2800 1266279.9131 -1266279.9131 -6056845.8882  639129.1082 -1869698.6039 -6212473.2151  636326.6289 -1260914.7366  200560.6406     252.2998      75.3969
400001420 300000355                                         -6096666.8789       0.0000 -1849403.6788 -6212473.2151  636326.6289 -1260914.7366 -6056845.8882  639129.1082 -1869698.6039  201535.9727     258.2080      70.9876
400001421 300000356                                         -6248583.0214 1242920.4416       0.0000 -6212473.2151 1260914.7366 -636326.6289 -6308900.9250  627459.2093 -627459.2093  204548.8197     247.7131      72.4805
400001422 300000356                                         -6114140.2800 1266279.9131 -1266279.9131 -6212473.2151  636326.6289 -1260914.7366 -6212473.2151 1260914.7366 -636326.6289  203612.8458     239.8214      80.5749
400001423 300000356                                         -6248583.0214       0.0000 -1242920.4416 -6308900.9250  627459.2093 -627459.2093 -6212473.2151  636326.6289 -1260914.7366  204548.8197     248.2825      75.6936
400001424 300000356                                         -6212473.2151 1260914.7366 -636326.6289 -6212473.2151  636326.6289 -1260914.7366 -6308900.9250  627459.2093 -627459.2093  205583.5447     242.7197      78.7017
400001425 300000357                                         -4504977.3029 4504977.3029       0.0000 -4805928.6788 4126944.5164 -678984.1624 -4924849.5984 4041719.6134       0.0000  213029.7505     218.1850     113.2990
400001426 300000357                                         -5024649.2825 3678298.5650 -1346350.7175 -5191537.9595 3630292.7893 -677162.3725 -4805928.6788 4126944.5164 -678984.1624  213259.5913     238.3795     115.8964
400001427 300000357                                         -5297292.9000 3539537.9546       0.0000 -4924849.5984 4041719.6134       0.0000 -5191537.9595 3630292.7893 -677162.3725  212458.1628     223.8028     103.4121
400001428 300000357                                         -4805928.6788 4126944.5164 -678984.1624 -5191537.9595 3630292.7893 -677162.3725 -4924849.5984 4041719.6134       0.0000  214297.3599     220.4970     115.3417
400001429 300000358                                         -5201899.7171 2600949.8585 -2600949.8585 -5468063.2517 2604139.2443 -1976963.3461 -5157396.7439 3166715.9053 -1990680.8386  213953.8407     269.5503      64.2972
400001430 300000358                                         -5672228.9398 2577802.4491 -1330561.6814 -5375502.5311 3143878.6287 -1345228.8674 -5468063.2517 2604139.2443 -1976963.3461  213196.7862     258.5792      76.9642
400001431 300000358                                         -5024649.2825 3678298.5650 -1346350.7175 -5157396.7439 3166715.9053 -1990680.8386 -5375502.5311 3143878.6287 -1345228.8674  213817.3983     271.3344      71.6065
400001432 300000358                                         -5468063.2517 2604139.2443 -1976963.3461 -5375502.5311 3143878.6287 -1345228.8674 -5157396.7439 3166715.9053 -1990680.8386  215042.4187     270.0296      69.0565
400001433 300000359                                         -5886036.5016 2438076.1476       0.0000 -5618720.3752 3003268.6103       0.0000 -5812081.9155 2522238.0841 -669073.8784  209920.2574     227.7793      91.7071
400001434 300000359                                         -5297292.9000 3539537.9546       0.0000 -5533298.6915 3085738.1156 -671168.2896 -5618720.3752 3003268.6103       0.0000  210577.3796     224.0314      94.6498
400001435 300000359                                         -5672228.9398 2577802.4491 -1330561.6814 -5812081.9155 2522238.0841 -669073.8784 -5533298.6915 3085738.1156 -671168.2896  210758.2000     220.4919      99.7464
400001436 300000359                                         -5618720.3752 3003268.6103       0.0000 -5533298.6915 3085738.1156 -671168.2896 -5812081.9155 2522238.0841 -669073.8784  211783.6604     222.0722      97.0548
400001437 300000360                                         -5024649.2825 3678298.5650 -1346350.7175 -5375502.5311 3143878.6287 -1345228.8674 -5191537.9595 3630292.7893 -677162.3725  217445.2803     252.1693      87.1439
400001438 300000360                                         -5672228.9398 2577802.4491 -1330561.6814 -5533298.6915 3085738.1156 -671168.2896 -5375502.5311 3143878.6287 -1345228.8674  218077.9738     233.1211      95.6848
400001439 300000360                                         -5297292.9000 3539537.9546       0.0000 -5191537.9595 3630292.7893 -677162.3725 -5533298.6915 3085738.1156 -671168.2896  218265.1507     223.9201     100.0099
400001440 300000360                                         -5375502.5311 3143878.6287 -1345228.8674 -5533298.6915 3085738.1156 -671168.2896 -5191537.9595 3630292.7893 -677162.3725  219375.9096     225.2292     112.0807
400001441 300000361                                         -4504977.3029       0.0000 -4504977.3029 -4924849.5984       0.0000 -4041719.6134 -4805928.6788  678984.1624 -4126944.5164  213029.7505     226.0133      50.3323
400001442 300000361                                         -5297292.9000       0.0000 -3539537.9546 -5191537.9595  677162.3725 -3630292.7893 -4924849.5984       0.0000 -4041719.6134  212458.1628     235.0491      56.3015
400001443 300000361                                         -5024649.2825 1346350.7175 -3678298.5650 -4805928.6788  678984.1624 -4126944.5164 -5191537.9595  677162.3725 -3630292.7893  213259.5913     234.4969      55.2615
400001444 300000361                                         -4924849.5984       0.0000 -4041719.6134 -5191537.9595  677162.3725 -3630292.7893 -4805928.6788  678984.1624 -4126944.5164  214297.3599     229.9064      55.5917
400001445 300000362                                         -5886036.5016       0.0000 -2438076.1476 -5812081.9155  669073.8784 -2522238.0841 -5618720.3752       0.0000 -3003268.6103  209920.2574     245.6711      69.0989
400001446 300000362                                         -5672228.9398 1330561.6814 -2577802.4491 -5533298.6915  671168.2896 -3085738.1156 -5812081.9155  669073.8784 -2522238.0841  210758.2000     247.3740      66.9307
400001447 300000362                                         -5297292.9000       0.0000 -3539537.9546 -5618720.3752       0.0000 -3003268.6103 -5533298.6915  671168.2896 -3085738.1156  210577.3796     238.9232      63.4563
400001448 300000362                                         -5812081.9155  669073.8784 -2522238.0841 -5533298.6915  671168.2896 -3085738.1156 -5618720.3752       0.0000 -3003268.6103  211783.6604     243.2966      66.2743
400001449 300000363                                         -5201899.7171 2600949.8585 -2600949.8585 -5157396.7439 1990680.8386 -3166715.9053 -5468063.2517 1976963.3461 -2604139.2443  213953.8407     252.4335      64.7670
400001450 300000363                                         -5024649.2825 1346350.7175 -3678298.5650 -5375502.5311 1345228.8674 -3143878.6287 -5157396.7439 1990680.8386 -3166715.9053  213817.3983     240.9044      59.9214
400001451 300000363                                         -5672228.9398 1330561.6814 -2577802.4491 -5468063.2517 1976963.3461 -2604139.2443 -5375502.5311 1345228.8674 -3143878.6287  213196.7862     249.5904      65.1317
400001452 300000363                                         -5157396.7439 1990680.8386 -3166715.9053 -5375502.5311 1345228.8674 -3143878.6287 -5468063.2517 1976963.3461 -2604139.2443  215042.4187     246.1274      63.6651
400001453 300000364                                         -5297292.9000       0.0000 -3539537.9546 -5533298.6915  671168.2896 -3085738.1156 -5191537.9595  677162.3725 -3630292.7893  218265.1507     238.3052      60.4811
400001454 300000364                                         -5672228.9398 1330561.6814 -2577802.4491 -5375502.5311 1345228.8674 -3143878.6287 -5533298.6915  671168.2896 -3085738.1156  218077.9738     245.4540      64.1635
400001455 300000364                                         -5024649.2825 1346350.7175 -3678298.5650 -5191537.9595  677162.3725 -3630292.7893 -5375502.5311 1345228.8674 -3143878.6287  217445.2803     238.9524      56.7848
400001456 300000364                                         -5533298.6915  671168.2896 -3085738.1156 -5375502.5311 1345228.8674 -3143878.6287 -5191537.9595  677162.3725 -3630292.7893  219375.9096     240.4631      60.8325
400001457 300000365                                         -5886036.5016 2438076.1476       0.0000 -5812081.9155 2522238.0841 -669073.8784 -6056845.8882 1869698.6039 -639129.1082  232651.5371     228.4596      90.4777
400001458 300000365                                         -5672228.9398 2577802.4491 -1330561.6814 -5928333.1219 1933504.7432 -1306164.9224 -5812081.9155 2522238.0841 -669073.8784  231845.9895     230.2747      92.3114
400001459 300000365                                         -6114140.2800 1266279.9131 -1266279.9131 -6056845.8882 1869698.6039 -639129.1082 -5928333.1219 1933504.7432 -1306164.9224  232712.3450     233.6844      87.4690
400001460 300000365                                         -5812081.9155 2522238.0841 -669073.8784 -5928333.1219 1933504.7432 -1306164.9224 -6056845.8882 1869698.6039 -639129.1082  234046.8072     226.4265      95.1695
400001461 300000366                                         -5201899.7171 2600949.8585 -2600949.8585 -5468063.2517 1976963.3461 -2604139.2443 -5468063.2517 2604139.2443 -1976963.3461  228300.1373     262.1723      65.7330
400001462 300000366                                         -5672228.9398 1330561.6814 -2577802.4491 -5727370.1528 1973179.1775 -1973179.1775 -5468063.2517 1976963.3461 -2604139.2443  229212.6770     258.2473      67.7631
400001463 300000366                                         -5672228.9398 2577802.4491 -1330561.6814 -5468063.2517 2604139.2443 -1976963.3461 -5727370.1528 1973179.1775 -1973179.1775  229212.6770     259.5702      77.2314
400001464 300000366                                         -5468063.2517 1976963.3461 -2604139.2443 -5727370.1528 1973179.1775 -1973179.1775 -5468063.2517 2604139.2443 -1976963.3461  230526.8451     262.7504      70.0052
400001465 300000367                                         -5886036.5016       0.0000 -2438076.1476 -6056845.8882  639129.1082 -1869698.6039 -5812081.9155  669073.8784 -2522238.0841  232651.5371     252.1607      72.4971
400001466 300000367                                         -6114140.2800 1266279.9131 -1266279.9131 -5928333.1219 1306164.9224 -1933504.7432 -6056845.8882  639129.1082 -1869698.6039  232712.3450     254.0737      76.3931
400001467 300000367                                         -5672228.9398 1330561.6814 -2577802.4491 -5812081.9155  669073.8784 -2522238.0841 -5928333.1219 1306164.9224 -1933504.7432  231845.9895     254.1869      70.6503
400001468 300000367                                         -6056845.8882  639129.1082 -1869698.6039 -5928333.1219 1306164.9224 -1933504.7432 -5812081.9155  669073.8784 -2522238.0841  234046.8072     254.7247      73.3836
400001469 300000368                                         -5672228.9398 2577802.4491 -1330561.6814 -5727370.1528 1973179.1775 -1973179.1775 -5928333.1219 1933504.7432 -1306164.9224  238189.0310     248.9129      84.3244
400001470 300000368                                         -5672228.9398 1330561.6814 -2577802.4491 -5928333.1219 1306164.9224 -1933504.7432 -5727370.1528 1973179.1775 -1973179.1775  238189.0310     258.4154      71.8118
400001471 300000368                                         -6114140.2800 1266279.9131 -1266279.9131 -5928333.1219 1933504.7432 -1306164.9224 -5928333.1219 1306164.9224 -1933504.7432  237302.7613     248.8160      79.5493
400001472 300000368                                         -5727370.1528 1973179.1775 -1973179.1775 -5928333.1219 1306164.9224 -1933504.7432 -5928333.1219 1933504.7432 -1306164.9224  239617.8861     253.9489      79.0105
400001473 300000369                                               0.0000 4504977.3029 -4504977.3029 -678984.1624 4126944.5164 -4805928.6788 -678984.1624 4805928.6788 -4126944.5164  328324.9483     212.1292      49.4955
400001474 300000369                                         -1346350.7175 3678298.5650 -5024649.2825 -1361638.6226 4400885.2099 -4400885.2099 -678984.1624 4126944.5164 -4805928.6788  329212.3599     207.0050      41.8033
400001475 300000369                                         -1346350.7175 5024649.2825 -3678298.5650 -678984.1624 4805928.6788 -4126944.5164 -1361638.6226 4400885.2099 -4400885.2099  329212.3599     227.2493      56.5295
400001476 300000369                                         -678984.1624 4126944.5164 -4805928.6788 -1361638.6226 4400885.2099 -4400885.2099 -678984.1624 4805928.6788 -4126944.5164  332074.9378     213.9794      50.1907
400001477 300000370                                         -2600949.8585 2600949.8585 -5201899.7171 -2687534.5848 3374031.3064 -4688572.4479 -1990680.8386 3166715.9053 -5157396.7439  331958.1435     204.3766      34.2150
400001478 300000370                                         -2716603.5278 4074905.2917 -4074905.2917 -2050103.9020 3912146.8074 -4591494.5659 -2687534.5848 3374031.3064 -4688572.4479  332135.9111     219.0285      48.3371
400001479 300000370                                         -1346350.7175 3678298.5650 -5024649.2825 -1990680.8386 3166715.9053 -5157396.7439 -2050103.9020 3912146.8074 -4591494.5659  331417.2039     203.3917      37.3041
400001480 300000370                                         -2687534.5848 3374031.3064 -4688572.4479 -2050103.9020 3912146.8074 -4591494.5659 -1990680.8386 3166715.9053 -5157396.7439  335024.3025     208.7292      40.7312
400001481 300000371                                         -2600949.8585 5201899.7171 -2600949.8585 -1990680.8386 5157396.7439 -3166715.9053 -2687534.5848 4688572.4479 -3374031.3064  331958.1435     260.6086      58.2833
400001482 300000371                                         -1346350.7175 5024649.2825 -3678298.5650 -2050103.9020 4591494.5659 -3912146.8074 -1990680.8386 5157396.7439 -3166715.9053  331417.2039     247.4941      56.3090
400001483 300000371                                         -2716603.5278 4074905.2917 -4074905.2917 -2687534.5848 4688572.4479 -3374031.3064 -2050103.9020 4591494.5659 -3912146.8074  332135.9111     239.1885      53.1589
400001484 300000371                                         -1990680.8386 5157396.7439 -3166715.9053 -2050103.9020 4591494.5659 -3912146.8074 -2687534.5848 4688572.4479 -3374031.3064  335024.3025     249.8661      56.7004
400001485 300000372                                         -1346350.7175 3678298.5650 -5024649.2825 -2050103.9020 3912146.8074 -4591494.5659 -1361638.6226 4400885.2099 -4400885.2099  344128.0612     208.8874      45.0659
400001486 300000372                                         -2716603.5278 4074905.2917 -4074905.2917 -2050103.9020 4591494.5659 -3912146.8074 -2050103.9020 3912146.8074 -4591494.5659  343384.2298     225.6030      51.0107
400001487 300000372                                         -1346350.7175 5024649.2825 -3678298.5650 -1361638.6226 4400885.2099 -4400885.2099 -2050103.9020 4591494.5659 -3912146.8074  344128.0612     229.9081      55.1491
400001488 300000372                                         -2050103.9020 3912146.8074 -4591494.5659 -2050103.9020 4591494.5659 -3912146.8074 -1361638.6226 4400885.2099 -4400885.2099  347308.3434     219.8993      51.2576
400001489 300000373                                         -4504977.3029       0.0000 -4504977.3029 -4805928.6788  678984.1624 -4126944.5164 -4126944.5164  678984.1624 -4805928.6788  328324.9483     220.6508      44.3237
400001490 300000373                                         -5024649.2825 1346350.7175 -3678298.5650 -4400885.2099 1361638.6226 -4400885.2099 -4805928.6788  678984.1624 -4126944.5164  329212.3599     230.7612      53.3206
400001491 300000373                                         -3678298.5650 1346350.7175 -5024649.2825 -4126944.5164  678984.1624 -4805928.6788 -4400885.2099 1361638.6226 -4400885.2099  329212.3599     220.6688      39.6957
400001492 300000373                                         -4805928.6788  678984.1624 -4126944.5164 -4400885.2099 1361638.6226 -4400885.2099 -4126944.5164  678984.1624 -4805928.6788  332074.9378     223.0925      44.6567
400001493 300000374                                         -5201899.7171 2600949.8585 -2600949.8585 -4688572.4479 2687534.5848 -3374031.3064 -5157396.7439 1990680.8386 -3166715.9053  331958.1435     248.4088      64.4809
400001494 300000374                                         -4074905.2917 2716603.5278 -4074905.2917 -4591494.5659 2050103.9020 -3912146.8074 -4688572.4479 2687534.5848 -3374031.3064  332135.9111     233.7133      58.1777
400001495 300000374                                         -5024649.2825 1346350.7175 -3678298.5650 -5157396.7439 1990680.8386 -3166715.9053 -4591494.5659 2050103.9020 -3912146.8074  331417.2039     237.2994      57.6791
400001496 300000374                                         -4688572.4479 2687534.5848 -3374031.3064 -4591494.5659 2050103.9020 -3912146.8074 -5157396.7439 1990680.8386 -3166715.9053  335024.3025     239.2771      59.8508
400001497 300000375                                         -2600949.8585 2600949.8585 -5201899.7171 -3166715.9053 1990680.8386 -5157396.7439 -3374031.3064 2687534.5848 -4688572.4479  331958.1435     208.2915      33.4279
400001498 300000375                                         -3678298.5650 1346350.7175 -5024649.2825 -3912146.8074 2050103.9020 -4591494.5659 -3166715.9053 1990680.8386 -5157396.7439  331417.2039     214.8015      35.6867
400001499 300000375                                         -4074905.2917 2716603.5278 -4074905.2917 -3374031.3064 2687534.5848 -4688572.4479 -3912146.8074 2050103.9020 -4591494.5659  332135.9111     225.4490      44.9668
400001500 300000375                                         -3166715.9053 1990680.8386 -5157396.7439 -3912146.8074 2050103.9020 -4591494.5659 -3374031.3064 2687534.5848 -4688572.4479  335024.3025     217.1285      38.5246
400001501 300000376                                         -5024649.2825 1346350.7175 -3678298.5650 -4591494.5659 2050103.9020 -3912146.8074 -4400885.2099 1361638.6226 -4400885.2099  344128.0612     231.5882      53.7864
400001502 300000376                                         -4074905.2917 2716603.5278 -4074905.2917 -3912146.8074 2050103.9020 -4591494.5659 -4591494.5659 2050103.9020 -3912146.8074  343384.2298     230.4743      48.6469
400001503 300000376                                         -3678298.5650 1346350.7175 -5024649.2825 -4400885.2099 1361638.6226 -4400885.2099 -3912146.8074 2050103.9020 -4591494.5659  344128.0612     223.3704      41.1182
400001504 300000376                                         -4591494.5659 2050103.9020 -3912146.8074 -3912146.8074 2050103.9020 -4591494.5659 -4400885.2099 1361638.6226 -4400885.2099  347308.3434     229.0774      48.2447
400001505 300000377                                         -4504977.3029 4504977.3029       0.0000 -4126944.5164 4805928.6788 -678984.1624 -4805928.6788 4126944.5164 -678984.1624  328324.9483     221.3832     114.6077
400001506 300000377                                         -3678298.5650 5024649.2825 -1346350.7175 -4400885.2099 4400885.2099 -1361638.6226 -4126944.5164 4805928.6788 -678984.1624  329212.3599     274.7019      60.2031
400001507 300000377                                         -5024649.2825 3678298.5650 -1346350.7175 -4805928.6788 4126944.5164 -678984.1624 -4400885.2099 4400885.2099 -1361638.6226  329212.3599     264.2424      78.8573
400001508 300000377                                         -4126944.5164 4805928.6788 -678984.1624 -4400885.2099 4400885.2099 -1361638.6226 -4805928.6788 4126944.5164 -678984.1624  332074.9378     251.3870      90.3809
400001509 300000378                                         -2600949.8585 5201899.7171 -2600949.8585 -3374031.3064 4688572.4479 -2687534.5848 -3166715.9053 5157396.7439 -1990680.8386  331958.1435     272.0635      62.5670
400001510 300000378                                         -4074905.2917 4074905.2917 -2716603.5278 -3912146.8074 4591494.5659 -2050103.9020 -3374031.3064 4688572.4479 -2687534.5848  332135.9111     266.6562      63.7847
400001511 300000378                                         -3678298.5650 5024649.2825 -1346350.7175 -3166715.9053 5157396.7439 -1990680.8386 -3912146.8074 4591494.5659 -2050103.9020  331417.2039     287.4969      55.8351
400001512 300000378                                         -3374031.3064 4688572.4479 -2687534.5848 -3912146.8074 4591494.5659 -2050103.9020 -3166715.9053 5157396.7439 -1990680.8386  335024.3025     276.0948      65.1294
400001513 300000379                                         -5201899.7171 2600949.8585 -2600949.8585 -5157396.7439 3166715.9053 -1990680.8386 -4688572.4479 3374031.3064 -2687534.5848  331958.1435     264.4700      67.4363
400001514 300000379                                         -5024649.2825 3678298.5650 -1346350.7175 -4591494.5659 3912146.8074 -2050103.9020 -5157396.7439 3166715.9053 -1990680.8386  331417.2039     279.3000      69.9601
400001515 300000379                                         -4074905.2917 4074905.2917 -2716603.5278 -4688572.4479 3374031.3064 -2687534.5848 -4591494.5659 3912146.8074 -2050103.9020  332135.9111     269.0585      67.2814
400001516 300000379                                         -5157396.7439 3166715.9053 -1990680.8386 -4591494.5659 3912146.8074 -2050103.9020 -4688572.4479 3374031.3064 -2687534.5848  335024.3025     273.1794      67.6384
400001517 300000380                                         -3678298.5650 5024649.2825 -1346350.7175 -3912146.8074 4591494.5659 -2050103.9020 -4400885.2099 4400885.2099 -1361638.6226  344128.0612     287.6940      55.2204
400001518 300000380                                         -4074905.2917 4074905.2917 -2716603.5278 -4591494.5659 3912146.8074 -2050103.9020 -3912146.8074 4591494.5659 -2050103.9020  343384.2298     274.8222      62.8615
400001519 300000380                                         -5024649.2825 3678298.5650 -1346350.7175 -4400885.2099 4400885.2099 -1361638.6226 -4591494.5659 3912146.8074 -2050103.9020  344128.0612     282.6658      54.6825
400001520 300000380                                         -3912146.8074 4591494.5659 -2050103.9020 -4591494.5659 3912146.8074 -2050103.9020 -4400885.2099 4400885.2099 -1361638.6226  347308.3434     285.6265      59.3978
400001521 300000381                                         -2600949.8585 2600949.8585 -5201899.7171 -3374031.3064 2687534.5848 -4688572.4479 -2687534.5848 3374031.3064 -4688572.4479  387995.8446     210.9595      39.2064
400001522 300000381                                         -4074905.2917 2716603.5278 -4074905.2917 -3435012.9904 3435012.9904 -4122015.5885 -3374031.3064 2687534.5848 -4688572.4479  388281.7658     227.8879      49.0865
400001523 300000381                                         -2716603.5278 4074905.2917 -4074905.2917 -2687534.5848 3374031.3064 -4688572.4479 -3435012.9904 3435012.9904 -4122015.5885  388281.7658     225.3136      50.1103
400001524 300000381                                         -3374031.3064 2687534.5848 -4688572.4479 -3435012.9904 3435012.9904 -4122015.5885 -2687534.5848 3374031.3064 -4688572.4479  392517.4362     221.5632      47.2582
400001525 300000382                                         -5201899.7171 2600949.8585 -2600949.8585 -4688572.4479 3374031.3064 -2687534.5848 -4688572.4479 2687534.5848 -3374031.3064  387995.8446     251.4295      65.8570
400001526 300000382                                         -4074905.2917 4074905.2917 -2716603.5278 -4122015.5885 3435012.9904 -3435012.9904 -4688572.4479 3374031.3064 -2687534.5848  388281.7658     256.4401      69.4411
400001527 300000382                                         -4074905.2917 2716603.5278 -4074905.2917 -4688572.4479 2687534.5848 -3374031.3064 -4122015.5885 3435012.9904 -3435012.9904  388281.7658     236.8787      61.7545
400001528 300000382                                         -4688572.4479 3374031.3064 -2687534.5848 -4122015.5885 3435012.9904 -3435012.9904 -4688572.4479 2687534.5848 -3374031.3064  392517.4362     249.6980      63.1323
400001529 300000383                                         -2600949.8585 5201899.7171 -2600949.8585 -2687534.5848 4688572.4479 -3374031.3064 -3374031.3064 4688572.4479 -2687534.5848  387995.8446     258.8643      59.6924
400001530 300000383                                         -2716603.5278 4074905.2917 -4074905.2917 -3435012.9904 4122015.5885 -3435012.9904 -2687534.5848 4688572.4479 -3374031.3064  388281.7658     243.6056      52.7782
400001531 300000383                                         -4074905.2917 4074905.2917 -2716603.5278 -3374031.3064 4688572.4479 -2687534.5848 -3435012.9904 4122015.5885 -3435012.9904  388281.7658     255.4090      60.2402
400001532 300000383                                         -2687534.5848 4688572.4479 -3374031.3064 -3435012.9904 4122015.5885 -3435012.9904 -3374031.3064 4688572.4479 -2687534.5848  392517.4362     251.5886      58.9610
400001533 300000384                                         -4074905.2917 2716603.5278 -4074905.2917 -4122015.5885 3435012.9904 -3435012.9904 -3435012.9904 3435012.9904 -4122015.5885  405996.4825     234.9908      56.4056
400001534 300000384                                         -4074905.2917 4074905.2917 -2716603.5278 -3435012.9904 4122015.5885 -3435012.9904 -4122015.5885 3435012.9904 -3435012.9904  405996.4825     251.8282      60.5391
400001535 300000384                                         -2716603.5278 4074905.2917 -4074905.2917 -3435012.9904 3435012.9904 -4122015.5885 -3435012.9904 4122015.5885 -3435012.9904  405996.4825     236.8431      53.4128
400001536 300000384                                         -4122015.5885 3435012.9904 -3435012.9904 -3435012.9904 4122015.5885 -3435012.9904 -3435012.9904 3435012.9904 -4122015.5885  410731.3740     241.6664      54.9832
400001537 300000385                                         -6371000.0000       0.0000       0.0000 -6340321.8936       0.0000 -624467.2010 -6340321.8936 -624467.2010       0.0000  195921.5441     265.5958      58.9135
400001538 300000385                                         -6248583.0214       0.0000 -1242920.4416 -6308900.9250 -627459.2093 -627459.2093 -6340321.8936       0.0000 -624467.2010  196860.2699     257.6891      67.8794
400001539 300000385                                         -6248583.0214 -1242920.4416       0.0000 -6340321.8936 -624467.2010       0.0000 -6308900.9250 -627459.2093 -627459.2093  196860.2699     272.0935      56.3054
400001540 300000385                                         -6340321.8936       0.0000 -624467.2010 -6308900.9250 -627459.2093 -627459.2093 -6340321.8936 -624467.2010       0.0000  197817.4310     264.4820      61.2958
400001541 300000386                                         -5886036.5016       0.0000 -2438076.1476 -6056845.8882 -639129.1082 -1869698.6039 -6096666.8789       0.0000 -1849403.6788  200521.8161     256.5130      70.8071
400001542 300000386                                         -6114140.2800 -1266279.9131 -1266279.9131 -6212473.2151 -636326.6289 -1260914.7366 -6056845.8882 -639129.1082 -1869698.6039  200560.6406     266.8255      65.0394
400001543 300000386                                         -6248583.0214       0.0000 -1242920.4416 -6096666.8789       0.0000 -1849403.6788 -6212473.2151 -636326.6289 -1260914.7366  199642.5528     261.4248      66.9210
400001544 300000386                                         -6056845.8882 -639129.1082 -1869698.6039 -6212473.2151 -636326.6289 -1260914.7366 -6096666.8789       0.0000 -1849403.6788  201535.9727     263.5780      67.3466
400001545 300000387                                         -5886036.5016 -2438076.1476       0.0000 -6096666.8789 -1849403.6788       0.0000 -6056845.8882 -1869698.6039 -639129.1082  200521.8161     278.1851      56.5717
400001546 300000387                                         -6248583.0214 -1242920.4416       0.0000 -6212473.2151 -1260914.7366 -636326.6289 -6096666.8789 -1849403.6788       0.0000  199642.5528     275.8399      56.3532
400001547 300000387                                         -6114140.2800 -1266279.9131 -1266279.9131 -6056845.8882 -1869698.6039 -639129.1082 -6212473.2151 -1260914.7366 -636326.6289  200560.6406     268.3689      65.9006
400001548 300000387                                         -6096666.8789 -1849403.6788       0.0000 -6212473.2151 -1260914.7366 -636326.6289 -6056845.8882 -1869698.6039 -639129.1082  201535.9727     275.4506      59.6268
400001549 300000388                                         -6248583.0214       0.0000 -1242920.4416 -6212473.2151 -636326.6289 -1260914.7366 -6308900.9250 -627459.2093 -627459.2093  204548.8197     259.4876      66.8318
400001550 300000388                                         -6114140.2800 -1266279.9131 -1266279.9131 -6212473.2151 -1260914.7366 -636326.6289 -6212473.2151 -636326.6289 -1260914.7366  203612.8458     265.0715      66.5130
400001551 300000388                                         -6248583.0214 -1242920.4416       0.0000 -6308900.9250 -627459.2093 -627459.2093 -6212473.2151 -1260914.7366 -636326.6289  204548.8197     270.1987      60.7063
400001552 300000388                                         -6212473.2151 -636326.6289 -1260914.7366 -6212473.2151 -1260914.7366 -636326.6289 -6308900.9250 -627459.2093 -627459.2093  205583.5447     263.8078      65.6265
400001553 300000389                                         -4504977.3029       0.0000 -4504977.3029 -4805928.6788 -678984.1624 -4126944.5164 -4924849.5984       0.0000 -4041719.6134  213029.7505     226.5990      51.6249
400001554 300000389                                         -5024649.2825 -1346350.7175 -3678298.5650 -5191537.9595 -677162.3725 -3630292.7893 -4805928.6788 -678984.1624 -4126944.5164  213259.5913     230.5571      56.7370
400001555 300000389                                         -5297292.9000       0.0000 -3539537.9546 -4924849.5984       0.0000 -4041719.6134 -5191537.9595 -677162.3725 -3630292.7893  212458.1628     232.6013      57.3316
400001556 300000389                                         -4805928.6788 -678984.1624 -4126944.5164 -5191537.9595 -677162.3725 -3630292.7893 -4924849.5984       0.0000 -4041719.6134  214297.3599     230.5440      54.7493
400001557 300000390                                         -5201899.7171 -2600949.8585 -2600949.8585 -5468063.2517 -1976963.3461 -2604139.2443 -5157396.7439 -1990680.8386 -3166715.9053  213953.8407     236.9163      71.6877
400001558 300000390                                         -5672228.9398 -1330561.6814 -2577802.4491 -5375502.5311 -1345228.8674 -3143878.6287 -5468063.2517 -1976963.3461 -2604139.2443  213196.7862     238.9280      71.2845
400001559 300000390                                         -5024649.2825 -1346350.7175 -3678298.5650 -5157396.7439 -1990680.8386 -3166715.9053 -5375502.5311 -1345228.8674 -3143878.6287  213817.3983     233.4215      65.3261
400001560 300000390                                         -5468063.2517 -1976963.3461 -2604139.2443 -5375502.5311 -1345228.8674 -3143878.6287 -5157396.7439 -1990680.8386 -3166715.9053  215042.4187     235.2796      70.2525
400001561 300000391                                         -5886036.5016       0.0000 -2438076.1476 -5618720.3752       0.0000 -3003268.6103 -5812081.9155 -669073.8784 -2522238.0841  209920.2574     243.3594      70.2912
400001562 300000391                                         -5297292.9000       0.0000 -3539537.9546 -5533298.6915 -671168.2896 -3085738.1156 -5618720.3752       0.0000 -3003268.6103  210577.3796     238.2434      63.2504
400001563 300000391                                         -5672228.9398 -1330561.6814 -2577802.4491 -5812081.9155 -669073.8784 -2522238.0841 -5533298.6915 -671168.2896 -3085738.1156  210758.2000     239.6888      71.0709
400001564 300000391                                         -5618720.3752       0.0000 -3003268.6103 -5533298.6915 -671168.2896 -3085738.1156 -5812081.9155 -669073.8784 -2522238.0841  211783.6604     239.5259      68.3094
400001565 300000392                                         -5024649.2825 -1346350.7175 -3678298.5650 -5375502.5311 -1345228.8674 -3143878.6287 -5191537.9595 -677162.3725 -3630292.7893  217445.2803     233.4663      62.0691
400001566 300000392                                         -5672228.9398 -1330561.6814 -2577802.4491 -5533298.6915 -671168.2896 -3085738.1156 -5375502.5311 -1345228.8674 -3143878.6287  218077.9738     237.5306      68.7044
400001567 300000392                                         -5297292.9000       0.0000 -3539537.9546 -5191537.9595 -677162.3725 -3630292.7893 -5533298.6915 -671168.2896 -3085738.1156  218265.1507     235.8540      61.4761
400001568 300000392                                         -5375502.5311 -1345228.8674 -3143878.6287 -5533298.6915 -671168.2896 -3085738.1156 -5191537.9595 -677162.3725 -3630292.7893  219375.9096     236.3936      63.6099
400001569 300000393                                         -4504977.3029 -4504977.3029       0.0000 -4924849.5984 -4041719.6134       0.0000 -4805928.6788 -4126944.5164 -678984.1624  213029.7505     289.6560      49.6595
400001570 300000393                                         -5297292.9000 -3539537.9546       0.0000 -5191537.9595 -3630292.7893 -677162.3725 -4924849.5984 -4041719.6134       0.0000  212458.1628     287.6101      50.9833
400001571 300000393                                         -5024649.2825 -3678298.5650 -1346350.7175 -4805928.6788 -4126944.5164 -678984.1624 -5191537.9595 -3630292.7893 -677162.3725  213259.5913     293.0011      48.9949
400001572 300000393                                         -4924849.5984 -4041719.6134       0.0000 -5191537.9595 -3630292.7893 -677162.3725 -4805928.6788 -4126944.5164 -678984.1624  214297.3599     289.7434      51.7003
400001573 300000394                                         -5886036.5016 -2438076.1476       0.0000 -5812081.9155 -2522238.0841 -669073.8784 -5618720.3752 -3003268.6103       0.0000  209920.2574     281.5452      55.9520
400001574 300000394                                         -5672228.9398 -2577802.4491 -1330561.6814 -5533298.6915 -3085738.1156 -671168.2896 -5812081.9155 -2522238.0841 -669073.8784  210758.2000     282.2737      57.2070
400001575 300000394                                         -5297292.9000 -3539537.9546       0.0000 -5618720.3752 -3003268.6103       0.0000 -5533298.6915 -3085738.1156 -671168.2896  210577.3796     284.9971      53.7030
400001576 300000394                                         -5812081.9155 -2522238.0841 -669073.8784 -5533298.6915 -3085738.1156 -671168.2896 -5618720.3752 -3003268.6103       0.0000  211783.6604     283.1871      56.7670
400001577 300000395                                         -5201899.7171 -2600949.8585 -2600949.8585 -5157396.7439 -3166715.9053 -1990680.8386 -5468063.2517 -2604139.2443 -1976963.3461  213953.8407     265.3388      60.7684
400001578 300000395                                         -5024649.2825 -3678298.5650 -1346350.7175 -5375502.5311 -3143878.6287 -1345228.8674 -5157396.7439 -3166715.9053 -1990680.8386  213817.3983     283.0459      54.5413
400001579 300000395                                         -5672228.9398 -2577802.4491 -1330561.6814 -5468063.2517 -2604139.2443 -1976963.3461 -5375502.5311 -3143878.6287 -1345228.8674  213196.7862     281.5112      56.2091
400001580 300000395                                         -5157396.7439 -3166715.9053 -1990680.8386 -5375502.5311 -3143878.6287 -1345228.8674 -5468063.2517 -2604139.2443 -1976963.3461  215042.4187     280.0009      54.6810
400001581 300000396                                         -5297292.9000 -3539537.9546       0.0000 -5533298.6915 -3085738.1156 -671168.2896 -5191537.9595 -3630292.7893 -677162.3725  218265.1507     287.1170      52.9576
400001582 300000396                                         -5672228.9398 -2577802.4491 -1330561.6814 -5375502.5311 -3143878.6287 -1345228.8674 -5533298.6915 -3085738.1156 -671168.2896  218077.9738     283.7654      55.2011
400001583 300000396                                         -5024649.2825 -3678298.5650 -1346350.7175 -5191537.9595 -3630292.7893 -677162.3725 -5375502.5311 -3143878.6287 -1345228.8674  217445.2803     289.2980      50.8088
400001584 300000396                                         -5533298.6915 -3085738.1156 -671168.2896 -5375502.5311 -3143878.6287 -1345228.8674 -5191537.9595 -3630292.7893 -677162.3725  219375.9096     287.4132      52.1094
400001585 300000397                                         -5886036.5016       0.0000 -2438076.1476 -5812081.9155 -669073.8784 -2522238.0841 -6056845.8882 -639129.1082 -1869698.6039  232651.5371     251.5633      71.4431
400001586 300000397                                         -5672228.9398 -1330561.6814 -2577802.4491 -5928333.1219 -1306164.9224 -1933504.7432 -5812081.9155 -669073.8784 -2522238.0841  231845.9895     250.3484      72.1310
400001587 300000397                                         -6114140.2800 -1266279.9131 -1266279.9131 -6056845.8882 -639129.1082 -1869698.6039 -5928333.1219 -1306164.9224 -1933504.7432  232712.3450     268.0122      65.2982
400001588 300000397                                         -5812081.9155 -669073.8784 -2522238.0841 -5928333.1219 -1306164.9224 -1933504.7432 -6056845.8882 -639129.1082 -1869698.6039  234046.8072     258.5273      69.2967
400001589 300000398                                         -5201899.7171 -2600949.8585 -2600949.8585 -5468063.2517 -2604139.2443 -1976963.3461 -5468063.2517 -1976963.3461 -2604139.2443  228300.1373     252.9871      67.0885
400001590 300000398                                         -5672228.9398 -2577802.4491 -1330561.6814 -5727370.1528 -1973179.1775 -1973179.1775 -5468063.2517 -2604139.2443 -1976963.3461  229212.6770     277.3140      59.8114
400001591 300000398                                         -5672228.9398 -1330561.6814 -2577802.4491 -5468063.2517 -1976963.3461 -2604139.2443 -5727370.1528 -1973179.1775 -1973179.1775  229212.6770     250.6962      71.7767
400001592 300000398                                         -5468063.2517 -2604139.2443 -1976963.3461 -5727370.1528 -1973179.1775 -1973179.1775 -5468063.2517 -1976963.3461 -2604139.2443  230526.8451     262.7233      64.5034
400001593 300000399                                         -5886036.5016 -2438076.1476       0.0000 -6056845.8882 -1869698.6039 -639129.1082 -5812081.9155 -2522238.0841 -669073.8784  232651.5371     278.3451      58.8337
400001594 300000399                                         -6114140.2800 -1266279.9131 -1266279.9131 -5928333.1219 -1933504.7432 -1306164.9224 -6056845.8882 -1869698.6039 -639129.1082  232712.3450     270.9839      65.4250
400001595 300000399                                         -5672228.9398 -2577802.4491 -1330561.6814 -5812081.9155 -2522238.0841 -669073.8784 -5928333.1219 -1933504.7432 -1306164.9224  231845.9895     279.2783      59.9934
400001596 300000399                                         -6056845.8882 -1869698.6039 -639129.1082 -5928333.1219 -1933504.7432 -1306164.9224 -5812081.9155 -2522238.0841 -669073.8784  234046.8072     275.5877      62.5239
400001597 300000400                                         -5672228.9398 -1330561.6814 -2577802.4491 -5727370.1528 -1973179.1775 -1973179.1775 -5928333.1219 -1306164.9224 -1933504.7432  238189.0310     258.7099      70.1224
400001598 300000400                                         -5672228.9398 -2577802.4491 -1330561.6814 -5928333.1219 -1933504.7432 -1306164.9224 -5727370.1528 -1973179.1775 -1973179.1775  238189.0310     278.2127      61.4423
400001599 300000400                                         -6114140.2800 -1266279.9131 -1266279.9131 -5928333.1219 -1306164.9224 -1933504.7432 -5928333.1219 -1933504.7432 -1306164.9224  237302.7613     272.5138      62.3010
400001600 300000400                                         -5727370.1528 -1973179.1775 -1973179.1775 -5928333.1219 -1933504.7432 -1306164.9224 -5928333.1219 -1306164.9224 -1933504.7432  239617.8861     272.8949      63.6766
400001601 300000401                                               0.0000       0.0000 -6371000.0000       0.0000 -624467.2010 -6340321.8936 -624467.2010       0.0000 -6340321.8936  195921.5441     130.5188       0.0452
400001602 300000401                                               0.0000 -1242920.4416 -6248583.0214 -627459.2093 -627459.2093 -6308900.9250       0.0000 -624467.2010 -6340321.8936  196860.2699     144.2941       0.0337
400001603 300000401                                         -1242920.4416       0.0000 -6248583.0214 -624467.2010       0.0000 -6340321.8936 -627459.2093 -627459.2093 -6308900.9250  196860.2699     151.6487       0.0337
400001604 300000401                                               0.0000 -624467.2010 -6340321.8936 -627459.2093 -627459.2093 -6308900.9250 -624467.2010       0.0000 -6340321.8936  197817.4310     149.4840       0.0391
400001605 300000402                                               0.0000 -2438076.1476 -5886036.5016 -639129.1082 -1869698.6039 -6056845.8882       0.0000 -1849403.6788 -6096666.8789  200521.8161     175.1639       0.1772
400001606 300000402                                         -1266279.9131 -1266279.9131 -6114140.2800 -636326.6289 -1260914.7366 -6212473.2151 -639129.1082 -1869698.6039 -6056845.8882  200560.6406     163.0059       0.0547
400001607 300000402                                               0.0000 -1242920.4416 -6248583.0214       0.0000 -1849403.6788 -6096666.8789 -636326.6289 -1260914.7366 -6212473.2151  199642.5528     151.3549       0.0408
400001608 300000402                                         -639129.1082 -1869698.6039 -6056845.8882 -636326.6289 -1260914.7366 -6212473.2151       0.0000 -1849403.6788 -6096666.8789  201535.9727     163.1553       0.0567
400001609 300000403                                         -2438076.1476       0.0000 -5886036.5016 -1849403.6788       0.0000 -6096666.8789 -1869698.6039 -639129.1082 -6056845.8882  200521.8161     172.3904       0.1773
400001610 300000403                                         -1242920.4416       0.0000 -6248583.0214 -1260914.7366 -636326.6289 -6212473.2151 -1849403.6788       0.0000 -6096666.8789  199642.5528     167.0782       0.0408
400001611 300000403                                         -1266279.9131 -1266279.9131 -6114140.2800 -1869698.6039 -639129.1082 -6056845.8882 -1260914.7366 -636326.6289 -6212473.2151  200560.6406     168.1185       0.0547
400001612 300000403                                         -1849403.6788       0.0000 -6096666.8789 -1260914.7366 -636326.6289 -6212473.2151 -1869698.6039 -639129.1082 -6056845.8882  201535.9727     169.5440       0.0567
400001613 300000404                                               0.0000 -1242920.4416 -6248583.0214 -636326.6289 -1260914.7366 -6212473.2151 -627459.2093 -627459.2093 -6308900.9250  204548.8197     146.4845       0.0329
400001614 300000404                                         -1266279.9131 -1266279.9131 -6114140.2800 -1260914.7366 -636326.6289 -6212473.2151 -636326.6289 -1260914.7366 -6212473.2151  203612.8458     153.4914       0.0414
400001615 300000404                                         -1242920.4416       0.0000 -6248583.0214 -627459.2093 -627459.2093 -6308900.9250 -1260914.7366 -636326.6289 -6212473.2151  204548.8197     153.5625       0.0329
400001616 300000404                                         -636326.6289 -1260914.7366 -6212473.2151 -1260914.7366 -636326.6289 -6212473.2151 -627459.2093 -627459.2093 -6308900.9250  205583.5447     150.2104       0.0335
400001617 300000405                                               0.0000 -4504977.3029 -4504977.3029 -678984.1624 -4126944.5164 -4805928.6788       0.0000 -4041719.6134 -4924849.5984  213029.7505     212.6542      41.6541
400001618 300000405                                         -1346350.7175 -3678298.5650 -5024649.2825 -677162.3725 -3630292.7893 -5191537.9595 -678984.1624 -4126944.5164 -4805928.6788  213259.5913     213.2651      32.6886
400001619 300000405                                               0.0000 -3539537.9546 -5297292.9000       0.0000 -4041719.6134 -4924849.5984 -677162.3725 -3630292.7893 -5191537.9595  212458.1628     209.1508      28.2689
400001620 300000405                                         -678984.1624 -4126944.5164 -4805928.6788 -677162.3725 -3630292.7893 -5191537.9595       0.0000 -4041719.6134 -4924849.5984  214297.3599     212.2852      33.7301
400001621 300000406                                         -2600949.8585 -2600949.8585 -5201899.7171 -1976963.3461 -2604139.2443 -5468063.2517 -1990680.8386 -3166715.9053 -5157396.7439  213953.8407     205.1449      24.0941
400001622 300000406                                         -1330561.6814 -2577802.4491 -5672228.9398 -1345228.8674 -3143878.6287 -5375502.5311 -1976963.3461 -2604139.2443 -5468063.2517  213196.7862     199.3486      14.2900
400001623 300000406                                         -1346350.7175 -3678298.5650 -5024649.2825 -1990680.8386 -3166715.9053 -5157396.7439 -1345228.8674 -3143878.6287 -5375502.5311  213817.3983     208.4509      27.0331
400001624 300000406                                         -1976963.3461 -2604139.2443 -5468063.2517 -1345228.8674 -3143878.6287 -5375502.5311 -1990680.8386 -3166715.9053 -5157396.7439  215042.4187     204.5086      21.6332
400001625 300000407                                               0.0000 -2438076.1476 -5886036.5016       0.0000 -3003268.6103 -5618720.3752 -669073.8784 -2522238.0841 -5812081.9155  209920.2574     190.6534       2.3272
400001626 300000407                                               0.0000 -3539537.9546 -5297292.9000 -671168.2896 -3085738.1156 -5533298.6915       0.0000 -3003268.6103 -5618720.3752  210577.3796     199.6108      15.0917
400001627 300000407                                         -1330561.6814 -2577802.4491 -5672228.9398 -669073.8784 -2522238.0841 -5812081.9155 -671168.2896 -3085738.1156 -5533298.6915  210758.2000     194.1091       6.1892
400001628 300000407                                               0.0000 -3003268.6103 -5618720.3752 -671168.2896 -3085738.1156 -5533298.6915 -669073.8784 -2522238.0841 -5812081.9155  211783.6604     194.7548       7.2859
400001629 300000408                                         -1346350.7175 -3678298.5650 -5024649.2825 -1345228.8674 -3143878.6287 -5375502.5311 -677162.3725 -3630292.7893 -5191537.9595  217445.2803     208.6878      26.4284
400001630 300000408                                         -1330561.6814 -2577802.4491 -5672228.9398 -671168.2896 -3085738.1156 -5533298.6915 -1345228.8674 -3143878.6287 -5375502.5311  218077.9738     198.8238      13.3272
400001631 300000408                                               0.0000 -3539537.9546 -5297292.9000 -677162.3725 -3630292.7893 -5191537.9595 -671168.2896 -3085738.1156 -5533298.6915  218265.1507     204.7960      20.8117
400001632 300000408                                         -1345228.8674 -3143878.6287 -5375502.5311 -671168.2896 -3085738.1156 -5533298.6915 -677162.3725 -3630292.7893 -5191537.9595  219375.9096     204.1466      19.9802
400001633 300000409                                         -4504977.3029       0.0000 -4504977.3029 -4041719.6134       0.0000 -4924849.5984 -4126944.5164 -678984.1624 -4805928.6788  213029.7505     218.6405      40.5001
400001634 300000409                                         -3539537.9546       0.0000 -5297292.9000 -3630292.7893 -677162.3725 -5191537.9595 -4041719.6134       0.0000 -4924849.5984  212458.1628     210.6756      28.5974
400001635 300000409                                         -3678298.5650 -1346350.7175 -5024649.2825 -4126944.5164 -678984.1624 -4805928.6788 -3630292.7893 -677162.3725 -5191537.9595  213259.5913     213.4708      32.3939
400001636 300000409                                         -4041719.6134       0.0000 -4924849.5984 -3630292.7893 -677162.3725 -5191537.9595 -4126944.5164 -678984.1624 -4805928.6788  214297.3599     214.4387      34.0938
400001637 300000410                                         -2438076.1476       0.0000 -5886036.5016 -2522238.0841 -669073.8784 -5812081.9155 -3003268.6103       0.0000 -5618720.3752  209920.2574     184.4376       2.7222
400001638 300000410                                         -2577802.4491 -1330561.6814 -5672228.9398 -3085738.1156 -671168.2896 -5533298.6915 -2522238.0841 -669073.8784 -5812081.9155  210758.2000     189.7075       6.7972
400001639 300000410                                         -3539537.9546       0.0000 -5297292.9000 -3003268.6103       0.0000 -5618720.3752 -3085738.1156 -671168.2896 -5533298.6915  210577.3796     197.6004      15.3920
400001640 300000410                                         -2522238.0841 -669073.8784 -5812081.9155 -3085738.1156 -671168.2896 -5533298.6915 -3003268.6103       0.0000 -5618720.3752  211783.6604     189.8037       7.6349
400001641 300000411                                         -2600949.8585 -2600949.8585 -5201899.7171 -3166715.9053 -1990680.8386 -5157396.7439 -2604139.2443 -1976963.3461 -5468063.2517  213953.8407     203.2828      23.8966
400001642 300000411                                         -3678298.5650 -1346350.7175 -5024649.2825 -3143878.6287 -1345228.8674 -5375502.5311 -3166715.9053 -1990680.8386 -5157396.7439  213817.3983     207.7040      26.8352
400001643 300000411                                         -2577802.4491 -1330561.6814 -5672228.9398 -2604139.2443 -1976963.3461 -5468063.2517 -3143878.6287 -1345228.8674 -5375502.5311  213196.7862     197.5957      13.9758
400001644 300000411                                         -3166715.9053 -1990680.8386 -5157396.7439 -3143878.6287 -1345228.8674 -5375502.5311 -2604139.2443 -1976963.3461 -5468063.2517  215042.4187     202.6862      21.0211
400001645 300000412                                         -3539537.9546       0.0000 -5297292.9000 -3085738.1156 -671168.2896 -5533298.6915 -3630292.7893 -677162.3725 -5191537.9595  218265.1507     204.0454      21.1945
400001646 300000412                                         -2577802.4491 -1330561.6814 -5672228.9398 -3143878.6287 -1345228.8674 -5375502.5311 -3085738.1156 -671168.2896 -5533298.6915  218077.9738     196.4460      13.2420
400001647 300000412                                         -3678298.5650 -1346350.7175 -5024649.2825 -3630292.7893 -677162.3725 -5191537.9595 -3143878.6287 -1345228.8674 -5375502.5311  217445.2803     207.6915      26.4975
400001648 300000412                                         -3085738.1156 -671168.2896 -5533298.6915 -3143878.6287 -1345228.8674 -5375502.5311 -3630292.7893 -677162.3725 -5191537.9595  219375.9096     202.8456      19.9843
400001649 300000413                                               0.0000 -2438076.1476 -5886036.5016 -669073.8784 -2522238.0841 -5812081.9155 -639129.1082 -1869698.6039 -6056845.8882  232651.5371     182.9712       0.5765
400001650 300000413                                         -1330561.6814 -2577802.4491 -5672228.9398 -1306164.9224 -1933504.7432 -5928333.1219 -669073.8784 -2522238.0841 -5812081.9155  231845.9895     188.6923       1.6048
400001651 300000413                                         -1266279.9131 -1266279.9131 -6114140.2800 -639129.1082 -1869698.6039 -6056845.8882 -1306164.9224 -1933504.7432 -5928333.1219  232712.3450     174.6311       0.1286
400001652 300000413                                         -669073.8784 -2522238.0841 -5812081.9155 -1306164.9224 -1933504.7432 -5928333.1219 -639129.1082 -1869698.6039 -6056845.8882  234046.8072     181.1078       0.4904
400001653 300000414                                         -2600949.8585 -2600949.8585 -5201899.7171 -2604139.2443 -1976963.3461 -5468063.2517 -1976963.3461 -2604139.2443 -5468063.2517  228300.1373     200.7365      19.7413
400001654 300000414                                         -2577802.4491 -1330561.6814 -5672228.9398 -1973179.1775 -1973179.1775 -5727370.1528 -2604139.2443 -1976963.3461 -5468063.2517  229212.6770     193.5426       8.8624
400001655 300000414                                         -1330561.6814 -2577802.4491 -5672228.9398 -1976963.3461 -2604139.2443 -5468063.2517 -1973179.1775 -1973179.1775 -5727370.1528  229212.6770     194.8789       8.9309
400001656 300000414                                         -2604139.2443 -1976963.3461 -5468063.2517 -1973179.1775 -1973179.1775 -5727370.1528 -1976963.3461 -2604139.2443 -5468063.2517  230526.8451     196.5266      12.0496
400001657 300000415                                         -2438076.1476       0.0000 -5886036.5016 -1869698.6039 -639129.1082 -6056845.8882 -2522238.0841 -669073.8784 -5812081.9155  232651.5371     177.0843       0.5957
400001658 300000415                                         -1266279.9131 -1266279.9131 -6114140.2800 -1933504.7432 -1306164.9224 -5928333.1219 -1869698.6039 -639129.1082 -6056845.8882  232712.3450     173.9919       0.1286
400001659 300000415                                         -2577802.4491 -1330561.6814 -5672228.9398 -2522238.0841 -669073.8784 -5812081.9155 -1933504.7432 -1306164.9224 -5928333.1219  231845.9895     183.4319       2.0557
400001660 300000415                                         -1869698.6039 -639129.1082 -6056845.8882 -1933504.7432 -1306164.9224 -5928333.1219 -2522238.0841 -669073.8784 -5812081.9155  234046.8072     177.6841       0.5005
400001661 300000416                                         -1330561.6814 -2577802.4491 -5672228.9398 -1973179.1775 -1973179.1775 -5727370.1528 -1306164.9224 -1933504.7432 -5928333.1219  238189.0310     188.7253       2.1609
400001662 300000416                                         -2577802.4491 -1330561.6814 -5672228.9398 -1933504.7432 -1306164.9224 -5928333.1219 -1973179.1775 -1973179.1775 -5727370.1528  238189.0310     186.5841       2.4544
400001663 300000416                                         -1266279.9131 -1266279.9131 -6114140.2800 -1306164.9224 -1933504.7432 -5928333.1219 -1933504.7432 -1306164.9224 -5928333.1219  237302.7613     176.5339       0.2252
400001664 300000416                                         -1973179.1775 -1973179.1775 -5727370.1528 -1933504.7432 -1306164.9224 -5928333.1219 -1306164.9224 -1933504.7432 -5928333.1219  239617.8861     182.6810       1.0117
400001665 300000417                                               0.0000 -6371000.0000       0.0000 -624467.2010 -6340321.8936       0.0000       0.0000 -6340321.8936 -624467.2010  195921.5441     275.6059      69.9646
400001666 300000417                                         -1242920.4416 -6248583.0214       0.0000 -627459.2093 -6308900.9250 -627459.2093 -624467.2010 -6340321.8936       0.0000  196860.2699     279.3975      63.9261
400001667 300000417                                               0.0000 -6248583.0214 -1242920.4416       0.0000 -6340321.8936 -624467.2010 -627459.2093 -6308900.9250 -627459.2093  196860.2699     280.8039      85.4214
400001668 300000417                                         -624467.2010 -6340321.8936       0.0000 -627459.2093 -6308900.9250 -627459.2093       0.0000 -6340321.8936 -624467.2010  197817.4310     279.8361      68.5569
400001669 300000418                                         -2438076.1476 -5886036.5016       0.0000 -1869698.6039 -6056845.8882 -639129.1082 -1849403.6788 -6096666.8789       0.0000  200521.8161     285.3043      54.8549
400001670 300000418                                         -1266279.9131 -6114140.2800 -1266279.9131 -1260914.7366 -6212473.2151 -636326.6289 -1869698.6039 -6056845.8882 -639129.1082  200560.6406     288.7052      63.7019
400001671 300000418                                         -1242920.4416 -6248583.0214       0.0000 -1849403.6788 -6096666.8789       0.0000 -1260914.7366 -6212473.2151 -636326.6289  199642.5528     282.4771      58.5425
400001672 300000418                                         -1869698.6039 -6056845.8882 -639129.1082 -1260914.7366 -6212473.2151 -636326.6289 -1849403.6788 -6096666.8789       0.0000  201535.9727     286.6680      56.5260
400001673 300000419                                               0.0000 -5886036.5016 -2438076.1476       0.0000 -6096666.8789 -1849403.6788 -639129.1082 -6056845.8882 -1869698.6039  200521.8161     277.4197      71.8308
400001674 300000419                                               0.0000 -6248583.0214 -1242920.4416 -636326.6289 -6212473.2151 -1260914.7366       0.0000 -6096666.8789 -1849403.6788  199642.5528     281.6460      81.4061
400001675 300000419                                         -1266279.9131 -6114140.2800 -1266279.9131 -639129.1082 -6056845.8882 -1869698.6039 -636326.6289 -6212473.2151 -1260914.7366  200560.6406     284.6605      71.5374
400001676 300000419                                               0.0000 -6096666.8789 -1849403.6788 -636326.6289 -6212473.2151 -1260914.7366 -639129.1082 -6056845.8882 -1869698.6039  201535.9727     281.1847      76.4849
400001677 300000420                                         -1242920.4416 -6248583.0214       0.0000 -1260914.7366 -6212473.2151 -636326.6289 -627459.2093 -6308900.9250 -627459.2093  204548.8197     283.6080      61.7839
400001678 300000420                                         -1266279.9131 -6114140.2800 -1266279.9131 -636326.6289 -6212473.2151 -1260914.7366 -1260914.7366 -6212473.2151 -636326.6289  203612.8458     286.7891      69.8364
400001679 300000420                                               0.0000 -6248583.0214 -1242920.4416 -627459.2093 -6308900.9250 -627459.2093 -636326.6289 -6212473.2151 -1260914.7366  204548.8197     283.0794      82.3066
400001680 300000420                                         -1260914.7366 -6212473.2151 -636326.6289 -636326.6289 -6212473.2151 -1260914.7366 -627459.2093 -6308900.9250 -627459.2093  205583.5447     285.1947      71.5738
400001681 300000421                                         -4504977.3029 -4504977.3029       0.0000 -4126944.5164 -4805928.6788 -678984.1624 -4041719.6134 -4924849.5984       0.0000  213029.7505     290.6526      49.6588
400001682 300000421                                         -3678298.5650 -5024649.2825 -1346350.7175 -3630292.7893 -5191537.9595 -677162.3725 -4126944.5164 -4805928.6788 -678984.1624  213259.5913     296.0523      51.7393
400001683 300000421                                         -3539537.9546 -5297292.9000       0.0000 -4041719.6134 -4924849.5984       0.0000 -3630292.7893 -5191537.9595 -677162.3725  212458.1628     290.7630      50.8065
400001684 300000421                                         -4126944.5164 -4805928.6788 -678984.1624 -3630292.7893 -5191537.9595 -677162.3725 -4041719.6134 -4924849.5984       0.0000  214297.3599     292.8681      51.8935
400001685 300000422                                         -2600949.8585 -5201899.7171 -2600949.8585 -2604139.2443 -5468063.2517 -1976963.3461 -3166715.9053 -5157396.7439 -1990680.8386  213953.8407     277.5373      57.4377
400001686 300000422                                         -2577802.4491 -5672228.9398 -1330561.6814 -3143878.6287 -5375502.5311 -1345228.8674 -2604139.2443 -5468063.2517 -1976963.3461  213196.7862     292.5750      55.7295
400001687 300000422                                         -3678298.5650 -5024649.2825 -1346350.7175 -3166715.9053 -5157396.7439 -1990680.8386 -3143878.6287 -5375502.5311 -1345228.8674  213817.3983     292.5411      52.8037
400001688 300000422                                         -2604139.2443 -5468063.2517 -1976963.3461 -3143878.6287 -5375502.5311 -1345228.8674 -3166715.9053 -5157396.7439 -1990680.8386  215042.4187     289.3824      54.2330
400001689 300000423                                         -2438076.1476 -5886036.5016       0.0000 -3003268.6103 -5618720.3752       0.0000 -2522238.0841 -5812081.9155 -669073.8784  209920.2574     287.8254      53.0433
400001690 300000423                                         -3539537.9546 -5297292.9000       0.0000 -3085738.1156 -5533298.6915 -671168.2896 -3003268.6103 -5618720.3752       0.0000  210577.3796     289.5588      52.0056
400001691 300000423                                         -2577802.4491 -5672228.9398 -1330561.6814 -2522238.0841 -5812081.9155 -669073.8784 -3085738.1156 -5533298.6915 -671168.2896  210758.2000     294.1437      57.9578
400001692 300000423                                         -3003268.6103 -5618720.3752       0.0000 -3085738.1156 -5533298.6915 -671168.2896 -2522238.0841 -5812081.9155 -669073.8784  211783.6604     291.6682      53.6055
400001693 300000424                                         -3678298.5650 -5024649.2825 -1346350.7175 -3143878.6287 -5375502.5311 -1345228.8674 -3630292.7893 -5191537.9595 -677162.3725  217445.2803     296.6053      51.6359
400001694 300000424                                         -2577802.4491 -5672228.9398 -1330561.6814 -3085738.1156 -5533298.6915 -671168.2896 -3143878.6287 -5375502.5311 -1345228.8674  218077.9738     295.1370      56.6441
400001695 300000424                                         -3539537.9546 -5297292.9000       0.0000 -3630292.7893 -5191537.9595 -677162.3725 -3085738.1156 -5533298.6915 -671168.2896  218265.1507     292.6838      53.4604
400001696 300000424                                         -3143878.6287 -5375502.5311 -1345228.8674 -3085738.1156 -5533298.6915 -671168.2896 -3630292.7893 -5191537.9595 -677162.3725  219375.9096     295.6238      54.3228
400001697 300000425                                               0.0000 -4504977.3029 -4504977.3029       0.0000 -4924849.5984 -4041719.6134 -678984.1624 -4805928.6788 -4126944.5164  213029.7505     216.9458      56.1685
400001698 300000425                                               0.0000 -5297292.9000 -3539537.9546 -677162.3725 -5191537.9595 -3630292.7893       0.0000 -4924849.5984 -4041719.6134  212458.1628     226.9078      62.4136
400001699 300000425                                         -1346350.7175 -5024649.2825 -3678298.5650 -678984.1624 -4805928.6788 -4126944.5164 -677162.3725 -5191537.9595 -3630292.7893  213259.5913     223.7879      62.2446
400001700 300000425                                               0.0000 -4924849.5984 -4041719.6134 -677162.3725 -5191537.9595 -3630292.7893 -678984.1624 -4805928.6788 -4126944.5164  214297.3599     221.8798      60.5868
400001701 300000426                                               0.0000 -5886036.5016 -2438076.1476 -669073.8784 -5812081.9155 -2522238.0841       0.0000 -5618720.3752 -3003268.6103  209920.2574     266.2037      63.1261
400001702 300000426                                         -1330561.6814 -5672228.9398 -2577802.4491 -671168.2896 -5533298.6915 -3085738.1156 -669073.8784 -5812081.9155 -2522238.0841  210758.2000     261.2570      61.9977
400001703 300000426                                               0.0000 -5297292.9000 -3539537.9546       0.0000 -5618720.3752 -3003268.6103 -671168.2896 -5533298.6915 -3085738.1156  210577.3796     245.2354      63.6962
400001704 300000426                                         -669073.8784 -5812081.9155 -2522238.0841 -671168.2896 -5533298.6915 -3085738.1156       0.0000 -5618720.3752 -3003268.6103  211783.6604     257.2500      63.1259
400001705 300000427                                         -2600949.8585 -5201899.7171 -2600949.8585 -1990680.8386 -5157396.7439 -3166715.9053 -1976963.3461 -5468063.2517 -2604139.2443  213953.8407     253.8280      61.5819
400001706 300000427                                         -1346350.7175 -5024649.2825 -3678298.5650 -1345228.8674 -5375502.5311 -3143878.6287 -1990680.8386 -5157396.7439 -3166715.9053  213817.3983     233.8155      65.1360
400001707 300000427                                         -1330561.6814 -5672228.9398 -2577802.4491 -1976963.3461 -5468063.2517 -2604139.2443 -1345228.8674 -5375502.5311 -3143878.6287  213196.7862     256.7826      62.3000
400001708 300000427                                         -1990680.8386 -5157396.7439 -3166715.9053 -1345228.8674 -5375502.5311 -3143878.6287 -1976963.3461 -5468063.2517 -2604139.2443  215042.4187     246.0086      64.5166
400001709 300000428                                               0.0000 -5297292.9000 -3539537.9546 -671168.2896 -5533298.6915 -3085738.1156 -677162.3725 -5191537.9595 -3630292.7893  218265.1507     235.7440      64.1717
400001710 300000428                                         -1330561.6814 -5672228.9398 -2577802.4491 -1345228.8674 -5375502.5311 -3143878.6287 -671168.2896 -5533298.6915 -3085738.1156  218077.9738     250.7521      63.4023
400001711 300000428                                         -1346350.7175 -5024649.2825 -3678298.5650 -677162.3725 -5191537.9595 -3630292.7893 -1345228.8674 -5375502.5311 -3143878.6287  217445.2803     231.5347      63.1751
400001712 300000428                                         -671168.2896 -5533298.6915 -3085738.1156 -1345228.8674 -5375502.5311 -3143878.6287 -677162.3725 -5191537.9595 -3630292.7893  219375.9096     238.0191      63.9919
400001713 300000429                                         -2438076.1476 -5886036.5016       0.0000 -2522238.0841 -5812081.9155 -669073.8784 -1869698.6039 -6056845.8882 -639129.1082  232651.5371     289.4052      56.3157
400001714 300000429                                         -2577802.4491 -5672228.9398 -1330561.6814 -1933504.7432 -5928333.1219 -1306164.9224 -2522238.0841 -5812081.9155 -669073.8784  231845.9895     292.8346      61.0396
400001715 300000429                                         -1266279.9131 -6114140.2800 -1266279.9131 -1869698.6039 -6056845.8882 -639129.1082 -1933504.7432 -5928333.1219 -1306164.9224  232712.3450     290.3179      62.3255
400001716 300000429                                         -2522238.0841 -5812081.9155 -669073.8784 -1933504.7432 -5928333.1219 -1306164.9224 -1869698.6039 -6056845.8882 -639129.1082  234046.8072     291.9743      59.5773
400001717 300000430                                         -2600949.8585 -5201899.7171 -2600949.8585 -1976963.3461 -5468063.2517 -2604139.2443 -2604139.2443 -5468063.2517 -1976963.3461  228300.1373     271.1262      59.0276
400001718 300000430                                         -1330561.6814 -5672228.9398 -2577802.4491 -1973179.1775 -5727370.1528 -1973179.1775 -1976963.3461 -5468063.2517 -2604139.2443  229212.6770     273.6575      57.2574
400001719 300000430                                         -2577802.4491 -5672228.9398 -1330561.6814 -2604139.2443 -5468063.2517 -1976963.3461 -1973179.1775 -5727370.1528 -1973179.1775  229212.6770     288.9113      57.3479
400001720 300000430                                         -1976963.3461 -5468063.2517 -2604139.2443 -1973179.1775 -5727370.1528 -1973179.1775 -2604139.2443 -5468063.2517 -1976963.3461  230526.8451     279.2026      57.6340
400001721 300000431                                               0.0000 -5886036.5016 -2438076.1476 -639129.1082 -6056845.8882 -1869698.6039 -669073.8784 -5812081.9155 -2522238.0841  232651.5371     275.5909      64.8426
400001722 300000431                                         -1266279.9131 -6114140.2800 -1266279.9131 -1306164.9224 -5928333.1219 -1933504.7432 -639129.1082 -6056845.8882 -1869698.6039  232712.3450     283.9661      66.1091
400001723 300000431                                         -1330561.6814 -5672228.9398 -2577802.4491 -669073.8784 -5812081.9155 -2522238.0841 -1306164.9224 -5928333.1219 -1933504.7432  231845.9895     274.1860      60.3529
400001724 300000431                                         -639129.1082 -6056845.8882 -1869698.6039 -1306164.9224 -5928333.1219 -1933504.7432 -669073.8784 -5812081.9155 -2522238.0841  234046.8072     278.9488      62.6378
400001725 300000432                                         -2577802.4491 -5672228.9398 -1330561.6814 -1973179.1775 -5727370.1528 -1973179.1775 -1933504.7432 -5928333.1219 -1306164.9224  238189.0310     289.9249      61.1330
400001726 300000432                                         -1330561.6814 -5672228.9398 -2577802.4491 -1306164.9224 -5928333.1219 -1933504.7432 -1973179.1775 -5727370.1528 -1973179.1775  238189.0310     279.4700      57.4491
400001727 300000432                                         -1266279.9131 -6114140.2800 -1266279.9131 -1933504.7432 -5928333.1219 -1306164.9224 -1306164.9224 -5928333.1219 -1933504.7432  237302.7613     287.2657      62.9887
400001728 300000432                                         -1973179.1775 -5727370.1528 -1973179.1775 -1306164.9224 -5928333.1219 -1933504.7432 -1933504.7432 -5928333.1219 -1306164.9224  239617.8861     286.2580      59.6392
400001729 300000433                                         -4504977.3029       0.0000 -4504977.3029 -4126944.5164 -678984.1624 -4805928.6788 -4805928.6788 -678984.1624 -4126944.5164  328324.9483     222.7967      46.1841
400001730 300000433                                         -3678298.5650 -1346350.7175 -5024649.2825 -4400885.2099 -1361638.6226 -4400885.2099 -4126944.5164 -678984.1624 -4805928.6788  329212.3599     218.2510      39.4316
400001731 300000433                                         -5024649.2825 -1346350.7175 -3678298.5650 -4805928.6788 -678984.1624 -4126944.5164 -4400885.2099 -1361638.6226 -4400885.2099  329212.3599     227.5431      52.2971
400001732 300000433                                         -4126944.5164 -678984.1624 -4805928.6788 -4400885.2099 -1361638.6226 -4400885.2099 -4805928.6788 -678984.1624 -4126944.5164  332074.9378     223.2775      45.5912
400001733 300000434                                         -2600949.8585 -2600949.8585 -5201899.7171 -3374031.3064 -2687534.5848 -4688572.4479 -3166715.9053 -1990680.8386 -5157396.7439  331958.1435     209.9603      33.1608
400001734 300000434                                         -4074905.2917 -2716603.5278 -4074905.2917 -3912146.8074 -2050103.9020 -4591494.5659 -3374031.3064 -2687534.5848 -4688572.4479  332135.9111     221.1665      46.6349
400001735 300000434                                         -3678298.5650 -1346350.7175 -5024649.2825 -3166715.9053 -1990680.8386 -5157396.7439 -3912146.8074 -2050103.9020 -4591494.5659  331417.2039     213.5287      34.9595
400001736 300000434                                         -3374031.3064 -2687534.5848 -4688572.4479 -3912146.8074 -2050103.9020 -4591494.5659 -3166715.9053 -1990680.8386 -5157396.7439  335024.3025     215.0803      38.5093
400001737 300000435                                         -5201899.7171 -2600949.8585 -2600949.8585 -5157396.7439 -1990680.8386 -3166715.9053 -4688572.4479 -2687534.5848 -3374031.3064  331958.1435     231.4837      71.0735
400001738 300000435                                         -5024649.2825 -1346350.7175 -3678298.5650 -4591494.5659 -2050103.9020 -3912146.8074 -5157396.7439 -1990680.8386 -3166715.9053  331417.2039     229.3010      62.1942
400001739 300000435                                         -4074905.2917 -2716603.5278 -4074905.2917 -4688572.4479 -2687534.5848 -3374031.3064 -4591494.5659 -2050103.9020 -3912146.8074  332135.9111     226.2155      59.1299
400001740 300000435                                         -5157396.7439 -1990680.8386 -3166715.9053 -4591494.5659 -2050103.9020 -3912146.8074 -4688572.4479 -2687534.5848 -3374031.3064  335024.3025     228.5309      64.2302
400001741 300000436                                         -3678298.5650 -1346350.7175 -5024649.2825 -3912146.8074 -2050103.9020 -4591494.5659 -4400885.2099 -1361638.6226 -4400885.2099  344128.0612     219.2547      41.2311
400001742 300000436                                         -4074905.2917 -2716603.5278 -4074905.2917 -4591494.5659 -2050103.9020 -3912146.8074 -3912146.8074 -2050103.9020 -4591494.5659  343384.2298     223.4553      51.7813
400001743 300000436                                         -5024649.2825 -1346350.7175 -3678298.5650 -4400885.2099 -1361638.6226 -4400885.2099 -4591494.5659 -2050103.9020 -3912146.8074  344128.0612     226.3188      54.7364
400001744 300000436                                         -3912146.8074 -2050103.9020 -4591494.5659 -4591494.5659 -2050103.9020 -3912146.8074 -4400885.2099 -1361638.6226 -4400885.2099  347308.3434     223.0933      48.9766
400001745 300000437                                               0.0000 -4504977.3029 -4504977.3029 -678984.1624 -4805928.6788 -4126944.5164 -678984.1624 -4126944.5164 -4805928.6788  328324.9483     214.6196      49.6526
400001746 300000437                                         -1346350.7175 -5024649.2825 -3678298.5650 -1361638.6226 -4400885.2099 -4400885.2099 -678984.1624 -4805928.6788 -4126944.5164  329212.3599     218.8823      60.0231
400001747 300000437                                         -1346350.7175 -3678298.5650 -5024649.2825 -678984.1624 -4126944.5164 -4805928.6788 -1361638.6226 -4400885.2099 -4400885.2099  329212.3599     216.3712      40.7559
400001748 300000437                                         -678984.1624 -4805928.6788 -4126944.5164 -1361638.6226 -4400885.2099 -4400885.2099 -678984.1624 -4126944.5164 -4805928.6788  332074.9378     216.0878      50.1048
400001749 300000438                                         -2600949.8585 -5201899.7171 -2600949.8585 -2687534.5848 -4688572.4479 -3374031.3064 -1990680.8386 -5157396.7439 -3166715.9053  331958.1435     242.3037      63.5372
400001750 300000438                                         -2716603.5278 -4074905.2917 -4074905.2917 -2050103.9020 -4591494.5659 -3912146.8074 -2687534.5848 -4688572.4479 -3374031.3064  332135.9111     224.1940      61.0044
400001751 300000438                                         -1346350.7175 -5024649.2825 -3678298.5650 -1990680.8386 -5157396.7439 -3166715.9053 -2050103.9020 -4591494.5659 -3912146.8074  331417.2039     227.1004      65.8597
400001752 300000438                                         -2687534.5848 -4688572.4479 -3374031.3064 -2050103.9020 -4591494.5659 -3912146.8074 -1990680.8386 -5157396.7439 -3166715.9053  335024.3025     228.2979      65.5266
400001753 300000439                                         -2600949.8585 -2600949.8585 -5201899.7171 -1990680.8386 -3166715.9053 -5157396.7439 -2687534.5848 -3374031.3064 -4688572.4479  331958.1435     212.0133      32.7827
400001754 300000439                                         -1346350.7175 -3678298.5650 -5024649.2825 -2050103.9020 -3912146.8074 -4591494.5659 -1990680.8386 -3166715.9053 -5157396.7439  331417.2039     213.0298      35.5453
400001755 300000439                                         -2716603.5278 -4074905.2917 -4074905.2917 -2687534.5848 -3374031.3064 -4688572.4479 -2050103.9020 -3912146.8074 -4591494.5659  332135.9111     218.6147      48.7785
400001756 300000439                                         -1990680.8386 -3166715.9053 -5157396.7439 -2050103.9020 -3912146.8074 -4591494.5659 -2687534.5848 -3374031.3064 -4688572.4479  335024.3025     214.6581      38.6713
400001757 300000440                                         -1346350.7175 -5024649.2825 -3678298.5650 -2050103.9020 -4591494.5659 -3912146.8074 -1361638.6226 -4400885.2099 -4400885.2099  344128.0612     221.3304      60.9983
400001758 300000440                                         -2716603.5278 -4074905.2917 -4074905.2917 -2050103.9020 -3912146.8074 -4591494.5659 -2050103.9020 -4591494.5659 -3912146.8074  343384.2298     220.7805      54.8489
400001759 300000440                                         -1346350.7175 -3678298.5650 -5024649.2825 -1361638.6226 -4400885.2099 -4400885.2099 -2050103.9020 -3912146.8074 -4591494.5659  344128.0612     216.4443      43.2957
400001760 300000440                                         -2050103.9020 -4591494.5659 -3912146.8074 -2050103.9020 -3912146.8074 -4591494.5659 -1361638.6226 -4400885.2099 -4400885.2099  347308.3434     219.7721      53.1463
400001761 300000441                                         -4504977.3029 -4504977.3029       0.0000 -4805928.6788 -4126944.5164 -678984.1624 -4126944.5164 -4805928.6788 -678984.1624  328324.9483     292.4983      50.3556
400001762 300000441                                         -5024649.2825 -3678298.5650 -1346350.7175 -4400885.2099 -4400885.2099 -1361638.6226 -4805928.6788 -4126944.5164 -678984.1624  329212.3599     294.0046      49.6578
400001763 300000441                                         -3678298.5650 -5024649.2825 -1346350.7175 -4126944.5164 -4805928.6788 -678984.1624 -4400885.2099 -4400885.2099 -1361638.6226  329212.3599     295.9346      49.1511
400001764 300000441                                         -4805928.6788 -4126944.5164 -678984.1624 -4400885.2099 -4400885.2099 -1361638.6226 -4126944.5164 -4805928.6788 -678984.1624  332074.9378     295.6668      48.1136
400001765 300000442                                         -5201899.7171 -2600949.8585 -2600949.8585 -4688572.4479 -3374031.3064 -2687534.5848 -5157396.7439 -3166715.9053 -1990680.8386  331958.1435     252.9545      66.6284
400001766 300000442                                         -4074905.2917 -4074905.2917 -2716603.5278 -4591494.5659 -3912146.8074 -2050103.9020 -4688572.4479 -3374031.3064 -2687534.5848  332135.9111     253.8448      64.7500
400001767 300000442                                         -5024649.2825 -3678298.5650 -1346350.7175 -5157396.7439 -3166715.9053 -1990680.8386 -4591494.5659 -3912146.8074 -2050103.9020  331417.2039     279.3463      56.8960
400001768 300000442                                         -4688572.4479 -3374031.3064 -2687534.5848 -4591494.5659 -3912146.8074 -2050103.9020 -5157396.7439 -3166715.9053 -1990680.8386  335024.3025     264.8327      61.0388
400001769 300000443                                         -2600949.8585 -5201899.7171 -2600949.8585 -3166715.9053 -5157396.7439 -1990680.8386 -3374031.3064 -4688572.4479 -2687534.5848  331958.1435     267.8701      58.4735
400001770 300000443                                         -3678298.5650 -5024649.2825 -1346350.7175 -3912146.8074 -4591494.5659 -2050103.9020 -3166715.9053 -5157396.7439 -1990680.8386  331417.2039     286.5729      54.0581
400001771 300000443                                         -4074905.2917 -4074905.2917 -2716603.5278 -3374031.3064 -4688572.4479 -2687534.5848 -3912146.8074 -4591494.5659 -2050103.9020  332135.9111     259.9251      59.7763
400001772 300000443                                         -3166715.9053 -5157396.7439 -1990680.8386 -3912146.8074 -4591494.5659 -2050103.9020 -3374031.3064 -4688572.4479 -2687534.5848  335024.3025     273.2642      56.4750
400001773 300000444                                         -5024649.2825 -3678298.5650 -1346350.7175 -4591494.5659 -3912146.8074 -2050103.9020 -4400885.2099 -4400885.2099 -1361638.6226  344128.0612     287.0417      53.0330
400001774 300000444                                         -4074905.2917 -4074905.2917 -2716603.5278 -3912146.8074 -4591494.5659 -2050103.9020 -4591494.5659 -3912146.8074 -2050103.9020  343384.2298     266.7808      58.7625
400001775 300000444                                         -3678298.5650 -5024649.2825 -1346350.7175 -4400885.2099 -4400885.2099 -1361638.6226 -3912146.8074 -4591494.5659 -2050103.9020  344128.0612     290.1676      52.5035
400001776 300000444                                         -4591494.5659 -3912146.8074 -2050103.9020 -3912146.8074 -4591494.5659 -2050103.9020 -4400885.2099 -4400885.2099 -1361638.6226  347308.3434     283.6125      53.9601
400001777 300000445                                         -2600949.8585 -2600949.8585 -5201899.7171 -2687534.5848 -3374031.3064 -4688572.4479 -3374031.3064 -2687534.5848 -4688572.4479  387995.8446     214.5027      37.2098
400001778 300000445                                         -2716603.5278 -4074905.2917 -4074905.2917 -3435012.9904 -3435012.9904 -4122015.5885 -2687534.5848 -3374031.3064 -4688572.4479  388281.7658     219.7125      51.6993
400001779 300000445                                         -4074905.2917 -2716603.5278 -4074905.2917 -3374031.3064 -2687534.5848 -4688572.4479 -3435012.9904 -3435012.9904 -4122015.5885  388281.7658     222.1010      49.9831
400001780 300000445                                         -2687534.5848 -3374031.3064 -4688572.4479 -3435012.9904 -3435012.9904 -4122015.5885 -3374031.3064 -2687534.5848 -4688572.4479  392517.4362     218.4289      46.5679
400001781 300000446                                         -2600949.8585 -5201899.7171 -2600949.8585 -3374031.3064 -4688572.4479 -2687534.5848 -2687534.5848 -4688572.4479 -3374031.3064  387995.8446     248.0646      62.5704
400001782 300000446                                         -4074905.2917 -4074905.2917 -2716603.5278 -3435012.9904 -4122015.5885 -3435012.9904 -3374031.3064 -4688572.4479 -2687534.5848  388281.7658     239.4183      67.1435
400001783 300000446                                         -2716603.5278 -4074905.2917 -4074905.2917 -2687534.5848 -4688572.4479 -3374031.3064 -3435012.9904 -4122015.5885 -3435012.9904  388281.7658     224.0499      64.8907
400001784 300000446                                         -3374031.3064 -4688572.4479 -2687534.5848 -3435012.9904 -4122015.5885 -3435012.9904 -2687534.5848 -4688572.4479 -3374031.3064  392517.4362     235.3021      66.4452
400001785 300000447                                         -5201899.7171 -2600949.8585 -2600949.8585 -4688572.4479 -2687534.5848 -3374031.3064 -4688572.4479 -3374031.3064 -2687534.5848  387995.8446     233.1774      72.5215
400001786 300000447                                         -4074905.2917 -2716603.5278 -4074905.2917 -4122015.5885 -3435012.9904 -3435012.9904 -4688572.4479 -2687534.5848 -3374031.3064  388281.7658     226.5849      61.9432
400001787 300000447                                         -4074905.2917 -4074905.2917 -2716603.5278 -4688572.4479 -3374031.3064 -2687534.5848 -4122015.5885 -3435012.9904 -3435012.9904  388281.7658     232.7109      71.4725
400001788 300000447                                         -4688572.4479 -2687534.5848 -3374031.3064 -4122015.5885 -3435012.9904 -3435012.9904 -4688572.4479 -3374031.3064 -2687534.5848  392517.4362     227.3870      69.9511
400001789 300000448                                         -2716603.5278 -4074905.2917 -4074905.2917 -3435012.9904 -4122015.5885 -3435012.9904 -3435012.9904 -3435012.9904 -4122015.5885  405996.4825     221.5024      61.3069
400001790 300000448                                         -4074905.2917 -4074905.2917 -2716603.5278 -4122015.5885 -3435012.9904 -3435012.9904 -3435012.9904 -4122015.5885 -3435012.9904  405996.4825     227.7587      70.5278
400001791 300000448                                         -4074905.2917 -2716603.5278 -4074905.2917 -3435012.9904 -3435012.9904 -4122015.5885 -4122015.5885 -3435012.9904 -3435012.9904  405996.4825     224.3736      58.3900
400001792 300000448                                         -3435012.9904 -4122015.5885 -3435012.9904 -4122015.5885 -3435012.9904 -3435012.9904 -3435012.9904 -3435012.9904 -4122015.5885  410731.3740     223.0948      63.9359
400001793 300000449                                               0.0000 -6371000.0000       0.0000       0.0000 -6340321.8936 -624467.2010  624467.2010 -6340321.8936       0.0000  195921.5441     271.4365      78.7623
400001794 300000449                                               0.0000 -6248583.0214 -1242920.4416  627459.2093 -6308900.9250 -627459.2093       0.0000 -6340321.8936 -624467.2010  196860.2699     277.3960      94.8648
400001795 300000449                                         1242920.4416 -6248583.0214       0.0000  624467.2010 -6340321.8936       0.0000  627459.2093 -6308900.9250 -627459.2093  196860.2699     261.8350     108.2256
400001796 300000449                                               0.0000 -6340321.8936 -624467.2010  627459.2093 -6308900.9250 -627459.2093  624467.2010 -6340321.8936       0.0000  197817.4310     272.0486      86.4365
400001797 300000450                                               0.0000 -5886036.5016 -2438076.1476  639129.1082 -6056845.8882 -1869698.6039       0.0000 -6096666.8789 -1849403.6788  200521.8161     275.9418      78.0014
400001798 300000450                                         1266279.9131 -6114140.2800 -1266279.9131  636326.6289 -6212473.2151 -1260914.7366  639129.1082 -6056845.8882 -1869698.6039  200560.6406     274.7909     118.1357
400001799 300000450                                               0.0000 -6248583.0214 -1242920.4416       0.0000 -6096666.8789 -1849403.6788  636326.6289 -6212473.2151 -1260914.7366  199642.5528     279.1832      92.5426
400001800 300000450                                          639129.1082 -6056845.8882 -1869698.6039  636326.6289 -6212473.2151 -1260914.7366       0.0000 -6096666.8789 -1849403.6788  201535.9727     277.7186      93.3166
400001801 300000451                                         2438076.1476 -5886036.5016       0.0000 1849403.6788 -6096666.8789       0.0000 1869698.6039 -6056845.8882 -639129.1082  200521.8161     233.6667     125.5765
400001802 300000451                                         1242920.4416 -6248583.0214       0.0000 1260914.7366 -6212473.2151 -636326.6289 1849403.6788 -6096666.8789       0.0000  199642.5528     236.1532     141.7346
400001803 300000451                                         1266279.9131 -6114140.2800 -1266279.9131 1869698.6039 -6056845.8882 -639129.1082 1260914.7366 -6212473.2151 -636326.6289  200560.6406     253.8941     105.4310
400001804 300000451                                         1849403.6788 -6096666.8789       0.0000 1260914.7366 -6212473.2151 -636326.6289 1869698.6039 -6056845.8882 -639129.1082  201535.9727     241.1317     120.6685
400001805 300000452                                               0.0000 -6248583.0214 -1242920.4416  636326.6289 -6212473.2151 -1260914.7366  627459.2093 -6308900.9250 -627459.2093  204548.8197     276.7050     104.2247
400001806 300000452                                         1266279.9131 -6114140.2800 -1266279.9131 1260914.7366 -6212473.2151 -636326.6289  636326.6289 -6212473.2151 -1260914.7366  203612.8458     269.6644     116.9036
400001807 300000452                                         1242920.4416 -6248583.0214       0.0000  627459.2093 -6308900.9250 -627459.2093 1260914.7366 -6212473.2151 -636326.6289  204548.8197     257.2930     115.1790
400001808 300000452                                          636326.6289 -6212473.2151 -1260914.7366 1260914.7366 -6212473.2151 -636326.6289  627459.2093 -6308900.9250 -627459.2093  205583.5447     270.5940     109.9828
400001809 300000453                                               0.0000 -4504977.3029 -4504977.3029  678984.1624 -4805928.6788 -4126944.5164       0.0000 -4924849.5984 -4041719.6134  213029.7505     217.7991      55.4317
400001810 300000453                                         1346350.7175 -5024649.2825 -3678298.5650  677162.3725 -5191537.9595 -3630292.7893  678984.1624 -4805928.6788 -4126944.5164  213259.5913     230.0023      59.0781
400001811 300000453                                               0.0000 -5297292.9000 -3539537.9546       0.0000 -4924849.5984 -4041719.6134  677162.3725 -5191537.9595 -3630292.7893  212458.1628     229.0408      60.9585
400001812 300000453                                          678984.1624 -4805928.6788 -4126944.5164  677162.3725 -5191537.9595 -3630292.7893       0.0000 -4924849.5984 -4041719.6134  214297.3599     225.4456      58.6885
400001813 300000454                                         2600949.8585 -5201899.7171 -2600949.8585 1976963.3461 -5468063.2517 -2604139.2443 1990680.8386 -5157396.7439 -3166715.9053  213953.8407     241.0666      61.9778
400001814 300000454                                         1330561.6814 -5672228.9398 -2577802.4491 1345228.8674 -5375502.5311 -3143878.6287 1976963.3461 -5468063.2517 -2604139.2443  213196.7862     263.2564      78.0333
400001815 300000454                                         1346350.7175 -5024649.2825 -3678298.5650 1990680.8386 -5157396.7439 -3166715.9053 1345228.8674 -5375502.5311 -3143878.6287  213817.3983     243.3967      63.1098
400001816 300000454                                         1976963.3461 -5468063.2517 -2604139.2443 1345228.8674 -5375502.5311 -3143878.6287 1990680.8386 -5157396.7439 -3166715.9053  215042.4187     251.5665      72.4438
400001817 300000455                                               0.0000 -5886036.5016 -2438076.1476       0.0000 -5618720.3752 -3003268.6103  669073.8784 -5812081.9155 -2522238.0841  209920.2574     266.7596      66.3148
400001818 300000455                                               0.0000 -5297292.9000 -3539537.9546  671168.2896 -5533298.6915 -3085738.1156       0.0000 -5618720.3752 -3003268.6103  210577.3796     248.4056      62.4602
400001819 300000455                                         1330561.6814 -5672228.9398 -2577802.4491  669073.8784 -5812081.9155 -2522238.0841  671168.2896 -5533298.6915 -3085738.1156  210758.2000     265.5137      69.9351
400001820 300000455                                               0.0000 -5618720.3752 -3003268.6103  671168.2896 -5533298.6915 -3085738.1156  669073.8784 -5812081.9155 -2522238.0841  211783.6604     261.4848      64.1607
400001821 300000456                                         1346350.7175 -5024649.2825 -3678298.5650 1345228.8674 -5375502.5311 -3143878.6287  677162.3725 -5191537.9595 -3630292.7893  217445.2803     241.7045      59.6698
400001822 300000456                                         1330561.6814 -5672228.9398 -2577802.4491  671168.2896 -5533298.6915 -3085738.1156 1345228.8674 -5375502.5311 -3143878.6287  218077.9738     260.3960      66.7452
400001823 300000456                                               0.0000 -5297292.9000 -3539537.9546  677162.3725 -5191537.9595 -3630292.7893  671168.2896 -5533298.6915 -3085738.1156  218265.1507     241.2310      61.9316
400001824 300000456                                         1345228.8674 -5375502.5311 -3143878.6287  671168.2896 -5533298.6915 -3085738.1156  677162.3725 -5191537.9595 -3630292.7893  219375.9096     248.2315      61.9048
400001825 300000457                                         4504977.3029 -4504977.3029       0.0000 4041719.6134 -4924849.5984       0.0000 4126944.5164 -4805928.6788 -678984.1624  213029.7505     254.2557      89.3364
400001826 300000457                                         3539537.9546 -5297292.9000       0.0000 3630292.7893 -5191537.9595 -677162.3725 4041719.6134 -4924849.5984       0.0000  212458.1628     251.3448      98.7087
400001827 300000457                                         3678298.5650 -5024649.2825 -1346350.7175 4126944.5164 -4805928.6788 -678984.1624 3630292.7893 -5191537.9595 -677162.3725  213259.5913     278.4407      66.8752
400001828 300000457                                         4041719.6134 -4924849.5984       0.0000 3630292.7893 -5191537.9595 -677162.3725 4126944.5164 -4805928.6788 -678984.1624  214297.3599     262.3178      86.5839
400001829 300000458                                         2438076.1476 -5886036.5016       0.0000 2522238.0841 -5812081.9155 -669073.8784 3003268.6103 -5618720.3752       0.0000  209920.2574     233.6259     117.7556
400001830 300000458                                         2577802.4491 -5672228.9398 -1330561.6814 3085738.1156 -5533298.6915 -671168.2896 2522238.0841 -5812081.9155 -669073.8784  210758.2000     265.3270      83.0966
400001831 300000458                                         3539537.9546 -5297292.9000       0.0000 3003268.6103 -5618720.3752       0.0000 3085738.1156 -5533298.6915 -671168.2896  210577.3796     240.7730     103.7534
400001832 300000458                                         2522238.0841 -5812081.9155 -669073.8784 3085738.1156 -5533298.6915 -671168.2896 3003268.6103 -5618720.3752       0.0000  211783.6604     244.0935     101.9382
400001833 300000459                                         2600949.8585 -5201899.7171 -2600949.8585 3166715.9053 -5157396.7439 -1990680.8386 2604139.2443 -5468063.2517 -1976963.3461  213953.8407     267.1118      90.2279
400001834 300000459                                         3678298.5650 -5024649.2825 -1346350.7175 3143878.6287 -5375502.5311 -1345228.8674 3166715.9053 -5157396.7439 -1990680.8386  213817.3983     279.4188      66.5744
400001835 300000459                                         2577802.4491 -5672228.9398 -1330561.6814 2604139.2443 -5468063.2517 -1976963.3461 3143878.6287 -5375502.5311 -1345228.8674  213196.7862     274.4560      79.0401
400001836 300000459                                         3166715.9053 -5157396.7439 -1990680.8386 3143878.6287 -5375502.5311 -1345228.8674 2604139.2443 -5468063.2517 -1976963.3461  215042.4187     273.1680      78.6705
400001837 300000460                                         3539537.9546 -5297292.9000       0.0000 3085738.1156 -5533298.6915 -671168.2896 3630292.7893 -5191537.9595 -677162.3725  218265.1507     254.8443      92.1240
400001838 300000460                                         2577802.4491 -5672228.9398 -1330561.6814 3143878.6287 -5375502.5311 -1345228.8674 3085738.1156 -5533298.6915 -671168.2896  218077.9738     274.6769      74.5853
400001839 300000460                                         3678298.5650 -5024649.2825 -1346350.7175 3630292.7893 -5191537.9595 -677162.3725 3143878.6287 -5375502.5311 -1345228.8674  217445.2803     279.8313      65.8776
400001840 300000460                                         3085738.1156 -5533298.6915 -671168.2896 3143878.6287 -5375502.5311 -1345228.8674 3630292.7893 -5191537.9595 -677162.3725  219375.9096     272.2465      75.1676
400001841 300000461                                               0.0000 -5886036.5016 -2438076.1476  669073.8784 -5812081.9155 -2522238.0841  639129.1082 -6056845.8882 -1869698.6039  232651.5371     273.1229      77.5533
400001842 300000461                                         1330561.6814 -5672228.9398 -2577802.4491 1306164.9224 -5928333.1219 -1933504.7432  669073.8784 -5812081.9155 -2522238.0841  231845.9895     270.2857      87.2970
400001843 300000461                                         1266279.9131 -6114140.2800 -1266279.9131  639129.1082 -6056845.8882 -1869698.6039 1306164.9224 -5928333.1219 -1933504.7432  232712.3450     273.6874     117.1567
400001844 300000461                                          669073.8784 -5812081.9155 -2522238.0841 1306164.9224 -5928333.1219 -1933504.7432  639129.1082 -6056845.8882 -1869698.6039  234046.8072     273.0355      92.4073
400001845 300000462                                         2600949.8585 -5201899.7171 -2600949.8585 2604139.2443 -5468063.2517 -1976963.3461 1976963.3461 -5468063.2517 -2604139.2443  228300.1373     254.5156      64.5481
400001846 300000462                                         2577802.4491 -5672228.9398 -1330561.6814 1973179.1775 -5727370.1528 -1973179.1775 2604139.2443 -5468063.2517 -1976963.3461  229212.6770     263.8453      81.5447
400001847 300000462                                         1330561.6814 -5672228.9398 -2577802.4491 1976963.3461 -5468063.2517 -2604139.2443 1973179.1775 -5727370.1528 -1973179.1775  229212.6770     267.7511     103.6032
400001848 300000462                                         2604139.2443 -5468063.2517 -1976963.3461 1973179.1775 -5727370.1528 -1973179.1775 1976963.3461 -5468063.2517 -2604139.2443  230526.8451     261.4852      72.9065
400001849 300000463                                         2438076.1476 -5886036.5016       0.0000 1869698.6039 -6056845.8882 -639129.1082 2522238.0841 -5812081.9155 -669073.8784  232651.5371     241.0565     112.6372
400001850 300000463                                         1266279.9131 -6114140.2800 -1266279.9131 1933504.7432 -5928333.1219 -1306164.9224 1869698.6039 -6056845.8882 -639129.1082  232712.3450     257.9254      97.5258
400001851 300000463                                         2577802.4491 -5672228.9398 -1330561.6814 2522238.0841 -5812081.9155 -669073.8784 1933504.7432 -5928333.1219 -1306164.9224  231845.9895     267.9577      88.0224
400001852 300000463                                         1869698.6039 -6056845.8882 -639129.1082 1933504.7432 -5928333.1219 -1306164.9224 2522238.0841 -5812081.9155 -669073.8784  234046.8072     257.8261      96.1510
400001853 300000464                                         1330561.6814 -5672228.9398 -2577802.4491 1973179.1775 -5727370.1528 -1973179.1775 1306164.9224 -5928333.1219 -1933504.7432  238189.0310     270.0540     110.4949
400001854 300000464                                         2577802.4491 -5672228.9398 -1330561.6814 1933504.7432 -5928333.1219 -1306164.9224 1973179.1775 -5727370.1528 -1973179.1775  238189.0310     260.5514      86.3313
400001855 300000464                                         1266279.9131 -6114140.2800 -1266279.9131 1306164.9224 -5928333.1219 -1933504.7432 1933504.7432 -5928333.1219 -1306164.9224  237302.7613     267.9425      95.9768
400001856 300000464                                         1973179.1775 -5727370.1528 -1973179.1775 1933504.7432 -5928333.1219 -1306164.9224 1306164.9224 -5928333.1219 -1933504.7432  239617.8861     266.7174      92.6613
400001857 300000465                                               0.0000       0.0000 -6371000.0000  624467.2010       0.0000 -6340321.8936       0.0000 -624467.2010 -6340321.8936  195921.5441     127.8334       0.0452
400001858 300000465                                         1242920.4416       0.0000 -6248583.0214  627459.2093 -627459.2093 -6308900.9250  624467.2010       0.0000 -6340321.8936  196860.2699     136.0972       0.0337
400001859 300000465                                               0.0000 -1242920.4416 -6248583.0214       0.0000 -624467.2010 -6340321.8936  627459.2093 -627459.2093 -6308900.9250  196860.2699     147.7638       0.0337
400001860 300000465                                          624467.2010       0.0000 -6340321.8936  627459.2093 -627459.2093 -6308900.9250       0.0000 -624467.2010 -6340321.8936  197817.4310     140.7363       0.0391
400001861 300000466                                         2438076.1476       0.0000 -5886036.5016 1869698.6039 -639129.1082 -6056845.8882 1849403.6788       0.0000 -6096666.8789  200521.8161     164.8593       0.1773
400001862 300000466                                         1266279.9131 -1266279.9131 -6114140.2800 1260914.7366 -636326.6289 -6212473.2151 1869698.6039 -639129.1082 -6056845.8882  200560.6406     164.9390       0.0547
400001863 300000466                                         1242920.4416       0.0000 -6248583.0214 1849403.6788       0.0000 -6096666.8789 1260914.7366 -636326.6289 -6212473.2151  199642.5528     136.6859       0.0408
400001864 300000466                                         1869698.6039 -639129.1082 -6056845.8882 1260914.7366 -636326.6289 -6212473.2151 1849403.6788       0.0000 -6096666.8789  201535.9727     154.2524       0.0567
400001865 300000467                                               0.0000 -2438076.1476 -5886036.5016       0.0000 -1849403.6788 -6096666.8789  639129.1082 -1869698.6039 -6056845.8882  200521.8161     176.0034       0.1773
400001866 300000467                                               0.0000 -1242920.4416 -6248583.0214  636326.6289 -1260914.7366 -6212473.2151       0.0000 -1849403.6788 -6096666.8789  199642.5528     152.7493       0.0408
400001867 300000467                                         1266279.9131 -1266279.9131 -6114140.2800  639129.1082 -1869698.6039 -6056845.8882  636326.6289 -1260914.7366 -6212473.2151  200560.6406     159.3931       0.0547
400001868 300000467                                               0.0000 -1849403.6788 -6096666.8789  636326.6289 -1260914.7366 -6212473.2151  639129.1082 -1869698.6039 -6056845.8882  201535.9727     160.2931       0.0567
400001869 300000468                                         1242920.4416       0.0000 -6248583.0214 1260914.7366 -636326.6289 -6212473.2151  627459.2093 -627459.2093 -6308900.9250  204548.8197     147.1760       0.0329
400001870 300000468                                         1266279.9131 -1266279.9131 -6114140.2800  636326.6289 -1260914.7366 -6212473.2151 1260914.7366 -636326.6289 -6212473.2151  203612.8458     161.2833       0.0414
400001871 300000468                                               0.0000 -1242920.4416 -6248583.0214  627459.2093 -627459.2093 -6308900.9250  636326.6289 -1260914.7366 -6212473.2151  204548.8197     150.0877       0.0329
400001872 300000468                                         1260914.7366 -636326.6289 -6212473.2151  636326.6289 -1260914.7366 -6212473.2151  627459.2093 -627459.2093 -6308900.9250  205583.5447     153.3677       0.0335
400001873 300000469                                         4504977.3029       0.0000 -4504977.3029 4126944.5164 -678984.1624 -4805928.6788 4041719.6134       0.0000 -4924849.5984  213029.7505     203.9275      44.4421
400001874 300000469                                         3678298.5650 -1346350.7175 -5024649.2825 3630292.7893 -677162.3725 -5191537.9595 4126944.5164 -678984.1624 -4805928.6788  213259.5913     199.5241      35.3760
400001875 300000469                                         3539537.9546       0.0000 -5297292.9000 4041719.6134       0.0000 -4924849.5984 3630292.7893 -677162.3725 -5191537.9595  212458.1628     196.7022      30.2622
400001876 300000469                                         4126944.5164 -678984.1624 -4805928.6788 3630292.7893 -677162.3725 -5191537.9595 4041719.6134       0.0000 -4924849.5984  214297.3599     200.2191      36.6674
400001877 300000470                                         2600949.8585 -2600949.8585 -5201899.7171 2604139.2443 -1976963.3461 -5468063.2517 3166715.9053 -1990680.8386 -5157396.7439  213953.8407     194.9471      24.5751
400001878 300000470                                         2577802.4491 -1330561.6814 -5672228.9398 3143878.6287 -1345228.8674 -5375502.5311 2604139.2443 -1976963.3461 -5468063.2517  213196.7862     187.4238      15.0002
400001879 300000470                                         3678298.5650 -1346350.7175 -5024649.2825 3166715.9053 -1990680.8386 -5157396.7439 3143878.6287 -1345228.8674 -5375502.5311  213817.3983     196.2290      28.8784
400001880 300000470                                         2604139.2443 -1976963.3461 -5468063.2517 3143878.6287 -1345228.8674 -5375502.5311 3166715.9053 -1990680.8386 -5157396.7439  215042.4187     192.5676      22.1452
400001881 300000471                                         2438076.1476       0.0000 -5886036.5016 3003268.6103       0.0000 -5618720.3752 2522238.0841 -669073.8784 -5812081.9155  209920.2574     179.2404       3.1688
400001882 300000471                                         3539537.9546       0.0000 -5297292.9000 3085738.1156 -671168.2896 -5533298.6915 3003268.6103       0.0000 -5618720.3752  210577.3796     188.8866      15.4661
400001883 300000471                                         2577802.4491 -1330561.6814 -5672228.9398 2522238.0841 -669073.8784 -5812081.9155 3085738.1156 -671168.2896 -5533298.6915  210758.2000     181.9870       7.4161
400001884 300000471                                         3003268.6103       0.0000 -5618720.3752 3085738.1156 -671168.2896 -5533298.6915 2522238.0841 -669073.8784 -5812081.9155  211783.6604     183.0305       8.0764
400001885 300000472                                         3678298.5650 -1346350.7175 -5024649.2825 3143878.6287 -1345228.8674 -5375502.5311 3630292.7893 -677162.3725 -5191537.9595  217445.2803     195.8522      28.3788
400001886 300000472                                         2577802.4491 -1330561.6814 -5672228.9398 3085738.1156 -671168.2896 -5533298.6915 3143878.6287 -1345228.8674 -5375502.5311  218077.9738     188.0312      13.7145
400001887 300000472                                         3539537.9546       0.0000 -5297292.9000 3630292.7893 -677162.3725 -5191537.9595 3085738.1156 -671168.2896 -5533298.6915  218265.1507     191.7251      21.7155
400001888 300000472                                         3143878.6287 -1345228.8674 -5375502.5311 3085738.1156 -671168.2896 -5533298.6915 3630292.7893 -677162.3725 -5191537.9595  219375.9096     191.8873      20.7332
400001889 300000473                                               0.0000 -4504977.3029 -4504977.3029       0.0000 -4041719.6134 -4924849.5984  678984.1624 -4126944.5164 -4805928.6788  213029.7505     211.7060      41.2849
400001890 300000473                                               0.0000 -3539537.9546 -5297292.9000  677162.3725 -3630292.7893 -5191537.9595       0.0000 -4041719.6134 -4924849.5984  212458.1628     208.2456      28.4024
400001891 300000473                                         1346350.7175 -3678298.5650 -5024649.2825  678984.1624 -4126944.5164 -4805928.6788  677162.3725 -3630292.7893 -5191537.9595  213259.5913     203.6010      33.9296
400001892 300000473                                               0.0000 -4041719.6134 -4924849.5984  677162.3725 -3630292.7893 -5191537.9595  678984.1624 -4126944.5164 -4805928.6788  214297.3599     209.5875      33.9526
400001893 300000474                                               0.0000 -2438076.1476 -5886036.5016  669073.8784 -2522238.0841 -5812081.9155       0.0000 -3003268.6103 -5618720.3752  209920.2574     190.3593       2.3314
400001894 300000474                                         1330561.6814 -2577802.4491 -5672228.9398  671168.2896 -3085738.1156 -5533298.6915  669073.8784 -2522238.0841 -5812081.9155  210758.2000     192.3548       6.2778
400001895 300000474                                               0.0000 -3539537.9546 -5297292.9000       0.0000 -3003268.6103 -5618720.3752  671168.2896 -3085738.1156 -5533298.6915  210577.3796     199.2724      15.1582
400001896 300000474                                          669073.8784 -2522238.0841 -5812081.9155  671168.2896 -3085738.1156 -5533298.6915       0.0000 -3003268.6103 -5618720.3752  211783.6604     193.2790       7.2048
400001897 300000475                                         2600949.8585 -2600949.8585 -5201899.7171 1990680.8386 -3166715.9053 -5157396.7439 1976963.3461 -2604139.2443 -5468063.2517  213953.8407     198.2063      23.7420
400001898 300000475                                         1346350.7175 -3678298.5650 -5024649.2825 1345228.8674 -3143878.6287 -5375502.5311 1990680.8386 -3166715.9053 -5157396.7439  213817.3983     201.2007      25.2342
400001899 300000475                                         1330561.6814 -2577802.4491 -5672228.9398 1976963.3461 -2604139.2443 -5468063.2517 1345228.8674 -3143878.6287 -5375502.5311  213196.7862     193.4374      13.9289
400001900 300000475                                         1990680.8386 -3166715.9053 -5157396.7439 1345228.8674 -3143878.6287 -5375502.5311 1976963.3461 -2604139.2443 -5468063.2517  215042.4187     197.5592      21.1541
400001901 300000476                                               0.0000 -3539537.9546 -5297292.9000  671168.2896 -3085738.1156 -5533298.6915  677162.3725 -3630292.7893 -5191537.9595  218265.1507     202.9097      21.0029
400001902 300000476                                         1330561.6814 -2577802.4491 -5672228.9398 1345228.8674 -3143878.6287 -5375502.5311  671168.2896 -3085738.1156 -5533298.6915  218077.9738     195.9301      12.8671
400001903 300000476                                         1346350.7175 -3678298.5650 -5024649.2825  677162.3725 -3630292.7893 -5191537.9595 1345228.8674 -3143878.6287 -5375502.5311  217445.2803     199.5471      26.9001
400001904 300000476                                          671168.2896 -3085738.1156 -5533298.6915 1345228.8674 -3143878.6287 -5375502.5311  677162.3725 -3630292.7893 -5191537.9595  219375.9096     200.2137      19.8614
400001905 300000477                                         2438076.1476       0.0000 -5886036.5016 2522238.0841 -669073.8784 -5812081.9155 1869698.6039 -639129.1082 -6056845.8882  232651.5371     174.1759       0.6002
400001906 300000477                                         2577802.4491 -1330561.6814 -5672228.9398 1933504.7432 -1306164.9224 -5928333.1219 2522238.0841 -669073.8784 -5812081.9155  231845.9895     176.5394       2.2630
400001907 300000477                                         1266279.9131 -1266279.9131 -6114140.2800 1869698.6039 -639129.1082 -6056845.8882 1933504.7432 -1306164.9224 -5928333.1219  232712.3450     168.3544       0.1286
400001908 300000477                                         2522238.0841 -669073.8784 -5812081.9155 1933504.7432 -1306164.9224 -5928333.1219 1869698.6039 -639129.1082 -6056845.8882  234046.8072     172.5633       0.5031
400001909 300000478                                         2600949.8585 -2600949.8585 -5201899.7171 1976963.3461 -2604139.2443 -5468063.2517 2604139.2443 -1976963.3461 -5468063.2517  228300.1373     193.6699      19.8253
400001910 300000478                                         1330561.6814 -2577802.4491 -5672228.9398 1973179.1775 -1973179.1775 -5727370.1528 1976963.3461 -2604139.2443 -5468063.2517  229212.6770     184.2123       9.4261
400001911 300000478                                         2577802.4491 -1330561.6814 -5672228.9398 2604139.2443 -1976963.3461 -5468063.2517 1973179.1775 -1973179.1775 -5727370.1528  229212.6770     183.5502       9.8596
400001912 300000478                                         1976963.3461 -2604139.2443 -5468063.2517 1973179.1775 -1973179.1775 -5727370.1528 2604139.2443 -1976963.3461 -5468063.2517  230526.8451     186.9133      12.5722
400001913 300000479                                               0.0000 -2438076.1476 -5886036.5016  639129.1082 -1869698.6039 -6056845.8882  669073.8784 -2522238.0841 -5812081.9155  232651.5371     181.1115       0.5793
400001914 300000479                                         1266279.9131 -1266279.9131 -6114140.2800 1306164.9224 -1933504.7432 -5928333.1219  639129.1082 -1869698.6039 -6056845.8882  232712.3450     161.9690       0.1286
400001915 300000479                                         1330561.6814 -2577802.4491 -5672228.9398  669073.8784 -2522238.0841 -5812081.9155 1306164.9224 -1933504.7432 -5928333.1219  231845.9895     175.9050       1.8197
400001916 300000479                                          639129.1082 -1869698.6039 -6056845.8882 1306164.9224 -1933504.7432 -5928333.1219  669073.8784 -2522238.0841 -5812081.9155  234046.8072     168.9140       0.4910
400001917 300000480                                         2577802.4491 -1330561.6814 -5672228.9398 1973179.1775 -1973179.1775 -5727370.1528 1933504.7432 -1306164.9224 -5928333.1219  238189.0310     177.5890       3.0535
400001918 300000480                                         1330561.6814 -2577802.4491 -5672228.9398 1306164.9224 -1933504.7432 -5928333.1219 1973179.1775 -1973179.1775 -5727370.1528  238189.0310     172.4736       3.0003
400001919 300000480                                         1266279.9131 -1266279.9131 -6114140.2800 1933504.7432 -1306164.9224 -5928333.1219 1306164.9224 -1933504.7432 -5928333.1219  237302.7613     167.2192       0.2252
400001920 300000480                                         1973179.1775 -1973179.1775 -5727370.1528 1306164.9224 -1933504.7432 -5928333.1219 1933504.7432 -1306164.9224 -5928333.1219  239617.8861     172.2390       1.1567
400001921 300000481                                         6371000.0000       0.0000       0.0000 6340321.8936 -624467.2010       0.0000 6340321.8936       0.0000 -624467.2010  195921.5441     277.6438      58.2714
400001922 300000481                                         6248583.0214 -1242920.4416       0.0000 6308900.9250 -627459.2093 -627459.2093 6340321.8936 -624467.2010       0.0000  196860.2699     281.7821      52.4721
400001923 300000481                                         6248583.0214       0.0000 -1242920.4416 6340321.8936       0.0000 -624467.2010 6308900.9250 -627459.2093 -627459.2093  196860.2699     289.6741      72.1064
400001924 300000481                                         6340321.8936 -624467.2010       0.0000 6308900.9250 -627459.2093 -627459.2093 6340321.8936       0.0000 -624467.2010  197817.4310     284.7228      56.6129
400001925 300000482                                         5886036.5016 -2438076.1476       0.0000 6056845.8882 -1869698.6039 -639129.1082 6096666.8789 -1849403.6788       0.0000  200521.8161     283.9019      55.0236
400001926 300000482                                         6114140.2800 -1266279.9131 -1266279.9131 6212473.2151 -1260914.7366 -636326.6289 6056845.8882 -1869698.6039 -639129.1082  200560.6406     292.5385      58.0915
400001927 300000482                                         6248583.0214 -1242920.4416       0.0000 6096666.8789 -1849403.6788       0.0000 6212473.2151 -1260914.7366 -636326.6289  199642.5528     283.2083      55.0820
400001928 300000482                                         6056845.8882 -1869698.6039 -639129.1082 6212473.2151 -1260914.7366 -636326.6289 6096666.8789 -1849403.6788       0.0000  201535.9727     287.5279      57.0079
400001929 300000483                                         5886036.5016       0.0000 -2438076.1476 6096666.8789       0.0000 -1849403.6788 6056845.8882 -639129.1082 -1869698.6039  200521.8161     280.0940      77.0132
400001930 300000483                                         6248583.0214       0.0000 -1242920.4416 6212473.2151 -636326.6289 -1260914.7366 6096666.8789       0.0000 -1849403.6788  199642.5528     288.0550      79.3049
400001931 300000483                                         6114140.2800 -1266279.9131 -1266279.9131 6056845.8882 -639129.1082 -1869698.6039 6212473.2151 -636326.6289 -1260914.7366  200560.6406     288.4559      67.8855
400001932 300000483                                         6096666.8789       0.0000 -1849403.6788 6212473.2151 -636326.6289 -1260914.7366 6056845.8882 -639129.1082 -1869698.6039  201535.9727     285.3244      76.1273
400001933 300000484                                         6248583.0214 -1242920.4416       0.0000 6212473.2151 -1260914.7366 -636326.6289 6308900.9250 -627459.2093 -627459.2093  204548.8197     287.4379      54.5302
400001934 300000484                                         6114140.2800 -1266279.9131 -1266279.9131 6212473.2151 -636326.6289 -1260914.7366 6212473.2151 -1260914.7366 -636326.6289  203612.8458     292.0695      61.9638
400001935 300000484                                         6248583.0214       0.0000 -1242920.4416 6308900.9250 -627459.2093 -627459.2093 6212473.2151 -636326.6289 -1260914.7366  204548.8197     290.7011      75.0942
400001936 300000484                                         6212473.2151 -1260914.7366 -636326.6289 6212473.2151 -636326.6289 -1260914.7366 6308900.9250 -627459.2093 -627459.2093  205583.5447     291.5150      63.5866
400001937 300000485                                         4504977.3029 -4504977.3029       0.0000 4805928.6788 -4126944.5164 -678984.1624 4924849.5984 -4041719.6134       0.0000  213029.7505     266.5692      73.6724
400001938 300000485                                         5024649.2825 -3678298.5650 -1346350.7175 5191537.9595 -3630292.7893 -677162.3725 4805928.6788 -4126944.5164 -678984.1624  213259.5913     275.1321      99.2602
400001939 300000485                                         5297292.9000 -3539537.9546       0.0000 4924849.5984 -4041719.6134       0.0000 5191537.9595 -3630292.7893 -677162.3725  212458.1628     265.3359      73.0957
400001940 300000485                                         4805928.6788 -4126944.5164 -678984.1624 5191537.9595 -3630292.7893 -677162.3725 4924849.5984 -4041719.6134       0.0000  214297.3599     267.6882      85.5360
400001941 300000486                                         5201899.7171 -2600949.8585 -2600949.8585 5468063.2517 -2604139.2443 -1976963.3461 5157396.7439 -3166715.9053 -1990680.8386  213953.8407     276.4701      55.4726
400001942 300000486                                         5672228.9398 -2577802.4491 -1330561.6814 5375502.5311 -3143878.6287 -1345228.8674 5468063.2517 -2604139.2443 -1976963.3461  213196.7862     286.5363      54.9022
400001943 300000486                                         5024649.2825 -3678298.5650 -1346350.7175 5157396.7439 -3166715.9053 -1990680.8386 5375502.5311 -3143878.6287 -1345228.8674  213817.3983     284.8577      52.6008
400001944 300000486                                         5468063.2517 -2604139.2443 -1976963.3461 5375502.5311 -3143878.6287 -1345228.8674 5157396.7439 -3166715.9053 -1990680.8386  215042.4187     284.2670      53.7063
400001945 300000487                                         5886036.5016 -2438076.1476       0.0000 5618720.3752 -3003268.6103       0.0000 5812081.9155 -2522238.0841 -669073.8784  209920.2574     281.8367      55.5821
400001946 300000487                                         5297292.9000 -3539537.9546       0.0000 5533298.6915 -3085738.1156 -671168.2896 5618720.3752 -3003268.6103       0.0000  210577.3796     275.8637      60.9898
400001947 300000487                                         5672228.9398 -2577802.4491 -1330561.6814 5812081.9155 -2522238.0841 -669073.8784 5533298.6915 -3085738.1156 -671168.2896  210758.2000     285.0483      61.8719
400001948 300000487                                         5618720.3752 -3003268.6103       0.0000 5533298.6915 -3085738.1156 -671168.2896 5812081.9155 -2522238.0841 -669073.8784  211783.6604     280.7379      62.2037
400001949 300000488                                         5024649.2825 -3678298.5650 -1346350.7175 5375502.5311 -3143878.6287 -1345228.8674 5191537.9595 -3630292.7893 -677162.3725  217445.2803     279.9409      65.8076
400001950 300000488                                         5672228.9398 -2577802.4491 -1330561.6814 5533298.6915 -3085738.1156 -671168.2896 5375502.5311 -3143878.6287 -1345228.8674  218077.9738     284.8673      59.5606
400001951 300000488                                         5297292.9000 -3539537.9546       0.0000 5191537.9595 -3630292.7893 -677162.3725 5533298.6915 -3085738.1156 -671168.2896  218265.1507     268.8474      72.9420
400001952 300000488                                         5375502.5311 -3143878.6287 -1345228.8674 5533298.6915 -3085738.1156 -671168.2896 5191537.9595 -3630292.7893 -677162.3725  219375.9096     276.6839      67.7856
400001953 300000489                                         4504977.3029       0.0000 -4504977.3029 4924849.5984       0.0000 -4041719.6134 4805928.6788 -678984.1624 -4126944.5164  213029.7505     217.7040      55.9492
400001954 300000489                                         5297292.9000       0.0000 -3539537.9546 5191537.9595 -677162.3725 -3630292.7893 4924849.5984       0.0000 -4041719.6134  212458.1628     232.3786      61.9845
400001955 300000489                                         5024649.2825 -1346350.7175 -3678298.5650 4805928.6788 -678984.1624 -4126944.5164 5191537.9595 -677162.3725 -3630292.7893  213259.5913     229.4164      59.5008
400001956 300000489                                         4924849.5984       0.0000 -4041719.6134 5191537.9595 -677162.3725 -3630292.7893 4805928.6788 -678984.1624 -4126944.5164  214297.3599     226.7305      57.7901
400001957 300000490                                         5886036.5016       0.0000 -2438076.1476 5812081.9155 -669073.8784 -2522238.0841 5618720.3752       0.0000 -3003268.6103  209920.2574     271.3502      62.2023
400001958 300000490                                         5672228.9398 -1330561.6814 -2577802.4491 5533298.6915 -671168.2896 -3085738.1156 5812081.9155 -669073.8784 -2522238.0841  210758.2000     268.9325      55.2402
400001959 300000490                                         5297292.9000       0.0000 -3539537.9546 5618720.3752       0.0000 -3003268.6103 5533298.6915 -671168.2896 -3085738.1156  210577.3796     253.5784      58.9495
400001960 300000490                                         5812081.9155 -669073.8784 -2522238.0841 5533298.6915 -671168.2896 -3085738.1156 5618720.3752       0.0000 -3003268.6103  211783.6604     265.4426      57.5683
400001961 300000491                                         5201899.7171 -2600949.8585 -2600949.8585 5157396.7439 -1990680.8386 -3166715.9053 5468063.2517 -1976963.3461 -2604139.2443  213953.8407     260.2000      60.4824
400001962 300000491                                         5024649.2825 -1346350.7175 -3678298.5650 5375502.5311 -1345228.8674 -3143878.6287 5157396.7439 -1990680.8386 -3166715.9053  213817.3983     242.8642      61.5290
400001963 300000491                                         5672228.9398 -1330561.6814 -2577802.4491 5468063.2517 -1976963.3461 -2604139.2443 5375502.5311 -1345228.8674 -3143878.6287  213196.7862     264.4150      56.6153
400001964 300000491                                         5157396.7439 -1990680.8386 -3166715.9053 5375502.5311 -1345228.8674 -3143878.6287 5468063.2517 -1976963.3461 -2604139.2443  215042.4187     255.0308      59.6330
400001965 300000492                                         5297292.9000       0.0000 -3539537.9546 5533298.6915 -671168.2896 -3085738.1156 5191537.9595 -677162.3725 -3630292.7893  218265.1507     242.5382      62.0969
400001966 300000492                                         5672228.9398 -1330561.6814 -2577802.4491 5375502.5311 -1345228.8674 -3143878.6287 5533298.6915 -671168.2896 -3085738.1156  218077.9738     260.5350      57.6933
400001967 300000492                                         5024649.2825 -1346350.7175 -3678298.5650 5191537.9595 -677162.3725 -3630292.7893 5375502.5311 -1345228.8674 -3143878.6287  217445.2803     238.6351      61.4923
400001968 300000492                                         5533298.6915 -671168.2896 -3085738.1156 5375502.5311 -1345228.8674 -3143878.6287 5191537.9595 -677162.3725 -3630292.7893  219375.9096     245.8636      61.9085
400001969 300000493                                         5886036.5016 -2438076.1476       0.0000 5812081.9155 -2522238.0841 -669073.8784 6056845.8882 -1869698.6039 -639129.1082  232651.5371     286.7969      56.7463
400001970 300000493                                         5672228.9398 -2577802.4491 -1330561.6814 5928333.1219 -1933504.7432 -1306164.9224 5812081.9155 -2522238.0841 -669073.8784  231845.9895     289.8898      59.7204
400001971 300000493                                         6114140.2800 -1266279.9131 -1266279.9131 6056845.8882 -1869698.6039 -639129.1082 5928333.1219 -1933504.7432 -1306164.9224  232712.3450     292.8042      57.2816
400001972 300000493                                         5812081.9155 -2522238.0841 -669073.8784 5928333.1219 -1933504.7432 -1306164.9224 6056845.8882 -1869698.6039 -639129.1082  234046.8072     291.3679      58.9354
400001973 300000494                                         5201899.7171 -2600949.8585 -2600949.8585 5468063.2517 -1976963.3461 -2604139.2443 5468063.2517 -2604139.2443 -1976963.3461  228300.1373     272.3893      57.5631
400001974 300000494                                         5672228.9398 -1330561.6814 -2577802.4491 5727370.1528 -1973179.1775 -1973179.1775 5468063.2517 -1976963.3461 -2604139.2443  229212.6770     276.2994      53.6398
400001975 300000494                                         5672228.9398 -2577802.4491 -1330561.6814 5468063.2517 -2604139.2443 -1976963.3461 5727370.1528 -1973179.1775 -1973179.1775  229212.6770     285.3280      56.1451
400001976 300000494                                         5468063.2517 -1976963.3461 -2604139.2443 5727370.1528 -1973179.1775 -1973179.1775 5468063.2517 -2604139.2443 -1976963.3461  230526.8451     279.1813      55.9431
400001977 300000495                                         5886036.5016       0.0000 -2438076.1476 6056845.8882 -639129.1082 -1869698.6039 5812081.9155 -669073.8784 -2522238.0841  232651.5371     277.7380      66.6176
400001978 300000495                                         6114140.2800 -1266279.9131 -1266279.9131 5928333.1219 -1306164.9224 -1933504.7432 6056845.8882 -639129.1082 -1869698.6039  232712.3450     285.3947      64.4581
400001979 300000495                                         5672228.9398 -1330561.6814 -2577802.4491 5812081.9155 -669073.8784 -2522238.0841 5928333.1219 -1306164.9224 -1933504.7432  231845.9895     277.6996      55.6793
400001980 300000495                                         6056845.8882 -639129.1082 -1869698.6039 5928333.1219 -1306164.9224 -1933504.7432 5812081.9155 -669073.8784 -2522238.0841  234046.8072     280.2348      62.6383
400001981 300000496                                         5672228.9398 -2577802.4491 -1330561.6814 5727370.1528 -1973179.1775 -1973179.1775 5928333.1219 -1933504.7432 -1306164.9224  238189.0310     287.5136      58.9397
400001982 300000496                                         5672228.9398 -1330561.6814 -2577802.4491 5928333.1219 -1306164.9224 -1933504.7432 5727370.1528 -1973179.1775 -1973179.1775  238189.0310     280.3673      54.6298
400001983 300000496                                         6114140.2800 -1266279.9131 -1266279.9131 5928333.1219 -1933504.7432 -1306164.9224 5928333.1219 -1306164.9224 -1933504.7432  237302.7613     288.4457      59.3544
400001984 300000496                                         5727370.1528 -1973179.1775 -1973179.1775 5928333.1219 -1306164.9224 -1933504.7432 5928333.1219 -1933504.7432 -1306164.9224  239617.8861     285.3749      58.4091
400001985 300000497                                               0.0000 -4504977.3029 -4504977.3029  678984.1624 -4126944.5164 -4805928.6788  678984.1624 -4805928.6788 -4126944.5164  328324.9483     214.2631      49.1102
400001986 300000497                                         1346350.7175 -3678298.5650 -5024649.2825 1361638.6226 -4400885.2099 -4400885.2099  678984.1624 -4126944.5164 -4805928.6788  329212.3599     200.9273      45.1997
400001987 300000497                                         1346350.7175 -5024649.2825 -3678298.5650  678984.1624 -4805928.6788 -4126944.5164 1361638.6226 -4400885.2099 -4400885.2099  329212.3599     221.5475      55.4637
400001988 300000497                                          678984.1624 -4126944.5164 -4805928.6788 1361638.6226 -4400885.2099 -4400885.2099  678984.1624 -4805928.6788 -4126944.5164  332074.9378     213.7506      49.3274
400001989 300000498                                         2600949.8585 -2600949.8585 -5201899.7171 2687534.5848 -3374031.3064 -4688572.4479 1990680.8386 -3166715.9053 -5157396.7439  331958.1435     204.5795      32.3353
400001990 300000498                                         2716603.5278 -4074905.2917 -4074905.2917 2050103.9020 -3912146.8074 -4591494.5659 2687534.5848 -3374031.3064 -4688572.4479  332135.9111     216.5585      42.4627
400001991 300000498                                         1346350.7175 -3678298.5650 -5024649.2825 1990680.8386 -3166715.9053 -5157396.7439 2050103.9020 -3912146.8074 -4591494.5659  331417.2039     208.3660      31.3201
400001992 300000498                                         2687534.5848 -3374031.3064 -4688572.4479 2050103.9020 -3912146.8074 -4591494.5659 1990680.8386 -3166715.9053 -5157396.7439  335024.3025     210.1195      35.4874
400001993 300000499                                         2600949.8585 -5201899.7171 -2600949.8585 1990680.8386 -5157396.7439 -3166715.9053 2687534.5848 -4688572.4479 -3374031.3064  331958.1435     251.3758      67.4965
400001994 300000499                                         1346350.7175 -5024649.2825 -3678298.5650 2050103.9020 -4591494.5659 -3912146.8074 1990680.8386 -5157396.7439 -3166715.9053  331417.2039     222.3565      64.9254
400001995 300000499                                         2716603.5278 -4074905.2917 -4074905.2917 2687534.5848 -4688572.4479 -3374031.3064 2050103.9020 -4591494.5659 -3912146.8074  332135.9111     224.7955      58.0570
400001996 300000499                                         1990680.8386 -5157396.7439 -3166715.9053 2050103.9020 -4591494.5659 -3912146.8074 2687534.5848 -4688572.4479 -3374031.3064  335024.3025     236.5310      57.6491
400001997 300000500                                         1346350.7175 -3678298.5650 -5024649.2825 2050103.9020 -3912146.8074 -4591494.5659 1361638.6226 -4400885.2099 -4400885.2099  344128.0612     205.3678      38.8362
400001998 300000500                                         2716603.5278 -4074905.2917 -4074905.2917 2050103.9020 -4591494.5659 -3912146.8074 2050103.9020 -3912146.8074 -4591494.5659  343384.2298     218.7382      45.8309
400001999 300000500                                         1346350.7175 -5024649.2825 -3678298.5650 1361638.6226 -4400885.2099 -4400885.2099 2050103.9020 -4591494.5659 -3912146.8074  344128.0612     212.5712      60.4883
400002000 300000500                                         2050103.9020 -3912146.8074 -4591494.5659 2050103.9020 -4591494.5659 -3912146.8074 1361638.6226 -4400885.2099 -4400885.2099  347308.3434     209.9025      46.0959
400002001 300000501                                         4504977.3029       0.0000 -4504977.3029 4805928.6788 -678984.1624 -4126944.5164 4126944.5164 -678984.1624 -4805928.6788  328324.9483     209.9668      51.1642
400002002 300000501                                         5024649.2825 -1346350.7175 -3678298.5650 4400885.2099 -1361638.6226 -4400885.2099 4805928.6788 -678984.1624 -4126944.5164  329212.3599     221.6550      57.1446
400002003 300000501                                         3678298.5650 -1346350.7175 -5024649.2825 4126944.5164 -678984.1624 -4805928.6788 4400885.2099 -1361638.6226 -4400885.2099  329212.3599     204.5238      43.4757
400002004 300000501                                         4805928.6788 -678984.1624 -4126944.5164 4400885.2099 -1361638.6226 -4400885.2099 4126944.5164 -678984.1624 -4805928.6788  332074.9378     211.4187      51.0974
400002005 300000502                                         5201899.7171 -2600949.8585 -2600949.8585 4688572.4479 -2687534.5848 -3374031.3064 5157396.7439 -1990680.8386 -3166715.9053  331958.1435     249.7511      62.6295
400002006 300000502                                         4074905.2917 -2716603.5278 -4074905.2917 4591494.5659 -2050103.9020 -3912146.8074 4688572.4479 -2687534.5848 -3374031.3064  332135.9111     227.1895      60.4761
400002007 300000502                                         5024649.2825 -1346350.7175 -3678298.5650 5157396.7439 -1990680.8386 -3166715.9053 4591494.5659 -2050103.9020 -3912146.8074  331417.2039     233.9855      61.0177
400002008 300000502                                         4688572.4479 -2687534.5848 -3374031.3064 4591494.5659 -2050103.9020 -3912146.8074 5157396.7439 -1990680.8386 -3166715.9053  335024.3025     234.8652      62.5642
400002009 300000503                                         2600949.8585 -2600949.8585 -5201899.7171 3166715.9053 -1990680.8386 -5157396.7439 3374031.3064 -2687534.5848 -4688572.4479  331958.1435     202.1655      33.3432
400002010 300000503                                         3678298.5650 -1346350.7175 -5024649.2825 3912146.8074 -2050103.9020 -4591494.5659 3166715.9053 -1990680.8386 -5157396.7439  331417.2039     202.0459      38.1250
400002011 300000503                                         4074905.2917 -2716603.5278 -4074905.2917 3374031.3064 -2687534.5848 -4688572.4479 3912146.8074 -2050103.9020 -4591494.5659  332135.9111     212.3082      48.8482
400002012 300000503                                         3166715.9053 -1990680.8386 -5157396.7439 3912146.8074 -2050103.9020 -4591494.5659 3374031.3064 -2687534.5848 -4688572.4479  335024.3025     204.8533      40.5804
400002013 300000504                                         5024649.2825 -1346350.7175 -3678298.5650 4591494.5659 -2050103.9020 -3912146.8074 4400885.2099 -1361638.6226 -4400885.2099  344128.0612     222.8026      57.4323
400002014 300000504                                         4074905.2917 -2716603.5278 -4074905.2917 3912146.8074 -2050103.9020 -4591494.5659 4591494.5659 -2050103.9020 -3912146.8074  343384.2298     217.4173      55.7452
400002015 300000504                                         3678298.5650 -1346350.7175 -5024649.2825 4400885.2099 -1361638.6226 -4400885.2099 3912146.8074 -2050103.9020 -4591494.5659  344128.0612     206.9377      45.2058
400002016 300000504                                         4591494.5659 -2050103.9020 -3912146.8074 3912146.8074 -2050103.9020 -4591494.5659 4400885.2099 -1361638.6226 -4400885.2099  347308.3434     214.7266      54.1148
400002017 300000505                                         4504977.3029 -4504977.3029       0.0000 4126944.5164 -4805928.6788 -678984.1624 4805928.6788 -4126944.5164 -678984.1624  328324.9483     268.2609      83.5642
400002018 300000505                                         3678298.5650 -5024649.2825 -1346350.7175 4400885.2099 -4400885.2099 -1361638.6226 4126944.5164 -4805928.6788 -678984.1624  329212.3599     284.7902      61.6423
400002019 300000505                                         5024649.2825 -3678298.5650 -1346350.7175 4805928.6788 -4126944.5164 -678984.1624 4400885.2099 -4400885.2099 -1361638.6226  329212.3599     281.7441      88.9456
400002020 300000505                                         4126944.5164 -4805928.6788 -678984.1624 4400885.2099 -4400885.2099 -1361638.6226 4805928.6788 -4126944.5164 -678984.1624  332074.9378     283.2814      67.4897
400002021 300000506                                         2600949.8585 -5201899.7171 -2600949.8585 3374031.3064 -4688572.4479 -2687534.5848 3166715.9053 -5157396.7439 -1990680.8386  331958.1435     262.0371      84.4451
400002022 300000506                                         4074905.2917 -4074905.2917 -2716603.5278 3912146.8074 -4591494.5659 -2050103.9020 3374031.3064 -4688572.4479 -2687534.5848  332135.9111     256.6578      74.3621
400002023 300000506                                         3678298.5650 -5024649.2825 -1346350.7175 3166715.9053 -5157396.7439 -1990680.8386 3912146.8074 -4591494.5659 -2050103.9020  331417.2039     278.2065      63.7306
400002024 300000506                                         3374031.3064 -4688572.4479 -2687534.5848 3912146.8074 -4591494.5659 -2050103.9020 3166715.9053 -5157396.7439 -1990680.8386  335024.3025     265.8054      71.9097
400002025 300000507                                         5201899.7171 -2600949.8585 -2600949.8585 5157396.7439 -3166715.9053 -1990680.8386 4688572.4479 -3374031.3064 -2687534.5848  331958.1435     269.2561      54.9776
400002026 300000507                                         5024649.2825 -3678298.5650 -1346350.7175 4591494.5659 -3912146.8074 -2050103.9020 5157396.7439 -3166715.9053 -1990680.8386  331417.2039     280.8444      54.9263
400002027 300000507                                         4074905.2917 -4074905.2917 -2716603.5278 4688572.4479 -3374031.3064 -2687534.5848 4591494.5659 -3912146.8074 -2050103.9020  332135.9111     265.1759      60.5046
400002028 300000507                                         5157396.7439 -3166715.9053 -1990680.8386 4591494.5659 -3912146.8074 -2050103.9020 4688572.4479 -3374031.3064 -2687534.5848  335024.3025     274.1489      53.2622
400002029 300000508                                         3678298.5650 -5024649.2825 -1346350.7175 3912146.8074 -4591494.5659 -2050103.9020 4400885.2099 -4400885.2099 -1361638.6226  344128.0612     282.3295      59.9873
400002030 300000508                                         4074905.2917 -4074905.2917 -2716603.5278 4591494.5659 -3912146.8074 -2050103.9020 3912146.8074 -4591494.5659 -2050103.9020  343384.2298     265.2604      71.0652
400002031 300000508                                         5024649.2825 -3678298.5650 -1346350.7175 4400885.2099 -4400885.2099 -1361638.6226 4591494.5659 -3912146.8074 -2050103.9020  344128.0612     277.7295      85.9012
400002032 300000508                                         3912146.8074 -4591494.5659 -2050103.9020 4591494.5659 -3912146.8074 -2050103.9020 4400885.2099 -4400885.2099 -1361638.6226  347308.3434     276.6687      67.4431
400002033 300000509                                         2600949.8585 -2600949.8585 -5201899.7171 3374031.3064 -2687534.5848 -4688572.4479 2687534.5848 -3374031.3064 -4688572.4479  387995.8446     207.6827      37.3554
400002034 300000509                                         4074905.2917 -2716603.5278 -4074905.2917 3435012.9904 -3435012.9904 -4122015.5885 3374031.3064 -2687534.5848 -4688572.4479  388281.7658     215.8802      51.0449
400002035 300000509                                         2716603.5278 -4074905.2917 -4074905.2917 2687534.5848 -3374031.3064 -4688572.4479 3435012.9904 -3435012.9904 -4122015.5885  388281.7658     218.0859      48.9634
400002036 300000509                                         3374031.3064 -2687534.5848 -4688572.4479 3435012.9904 -3435012.9904 -4122015.5885 2687534.5848 -3374031.3064 -4688572.4479  392517.4362     213.6598      46.1092
400002037 300000510                                         5201899.7171 -2600949.8585 -2600949.8585 4688572.4479 -3374031.3064 -2687534.5848 4688572.4479 -2687534.5848 -3374031.3064  387995.8446     253.5320      59.9731
400002038 300000510                                         4074905.2917 -4074905.2917 -2716603.5278 4122015.5885 -3435012.9904 -3435012.9904 4688572.4479 -3374031.3064 -2687534.5848  388281.7658     248.0605      63.0181
400002039 300000510                                         4074905.2917 -2716603.5278 -4074905.2917 4688572.4479 -2687534.5848 -3374031.3064 4122015.5885 -3435012.9904 -3435012.9904  388281.7658     230.0663      62.9454
400002040 300000510                                         4688572.4479 -3374031.3064 -2687534.5848 4122015.5885 -3435012.9904 -3435012.9904 4688572.4479 -2687534.5848 -3374031.3064  392517.4362     242.0297      64.4820
400002041 300000511                                         2600949.8585 -5201899.7171 -2600949.8585 2687534.5848 -4688572.4479 -3374031.3064 3374031.3064 -4688572.4479 -2687534.5848  387995.8446     251.6309      79.6463
400002042 300000511                                         2716603.5278 -4074905.2917 -4074905.2917 3435012.9904 -4122015.5885 -3435012.9904 2687534.5848 -4688572.4479 -3374031.3064  388281.7658     231.4069      60.4692
400002043 300000511                                         4074905.2917 -4074905.2917 -2716603.5278 3374031.3064 -4688572.4479 -2687534.5848 3435012.9904 -4122015.5885 -3435012.9904  388281.7658     239.4560      77.9246
400002044 300000511                                         2687534.5848 -4688572.4479 -3374031.3064 3435012.9904 -4122015.5885 -3435012.9904 3374031.3064 -4688572.4479 -2687534.5848  392517.4362     239.4420      76.3444
400002045 300000512                                         4074905.2917 -2716603.5278 -4074905.2917 4122015.5885 -3435012.9904 -3435012.9904 3435012.9904 -3435012.9904 -4122015.5885  405996.4825     224.0517      59.6739
400002046 300000512                                         4074905.2917 -4074905.2917 -2716603.5278 3435012.9904 -4122015.5885 -3435012.9904 4122015.5885 -3435012.9904 -3435012.9904  405996.4825     237.5950      67.2530
400002047 300000512                                         2716603.5278 -4074905.2917 -4074905.2917 3435012.9904 -3435012.9904 -4122015.5885 3435012.9904 -4122015.5885 -3435012.9904  405996.4825     225.4990      56.7903
400002048 300000512                                         4122015.5885 -3435012.9904 -3435012.9904 3435012.9904 -4122015.5885 -3435012.9904 3435012.9904 -3435012.9904 -4122015.5885  410731.3740     228.9002      61.7530
